"COUNTRY","YEAR","HHI","ODAGTOT200_500","ODAG201","ODAG204","ODAG205","ODAG249","ODAG260","ODAG266","ODAG281","ODAG304","ODAG305","ODAG306","ODAG308","ODAG310","ODAG311","ODAG312","ODAG313","ODAG315","ODAG316","ODAG317","ODAG318","ODAG351","ODAG352","ODAG353","ODAG355","ODAG356","ODAG357","ODAG358","ODAG359","ODAG360","ODAG361","ODAG362","ODAG363","ODAG364","ODAG365","ODAG367","ODAG368","ODAG369","ODAG371","ODAG372","ODAG373","ODAG375","ODAG400","ODAG404","ODAG406","ODAG411","ODAG414","ODAG416"
"Algeria",1962,0.996120516281614,365.41,0,0,0,0,0,0,0,0,0,0,0,0,0,0,0,0,0,0,0,0,0,0,0,0,364.7,0.6,0,0,0,0,0,0,0,0,0,0,0,0.11,0,0,0,0,0,0,0,0
"Algeria",1963,0.992048797518985,240.86,0,0,0,0,0,0,0,0,0,0,0,0,0,0,0,0,0,0,0,0,0,0,0,0,239.9,0.29,0,0,0,0,0,0,0,0,0.31,0,0,0.24,0.12,0,0,0,0,0,0,0
"Algeria",1964,0.989111722761547,186.72,0,0,0,0,0,0,0,0,0,0,0,0,0,0,0,0,0,0,0,0,0,0,0,0,185.7,0.39,0,0,0,0.13,0,0,0,0,0.1,0,0,0.21,0.18,0.01,0,0,0,0,0,0
"Algeria",1965,0.978207078663712,141.15,0,0,0,0,0,0,0,0,0,0,0,0,0,0,0,0,0,0,0,0,0,0,0,0,139.6,0.91,0,0,0,0.13,0,0,0,0,0,0,0,0.3,0.2,0.01,0,0,0,0,0,0
"Algeria",1966,0.983469784853428,104.57,0,0,0,0,0,0,0,0,0,0,0,0,0,0,0,0,0,0,0,0.01,0,0,0,0,103.7,0.64,0,0,0,0,0,0,0,0,0.06,0,0,0,0.16,0,0,0,0,0,0,0
"Algeria",1967,0.940536830582484,94.88,0.01,0,0,0,0,0,0,0,0,0,0,0,0,0,0,0,0,0,0,1.4,0.12,0,0,0,92,0.94,0,0,0,0.1,0,0,0,0,0.06,0,0,0.05,0.2,0,0,0,0,0,0,0
"Algeria",1968,0.965330816383723,118.99,0.02,0,0,0,0,0,0,0,0,0,0,0,0,0,0,0,0,0,0,0,0.14,0,0,0,116.9,1.39,0,0,0,0.06,0,0,0,0,0.04,0,0,0.01,0.43,0,0,0,0,0,0,0
"Algeria",1969,0.969844843784449,120.13,0.01,0,0,0,0,0,0,0,0,0,0,0,0,0,0,0,0,0,0,0,0.13,0,0.01,0,118.3,0.94,0,0,0,0.1,0,0,0,0,0,0,0,0.17,0.46,0.01,0,0,0,0,0,0
"Algeria",1970,0.946052103729565,108.79,0.02,0,0,0,0,0,0,0,0,0,0,0,0,0,0,0,0,0,0,0.01,0.17,0,0,0,105.8,1.13,0,0,0,1.34,0,0,0,0,0.14,0,0,0.01,0.1,0.07,0,0,0,0,0,0
"Algeria",1971,0.771075378285816,106.34,0.02,0,0,0,0,0,0,0,0,0,0,0,0,0,0,0,0,0,0,3.03,0.33,0,0.07,0.01,92.9,0.84,0,0,0,8.89,0,0,0,0.03,0,0,0,0,0.15,0.07,0,0,0,0,0,0
"Algeria",1972,0.924800394781399,96.29,0.05,0,0,0,0,0,0,0,0,0,0,0,0,0,0,0,0,0,0,0,0.41,0,0.01,0.02,92.57,2.21,0,0,0,0.3,0,0,0,0.08,0.11,0,0,0,0.16,0.37,0,0,0,0,0,0
"Algeria",1973,0.672447146659217,111.69,0.09,0,0,0,0,0,0,0,0,0,0,0,0,0,0,0,0,0,0,0,0.9,0,0.04,0.03,90.23,3.83,0,0,0,0.35,0,0,0,0.07,0.11,0,0,0,0.23,0.61,0,0,0,0,15.2,0
"Algeria",1974,0.56466340214088,99.9,0.1,0,0,0,0,0,0,0,0,0,0,0,0,0,0,0,0,0,0,0.02,1.04,0,0.51,0.03,71.82,21.55,0,0,0,0.3,0,0,0,3.27,0.34,0,0,0,0.18,0.74,0,0,0,0,0,0
"Algeria",1975,0.399419022853215,161.24,0.19,0,0,0,0,0,0,0,0,0,0,0,0,0,0,0,0,0,0,0.03,1.54,0,2.57,0.04,87.19,16.44,0,0,0,1.27,0,0,0,0.06,0.57,0,0,0.48,0.04,0.82,0,0,0,0,50,0
"Algeria",1976,0.468270246146226,125.37,3.29,0,0,0,0,0,0,0,0,0,0,0,0,0,0,0,0,0,0,0.7,1.95,0,0.3,0,76.57,38.45,0,0,0,1.27,0,0,0,0.45,0.57,0,0,0,0.25,0.57,0,0,0,0,1,0
"Algeria",1977,0.441381161061942,119.7,14.25,0,0,0,0,0,0,0,0,0,0,0,0,0,0,0,0,0,0,0.09,2.07,0,0.08,0,73.4,26.95,0,0,0,1.53,0,0,0,0.06,0.14,0,0,0.66,0.15,0.32,0,0,0,0,0,0
"Algeria",1978,0.424227060269639,132.01,19.53,0,0,0,0.02,0,0,0,0,0,0,0,0,0,0,0,0,0,0,0.18,2.23,0,0.03,0,78.47,29.1,0,0,0,1.05,0,0,0,0,0.16,0,0,0.95,0.12,0.17,0,0,0,0,0,0
"Algeria",1979,0.633679458286265,110.03,5.99,0,0,0,0.02,0,0,0,0,0,0,0,0,0,0,0,0,0,0,0.17,3.41,0,0.05,0,86.71,10.02,0,0,0,1.62,0,0,0,0.21,0,0,0,1.56,0.16,0.11,0,0,0,0,0,0
"Algeria",1980,0.316898467017779,172.55,4.82,0,0,0,0.12,0,0,0,0,0,0,0,0,0,0,0,0,0,0,0.5,4.12,0,0.18,0,89.35,28.62,0,0,0,1.09,0,0,0,0.61,0.3,0,0,2.36,0.47,0.78,0,0,6.39,15,17.84,0
"Algeria",1981,0.378342033608828,158.02,3.62,0,0,0,0.01,0,0,0,0,0,0,0,0,0,0,0,0,0,0,63.73,5.13,0,0,0.23,72.85,3.93,0,0,0,4.18,0,0,0,0.12,0.96,0,0,1.48,1.78,0,0,0,0,0,0,0
"Algeria",1982,0.398275499893269,139.33,0.59,0,0,0,0.04,0,0,0,0,0,0,0,0,0,0,0,0,0,0,68.26,2.89,0,0,0,54.75,4.34,0,0,0,6.74,0,0,0,1.26,0,0,0,0.13,0.32,0.01,0,0,0,0,0,0
"Algeria",1983,0.43500236217153,80.87,1.68,0,0,0,0.03,0,0,0,0,0,0,0,0,0,0,0,0,0,0,20.98,2.3,0,0,0,48.79,3.33,0,0,0,0.93,0,0,0,0.79,0,0,0,1.89,0.07,0.06,0,0,0.02,0,0,0
"Algeria",1984,0.428078406417905,120.02,2.82,0,0,0,0,0,0,0,0,0,0,0,0,0,0,0,0,0,0,63.02,1.86,0,0,0,46.57,3.62,0,0,0,1.09,0,0,0,0.12,0.02,0,0,0.42,0.45,0.02,0,0,0.01,0,0,0
"Algeria",1985,0.43865071681061,160.59,1.62,0,0,0,0.05,0,0,0,0,0,0,0,0,0,0,0,0,0,0,96.51,1.43,0,0,0,43.5,3.4,0,0,0,1.31,0,0,0,0.02,1.18,0,0,1.91,0.43,0.12,0,0,0.01,9.1,0,0
"Algeria",1986,0.28785380493065,167.83,0.9,0,0,0,0,0,0,0,0,0,0,0,0,0,0,0,0,0,0,63.36,1.52,0,0.33,0.27,56.35,5.09,0,0,0,1.26,0,0,0,0,0,0,0,10.54,0.09,0.25,0,0,0.01,27.86,0,0
"Algeria",1987,0.261611186021696,221.49,0.37,0,0,0,0,0,0,0,0,0,0,0,0,0,0,0,0,0,0,70.08,1.95,0,0.01,0,70.1,8.34,0,0,0,1.96,0,0,0,0,0.06,0,0,16.33,0.33,0.34,0,0,0,51.62,0,0
"Algeria",1988,0.245685198465826,170.16,1.31,0,0,0,0,0,0,0,0,0,0,0,0,0,0,0,0,0,0,38.88,1.95,0,0,0,65.98,17.23,0,0,0,1.42,0,0,0,0,0.01,0,0.8,14.17,0.34,0.83,0,0,0,27.24,0,0
"Algeria",1989,0.264282472515632,146.76,1.7,0.01,0,0,0,0,0,0,0,0,0,0,0,0,0,0,0,0,0,27.68,1.11,0,0,0.01,63.79,11.8,0,0,0,3.04,0,0,0,0.04,0,0,6.1,4.62,0.67,0.8,0,0,0,25.39,0,0
"Algeria",1990,0.27423200270065,278.8,4.59,0,0,0,0,0,0,0,0,0,0,0,0,0,0,0,0,0,0,33.17,2.27,0,0,0.06,131.17,15.43,0,0,0,9.27,0,0,0,1.9,0.06,0,46.43,19.24,0.51,0.66,0,0,3.08,10.96,0,0
"Algeria",1991,0.317563191342448,339.79,6.58,0,0,0,0,0,0,0,0,0,0,0,0,0,0,0,0,0,0,46.17,30.43,0,0,0.4,177.69,9.6,0,0,0,28.64,0,0,0,0.03,0,0,32.55,1.68,3.36,0.8,0,0,0,1.86,0,0
"Algeria",1992,0.33310989798674,427.68,7.61,0.03,0,0,0,0,0,0,0,0,0,0,0,0,0,0,0,0,0,54.09,14.04,0,0,0.23,227.6,33.34,0,0,0,15.42,0,0,0,0.01,0,0,67.63,2.23,0.65,0.59,0,0,0,4.21,0,0
"Algeria",1993,0.422515308591826,324.62,4.36,0.11,0,0,0,0,0,0,0,0,0,0,0,0,0,0,0,0,0,33.53,4.55,0,0,0.11,203.09,14.46,0,0,0,26.26,0,0,0,0.16,0,0.04,34.83,0.95,0.84,0.5,0,0,0.02,0.8,0,0.01
"Algeria",1994,0.356931155932242,386.92,2,0.03,0,0,0,0,0,0,0,0,0,0,0,0,0,0,0,0,0,74.42,1.41,0,0,0,209.5,15.01,0,0,0,22.6,0,0,0,0.12,0.08,0,57.09,1.37,0.75,0.22,0,0,1.06,1.26,0,0
"Algeria",1995,0.462170546116206,279.2,2.21,0.08,0,0,0,0,0,0,0,0,0,0,0,0,0,0,0,0,0,2.87,6.59,0,0,0,184.57,27.1,0,0,0,17.76,0,0,0,0.39,0.16,0.61,28.77,2.96,0.67,0.29,0,0,0,4.17,0,0
"Algeria",1996,0.565246792656624,327.28,0.9,0,0,0,0,0,0,0,0,0,0,0,0,0,0,0,0,0,0,1,11.69,0,0,0.01,243.12,16.59,0,0,0,27.03,0,0,0,1.14,0.15,0.08,6.24,3.03,0.6,0.1,0,0,0,15.6,0,0
"Algeria",1997,0.456258780467334,211.45,2.07,0.01,0,0,0,0,0,0,0,0,0,0,0,0,0,0,0,0,0,0.37,4.45,0,0,0.01,139.5,13.52,0.05,0,0,14.96,0,0.05,0,1.83,0.1,0.09,15.78,0.74,0.4,0.11,0,0,1.49,15.92,0,0
"Algeria",1998,0.393141528439681,195.4,0.48,0.02,0,0,0,0,0,0,0,0,0,0,0,0,0.02,0,0,0,0,0.88,3.9,0,0,0,118.58,14.25,0.15,0,0,7.42,0,0,0,0.57,1.45,0.08,18.2,2.81,0.79,0.16,0,0,4.04,17.25,4.35,0
"Algeria",1999,0.314889965040464,149.6,0.8,0,0,0,0,0,0,0,0,0,0,0,0,0,0.01,0,0,0,0,0.97,5.49,0,0,0.05,79.11,11.63,0.01,0,0,2.37,0,0,0,0.35,0.95,0.08,11.56,1.95,1.36,0.05,0,0,2.19,15.99,14.68,0
"Algeria",2000,0.24957033306528,175.47,0.94,0.03,0,0,0,0,0,0,0,0,0,0,0,0,0.04,0,0,0,0,0.2,1.1,0,0,0.08,66.3,10.29,0.01,0,0,4.41,0,0,0,0.06,1.05,0.08,16.87,0.2,0.97,0,0,0,3.13,49.62,20.06,0.03
"Algeria",2001,0.298452527190352,135.53,0.99,0.07,0,0,0,0,0,0,0,0.09,0,0,0,0,0.03,0,0,0,0,0.19,5.71,0,0,0.18,69.31,9.07,0,0,0,2.28,0,0.11,0,0.51,2.11,0.06,12.09,1.7,0.82,0.22,0,0,1.64,14.18,14.1,0.07
"Algeria",2002,0.399611368934301,165.32,0.7,0.31,0,0,0,0.01,0,0,0,0.02,0,0,0,0,0.03,0,0,0.01,0,0.42,1.31,0,0,0.19,97.2,9.65,0.05,0,0,11.51,0,0,0,0.35,3.23,0.01,35,0.68,0.74,0,0,0,2.83,0,1.06,0.01
"Algeria",2003,0.435894479802147,213.34,1.19,1.16,0,0,0,0.01,0,0,0,0.13,0,0.02,0,0,0.02,0,0,0.21,0,0.75,4.72,0,0.05,0.25,137.33,12.39,0.26,0,0.57,18.76,0,0.11,0,1.53,3.36,0.02,20.19,1.44,2.08,0.78,0,0,4.03,0,1.91,0.07
"Algeria",2004,0.462405921168008,291.96,1.72,0.14,0,0,0,0,0,0,0,0.02,0,0,0,0,0.02,0,0,0.02,0,0.54,12.55,0,0,0.37,192.78,9.81,0.29,0,0,31.54,0,0,0,0.11,1.57,0.01,31.02,2,1.93,0.02,0,0,5.21,0,0.24,0.05
"Algeria",2005,0.587721992184912,337.37,3.9,0.34,0,0,0,0,0,0,0,0.2,0,0,0,0,0.02,0,0,0,0,0.88,14.51,0,0,0.68,256.88,9.85,0.02,0,0,9.53,0,0.02,0,0.1,0.74,0.01,17.19,2.24,2.38,0,0,0,3.84,0,12.99,1.05
"Algeria",2006,0.407953678388459,383.18,5.57,1.82,0,0.01,0,0,0,0,0,0.17,0,0.01,0,0,0.02,0,0,0,0,0.15,16.01,0,0,0.46,221.21,9.81,0.03,0,0,10.89,0,0.15,0,0.12,1.04,0.1,101.89,0.46,1.58,0,0,0,2.89,0,8.04,0.75
"Algeria",2007,0.405672163560496,390.86,7.46,2.72,0,0,0,0,0,0,0,0,0,0,0,0,0.03,0,0,0,0,0.17,16.01,0,0,1.14,228.83,11.38,0.04,0,0,5.07,0,0,0,0,1.27,0.13,93.57,0.88,2.08,0.57,0,0,0,0,19.33,0.18
"Algeria",2008,0.358794543379409,324.7,4.02,3.46,0,0,0,0,0,0,0,0.11,0,0.04,0,0,0.06,0,0,0,0.04,0.17,11.79,0,0,0.47,178.12,14.57,0.14,0,0,10.2,0,0.02,0,0,0.06,0.06,70.5,2.11,1.21,2.12,0,0.01,0,0,25.23,0.19
"Algeria",2009,0.374649636417741,281.99,1.86,2.6,0,0,0,0,0,0,0,0.14,0,0.07,0,0,0.04,0,0,0,0.02,0.14,12.22,0,0,0.56,159.38,15.14,0.13,0,0,3.79,0,0,0,0,0.91,0.06,60.38,1.33,1.43,3.61,0,0,0,0,17.96,0.22
"Algeria",2010,0.412265477338784,220.07,15.47,2.89,0,0,0,0,0,0,0,0.26,0,0.05,0,0,0.03,0.02,0,0,0,0.12,12.71,0,5.31,0.19,138.06,12.17,0.07,0,0,4.9,0,0,0,0.16,1.02,0.02,16.17,1.59,1.14,2.28,0,0,0,0,4.93,0.51
"Algeria",2011,0.498661377047595,210.81,1.76,3.87,0,0,0.07,0,0,0,0,0.16,0,0,0,0,0.03,0.02,0,0,0,0.15,10.03,0,0,0.17,146.85,12.42,0.07,0,0.35,6.13,0,0,0,0.05,0.9,0.01,14.96,1.08,2.68,1.5,0,0,0,0,7.06,0.49
"Algeria",2012,0.58960604817598,176.74,3,2.44,0,0,0.06,0,0,0,0,0.28,0,0,0,0,0.01,0.06,0.05,0,0,0.25,7.28,0,0,0.16,134.89,9.56,0.06,0,0.01,0.85,0,0,0,0.15,0.21,0.02,2.01,2.62,2.47,3.77,0,0,0,0,5.43,1.1
"Algeria",2013,0.399729307102698,233.97,2.41,4.39,0,0,0.07,0,0,0,0,0.1,0,0.01,0,0,0,0.03,0,0,0,0.2,10.35,0,0.11,0.2,138.03,8.05,0.02,0,0,0.42,0,0,0,0.08,0.11,0.02,7.65,1.38,2.64,5.22,0,0,0,0,50.33,2.15
"Algeria",2014,0.472964191955216,190.28,2.75,3.84,0,0,0.24,0,0,0,0,0,0,0.25,0,0,0,0.01,0,0,0,0.16,9.11,0,0,0.2,128.64,7.18,0.17,0,0,0.76,0,0,0,0.07,0.06,0.08,1.15,0.83,4.04,16.23,0,0,0,0,11.22,3.29
"Algeria",2015,0.58040428765048,128.89,1.44,3.97,0,0,0.03,0,0,0,0,0,0,0.72,0,0,0,0.09,0,0,0,0.12,3,0,0.03,0.15,97.6,6.96,0.14,0,0,1.24,0,0,0,0.01,0.74,0.17,1.29,1.55,3.87,4.09,0,0,0,0,0.09,1.59
"Algeria",2016,0.539937147776187,143.92,0.96,2.64,0,0,0.01,0,0,0,0,0.02,0,0.89,0,0,0,0.04,0,0,0,0.21,3.54,0,0,0.13,104.96,8.72,0.14,0,0.03,0.67,0,0.06,0,0.06,0.64,0.19,4.43,1.74,3.13,4.39,0,0,0,0.51,2.91,2.9
"Algeria",2017,0.484028593451784,175.47,0.85,1.01,0,0.01,0.01,0,0,0,0,0.01,0,0.89,0,0,0.02,0.04,0,0,0,0.34,4.69,0,0,0.12,120.48,9.48,0.1,0,0,0.97,0,0.05,0,11.84,0.62,0.05,4.39,1.42,2.65,8.64,0,0,0,0.49,1.08,5.22
"Algeria",2018,0.574140736407743,197.6,1.13,0,0,0,0,0.01,0,0,0,0,0,1.52,0,0.01,0.04,0.05,0,0,0,0.7,5.65,0,0,0.18,148.53,12.71,0.09,0,0,1.92,0,0.2,0,0.38,0.65,0.24,6.44,1.96,2.92,9.88,0,0.08,0,0,0.64,1.67
"Algeria",2019,0.501761287881915,200.68,0.46,0,0,0,0.07,0.03,0,0,0,0.01,0,1.54,0,0,0.15,0.07,0,0,0,0.33,9.46,0,0,0.16,139.93,16.46,0,0,0.03,0.74,0,0.2,0,0.89,1.31,0.21,9.59,1.92,2.4,12.41,0,0.03,0,0,0.04,2.24
"Algeria",2020,0.538918935727006,184.85,1.6,0,0,0,0.02,0.03,0,0,0,0,0,1.23,0,0,0,0.01,0,0,0,0.3,1.06,0,0.57,0.14,133.78,18.11,0,0,0,0.22,0,0,0.01,0.72,1.59,0.25,8.52,1.9,2.37,9.55,0,0.05,0,0,0.04,2.78
"Algeria",2021,0.426863193534575,210.94,1.23,0,0,0,0,0.03,0,0,0,0.05,0,1.46,0,0.01,0.28,0.09,0,1.4,0,0.45,0.12,0,0,0.12,132.72,31.83,0,0,0,3.72,0,0.04,0,0.23,1.16,0.3,4.93,3.26,2.32,8.51,0,0.01,0,0,15.15,1.52
"Algeria",2022,0.612496492830496,194.014309,2.056298,2.37811,0,0.002613,0,0.006791,0,0.001818,0,0,0,2.299423,0,0.007462,0.867183,0.193351,0,0,0,0.507901,0.023106,0,0.207408,0.12461,150.08293,21.887102,0,0,0,3.823734,0,0.168019,0.000761,0.103873,0.98289,0.276077,0,1.073157,2.377416,3.34866,0,0.035017,0,0,0,1.178599
"Algeria",2023,0.595800434733683,193.425849,1.240577,2.719567,0,0,0,0,0,0,0,0.008758,0,1.383057,0,0.001711,1.084323,0.171713,0,0,0,0.842016,0.017788,0,0.870928,0.139288,147.117008,24.575125,0,0,0,0.673868,0,0.162197,0.001119,0.256985,0.947015,0.247546,3.717305,1.126329,2.928545,0.698571,0,0,0,0,0.423766,2.070744
"Algeria",2024,0.538421773234221,204.631649,0.967851,3.846207,0,0,0,0,0,0,0,0.001802,0,1.440368,0,0,0.897361,0.195692,0,7.90526,0,1.167833,0.017752,0,0.143034,0.126927,148.106995,21.213276,0.268818,0,0.004653,6.848436,0,0.104925,0,0.255516,0.47926,0.270832,4.639198,1.220742,1.936007,0.910124,0,0,0,0,0,1.66278
"Angola",1975,0.235369081462602,4.04,0,0,0,0,0,0,0,0,0,0,0,0,0,0,0,0,0,0,0,0,0.07,0,0.14,0,0,1.18,0,0,0,0.01,0,0,0,0.65,0,0,0,1.1,0.89,0,0,0,0,0,0,0
"Angola",1976,0.306488142348352,10.64,0,0,0,0,0,0,0,0,0,0,0,0,0,0,0,0,0,0,0,0,0.17,0,1.64,0,0,0.5,0,0,0,0.25,0,0,0,3.08,0,0,0,4.7,0.3,0,0,0,0,0,0,0
"Angola",1977,0.403216893967182,7.97,0,0,0,0,0,0,0,0,0,0,0,0,0,0,0,0,0,0,0,0,0.42,0,0.13,0,0,0,0,0,0,0.56,0,0,0,4.72,0.33,0,0,1.64,0.17,0,0,0,0,0,0,0
"Angola",1978,0.390855415421895,27.86,0.01,0,0,0,0,0,0,0,0,0,0,0,0,0,0,0,0,0,0,0,0.5,0,1.96,0,0,0.22,0,0,0,0.58,0,0,0,10.71,0,0,0,13.57,0.14,0.17,0,0,0,0,0,0
"Angola",1979,0.495425722252281,27.42,0.02,0,0,0,0,0,0,0,0,0,0,0,0,0,0,0,0,0,0,0.2,3.99,0,1.34,0,0,0.49,0,0,0,0.21,0,0,0,2.26,0,0,0,18.69,0.13,0.09,0,0,0,0,0,0
"Angola",1980,0.422397664003426,29.44,0,0,0,0,0,0,0,0,0,0,0,0,0,0,0,0,0,0,0,0.21,0.47,0,2.33,0.03,0.2,0.24,0,0,0,0.16,0,0,0,8.6,0.1,0,0,16.92,0.15,0.03,0,0,0,0,0,0
"Angola",1981,0.412672282307618,34.38,0.02,0,0,0,0.2,0,0,0,0,0,0,0,0,0,0,0,0,0,0,0.06,0.29,0,5.26,0.29,0.5,2.13,0,0,0,0.43,0,0,0,2.8,0.99,0,0,21.12,0.1,0.19,0,0,0,0,0,0
"Angola",1982,0.233316398865784,36.8,0.03,0,0,0,0,0,0,0,0,0,0,0,0,0,0,0,0,0,0,0.06,2.74,0,5.97,0.2,1.41,1.62,0,0,0,4.16,0,0,0,4.41,0.16,0,0,15.2,0.2,0.1,0,0,0.54,0,0,0
"Angola",1983,0.27168703545875,44.87,0.02,0,0,0,0.01,0,0,0,0,0,0,0,0,0,0,0,0,0,0,0.13,0.09,0,2.15,0,1.1,1.47,0,0,0,17.45,0,0,0,9.34,0.51,0,0,12.12,0.18,0.11,0,0,0.19,0,0,0
"Angola",1984,0.224382989412469,53.12,0,0,0,0,0,0,0,0,0,0,0,0,0,0,0,0,0,0,0,0.82,1.85,0,1.3,0.03,1.08,2.53,0,0,0,11.15,0,0,0,16.71,0.21,0,0,14.58,1.49,0.2,0,0,1.17,0,0,0
"Angola",1985,0.267775718392055,50.85,0,0,0,0,0,0,0,0,0,0,0,0,0,0,0,0,0,0,0,1.37,0.13,0,0.9,0.21,1.35,2.47,0,0,0,16.31,0,0,0,8.05,0.3,0,0,18.71,0.84,0.21,0,0,0,0,0,0
"Angola",1986,0.224425107773221,83.89,0.47,0,0,0,0,0,0,0,0,0,0,0,0,0,0,0,0,0,0,1.2,0.17,0,4.48,1.12,6.25,4.14,0,0,0,31.56,0,0,0,16.77,0.3,0,0,14.84,1.31,0.46,0,0,0.82,0,0,0
"Angola",1987,0.203496010412441,96.27,1.38,0,0,0,0.01,0,0,0,0,0,0,0,0,0,0,0,0,0,0,1.41,0.13,0,6.03,2.79,3.73,6,0,0,0,31.25,0,0,0,15.58,0.88,0,0.6,23.76,0.8,0.43,0,0,1.49,0,0,0
"Angola",1988,0.199623668689351,98.91,0.12,0,0,0,0.01,0,0,0,0,0,0,0,0,0,0,0,0,0,0,0.65,0.37,0,4.25,1.3,5.8,7.18,0,0,0,24.41,0,0,0,12.44,4.5,0,0,32.65,1.73,0.9,0,0,2.6,0,0,0
"Angola",1989,0.176501598861168,111.78,0,0,0,0,0,0,0,0,0,0,0,0,0,0,0,0,0,0,0,0.68,0.86,0,0.08,0.72,7.41,5.31,0,0,0,21.63,0,0,0,4.94,4.15,9.3,13.15,36.54,2.34,2.15,0,0,2.52,0,0,0
"Angola",1990,0.158628322559554,167.94,0.01,0,0,0,1.34,0,0,0,0,0,0,0,0,0,0,0,0,0,0,0.55,4.06,0,0.05,1.06,12.17,10.01,0,0,0.08,46.35,0,0.3,0,16.83,7.27,11.71,9.79,38.25,4.2,2.15,0,0,1.76,0,0,0
"Angola",1991,0.150271642494935,148.23,0.09,0.01,0,0,0.26,0,0,0,0,0,0,0,0,0,0,0,0,0,0,0.54,0.77,0,2.52,1.44,11.75,8.85,0,0,0.09,32.24,0,0,0,2.15,7.8,12.93,27.92,31.72,1.85,3.28,0,0,2.02,0,0,0
"Angola",1992,0.158634362381638,191.31,3,0.17,0,0,0.3,0,0,0,0,0,0,0,0,0,0,0,0,0,0,0.57,2.8,0,1.41,0.42,27.93,6.81,0,0,0,46.6,0,0.19,0,3.63,5.75,16.25,33.99,36.2,1.7,3.03,0,0,0.55,0,0,0.01
"Angola",1993,0.137372817719134,140.2,0.12,0.13,0,0,0.21,0,0,0,0,0,0,0,0,0,0,0,0,0,0,0.51,2.59,0,0.01,0.75,20.49,8.37,0,0,1.17,34.53,0,0,0,0.72,8.88,19.84,12.91,18.1,2.76,4.84,0,0,3.27,0,0,0
"Angola",1994,0.11575573899483,191.62,0.12,0.12,0.02,0,1.93,0.06,0,0,0,0,0,0,0,0,0,0,0,0,0,0.27,3.33,0,0,1.45,33.54,18.22,0,0,1.13,19.15,0,0,0,5.88,14.89,18.1,12.32,32.02,3.93,25.14,0,0,0,0,0,0
"Angola",1995,0.106512958216969,264.68,0.12,0.14,0,0,1.99,0.13,0,0,0,0,0,0,0,0,0,0,0,0,0,2.16,0.64,0,28.57,1.68,38.52,16.98,0,0,0.6,11.71,0,0.48,0,44.73,28.76,24.03,11.77,26.52,3.62,21.53,0,0,0,0,0,0
"Angola",1996,0.101411938777885,274.39,5.17,0.15,0,0,1.05,0.14,0,0,0,0,0,0,0,0,0,0,0,0,0,3.08,11.51,0,1.4,3.75,14.29,25.27,0,0,0.8,12.5,0,0,0,30.08,25.23,33.5,46.45,36.17,7.69,16.16,0,0,0,0,0,0
"Angola",1997,0.114602490471432,213.04,11.98,0.09,0,0,1.49,0,0,0,0,0,0,0,0,0,0,0,0,0,0,1.92,5.78,0,0.83,0.66,5.64,15.72,0.02,0,1.46,9.18,0,0.28,0,21.7,24.49,29.36,43.39,27.83,5.74,5.4,0,0.08,0,0,0,0
"Angola",1998,0.100287991195907,188.25,17.85,0.02,0,0,1.29,0,0,0,0,0,0,0,0,0,0.04,0,0,0,0,1.01,3.83,0,1.6,1.18,7.05,11.83,0,0,0.62,11.04,0,0,0,15.16,23.14,23.93,30.28,22.54,5.17,10.61,0,0.06,0,0,0,0
"Angola",1999,0.10280150624643,200.86,21.95,0,0,0,0.8,0,0,0,0,0,0,0,0,0,0.02,0,0,0,0,1,1.99,0,1.84,3.62,8.65,18.02,0,0,1.66,24.98,0,0.01,0,13.67,19.91,19.78,35.79,17.77,5.78,3.56,0,0.06,0,0,0,0
"Angola",2000,0.0840635412328196,156.8,21.47,8.61,0,0,0.9,0,0,0,0,0,0,0,0,0,0.03,0,0,0,0,0.36,1.34,0,7.68,1.29,7.7,11.32,0,0,1.67,7.23,0,0.48,0,11.65,16.59,13.35,16.21,17.12,3.49,8.27,0,0.04,0,0,0,0
"Angola",2001,0.0938122172312154,144.35,20.71,1.04,0,0,0,0,0,0,0,0,0,0,0,0,0.06,0,0,0,0,0.04,1.66,0,2.98,2.04,5.94,9.94,0,0,1.93,11.89,0,0.44,0,20.49,17.47,11.87,10.22,13.37,4.32,7.86,0,0.08,0,0,0,0
"Angola",2002,0.0986486526652,179.25,27.21,0,0,0,0,0,0,0,0,0.02,0,0,0,0,0,0,0,0,0,0.23,1.34,0,1.93,3.16,9.85,16.48,0,0,3.23,7.07,0,0.7,0,27.67,22.2,14.44,13.35,14.12,5.91,10.23,0,0.11,0,0,0,0
"Angola",2003,0.0927841211914908,215.21,33.1,0,0,0,0,0.38,0,0,0,0.33,0,0,0,0,0.04,0,0,0.02,0,0.24,2.76,0,1.61,3.89,14.26,13.46,0,0,6.51,28.07,0,0.11,0,21.08,24.23,19.49,10.84,13.96,6.9,13.78,0,0.15,0,0,0,0
"Angola",2004,0.64882711783965,890.91,25.47,0,0,0,0,0,0,0,0,0.26,0,0,0,0,0.06,0,0,0.02,0,0.15,2.45,0,1.05,5.26,21.88,12.95,0.04,0,4.09,8.41,0,0.23,0,19.55,24.76,715.48,9.27,17.3,7.1,15.08,0,0.05,0,0,0,0
"Angola",2005,0.0876543448391156,178.04,26.3,0.02,0,0,0,0,0,0,0,0.33,0,0,0,0,0.18,0,0,0.02,0,1.74,2.51,0,5.25,2.91,9.93,12.24,0.37,0,3.55,11.55,0,0,0,12.8,20.9,20.93,16.13,11.15,5.11,14.05,0,0.07,0,0,0,0
"Angola",2006,0.178809689549987,243.19,12.41,10.09,0,0,0.05,0.08,0,0,0,0.79,0,0,0,0,92.35,0,0,0,0,0.03,1.22,0,7.97,2.41,10.14,11.35,0.03,0,2.9,6.29,0,0,0,2.11,23.39,20.08,16.17,7.2,3.51,12.62,0,0,0,0,0,0
"Angola",2007,0.0948322519612806,184.13,23.1,17.41,0,0,0.89,0.11,0,0,0,1.47,0,0,0,0,0.49,0,0,0,0,0.03,0.52,0,6.43,2.03,9.71,12.26,0.08,0,3.01,19.87,0,0,0,1.22,21.41,19.13,26.6,6.65,1.62,10.04,0,0.04,0,0,0,0.01
"Angola",2008,0.101758316522289,198.75,17.75,25.92,0,0,0,0,0,0,0,1.87,0,0,0,0,6.87,0,0,0,0,0.05,0.9,0,5.98,2.4,7.04,11.65,0.02,0,3.46,37.26,0,0,0,1.24,17.79,19.11,23.52,4.96,1.38,9.55,0,0.02,0,0,0,0.01
"Angola",2009,0.119177730372464,149.91,6.76,28.35,0,0.01,0,0,0,0,0,2.32,0,0,0,0,7.33,0,0,0,0,0.06,0.72,0,3.79,2.16,7.69,8.4,0.02,0,2.41,6.33,0,0,0,0.51,17.84,18.06,30.1,1.94,0.67,4.44,0,0,0,0,0,0
"Angola",2010,0.134352527218988,143.34,37.62,19.07,0,0,0,0,0,0,0,1.86,0,0,0,0,1.37,0.08,0,0,0,0.02,0.81,0,1.23,1.95,6.24,7.05,0.12,0,1.17,3.93,0,0,0,0.77,13.23,15.11,13.38,1.18,0.4,16.74,0,0.01,0,0,0,0
"Angola",2011,0.126077009310349,98.16,11.52,17.21,0,0,0.22,0,0,0,0,1.41,0,0,0,0,0.25,0.17,0,0,0,0.02,1.58,0,1.17,1.57,5.34,5.68,0.03,0,1.14,3.29,0,0,0,0.66,13.05,20.43,10.66,1.4,0.59,0.69,0,0.03,0,0,0.02,0.03
"Angola",2012,0.175784970577675,88.35,13.79,8.47,0,0,0.19,0,0,0,0,0.46,0,0,0,0,0.2,0.5,0.4,0,0,0.04,0.14,0,0.01,1.86,5.31,4.83,0.02,0,0.57,1.35,0,0,0,0.36,12.13,29.46,5.91,1.34,0.42,0.56,0,0.02,0,0,0,0.01
"Angola",2013,0.171515784153633,122.22,15.17,10.77,0,0,0.23,0,0,0,0,0.2,0,0.01,0,0,40.88,0.07,0,0,0,0.02,0.72,0,2.84,0.95,5.27,4.16,0.01,0,0.74,1.33,0,0,0,0.12,10.22,18.23,6.87,1.25,1.23,0.84,0,0.01,0,0,0,0.08
"Angola",2014,0.128815043632652,65.53,8,5.89,0,0,0.12,0,0,0,0,0.06,0,0.05,0,0,14.89,0.14,0,0,0,0.02,0.33,0,1.25,0.79,5.32,4.23,0.01,0,0.6,1.67,0,0,0,0.05,12.23,4.9,1.75,1.45,0.19,1.51,0,0.02,0,0,0,0.06
"Angola",2015,0.606182894234694,255.24,197.31,13.61,0,0,0.05,0,0,0,0,0.01,0,0.1,0,0,14.8,0.21,0.06,0,0,0.01,0,0,0,0.53,4.98,2.23,0,0,0.68,1.93,0,0,0,0,6.6,8.51,0.08,1.22,0.25,1.98,0,0.01,0,0,0,0.08
"Angola",2016,0.119117752536879,55.08,4.54,12.12,0,0,0.02,0.04,0,0,0,0,0,0.14,0,0,5.93,0.11,5.26,0.01,0,0.02,0,0,0,0.36,5.41,2.63,0,0,0.56,1.87,0,0,0,0.04,7.8,5.19,0.11,1.46,0.74,0.64,0,0.01,0,0,0.01,0.06
"Angola",2017,0.172136791480199,47.91,3.71,15.73,0,0,0,0,0,0,0,0.11,0,0.14,0,0,0.04,0.13,0,0.01,0,0.01,0.03,0,0.82,0,5.97,2.65,0,0,0.46,2.6,0,0,0,0.22,7.69,4.71,0.56,1.05,0.56,0.68,0,0,0,0,0,0.03
"Angola",2018,0.191879745946306,48.65,17.38,0,0,0,0,0,0,0,0,0.05,0,0.28,0,0,0.75,0.13,0,0,0,0.01,0,0,0,0,6.69,4.5,0,0,0.52,3.16,0,0,0,0.38,6.85,5.2,0.4,1.09,0.5,0.67,0,0.03,0,0,0,0.06
"Angola",2019,0.198349996270985,51.94,8.66,0,0,0,0.02,0,0,0,0,0.02,0,0.48,0,0,0.46,0.12,0,0,0,0.01,0,0,0,0,18.71,4.71,0,0,0.51,2.07,0,0.07,0,0.38,6.18,6.39,0.39,0.92,0.06,1.63,0,0,0,0,0,0.15
"Angola",2020,0.13926653979225,45.69,7.01,0,0,0,0.02,0,0,0,0,0,0,0.67,0,0,0.34,0.13,0,0,0,0.03,1.55,0,0.29,0,11.39,4.63,0,0,0.49,2.1,0,0,0,0.13,7.55,4.29,0.74,2.07,0.7,1.39,0,0,0,0,0.02,0.15
"Angola",2021,0.184259141474624,101.15,7.99,0,0,0,0,0.02,0,0.01,0,0.02,0,0.76,0,0,0.23,0.09,0,0,1.01,0.01,0.35,0,0.29,0,29.7,5.11,0,0,0,3.96,0,0,0,0.15,6.18,17.84,23.04,2.04,0.11,2.02,0,0,0,0,0,0.22
"Angola",2022,0.239207800231279,82.723468,5.313417,6.822696,0,0,0,0,0,0.008806,0,0.023194,0,1.401727,0,0.002122,0.157527,0.081588,0,0,22.388888,0.011531,0.452801,0,0,0,31.66873,5.372908,0.057242,0,0,1.684055,0,0,0.000761,0,4.510507,0,0,1.851278,0.21534,0.44595,0,0,0,0,0.005241,0.247159
"Angola",2023,0.297205549879494,98.859809,5.456469,1.363652,0,0,0.014634,0,0.001535,0,0,0.020879,0,0.838658,0,0,0.174922,0.099485,0,0,0.009083,3.501478,1.609257,0,0,0.063412,26.942782,3.852521,0.027033,0,0,1.716889,0,0,0,0,5.787017,45.595055,0,1.097758,0.136131,0.236533,0,0.058978,0,0,0.032353,0.223295
"Angola",2024,0.510580458763817,103.255991,5.83639,2.452921,0,0,0.044419,0,0.001461,0,0,0,0,0.825723,0,0,0.120764,0.084332,0,0,0.008885,0.044451,0.450753,0,0.439962,0,72.431674,1.965239,0,0,0.001563,0.653495,0,0,0,0,5.93289,10.768339,0,0.827213,0.078203,0.05086,0,0.054418,0,0,0,0.182036
"Benin",1960,NA,0,0,0,0,0,0,0,0,0,0,0,0,0,0,0,0,0,0,0,0,0,0,0,0,0,0,0,0,0,0,0,0,0,0,0,0,0,0,0,0,0,0,0,0,0,0,0
"Benin",1961,NA,0,0,0,0,0,0,0,0,0,0,0,0,0,0,0,0,0,0,0,0,0,0,0,0,0,0,0,0,0,0,0,0,0,0,0,0,0,0,0,0,0,0,0,0,0,0,0
"Benin",1962,1,0.04,0,0,0,0,0,0,0,0,0,0,0,0,0,0,0,0,0,0,0,0,0,0,0,0,0,0.04,0,0,0,0,0,0,0,0,0,0,0,0,0,0,0,0,0,0,0,0
"Benin",1963,1,1.22,0,0,0,0,0,0,0,0,0,0,0,0,0,0,0,0,0,0,0,0,0,0,0,0,0,1.22,0,0,0,0,0,0,0,0,0,0,0,0,0,0,0,0,0,0,0,0
"Benin",1964,0.79691179356358,14.56,0,0,0,0,0,0,0,0,0,0,0,0,0,0,0,0,0,0,0,0.02,0,0,0,0,12.9,1.59,0,0,0,0.01,0,0,0,0,0.04,0,0,0,0,0,0,0,0,0,0,0
"Benin",1965,0.953136134520562,13.83,0,0,0,0,0,0,0,0,0,0,0,0,0,0,0,0,0,0,0,0.02,0,0,0,0,13.5,0.22,0,0,0,0.08,0,0,0,0,0,0,0,0,0.01,0,0,0,0,0,0,0
"Benin",1966,0.884796703443997,10.22,0,0,0,0,0,0,0,0,0,0,0,0,0,0,0,0,0,0,0,0,0.06,0,0,0,9.6,0.5,0,0,0,0,0,0,0,0,0,0,0,0,0.02,0.04,0,0,0,0,0,0
"Benin",1967,0.841922381840803,9.61,0,0,0,0,0,0,0,0,0,0,0,0,0,0,0,0,0,0,0,0,0.11,0,0,0,8.8,0.54,0,0,0,0.08,0,0,0,0,0,0,0,0,0.04,0.04,0,0,0,0,0,0
"Benin",1968,0.602061017451908,8.69,0,0,0,0,0,0,0,0,0,0,0,0,0,0,0,0,0,0,0,0,0.08,0,0,0,6.6,0.6,0,0,0,1.23,0,0,0,0,0,0,0,0,0.16,0.02,0,0,0,0,0,0
"Benin",1969,0.765174565694046,7.7,0,0,0,0,0,0,0,0,0,0,0,0,0,0,0,0,0,0,0,0,0.09,0,0,0,6.7,0.65,0,0,0,0,0,0,0,0,0,0,0,0,0.21,0.05,0,0,0,0,0,0
"Benin",1970,0.70543826839973,8.43,0,0,0,0,0,0,0,0,0,0,0,0,0,0,0,0,0,0,0,0,0.12,0,0,0,7,1.04,0,0,0,0.01,0,0,0,0.03,0,0,0,0,0.18,0.05,0,0,0,0,0,0
"Benin",1971,0.372656027726767,18.86,0,0,0,0,0,0,0,0,0,0,0,0,0,0,0,0,0,0,0,0,0.14,0,0.13,0,9.1,6.59,0,0,0,2.49,0,0,0,0.08,0,0,0,0,0.26,0.07,0,0,0,0,0,0
"Benin",1972,0.753897749519844,19.14,0.01,0,0,0,0,0,0,0,0,0,0,0,0,0,0,0,0,0,0,0,0.18,0,0.24,0,16.53,1.64,0,0,0,0.09,0,0,0,0.03,0,0,0,0,0.39,0.03,0,0,0,0,0,0
"Benin",1973,0.436868842927951,12.91,0,0,0,0,0,0,0,0,0,0,0,0,0,0,0,0,0,0,0,0.15,0.41,0,1.63,0,8.09,2.1,0,0,0,0.01,0,0,0,0.18,0,0,0,0,0.26,0.08,0,0,0,0,0,0
"Benin",1974,0.543237039968342,13.3,0,0,0,0,0,0,0,0,0,0,0,0,0,0,0,0,0,0,0,0,0.49,0,0.23,0,9.48,2.4,0,0,0,0.04,0,0,0,0.34,0.02,0,0,0,0.21,0.09,0,0,0,0,0,0
"Benin",1975,0.449068447020127,22.6,0,0,0,0,0,0,0,0,0,0,0,0,0,0,0,0,0,0,0,0,0.61,0,2.21,0,14.16,4.84,0,0,0,0.07,0,0,0,0.36,0.07,0,0,0,0.15,0.13,0,0,0,0,0,0
"Benin",1976,0.437799665815957,17.21,0.11,0,0,0,0,0,0,0,0,0,0,0,0,0,0,0,0,0,0,0,0.59,0,0.81,0,10.5,4.25,0,0,0,0.06,0,0,0,0.37,0,0,0,0,0.44,0.08,0,0,0,0,0,0
"Benin",1977,0.469155198939218,17.15,0.14,0,0,0,0,0,0,0,0,0,0,0,0,0,0,0,0,0,0,0,0.82,0,0.58,0,11.2,3.31,0,0,0,0.08,0,0,0,0.67,0,0,0,0,0.33,0.02,0,0,0,0,0,0
"Benin",1978,0.341195808518768,25.64,0.17,0,0,0,0,0,0,0,0,0,0,0,0,0,0,0,0,0,0,0,0.52,0,1.89,0,13.78,4.85,0,0,0,0.05,0,0,0,0.65,1.94,0,0,0,1.68,0.11,0,0,0,0,0,0
"Benin",1979,0.253821792703453,49.55,0.01,0,0,0,0,0,0,0,0,0,0,0,0,0,0,0,0,0,0,0,0.52,0,11.44,0,19.03,10.35,0,0,0,0.08,0,0,0,1,4.07,0,0,0,0.81,0.11,0,0,2.13,0,0,0
"Benin",1980,0.371665629570169,50.35,0.02,0,0,0,0,0,0,0,0,0,0,0,0,0,0,0,0,0,0,0,0.52,0,1.59,0,17.2,25.17,0,0,0,0,0,0,0,1.01,2.33,0,0,0,0.55,0.15,0,0,1.81,0,0,0
"Benin",1981,0.370584518194976,42.86,1.81,0,0,0,0,0,0,0,0,0,0,0,0,0,0,0,0,0,0,0,0.46,0,0.42,0.01,23.28,11.26,0,0,0,0.75,0,0,0,2.22,0.19,0,0,0,1.07,0.1,0,0,1.29,0,0,0
"Benin",1982,0.313341191305063,36.29,0.19,0,0,0,0,0,0,0,0,0,0,0,0,0,0,0,0,0,0,0.01,0.58,0,0.02,0,14.32,13.7,0,0,0,0.25,0,0,0,3.27,2.73,0,0,0,1.15,0.05,0,0,0.02,0,0,0
"Benin",1983,0.22896657543544,39.92,2.22,0,0,0,0,0,0,0,0,0,0,0,0,0,0,0,0,0,0,0.01,2.25,0,1.41,0,14.08,11.68,0,0,0,0.25,0,0,0,2.72,0.63,0,0,0,2.2,0.12,0,0,2.35,0,0,0
"Benin",1984,0.335921678321678,35.75,0.99,0,0,0,0,0,0,0,0,0,0,0,0,0,0,0,0,0,0,0,0.52,0,0.28,0,16.62,11.85,0,0,0,0.44,0,0,0,1.43,0.35,0,0,0,2.99,0.22,0,0,0.06,0,0,0
"Benin",1985,0.212372513273001,47.64,1.46,0,0,0,0,0,0,0,0,0,0,0,0,0,0,0,0,0,0,0.01,0.7,0,4.74,0,13.66,15.49,0,0,0,0.59,0,0,0,2.09,2.93,0,0,0,2.32,0.24,0,0,3.41,0,0,0
"Benin",1986,0.281064205034055,72.87,2.68,0,0,0,0,0,0,0,0,0,0,0,0,0,0,0,0,0,0,0.01,1.17,0,0,0,26.43,26.82,0,0,0,2.62,0,0,0,3.38,0.3,0,0,0,6.2,0.23,0,0,3.03,0,0,0
"Benin",1987,0.237247205568625,91.59,3.75,0,0,0,0,0,0,0,0,0,0,0,0,0,0,0,0,0,0,0.01,2.05,0,17.72,0,25.77,30.87,0,0,0,2.71,0,0,0,5.35,0.18,0,0,0,1.96,0.22,0,0,1,0,0,0
"Benin",1988,0.318991833144347,90.09,6.54,0,0,0,0,0,0,0,0,0,0,0,0,0,0,0,0,0,0,0.01,0.99,0,0.26,0,41.2,28.29,0,0,0,2.84,0,0,0,5.68,0.09,0,0,0,2.18,0.61,0,0,1.4,0,0,0
"Benin",1989,0.396056759434506,149.58,11.77,0,0,0,0,0,0,0,0,0,0,0,0,0,0,0,0,0,0,0.01,1.79,0,0.11,0,87.97,29.22,0,0,0,3.38,0,0,0,5.6,0,0,0.02,0,9.17,0.54,0,0,0,0,0,0
"Benin",1990,0.389733650518114,125.28,2.89,0,0,0,0,0,0,0,0,0,0,0,0,0,0,0,0,0,0,0.01,1.33,0,0.09,0,71.95,27.94,0,0,0,2.13,0,0.07,0,7.06,1.63,0,0.03,0,9.59,0.56,0,0,0,0,0,0
"Benin",1991,0.347916436855078,161.3,11.6,0.08,0,0,0,0,0,0,0,0,0,0,0,0,0,0,0,0,0,0,1.62,0,7.4,0.06,89.47,24.64,0,0,0,1.9,0,0.08,0,13.11,2.9,0,0.03,0.02,8,0.34,0,0,0.01,0.04,0,0
"Benin",1992,0.224615822869202,161.44,5.4,0.29,0,0,0,0,0,0,0,0,0,0,0,0,0,0,0,0,0,0.05,1.16,0,1.19,0.04,42.85,40.28,0,0,0,0.72,0,0.07,0,5.64,46.82,0,0,0,9.69,6.7,0,0,0.54,0,0,0
"Benin",1993,0.272498763606634,140.99,16.97,0.12,0,0,0,0,0,0,0,0,0,0,0,0,0,0,0,0,0,0,1.17,0,4,0,52.31,47.54,0,0,0,3.97,0,0.03,0,4.67,0.44,0,0.29,0.11,8.77,0.05,0,0,0.5,0.04,0,0.01
"Benin",1994,0.284311052046911,135.88,11.37,0.39,0,0,0,0,0,0,0,0,0,0,0,0,0,0,0,0,0,0,4.2,0,7.52,0,62.95,31.08,0,0,0.01,0.01,0,0.04,0,8.27,0,0,0.18,0,4.84,0,0,0,5.02,0,0,0
"Benin",1995,0.242371556113588,171.77,12.28,0.12,0,0,0,0,0,0,0,0,0,0,0,0,0,0,0,0,0,0.01,3.02,0,13.22,0,61.88,51.37,0,0,0.06,0.68,0,0.12,0,4.94,0.05,0,0.09,0.05,16.34,0.02,0,0,7.52,0,0,0
"Benin",1996,0.206770332830607,165.1,44.74,0.08,0,0,0,0,0,0,0,0,0,0,0,0,0,0,0,0,0,0.01,1.78,0,14.62,0,51.69,22.39,0,0,0.07,3.21,0,0.03,0,8.44,0,0,0.2,0.01,10.33,0,0,0,7.49,0.01,0,0
"Benin",1997,0.15957560987703,131.7,18.81,0.06,0,0,0,0,0,0,0,0,0,0,0,0,0,0,0,0,0,0.01,17.94,0,18.95,0,33.9,20.26,0,0,0.06,0.36,0,0.38,0,11.06,0.25,0,0.84,0.01,6.8,0,0,0.07,1.94,0,0,0
"Benin",1998,0.195257602740931,141.38,32.95,0.03,0,0,0,0,0,0,0,0,0,0,0,0,0,0,0,0,0,0.02,3.87,0,14.61,0.01,37.06,32.35,0,0,0.08,0.27,0,0.38,0,10.08,0.55,0,0.43,0,8.14,0,0,0.07,0.43,0.05,0,0
"Benin",1999,0.220074762914566,106.47,14.16,0,0,0,0,0,0,0,0,0,0,0,0,0,0,0,0,0,0,0.03,4.26,0,9.05,0,37.17,27.35,0,0,0.02,0.3,0,0.31,0,4.64,0,0,0.53,0.23,6.31,1.57,0,0.08,0.46,0,0,0
"Benin",2000,0.298171399625219,169.21,6.16,0.01,0,0,0,0,0,0,0,0,0,0,0,0,0,0,0,0,0,0.03,4.81,0,19.52,0.09,84.87,21.72,0,0,0.06,19.07,0,0.78,0,4.38,0,0,0.48,0.18,6,0.14,0,0.07,0.84,0,0,0
"Benin",2001,0.235095267809946,127.69,8.26,0.03,0,0,0,0.06,0,0,0,0,0,0,0,0,0,0,0,0,0,0.19,4.55,0,22.95,0.14,51.29,21.87,0.06,0,0.06,0.21,0,0,0,8.01,0.1,0,0.59,0.09,5.73,0.07,0,0.09,3.33,0.01,0,0
"Benin",2002,0.228090954730009,127.1,4.53,0.06,0,0,0,0,0,0,0,0.05,0,0,0,0,0,0,0,0,0,0.01,9.99,0,23.65,0.14,48.67,24.01,0.03,0,0,2.54,0,0.73,0,2.4,0.13,0.02,0.32,0.09,5.36,0.06,0,0.05,4.26,0,0,0
"Benin",2003,0.163235179293636,169.07,6.27,0.07,0,0,0,0,0,0,0,0.03,0,0,0,0,0,0,0,0,0,0.03,10.79,0,21.44,0.3,46.71,31.26,0.03,0,0,0.02,0,1.47,0,19.77,0.21,0.01,1.67,0.22,6.98,21.13,0,0.02,0.64,0,0,0
"Benin",2004,0.196664807151584,222.33,45.95,0.08,0,0,0,0,0,0,0,0.03,0,0,0,0,0,0,0,0,0,0.05,13.65,0,32.26,0.04,74.12,24.45,0.04,0,0.01,9.58,0,1.42,0,10.4,0.22,0.01,0.31,0.09,9.44,0,0,0.03,0.15,0,0,0
"Benin",2005,0.179742821828862,184.75,17.86,0.08,0,0,0,0,0,0,0,0.01,0,0,0,0,0,0,0,0,0,0.04,13.37,0,35.87,0,54.71,27.6,0.18,0,0.03,0.02,0,1.58,0,22.7,0.06,0,0.45,1.42,8.7,0,0,0.07,0,0,0,0
"Benin",2006,0.217759374670118,212.89,10.06,0.21,0,0,0,0,0,0,0,0.01,0,0,0,0,0,0,0,0,0,0.02,14.48,0,32.96,0.1,83.87,26.47,0.02,0,0.11,0.11,0,5.25,0,24.49,0,0,2.19,0.23,9.99,2.28,0,0.02,0,0,0,0.02
"Benin",2007,0.185995895050026,220.91,6.81,0.02,0,0,0,0,0,0,0,0.01,0,0,0,0,0.01,0,0,0,0,0.01,15.16,0,44.64,0.21,67.72,29.58,0.14,0,0.09,1.49,0,4.28,0,34.72,0,0,2.11,0.3,10.26,0,0,0.01,3.32,0,0,0.02
"Benin",2008,0.166283254704957,278.08,27.21,2.44,0,0,0,0,0,0,0,0.04,0,0,0,0,0.01,0,0,0,0,0.02,22.21,0,48.15,0.17,75.8,46.61,0.1,0,0.06,1.14,0,0.86,0,35.33,0,0,2.01,0.47,10.58,0,0,0.05,3.85,0,0,0.97
"Benin",2009,0.151899606242401,272.56,25.84,0.02,0,0,0.16,0,0,0,0,0,0,0,0,0,0,0,0,0,0,0.01,25.86,0,51.36,0.45,58.96,43.12,0,0,0.04,1.79,0,1.16,0,41.97,0,0,3.45,0.88,13.47,0.03,0,0.05,3.76,0,0.18,0
"Benin",2010,0.148748501431395,244.13,29.13,0.15,0,0,0.38,0,0,0,0,0.02,0,0,0,0,0,0,0,0,0,0.09,29.27,0,39.29,0.69,56.97,34.67,0,0,0.12,2.11,0,1.96,0,31.26,0.05,0,1.09,1.88,13.25,0,0,0.04,1.51,0,0.17,0.03
"Benin",2011,0.155197716001144,238.53,26.31,0.13,0,0,0.53,0,0,0,0,0.02,0,0,0,0,0,0.05,0,0,0,0.05,29.32,0,37.22,0.37,50.16,49.5,0,0,0.26,1.2,0,1.45,0,27.81,0.01,0.01,1.22,0.35,12.15,0.07,0,0.02,0.02,0,0.19,0.11
"Benin",2012,0.149122842142774,227.09,19.89,0.14,0,0,0.11,0,0,0,0,0.02,0,0,0,0,0,0.04,0.17,0.03,0,0.03,25.85,0,32.04,0.26,49.41,47.63,0,0,0.16,0.77,0,1.26,0,20.64,0,0,0.55,0.68,21.06,0.62,0,0.03,3.59,0,1.99,0.12
"Benin",2013,0.142329753761499,238.08,33.52,0.1,0,0,0.31,0,0,0,0,0.03,0,0,0,0,0,0.04,0,0.02,0,0.04,24.41,0,17.35,0.16,39.92,51.07,0,0,0.16,1.91,0,1.32,0,37.78,0,0,0.62,0.89,19.05,0,0,0.02,6.69,0,1.5,1.17
"Benin",2014,0.200600666158389,231.11,10.2,0.1,0,0,0.05,0,0,0,0,0.02,0,0,0,0,0,0,0,0.02,0,0.04,21.25,0,0.73,0.11,42.99,77.71,0,0,0.15,1.42,0,1.44,0,42.58,0,0,0.61,0.86,19.59,0,0,0.01,7.8,0,2.84,0.59
"Benin",2015,0.161234766997301,159.99,12.9,0.12,0,0,0.03,0,0,0,0,0.01,0,0,0,0,0.01,0,0.09,0.01,0,0.03,19.64,0,0,0.07,32.52,38.38,0,0,0.03,2.37,0,1.04,0,17.75,0.02,0,0.16,0.65,26.01,0,0,0.01,6.64,0,1.2,0.3
"Benin",2016,0.16554565376919,167.15,10.92,0.23,0,0.05,0.04,0,0,0,0,0.01,0,0,0,0,0,0.01,0,0,0,0.06,20,0,0,0.04,31.72,39.84,0,0,0.02,1.34,0,0.98,0,29.73,0.02,0,0.66,0.86,24.54,0,0,0,4.66,0.23,0.51,0.68
"Benin",2017,0.157652504456363,201.2,20.35,0.02,0,0.03,0.01,0,0,0,0,0.01,0,0,0,0,0,0.03,0,0,0,0.04,25.33,0,0,0.01,46.41,37.27,0,0,0.05,4.81,0,0.87,0,31.73,0,0,0.23,0.7,27.18,0.41,0,0,2.84,0.19,0.48,2.2
"Benin",2018,0.176192763620854,210.46,14.45,0,0,0,0.04,0,0,0,0,0,0,0,0,0,0.02,0.01,0,0,0,0.02,29.49,0,0,0,54.19,45.2,0,0,0.11,2.77,0,1.6,0,28.4,0,0,0.33,0.72,30.44,0.58,0,0.11,0.22,0,1.15,0.61
"Benin",2019,0.179062224223659,200.77,10.32,0,0,0,0,0,0,0,0,0,0,0,0,0,0.01,0.01,0,0,0,0,25.18,0,0,0.03,44.47,50.03,0,0,0,4.05,0,1.47,0,34.87,0.35,0,0.24,0.3,27.58,0.27,0,0,0.08,0,0.72,0.79
"Benin",2020,0.19448209872289,263.15,17.75,0,0,0,0,0,0,0,0,0,0,0,0,0,0.01,0.04,0,0,0,0.02,21.46,0,0.43,0,72.29,69.92,0,0,0.02,5.19,0,1.31,0,41.19,0.91,0,0.6,0.95,29.12,0.02,0,0.05,0.07,0,1.11,0.69
"Benin",2021,0.202602398101387,259.64,8.83,0,0,0,0,0,0,0,0,0,0,0.03,0,0,0.01,0.03,0,0,0,0.01,27.29,0,0.41,0.16,84.69,55.43,0,0,0.02,5.5,0,1.68,0,41.48,0.67,0,0.26,1.33,28.82,0.04,0,0.03,1.68,0,0.84,0.4
"Benin",2022,0.214548923037395,308.34602,5.07878,0.302287,0,0.018348,0,0,0,0,0.001275,0,0,0.038277,0.586041,0,0.007108,0.066147,0,0,0,0.002682,29.780268,0,0.848124,0.113867,109.696785,60.584609,0,0,0.033585,4.062683,0,11.129643,0,51.405287,0.680337,0,0.43699,1.356816,31.551424,0.076756,0,0.009441,0,0,0.121547,0.356913
"Benin",2023,0.267238697522909,333.572696,6.582784,0.749266,0,0,0.560772,0,0,0,0.001419,0,0,0.019816,0,0,0.009615,0.044094,0,0,0,0.026781,29.681715,0,0.604022,0.115704,151.09788,55.474689,0,0,0.14002,2.035584,0,10.298743,0,43.01955,0.052233,0,0.286573,1.503527,30.639703,0,0,0,0,0,0.329123,0.299083
"Benin",2024,0.328510725245858,377.203405,13.989152,0.050391,0,0.017388,0.020179,0,0,0,0.001349,0,0,0.000452,0,0,0.01545,0.052265,0,0,0,0.013489,21.691152,0,0.406739,0.113215,202.123063,33.599057,0,0,0.022707,2.32352,0,16.000209,0.00073,53.785754,0.081672,0,0.583214,1.163623,30.596256,0.065489,0,0,0,0,0.162386,0.324504
"Botswana",1966,0.996966253461394,13.17,0,0,0,0,0.01,0,0,0,0,0,0,0,0,0,0,0,0,0,0,0,0,0,0,0,0,0.01,0,0,0,0,0,0,0,0,0,0,0,0,0,13.15,0,0,0,0,0,0
"Botswana",1967,0.963746451949372,15.77,0,0,0,0,0.01,0,0,0,0,0,0,0,0,0,0,0,0,0,0,0,0,0,0.08,0,0,0,0,0,0,0,0,0,0,0,0,0,0,0.2,0,15.48,0,0,0,0,0,0
"Botswana",1968,0.933639081790123,14.4,0,0,0,0,0.02,0,0,0,0,0,0,0,0,0,0,0,0,0,0,0,0,0,0.22,0,0,0,0,0,0,0,0,0,0,0,0,0,0,0.25,0,13.91,0,0,0,0,0,0
"Botswana",1969,0.889957735989211,12.41,0,0,0,0,0.02,0,0,0,0,0,0,0,0,0,0,0,0,0,0,0,0,0,0.35,0,0,0.18,0,0,0,0,0,0,0,0,0.01,0,0,0.12,0.03,11.7,0,0,0,0,0,0
"Botswana",1970,0.805939739857861,7.49,0,0,0,0,0.04,0,0,0,0,0,0,0,0,0,0,0,0,0,0,0,0,0,0.32,0,0,0.06,0,0,0,0,0,0,0,0.04,0.04,0,0,0.28,0,6.71,0,0,0,0,0,0
"Botswana",1971,0.823970034776979,11.83,0,0,0,0,0.02,0,0,0,0,0,0,0,0,0,0,0,0,0,0,0,0,0,0.23,0,0,0.04,0,0,0,0,0,0,0,0.3,0.02,0,0,0.5,0,10.72,0,0,0,0,0,0
"Botswana",1972,0.69054555605545,10.21,0,0,0,0,0.03,0,0,0,0,0,0,0,0,0,0,0,0,0,0,0,0,0,0.49,0.02,0,0.06,0,0,0,0.01,0,0,0,0.05,0,0,0,1.16,0,8.39,0,0,0,0,0,0
"Botswana",1973,0.357443256738514,14.73,0,0,0,0,0.04,0,0,0,0,0,0,0,0,0,0,0,0,0,0,0,0,0,2.43,0,0,0.18,0,0,0,0.03,0,0,0,0.06,0.23,0,0,4.72,0.02,7.02,0,0,0,0,0,0
"Botswana",1974,0.277821838098894,23.07,0,0,0,0,0,0,0,0,0,0,0,0,0,0,0,0,0,0,0,0,0,0,1.73,0,0,0.46,0,0,0,0.02,0,0,0,0.46,5.06,0,0,6.9,0,8.44,0,0,0,0,0,0
"Botswana",1975,0.263338147624815,27.23,0,0,0,0,0.02,0,0,0,0,0,0,0,0,0,0,0,0,0,0,0,0.03,0,2.5,0,0,1.09,0,0,0,0.03,0,0,0,0.28,5.63,0,0,8.45,0,9.2,0,0,0,0,0,0
"Botswana",1976,0.233388578808504,32.59,0.01,0,0,0,0.03,0,0,0,0,0,0,0,0,0,0,0,0,0,0,0,0.02,0,4.38,0.03,0,1.26,0,0,0.01,0,0,0,0,1.11,7.02,0,0,10.19,0,8.53,0,0,0,0,0,0
"Botswana",1977,0.216591723614048,33.21,0.01,0,0,0,0.04,0,0,0,0,0,0,0,0,0,0,0,0,0,0,0,0.03,0,3.45,0,0,4.31,0,0,0.01,0,0,0,0,1.35,5.14,0,0,10.74,0.08,8.05,0,0,0,0,0,0
"Botswana",1978,0.256638011107389,48.08,0.04,0,0,0,0.09,0,0,0,0,0,0,0,0,0,0,0,0,0,0,0.04,0,0,1.38,0.01,0,6.2,0,0,0.01,0,0,0,0,1.9,9.05,0,0,18.97,0.02,10.37,0,0,0,0,0,0
"Botswana",1979,0.218885781177375,72.46,0.21,0,0,0,0.12,0,0,0,0,0,0,0,0,0,0,0,0,0,0,0,0,0,5.61,0,0,22.87,0,0,0.05,0,0,0,0,2.8,9.14,0,0,14.8,0,16.86,0,0,0,0,0,0
"Botswana",1980,0.197515059543863,72.53,0.66,0,0,0,0.11,0.02,0,0,0,0,0,0,0,0,0,0,0,0,0,0.01,0,0,6.55,0.1,0.2,14.92,0,0,0,0,0,0,0,3.38,12.8,0,0,13.2,0,20.58,0,0,0,0,0,0
"Botswana",1981,0.211882216529737,62.64,0.9,0,0,0,0.08,0.01,0,0,0,0,0,0,0,0,0,0,0,0,0,0,0,0,1.6,0.04,0.14,15.02,0,0,0.01,0,0,0,0,4.21,8.83,0,0,15.17,0,16.63,0,0,0,0,0,0
"Botswana",1982,0.205512411795305,70.42,0.79,0,0,0,0.52,0.01,0,0,0,0,0,0,0,0,0,0,0,0,0,0,0,0,1.13,0.02,1.04,24.15,0,0,0.01,0,0,0,0,2.74,7.42,0,0,13.18,0.01,13.23,0,0,4.16,2.01,0,0
"Botswana",1983,0.191732047666203,67.82,0.09,0,0,0,0.46,0.02,0,0,0,0,0,0,0,0,0,0,0,0,0,0.02,0,0,0.25,0.15,0.2,20.14,0,0,0.01,0,0,0,0,3.26,8.01,0,0,11.64,0.01,15.1,0,0,3.27,5.19,0,0
"Botswana",1984,0.16258985314043,59.09,0.14,0,0,0,0.52,0,0,0,0,0,0,0,0,0,0,0,0,0,0,0.01,0.1,0,0.99,0.03,0.32,12.96,0,0,0,0.22,0,0,0,1.92,7.78,0,0,11,0.04,12.57,0,0,5.43,5.06,0,0
"Botswana",1985,0.177307728838816,49.38,0.02,0,0,0,0.46,0.01,0,0,0,0,0,0,0,0,0,0,0,0,0,0,0.04,0,2.2,0.02,0.34,13.18,0,0,0,0.01,0,0,0,2.1,11.06,0,0,7.33,0.04,7.87,0,0,2.26,2.44,0,0
"Botswana",1986,0.165186058040955,66.35,1.23,0,0,0,0.44,0.07,0,0,0,0,0,0,0,0,0,0,0,0,0,0.01,0.16,0,6.7,0.4,1.53,12.47,0,0,0.1,0.26,0,0,0,4.62,11.7,0,0,16.29,0.19,9.94,0,0,0.24,0,0,0
"Botswana",1987,0.16832347939912,99.63,0.1,0,0,0,0.52,0.19,0,0,0,0,0,0,0,0,0,0,0,0,0,0.02,1.5,0,22.97,0.22,2.8,21.33,0,0,0.07,0.05,0,0,0,5.39,17,0,0,14.22,0.04,12.54,0,0,0.41,0.26,0,0
"Botswana",1988,0.143561576124125,108.67,20.53,0,0,0,1.49,0.05,0,0,0,0,0,0,0,0,0,0,0,0,0,0.02,0.09,0,7,0.38,1.34,14.32,0,0,0,1.86,0,0,0,4.33,18.03,0,0,21.13,0,14.69,0,0,1.35,2.06,0,0
"Botswana",1989,0.146880112911848,91.29,11.27,0,0,0,4.06,0.06,0,0,0,0,0,0,0,0,0,0,0,0,0,0.03,0.01,0,6.7,1.16,0.68,14.18,0,0,0,0.31,0,0,0,3.86,18.74,0,0,17.43,0,12.76,0,0,0,0.04,0,0
"Botswana",1990,0.181472697163226,96.49,0.69,0,0,0,2.58,0.07,0,0,0,0,0,0,0,0,0,0,0,0,0,0.01,0.12,0,5.99,1.78,2.16,19.17,0,0,0,0.35,0,0,0,4.36,21.76,0,0,25.07,0,12.25,0,0,0.13,0,0,0
"Botswana",1991,0.189021273781886,93.25,1.27,0.08,0,0,1.35,0.04,0,0,0,0,0,0,0,0,0,0,0,0,0,0.03,0.18,0,3.34,2.08,2.25,19.83,0,0,0.02,0,0,0,0,1.93,26.9,0,0,13.56,0,17.52,0,0,2.87,0,0,0
"Botswana",1992,0.207376875503491,85.12,0.27,0.1,0,0,1.06,0.03,0,0,0,0,0,0,0,0,0,0,0,0,0,0,0.92,0,2.09,0.4,2.14,18.92,0,0,0.01,0,0,0,0,3.62,25.78,0,0,17.44,0.03,12.31,0,0,0,0,0,0
"Botswana",1993,0.164592085317747,76.85,1.68,0.06,0,0,0.99,0.04,0,0,0,0,0,0,0,0,0,0,0,0,0,0,0.27,0,2.56,0,1.05,20.01,0,0,0.04,0.41,0,0,0,3.46,11.35,0,0,14.29,0.03,11.44,0,0,9.17,0,0,0
"Botswana",1994,0.136505437584286,49.57,3.04,0,0.01,0,1.29,0.03,0,0,0,0,0,0,0,0,0,0,0,0,0,0,0.39,0,1.57,0.01,0.7,9.43,0,0,0.13,0,0,0,0,5.41,7.66,0,0,9.45,0,5.78,0,0,4.67,0,0,0
"Botswana",1995,0.140222419531649,44.9,3.72,0.05,0,0,0.96,0.09,0,0,0,0,0,0,0,0,0,0,0,0,0,0,0.75,0,0.38,0.24,0.73,9.84,0,0,0.17,0,0,0.16,0,3.55,6.91,0,0,6.46,0.05,7.53,0,0,3.31,0,0,0
"Botswana",1996,0.179494209224789,65.31,18.48,0,0,0,0.59,0.05,0,0,0,0,0,0,0,0,0,0,0,0,0,0,0.42,0,0.9,0.16,0.8,8.08,0,0,0.18,0,0,0.51,0,4.23,6.73,0,0,15.71,0.04,6.56,0,0,1.87,0,0,0
"Botswana",1997,0.156925675646904,48.46,10.55,0.06,0,0,0.3,0,0,0,0,0,0,0,0,0,0,0,0,0,0,0,0.4,0,0.75,0.09,0.91,7.24,0,0,0.09,0.11,0,0.05,0,4.5,7.75,0,0,8.45,0.02,7.17,0,0.02,0,0,0,0
"Botswana",1998,0.295316139283547,72.94,35.61,0,0,0,0.23,0.11,0,0,0,0,0,0,0,0,0,0,0,0,0,0,0.42,0,1.61,0.12,0.92,14.54,0,0,0.1,0,0,0.03,0,4.56,4.5,0.04,0,3.86,0,5.62,0,0.01,0.66,0,0,0
"Botswana",1999,0.243038956974334,40.98,15.74,0,0,0,0.01,0.22,0,0,0,0,0,0,0,0,0,0,0,0,0,0,0.3,0,2.14,0.11,0.73,10.91,0,0,0.29,0,0,0,0,0.29,3.18,0,0,1.15,0,4.84,0,0.03,1.04,0,0,0
"Botswana",2000,0.221943234453297,27.39,9.88,0.01,0,0,0,0.23,0,0,0,0,0,0,0,0,0,0,0,0,0,0,0.26,0,1.15,0.05,0.75,6.65,0,0,0.03,0.11,0,0,0,0.11,2.67,0,0,0.7,0,3.73,0,0.01,1.05,0,0,0
"Botswana",2001,0.186398881130446,31.72,10.62,0.01,0,0,0,0.09,0,0,0,0,0,0,0,0,0,0,0,0,0,0,0.42,0,1.02,0.12,0.58,5.55,0,0,0,0,0,0,0,2.8,3.63,0,0.01,0.35,0,3.42,0,0.01,3.09,0,0,0
"Botswana",2002,0.163191131540302,18.83,4.17,0,0,0,0.06,0.06,0,0,0,0,0,0,0,0,0,0,0,0,0,0,0.4,0,0.77,0.15,0.88,4.52,0,0,0.03,0,0,0,0,1.85,3.17,0,0.01,0.59,0,2.16,0,0.01,0,0,0,0
"Botswana",2003,0.183329615035832,17.65,5.58,0,0,0,0.05,0.05,0,0,0,0,0,0,0,0,0,0,0,0,0,0,0.32,0,1.4,0.7,1.5,4.11,0,0,0.06,0,0,0,0,0.64,1.48,0,0.01,0.61,0,1.14,0,0,0,0,0,0
"Botswana",2004,0.167428632884473,14.04,2.79,0,0,0,0,0.04,0,0,0,0,0,0,0,0,0,0,0,0,0,0,0.14,0,1.26,0.05,2.2,3.78,0,0,0.03,0.01,0,0.02,0,1.18,1.64,0,0.01,0.43,0,0.46,0,0,0,0,0,0
"Botswana",2005,0.215885899780407,18.45,7.11,0,0,0,0.7,0.03,0,0,0,0,0,0,0,0,0,0,0,0,0,0.01,0,0,1.36,0.11,1.65,3.45,0.03,0,0.08,0,0,0,0,1.03,2.17,0,0.15,0.31,0,0.25,0,0.01,0,0,0,0
"Botswana",2006,0.214558591976797,16.34,6.29,0.03,0,0.01,0.11,0.02,0,0,0,0,0,0,0,0,0,0,0,0,0,0,0.02,0,0.62,0.13,1.75,2.7,0,0,0.24,0,0,0,0,0.61,1.96,0,0.15,1.63,0,0.06,0,0,0,0,0,0.01
"Botswana",2007,0.24408234149931,23.57,4.5,0,0,0,0.04,0.02,0,0,0,0,0,0,0,0,0,0,0,0,0,0,0.17,0,0.13,0.21,9.53,2.45,0,0,0.14,0,0,0,0,0.1,2.2,0.01,0,3.66,0,0.41,0,0,0,0,0,0
"Botswana",2008,0.858043785636061,474.57,22.47,0,0,0.01,0.22,0,0,0,0,0,0,0,0,0,0.06,0,0,0,0,0.01,0.29,0,0.57,0.4,2.8,438.98,0.06,0,0.23,0,0,0,0,0,3.01,0.08,0,4.33,0,1.05,0,0,0,0,0,0
"Botswana",2009,0.144530482843756,13.08,2.22,0,0,0.08,0.52,0,0,0,0,0,0,0,0,0,0,0,0,0,0,0.01,0.36,0,0.06,0.58,1.35,2.08,0,0,0.02,0,0,0,0,0,1.83,0.04,0.06,2.95,0,0.92,0,0,0,0,0,0
"Botswana",2010,0.29581354529287,33.29,15.85,0.01,0,0.09,0.68,0,0,0,0,0,0,0,0,0,0,0,0,0,0,0,0.28,0,0.54,0.18,6.81,2.44,0,0,0.02,0,0,0,0,0,0.63,0.01,0,4.68,0,1.05,0,0.01,0,0,0,0.01
"Botswana",2011,0.19707444377188,25.21,5.75,0,0,0.05,2.89,0,0,0,0,0,0,0,0,0,0,0,0,0,0,0,0.12,0,0,0.54,1.01,2.03,0,0,0.04,0,0,0,0,0,0.5,0.09,0,2.11,0,1.56,0,0,8.44,0,0,0.08
"Botswana",2012,0.286045594446288,18.76,6.71,0,0,0.08,1.51,0,0,0,0,0,0,0,0,0,0,0,0.07,0,0,0,0,0,0,0.33,0.81,0.33,0,0,0,0,0,0,0,0,0.46,0.06,0,7.16,0,0.96,0,0,0.28,0,0,0
"Botswana",2013,0.26066472808897,19.8,7.16,0.01,0,0.07,2.51,0.04,0,0,0,0,0,0,0,0,0,0,0,0,0,0,0,0,0,0.44,0.86,0.54,0,0,0,0,0,0,0,0,0.18,0.08,0,6.44,0,1.37,0,0.01,0.06,0,0,0.03
"Botswana",2014,0.264419574729885,9.99,4.73,0.12,0,0.01,1.28,0.17,0,0,0,0,0,0,0,0,0.02,0,0,0,0,0,0,0,0,0.48,0.77,0.23,0,0,0,0,0,0,0,0.17,0.14,0.07,0.01,0.57,0,1.03,0,0.11,0,0,0,0.08
"Botswana",2015,0.259061463206472,9.73,4.43,0.01,0,0.03,1.15,0.61,0,0,0,0,0,0,0,0,0,0,0.11,0,0,0,0,0,0,0.41,0.55,0.11,0,0,0.08,0.08,0,0,0,0,0.07,0.03,0,0.3,0,1.61,0,0.09,0,0,0.02,0.04
"Botswana",2016,0.636988689508944,15.27,12.14,0.19,0,0.04,0.63,0.46,0,0,0,0,0,0,0,0,0,0,0,0,0,0.01,0,0,0,0.12,0.42,0.16,0,0,0.12,0,0,0,0,0,0.21,0.03,0,0.28,0,0.38,0,0,0,0,0.02,0.06
"Botswana",2017,0.518949435998556,16.57,11.76,1.02,0,0.01,0.91,0.32,0,0,0,0,0,0,0,0,0,0,0,0,0,0.01,0,0,0,0.11,0.2,0.42,0,0,0,0,0,0,0,0,0,0.04,0,0.25,0,1.38,0,0,0,0,0,0.14
"Botswana",2018,0.55437209548019,17.62,12.93,0,0,0,1.11,0.15,0,0,0,0,0,0,0,0,0,0,0,0,0,0.01,0,0,0,0.12,0.15,0.72,0,0,0,0.12,0,0,0.01,0,0,0.04,0,0.16,0,1.71,0,0.39,0,0,0,0
"Botswana",2019,0.389728195560793,16.02,9.35,0,0,0,1.07,0.12,0,0,0,0.01,0,0,0,0,0.01,0,0,0,0,0,0,0,0,0.12,0.19,1.69,0,0,0.19,0.01,0,0,0,0,0.06,0.04,0,0.13,0,2.91,0,0.04,0,0,0.03,0.05
"Botswana",2020,0.46381195335277,19.6,12.93,0,0,0,0.78,0.06,0,0,0,0,0,0,0,0,0.02,0,0,0,0,0.01,0,0,0,0.19,0.23,1.39,0,0,0,0.01,0,0,0,0,0.05,0.04,0,0.05,0,2.74,0.11,0.01,0,0,0.91,0.07
"Botswana",2021,0.432486058066938,20.83,13.13,0,0,0,0.33,0.2,0,0,0,0,0,0,0,0,0.02,0,0,0,0,0,0,0,0,0.23,1.55,1.31,0,0,0,0,0,0,0.01,0,0.05,0.04,0,0.6,0,3.25,0,0.04,0,0,0,0.07
"Botswana",2022,0.242756695954482,10.023303,3.869818,0.794698,0,0.045257,0.073103,0.099584,0,0,0,0,0,0,0,0,0.031986,0,0,0,0,0.012457,0,0,0,0,2.463221,1.321463,0,0,0,0,0,0,0.001369,0,0.042262,0.00867,0,0.291838,0,0.928152,0,0,0,0,0.005241,0.034184
"Botswana",2023,0.936897530640062,114.264517,110.589669,1.058647,0,0,0.117058,0.259223,0,0,0,0,0.02487,0.034638,0,0,0.025894,0.000398,0,0,0,0.026363,0,0,0,0,0.336317,0.857044,0,0,0,0,0,0,0.000746,0,0.057454,0,0,0.459996,0,0.383188,0,0.002003,0,0,0,0.031009
"Botswana",2024,0.168967822370738,5.147517,1.277721,0.466916,0,0.039303,0.293387,0.190254,0,0,0,0.021189,0.09728,0.092198,0,0,0.02814,0.001169,0,0,0,0.040784,0,0.004234,0,0,1.461351,0.258083,0,0,0,0.004766,0,0,0.000529,0,0.018768,0,0.000154,0.392297,0.011917,0.342516,0,0.007634,0,0,0.008451,0.088476
"Burkina Faso",1960,NA,0,0,0,0,0,0,0,0,0,0,0,0,0,0,0,0,0,0,0,0,0,0,0,0,0,0,0,0,0,0,0,0,0,0,0,0,0,0,0,0,0,0,0,0,0,0,0
"Burkina Faso",1961,NA,0,0,0,0,0,0,0,0,0,0,0,0,0,0,0,0,0,0,0,0,0,0,0,0,0,0,0,0,0,0,0,0,0,0,0,0,0,0,0,0,0,0,0,0,0,0,0
"Burkina Faso",1962,NA,0,0,0,0,0,0,0,0,0,0,0,0,0,0,0,0,0,0,0,0,0,0,0,0,0,0,0,0,0,0,0,0,0,0,0,0,0,0,0,0,0,0,0,0,0,0,0
"Burkina Faso",1963,0.78125,0.08,0,0,0,0,0,0,0,0,0,0,0,0,0,0,0,0,0,0,0,0,0,0,0,0,0,0.07,0,0,0,0,0,0,0,0,0,0,0,0,0.01,0,0,0,0,0,0,0
"Burkina Faso",1964,0.969781997521287,10.46,0.01,0,0,0,0,0,0,0,0,0,0,0,0,0,0,0,0,0,0,0,0,0,0,0,10.3,0.12,0,0,0,0,0,0,0,0,0,0,0,0,0.03,0,0,0,0,0,0,0
"Burkina Faso",1965,0.943588764481828,10.71,0,0,0,0,0,0,0,0,0,0,0,0,0,0,0,0,0,0,0,0,0,0,0,0,10.4,0.27,0,0,0,0.02,0,0,0,0,0,0,0,0,0.01,0.01,0,0,0,0,0,0
"Burkina Faso",1966,0.898996755550512,9.71,0,0,0,0,0,0,0,0,0,0,0,0,0,0,0,0,0,0,0,0.19,0,0,0,0,9.2,0.29,0,0,0,0,0,0,0,0,0,0,0,0,0.03,0,0,0,0,0,0,0
"Burkina Faso",1967,0.945307183200722,13.89,0,0,0,0,0,0,0,0,0,0,0,0,0,0,0,0,0,0,0,0,0.02,0,0,0,13.5,0.36,0,0,0,0,0,0,0,0,0,0,0,0,0.01,0,0,0,0,0,0,0
"Burkina Faso",1968,0.819718139380275,14.88,0,0,0,0,0,0,0,0,0,0,0,0,0,0,0,0,0,0,0,0,0.02,0,0,0,13.4,1.39,0,0,0,0,0,0,0,0,0,0,0,0,0.07,0,0,0,0,0,0,0
"Burkina Faso",1969,0.788747223703143,13.94,0,0,0,0,0,0,0,0,0,0,0,0,0,0,0,0,0,0,0,0.13,0.04,0,0,0,12.3,1.4,0,0,0,0,0,0,0,0,0,0,0,0,0.06,0.01,0,0,0,0,0,0
"Burkina Faso",1970,0.870695916187109,13.42,0,0,0,0,0,0,0,0,0,0,0,0,0,0,0,0,0,0,0,0.06,0.04,0,0,0,12.5,0.74,0,0,0,0,0,0,0,0.08,0,0,0,0,0,0,0,0,0,0,0,0
"Burkina Faso",1971,0.79796736,12.5,0,0,0,0,0,0,0,0,0,0,0,0,0,0,0,0,0,0,0,0.05,0.05,0,0,0,11.1,1.21,0,0,0,0,0,0,0,0.04,0,0,0,0,0.04,0.01,0,0,0,0,0,0
"Burkina Faso",1972,0.873473189275126,25.51,0,0,0,0,0,0,0,0,0,0,0,0,0,0,0,0,0,0,0,0.06,0.05,0,0,0,23.82,0.92,0,0,0,0.09,0,0,0,0.39,0,0,0,0,0.08,0.1,0,0,0,0,0,0
"Burkina Faso",1973,0.656943134343549,28.66,0.01,0,0,0,0,0,0,0,0,0,0,0,0,0,0,0,0,0,0,0.34,0.95,0,0,0,22.91,3.68,0,0,0,0.18,0,0,0,0.15,0.04,0,0,0,0.35,0.05,0,0,0,0,0,0
"Burkina Faso",1974,0.607896338513615,45.42,0.03,0,0,0,0,0,0,0,0,0,0,0,0,0,0,0,0,0,0,0.11,0.93,0,0,0,34.77,5.92,0,0,0,0.04,0,0,0,0.06,0,0,0,0.07,0.43,0.06,0,0,0,0,3,0
"Burkina Faso",1975,0.449631857962889,47.54,0.03,0,0,0,0,0,0,0,0,0,0,0,0,0,0,0,0,0,0,0.63,0.83,0,0.94,0,28.85,13.33,0,0,0,0.33,0,0,0,1.93,0,0,0,0,0.61,0.06,0,0,0,0,0,0
"Burkina Faso",1976,0.386056478973222,51.92,0.16,0,0,0,0,0,0,0,0,0,0,0,0,0,0,0,0,0,0,0.36,0.56,0,2.67,0,28.51,14.1,0,0,0,0.17,0,0,0,4.59,0.14,0,0,0,0.58,0.08,0,0,0,0,0,0
"Burkina Faso",1977,0.34066642071495,58.15,0.21,0,0,0,0.05,0,0,0,0,0,0,0,0,0,0,0,0,0,0,0.47,0.69,0,0.09,0,29.8,13.78,0,0,0,0.12,0,0,0,7.74,2.15,0,0,0,2.95,0.1,0,0,0,0,0,0
"Burkina Faso",1978,0.318281121593105,78.7,0.26,0,0,0,0,0,0,0,0,0,0,0,0,0,0,0,0,0,0,0.54,1.03,0,0.31,0,34.52,16.94,0,0,0,0.05,0,0,0,21.97,0.11,0,0,0,2.92,0.05,0,0,0,0,0,0
"Burkina Faso",1979,0.313840863692876,137.38,0.12,0,0,0,0,0,0,0,0,0,0,0,0,0,0,0,0,0,0,1.31,2.16,0,4.44,0,37.98,60.9,0,0,0,0.09,0,0,0,27.22,1.44,0,0,0,1.67,0.05,0,0,0,0,0,0
"Burkina Faso",1980,0.337336507082106,119.92,1.87,0,0,0,0,0,0,0,0,0,0,0,0,0,0,0,0,0,0,0.59,1.61,0,3.36,0,58.45,32.12,0,0,0,0.02,0,0,0,19.53,0.19,0,0,0,1.96,0.22,0,0,0,0,0,0
"Burkina Faso",1981,0.386618400575642,130.78,0.19,0,0,0,0,0,0,0,0,0,0,0,0,0,0,0,0,0,0,0.47,0.87,0,0.48,0.05,71.67,32.83,0,0,0.02,0.06,0,0,0,19.7,2,0,0,0.2,2.17,0.07,0,0,0,0,0,0
"Burkina Faso",1982,0.253735161407755,115.53,0.22,0,0,0,0,0,0,0,0,0,0,0,0,0,0,0,0,0,0,0.29,1.83,0,3.56,0.04,43.72,25.86,0,0,0,7.39,0,0,0,26.93,0,0,0,0.09,1.65,0.04,0,0,1.73,2.18,0,0
"Burkina Faso",1983,0.315232873432631,94.1,3.17,0,0,0,0,0,0,0,0,0,0,0,0,0,0,0,0,0,0,0.33,0.9,0,0.52,0.05,43.54,14.89,0,0,0,0.5,0,0,0,25.55,0.97,0,0,0.25,2.9,0.13,0,0,0.4,0,0,0
"Burkina Faso",1984,0.275061163700498,79.35,4.57,0,0,0,0.02,0,0,0,0,0,0,0,0,0,0,0,0,0,0,0.22,1.68,0,1.04,0.02,35.33,11.5,0,0,0,2.11,0,0,0,17.68,0.04,0,0,0.96,2.53,0.16,0,0,1.49,0,0,0
"Burkina Faso",1985,0.211634962132709,73.04,5.33,0,0,0,0,0,0,0,0,0,0,0,0,0,0,0,0,0,0,0.24,1.06,0,2.78,0,26.77,11.87,0,0,0,5.42,0,0,0,13.73,0.02,0,0,0.03,1.87,0.36,0,0,3.56,0,0,0
"Burkina Faso",1986,0.176552045642975,148.48,4.28,0,0,0,0.01,0,0,0,0,0,0,0,0,0,0,0,0,0,0,0.42,2.29,0,8.9,0.16,40.75,22.93,0,0,0,35.19,0,0,0,16.43,3.63,0,0,0,2.74,0.19,0,0,8.3,2.26,0,0
"Burkina Faso",1987,0.212940522342424,183.58,7.72,0,0,0,0,0,0,0,0,0,0,0,0,0,0,0,0,0,0,0.44,2.98,0,10.68,0,66.76,36.25,0,0,0,20.55,0,0,0,27.61,0,0,0,0,3.06,0.25,0,0,2.59,4.69,0,0
"Burkina Faso",1988,0.211454477661126,177.92,7.89,0,0,0,0.07,0,0,0,0,0,0,0,0,0,0,0,0,0,0,0.42,1.83,0,0.51,0,54.24,43.17,0,0,0,31.65,0,0,0,28.19,1.36,0,0,0.52,4.07,0.56,0,0,1.12,2.32,0,0
"Burkina Faso",1989,0.257807952816621,185.87,3.16,0,0,0,0.01,0,0,0,0,0,0,0,0,0,0,0,0,0,0,5.24,1.21,0,7.78,0,80.19,33.34,0,0,0,16.13,0,0,0,31.33,0.36,0,0.04,0,4.54,0.46,0,0,1.47,0.61,0,0
"Burkina Faso",1990,0.244270143589598,231.42,1.74,0,0,0,0.03,0,0,0,0,0,0,0,0,0,0,0,0,0,0,1.91,2.92,0,10.25,0,93.81,45.18,0,0,0,29.8,0,0.35,0,34.54,0,0,0.05,0.11,4.96,0.46,0,0,2.54,2.77,0,0
"Burkina Faso",1991,0.295414220815733,253.77,4.35,0.02,0.12,0,0.04,0,0,0,0,0,0,0,0,0,0,0,0,0,0,1.55,2.73,0,11.01,0.05,125.85,44.96,0,0,0.09,8.72,0,1.04,0,28.5,4.26,0,0.07,1.14,5.27,2.24,0,0,7.3,4.46,0,0
"Burkina Faso",1992,0.329609708448767,254.82,9.3,0.08,0,0,0.02,0,0,0,0,0,0,0,0,0,0,0,0,0,0,1.2,2.89,0,7.6,0.02,133.39,47.6,0,0,0.01,5.3,0,0.33,0,33.22,1.01,0,0,0.48,6.56,0.63,0,0,2.42,2.76,0,0
"Burkina Faso",1993,0.337683707432039,246.64,6.88,0.07,0,0,0.01,0,0,0,0,0,0,0,0,0,0,0,0,0,0,2.94,3.52,0,19.67,0.01,133.85,36.59,0,0,0.01,2.34,0,0.56,0,27.56,0.79,0,0.06,0.71,7.39,0.39,0,0,3.25,0.01,0,0.03
"Burkina Faso",1994,0.233613762024951,269.17,11.82,0.07,0.78,0,0,0.03,0,0,0,0,0,0,0,0,0,0,0,0,0,3.1,5.45,0,18.13,0.01,113.87,37.37,0,0,0.02,24.38,0,0.72,0,35.8,0.08,0,0.14,0.18,13.02,0.19,0,0,2.49,1.52,0,0
"Burkina Faso",1995,0.286061343590221,255.89,6.66,0.15,2.03,0,0.14,0,0,0,0,0,0,0,0,0,0,0,0,0,0,3.05,4.25,0,16.31,0.03,125.13,30.9,0,0,0.08,2.72,0,1.11,0,39.5,0.37,0,0.49,0.91,12.26,0.54,0,0,7.22,2.04,0,0
"Burkina Faso",1996,0.224669917900988,275.98,14.85,0.09,4.13,0,0,0.04,0,0,0,0,0,0,0,0,0,0,0,0,0,4.26,6.63,0,22.8,0,113.69,41.01,0,0,0.17,2.33,0,0.79,0,37.6,2.39,0,3.93,0.79,14.92,0.47,0,0,4.52,0.57,0,0
"Burkina Faso",1997,0.172499125538597,217.21,8.24,0.1,0,0,0,0.04,0,0,0,0,0,0,0,0,0,0,0,0,0,1.74,12.43,0,25.93,0.42,68.59,31.44,0,0,0.31,3.88,0,1.86,0,36.55,3.19,0,0.66,1.44,12.48,0.99,0,0.07,3.2,3.65,0,0
"Burkina Faso",1998,0.191855287216601,229.55,8.85,0.02,0,0,0,0.01,0,0,0,0,0,0,0,0,0.01,0,0,0,0,3.29,7.41,0,30.34,0.32,77.34,42.11,0,0,0.27,2.4,0,2.22,0,34.16,1.64,0,1.77,1.93,8.04,0.14,0,0.05,6.07,1.16,0,0
"Burkina Faso",1999,0.151437362621125,244.48,28.18,0,0,0,0,0.07,0,0,0,0,0,0,0,0,0,0,0,0,0,7.84,7.9,0,34.64,0.48,69.53,36.54,0,0,0.3,0.7,0,3.48,0,21.05,1.5,0,5.42,0.63,14.11,0.49,0,0.06,7.99,3.57,0,0
"Burkina Faso",2000,0.214211723966585,228.61,21.25,0.01,0,0,0,0,0,0,0,0,0,0,0,0,0,0,0,0,0,2.99,9.64,0,24.45,0.47,95,22.24,0,0,0.26,8.2,0,6.23,0,16.13,0.44,0,2.45,1.24,11.47,0.45,0,0.09,3.96,1.64,0,0
"Burkina Faso",2001,0.150330526931922,222.04,20.44,0.06,0,0,0,0,0,0,0,0.03,0,0,0,0,0,0,0,0,0,2.95,8.88,0,28.83,0.77,57.4,23.6,0,0,0.21,1.14,0,4.88,0,44.42,0.27,0,1.09,5.99,12.75,1.74,0,0.1,3.89,2.56,0,0.04
"Burkina Faso",2002,0.155455547918373,221.53,10.02,0.01,0,0,0,0,0,0,0,0.05,0,0,0,0,0,0,0,0,0,8.01,16.76,0,22.97,1.28,67.27,19.35,0,0,0.23,3.12,0,5.26,0,37.28,0.37,0,2.73,7.54,15.95,0.3,0,0.12,2.91,0,0,0
"Burkina Faso",2003,0.157385283319516,260.19,10.58,0.01,0,0,0,0,0,0,0,0.05,0,0,0,0,0,0,0,0,0,2.55,12.48,0,27.35,1.12,80.97,28.83,0,0,0.33,6.74,0,7.65,0,39.38,0.18,0,5.57,10.67,20.6,0.11,0,0.07,4.43,0,0.52,0
"Burkina Faso",2004,0.161338046110409,320.09,8.49,0.06,0,0,0,0,0,0,0,0.35,0,0,0,0,0,0,0,0,0,5.06,20.51,0,32.84,1.5,98.49,38.5,0,0,0.16,2.97,0,7.4,0,55,0.15,0,2.56,12.22,20.45,6.47,0,0.03,6.63,0,0.25,0
"Burkina Faso",2005,0.152550633343737,326.92,18.88,0.13,0,0,0,0,0,0,0,0.29,0,0,0,0,0,0,0,0,0,4.13,11.75,0,48.79,1.21,93.58,29.7,0,0,0,1.5,0,11.01,0,53.75,0.22,0,3.34,15.21,20.8,2.58,0,0.04,8.66,0,1.35,0
"Burkina Faso",2006,0.200028102606257,375.25,18.47,0.15,0,0.03,0,0,0,0,0,0,0,0,0,0,0,0,0,0,0,5.45,16.83,0.01,34.6,1.08,146.52,29.47,0,0,0.08,0.98,0,10.5,0,55.14,0.37,0,3.67,15.03,20.94,2.78,0,0.05,11.77,0,1.24,0.09
"Burkina Faso",2007,0.167207318292491,401.53,20.43,0.63,0,0.01,0,0,0,0,0,0.26,0,0,0,0,0.04,0,0,0,0,4.68,14.39,0.01,42.38,0.65,131.29,39.9,0.07,0,1.06,2.59,0,14.21,0,65.7,0.27,0,4.77,21.11,20.32,0,0,0.06,16.68,0,0,0.02
"Burkina Faso",2008,0.182052929517776,463.96,20.98,0.17,0,0.01,0,0,0,0,0,0,0,0,0,0,0.02,0,0,0,0.02,7.66,12.98,0.01,44.41,0.18,158.8,44.92,0.26,0,0.71,2.26,0,13.39,0,88.9,0.22,0,12.13,22.99,20.81,0.16,0,0.09,10.77,0,0.68,0.43
"Burkina Faso",2009,0.130602193596488,402.32,49.77,0.12,0,0.06,0,0,0,0,0,0.04,0,0,0,0,0.05,0,0,0,0.03,6.97,14.03,0.01,36.05,0.12,94.67,47.5,0.07,0,0.9,5.35,0,14.78,0,65.98,0.53,0,10.86,24.52,23.72,0.2,0,0.1,3.31,0,2,0.58
"Burkina Faso",2010,0.11578200027962,395.35,41.59,0.28,0,0,0.42,0,0,0,0,0.02,0,0,0,0,0,0,0,0,0.04,4.96,15.99,0,34.41,0.08,81.39,52.51,0.07,0,0.02,4.26,0,17.9,0,54.36,0.82,0,12.28,34.88,28.2,0.3,0,0.07,7.69,0,2.07,0.74
"Burkina Faso",2011,0.127891623359446,399.94,40.33,0.71,0,0.01,0.9,0,0,0,0,0,0,0,0,0,0.21,0.03,0,0,0.05,7.06,11.57,0,43.27,0,96.36,43.78,0,0,0.07,4.87,0,16.92,0,53.88,0.76,0,3.03,37.64,30.15,0.82,0,0.03,3.84,0,1.73,1.92
"Burkina Faso",2012,0.11953257352404,400.77,56.36,0.81,0,0.01,0.47,0.81,0,0,0,0,0,0,0,0,0,0.02,0,0,0,7.35,9.8,0,44.14,0,81.46,51.4,0,0,0.77,2.87,0,19.06,0,41.23,0.76,0,1.44,33.71,37.24,1.71,0,0.06,6.18,0,2.27,0.84
"Burkina Faso",2013,0.116530664820494,369.55,26.06,0.33,0,0.02,2.51,0,0,0,0,0.01,0,0,0,0,0.01,0.01,0,0,0,7.31,14.34,0,46.52,0.05,78.99,44.52,0.01,0,1.04,4.36,0,20.47,0,42.83,0.94,0,2.84,27.62,38.6,0.85,0,0.02,6.48,0,2.44,0.37
"Burkina Faso",2014,0.141071127486128,342.51,23.55,0.2,0,0,0.11,0,0,0,0,0,0,0,0,0,0.01,0,0,0,0,4.87,10.57,0,70.42,0.26,76.67,49.85,0.01,0,0.41,7.37,0,31.07,0,0,0.75,0,2.03,19.74,32.85,0.55,0,0.16,4.53,0,2.38,4.15
"Burkina Faso",2015,0.152026731468535,297.79,23.56,0.32,0,0,0.12,0,0,0,0,0,0,0,0,0,0.02,0,0,0,0,4.45,10.65,0,41.57,0.53,81.33,47.39,0.01,0,0.24,8.25,0,21.5,0,0,0.51,0,0.75,12.7,38.78,0.13,0,0.34,1.61,0,2.12,0.91
"Burkina Faso",2016,0.142530466148354,310.01,30.25,0.88,0,0,0.06,0,0,0,0,0,0,0,0,0,0,0.01,0,0,0,4.81,13.91,0,47.58,0.17,79.87,43.6,0,0,0.4,8.48,0,19.57,0,0,0.42,0,2.03,13.18,36.98,0.18,0,0.25,0.96,4.09,1.66,0.67
"Burkina Faso",2017,0.159722918314084,332.16,19.37,0.72,0,0.04,9.08,0,0,0,0,0,0,0.01,0,0,0,0.02,0,0,0,5.84,15.39,0,33.41,0.65,108.87,41.01,0,0,0.35,10.59,0,25.72,0,0,2.72,0,3.8,15.52,34.62,2.25,0,0,0,0.35,0.69,1.14
"Burkina Faso",2018,0.153483911497081,379.44,16.02,0,0,0,0.09,0,0,0,0,0.03,0,0,0,0,0,0.01,0,0,0,6.44,16.63,0,42.34,0.76,112.45,58.4,0,0,0.56,14.56,0,27.38,0,0,3.16,0,3.47,34.04,39.03,2.73,0,0.21,0,0,0.8,0.33
"Burkina Faso",2019,0.148215165021085,477.6,26.62,0,0,0,0.05,0,0,0,0,0.27,0,0,0,0,0,0.08,0,0,0,8.79,20.02,0,33.08,0.51,133.45,86.15,0,0.01,0.7,16.98,0,30.66,0,2.53,6.84,0,6.01,56.78,41.73,2.19,0,0.1,2.54,0,0.45,1.06
"Burkina Faso",2020,0.146755505579396,598.6,51.3,0,0,0,0,0,0,0,0,0.53,0.32,0,0,0,0,0.01,0,0,0,7.93,43.88,0,30.54,0.9,172.68,99.93,0,0.21,1.22,12.41,0,33.58,0,23.71,9.67,0,3.5,49.66,52.96,0.47,0,0.03,0.43,0,2.18,0.55
"Burkina Faso",2021,0.116630650244189,577.73,63.85,0,0,0,0,0,0,0,0,0.28,0,0,0,0,0,0.01,0,0,0,13.68,39.39,0,41.77,1.73,135.2,69.94,0,0.22,1.31,17.72,3.24,33.15,0,31.59,7.77,0,5.08,53.62,52.82,0.28,0,0.09,4.41,0,0.24,0.34
"Burkina Faso",2022,0.156135804480801,506.087449,28.937939,0.409269,0,0.000499,0.054894,0,0,0,0.716226,0.521115,0,0,0,0,0,0.033907,0,0,0,5.919782,38.583442,0,26.849093,0.325852,159.985229,72.329686,0,0.230316,1.196526,25.150438,2.060203,25.850146,0.000546,12.035394,6.325744,0,2.537979,51.145,44.345472,0.226801,0,0.00194,0,0,0.017295,0.296716
"Burkina Faso",2023,0.100954130677041,407.374318,20.566498,3.058012,0,0,0.381829,0,0,0,0,0.013798,0,0,0,0,0,0.020838,0,0,0,10.527742,32.290177,0,42.041257,0.596374,66.68644,62.609566,0,0.321866,3.617799,11.433059,2.16848,29.741277,0.000962,29.6945,5.653711,0,5.22935,37.304769,40.76694,0,0.05,0,0,0,2.221396,0.377678
"Burkina Faso",2024,0.0956086549317517,361.462483,18.723529,6.842978,0,0,0.01759,0,0,0,0,0.229644,0,0,0,0,0.003127,0.015127,0,0,0,8.473144,22.640909,0,41.411844,0.739615,50.545196,57.880381,0,0.484743,3.159261,15.620456,1.769902,24.583916,0.001047,33.887099,6.615922,0,5.345579,22.201976,36.151882,0.832374,0,0,0,0,0.904412,2.38083
"Burundi",1962,0.997666280897895,8.56,0,0,0,0,0,0,0,0,0,0,0,0,0,0,0,0,0,0,0,0,8.55,0,0,0,0,0.01,0,0,0,0,0,0,0,0,0,0,0,0,0,0,0,0,0,0,0,0
"Burundi",1963,0.977086512152836,5.19,0,0,0,0,0,0,0,0,0,0,0,0,0,0,0,0,0,0,0,0,5.13,0,0,0,0,0.02,0,0,0,0,0,0,0,0,0,0,0,0,0.04,0,0,0,0,0,0,0
"Burundi",1964,0.936947914383812,5.85,0,0,0,0,0,0,0,0,0,0,0,0,0,0,0,0,0,0,0,0,5.66,0,0,0,0,0.17,0,0,0,0,0,0,0,0,0,0,0,0,0.01,0.01,0,0,0,0,0,0
"Burundi",1965,0.918160585784623,3.56,0,0,0,0,0,0,0,0,0,0,0,0,0,0,0,0,0,0,0,0,3.41,0,0,0,0,0.05,0,0,0,0,0,0,0,0,0,0,0,0,0.07,0.03,0,0,0,0,0,0
"Burundi",1966,0.682974430946011,6.04,0,0,0,0,0,0,0,0,0,0,0,0,0,0,0,0,0,0,0,0.02,4.94,0,0.01,0,0.5,0.51,0,0,0,0,0,0,0,0,0,0,0,0,0.03,0.03,0,0,0,0,0,0
"Burundi",1967,0.807646446095228,7.64,0,0,0,0,0,0,0,0,0,0,0,0,0,0,0,0,0,0,0,0,6.83,0,0.03,0,0,0.7,0,0,0,0,0,0,0,0,0,0,0,0.03,0.03,0.02,0,0,0,0,0,0
"Burundi",1968,0.647244052627436,9.89,0,0,0,0,0,0,0,0,0,0,0,0,0,0,0,0,0,0,0,0,7.82,0,0,0,1.3,0.68,0,0,0,0,0,0,0,0,0,0,0,0.03,0.05,0.01,0,0,0,0,0,0
"Burundi",1969,0.635484591094196,10.54,0,0,0,0,0,0,0,0,0,0,0,0,0,0,0,0,0,0,0,0,8.29,0,0,0,1.2,0.56,0,0,0,0,0,0,0,0,0,0,0,0.3,0.17,0.02,0,0,0,0,0,0
"Burundi",1970,0.731121245931491,11.49,0,0,0,0,0,0,0,0,0,0,0,0,0,0,0,0,0,0,0,0,9.75,0,0.01,0,1.1,0.48,0,0,0,0.01,0,0,0,0,0,0,0,0,0.14,0,0,0,0,0,0,0
"Burundi",1971,0.686979953777312,12.35,0,0,0,0,0,0,0,0,0,0,0,0,0,0,0,0,0,0,0,0,10.14,0,0.01,0,1.3,0.44,0,0,0,0,0,0,0,0,0.09,0,0,0.19,0.18,0,0,0,0,0,0,0
"Burundi",1972,0.615511310692303,16.63,0.01,0,0,0,0,0,0,0,0,0,0,0,0,0,0,0,0,0,0,0,12.77,0,0.02,0,2.55,0.63,0,0,0,0.05,0,0,0,0.09,0,0,0,0,0.49,0.02,0,0,0,0,0,0
"Burundi",1973,0.60689314500745,14.97,0,0,0,0,0,0,0,0,0,0,0,0,0,0,0,0,0,0,0,0,11.46,0,0.02,0,1.88,0.98,0,0,0,0.14,0,0,0,0.08,0,0,0,0,0.39,0.02,0,0,0,0,0,0
"Burundi",1974,0.402460982690775,20.99,0,0,0,0,0,0,0,0,0,0,0,0,0,0,0,0,0,0,0,0,12.3,0,0.03,0,4.38,1.61,0,0,0,0.13,0,0,0,0.08,0.09,0,0,0.02,0.31,0.01,0,0,2.03,0,0,0
"Burundi",1975,0.481512311380749,25.47,0,0,0,0,0,0,0,0,0,0,0,0,0,0,0,0,0,0,0,0.01,16.28,0,0.09,0,6.65,1.69,0,0,0,0.19,0,0,0,0.11,0,0,0,0,0.44,0.01,0,0,0,0,0,0
"Burundi",1976,0.433651249616107,25.01,0,0,0,0,0,0,0,0,0,0,0,0,0,0,0,0,0,0,0,0.04,14.71,0,0,0,7.01,2.33,0,0,0,0.11,0,0,0,0.23,0,0,0,0,0.47,0.01,0,0,0.09,0,0.01,0
"Burundi",1977,0.409838100413555,28.27,0,0,0,0,0,0,0,0,0,0,0,0,0,0,0,0,0,0,0,0.05,16.52,0,0,0,6.2,3.94,0,0,0,0.18,0,0,0,0.51,0,0,0,0,0.45,0.01,0,0,0.41,0,0,0
"Burundi",1978,0.372566257351847,37.78,0,0,0,0,0,0,0,0,0,0,0,0,0,0,0,0,0,0,0,0.05,20.88,0,0.06,0,7.16,6.34,0,0,0,0.25,0,0,0,0.3,0,0,0,0,0.66,0.01,0,0,1.93,0,0.14,0
"Burundi",1979,0.380009805722253,43.97,0,0,0,0,0,0,0,0,0,0,0,0,0,0,0,0,0,0,0,0.02,25.17,0,0.38,0,7.46,6.39,0,0,0.01,0.23,0,0,0,0.91,0,0,0,0.9,0.74,0.04,0,0,1.5,0,0.22,0
"Burundi",1980,0.296086918681465,59.72,2.21,0,0,0,0,0,0,0,0,0,0,0,0,0,0,0,0,0,0,0,27.68,0,0.35,0.22,12.85,10.28,0,0,0.13,0.18,0,0,0,0.69,0,0,0,0.3,1.12,0.05,0,0,3.47,0,0.19,0
"Burundi",1981,0.261969471015773,66.49,2.74,0,0,0,0,0,0,0,0,0,0,0,0,0,0,0,0,0,0,0,22.69,0,0.14,0.04,17.27,18.18,0,0,0.03,0.49,0,0,0,1.59,0.22,0,0,0.05,0.94,0.04,0,0,1.81,0.11,0.15,0
"Burundi",1982,0.250758102377805,72.59,1.62,0,0,0,0,0,0,0,0,0,0,0,0,0,0,0,0,0,0,0.01,20.64,0,0,0.83,25.83,14.29,0,0,0.09,0.65,0,0,0,0.9,0.45,0,0,0.11,1.09,0.04,0,0,3.42,2.5,0.12,0
"Burundi",1983,0.233377104750937,68.62,1.18,0,0,0,0,0,0,0,0,0,0,0,0,0,0,0,0,0,0,0.01,14.71,0,0.06,0.65,21.18,19.75,0,0,0.1,0.87,0,0,0,0.67,1.3,0,0,0,0.94,0.08,0,0,1.02,6.1,0,0
"Burundi",1984,0.183261480869627,70.27,4.08,0,0,0,0,0,0,0,0,0,0,0,0,0,0,0,0,0,0,0.12,16.28,0,0.05,0.27,17.73,14.16,0,0,0.21,1.58,0,0,0,0.6,0.14,0,0,0,1.29,0.1,0,0,9.11,4.55,0,0
"Burundi",1985,0.198339125806804,74.42,1.65,0,0,0,0,0,0,0,0,0,0,0,0,0,0,0,0,0,0,0.19,19.2,0,0.01,0.28,22.62,12.62,0,0,0.27,3.8,0,0,0,1.8,1.15,0,0,0,3.28,0.11,0,0,2.05,4.63,0.76,0
"Burundi",1986,0.145512839794972,93.63,6.02,0,0,0,0,0,0,0,0,0,0,0,0,0,0,0,0,0,0,0.29,19.21,0,0,0.04,21.3,14.24,0,0,0.24,6.18,0,0,0,2.8,3.24,0,0,0,10.71,0.14,0,0,4.52,4.7,0,0
"Burundi",1987,0.161339100860878,97,10.95,0,0,0,0,0,0,0,0,0,0,0,0,0,0,0,0,0,0,0.48,19.65,0,0,0.02,25.35,16.23,0,0,0.18,5.14,0,0,0,1.61,1.2,0,0,0,2.66,0.15,0,0,2.53,6.63,4.22,0
"Burundi",1988,0.194063013916336,86.08,9.6,0,0,0,0.01,0,0,0,0,0,0,0,0,0,0,0,0,0,0,3.68,17.33,0,0.27,0,27.93,14.37,0,0,0.12,4.98,0,0,0,1.18,0,0,0,0,2.16,0.21,0,0,0.01,3.76,0.47,0
"Burundi",1989,0.212648182513951,95.01,10.9,0,0,0,0,0,0,0,0,0,0,0,0,0,0,0,0,0,0,2.93,17.16,0,0.34,0,32.32,20.71,0,0,0.17,1.51,0,0,0,1.24,0,0,0.04,0,2.37,0.25,0,0,1.61,3.46,0,0
"Burundi",1990,0.201583048662459,151.53,9.98,0,0,0,0,0,0,0,0,0,0,0,0,0,0,0,0,0,0,9.7,39.52,0,0.03,0,43,30.4,0,0,0.09,7.3,0,0.73,0,6.2,0,0,0.09,0,2.11,0.32,0,0,0.33,1.73,0,0
"Burundi",1991,0.257365663557183,122.84,12.11,0,0,0,0.02,0,0,0,0,0,0,0,0,0,0,0,0,0,0,1.75,26.07,0,0.61,0,48.81,25.68,0,0,0.02,2.01,0,1.27,0,0.18,0,0,0.09,1.79,1.66,0.36,0,0,0,0.41,0,0
"Burundi",1992,0.255187929988351,145.09,12.66,0.2,0,0,0,0,0,0,0,0,0,0,0,0,0,0,0,0,0,1.75,52.87,0,0.4,0,43.89,20.82,0,0,0.11,1.78,0,0.51,0,0.18,0,0,0,0,2.97,0.32,0,0,0.23,6.4,0,0
"Burundi",1993,0.212488978867341,115.05,8.21,0.06,0,0,0.17,0,0,0,0,0,0,0,0,0,0,0,0,0,0,2.38,26.34,0,0.49,0,36.96,25.4,0,0,0.24,3.74,0,2.15,0,2.17,0.31,0,0,2.07,1.79,1.22,0,0,0,1.35,0,0
"Burundi",1994,0.206109282291405,105.05,7.42,0.06,0,0,0,0.03,0,0,0,0,0,0,0,0,0,0,0,0,0,1.51,19.3,0,0.44,0.65,32.2,27.68,0,0,0.22,2.01,0,2.76,0,1.6,1.34,0,0.07,1.48,1.41,4.55,0,0,0,0.32,0,0
"Burundi",1995,0.212146702935286,93.15,4.14,0.07,0,0,1.48,0.1,0,0,0,0,0,0,0,0,0,0,0,0,0,1.43,9.82,0,0.48,0.76,26.61,30.94,0,0,0.19,1.62,0,1.04,0,2.79,5.46,0,0.37,3.42,0.57,1.81,0,0,0,0.05,0,0
"Burundi",1996,0.161377791410839,71.14,1.01,0.01,0,0,0,0.26,0,0,0,0,0,0,0,0,0,0,0,0,0,1.58,7.49,0,0.42,0.35,21.81,13.82,0,0,2.47,1.82,0,1.3,0,3.26,5.8,0.2,0.05,4.88,1.98,2.63,0,0,0,0,0,0
"Burundi",1997,0.171792652372359,42.65,0,0,0,0,0,0.09,0,0,0,0,0,0,0,0,0,0,0,0,0,0.1,5.41,0,0.03,0.05,13.61,6.13,0,0,0.64,1.52,0,0,0,4.02,5.39,0,0.11,2.97,0.88,1.69,0,0.01,0,0,0,0
"Burundi",1998,0.131915891199946,48.7,0,0,0,0,0,0.09,0,0,0,0,0,0,0,0,0.01,0,0,0,0,0.93,8.31,0,0,0.4,11.81,4.99,0.01,0,1.31,1.06,0,1.8,0,4.04,5.17,0,0.01,4.49,1.93,2.32,0,0.02,0,0,0,0
"Burundi",1999,0.121419692933806,40.48,1.06,0,0,0,0,0.09,0,0,0,0,0,0,0,0,0.01,0,0,0,0,1.22,3.57,0,0,0.82,9.62,1.69,0.02,0,0.93,2.24,0,1.4,0,4.27,6.39,0,0.12,3.67,2.56,0.76,0,0.04,0,0,0,0
"Burundi",2000,0.116861921153113,44.03,0.24,0.03,0,0,0,0,0,0,0,0,0,0,0,0,0,0,0,0,0,1.2,6.55,0,0,0.97,9.32,3.02,0.01,0,1.01,0.61,0,1.86,0,4.39,5.34,0,0.08,4.25,3.39,1.74,0,0.02,0,0,0,0
"Burundi",2001,0.127930162796385,51.92,0.29,0.03,0,0,0,0,0,0,0,0,0,0,0,0,0,0,0,0,0,0.49,8.04,0,0,0.84,8.24,3.25,0.01,0,1.34,1.8,0,1.63,0,11.68,5.66,0,0.51,2.5,3.9,1.69,0,0.02,0,0,0,0
"Burundi",2002,0.149864451650073,65.69,0.09,0.03,0,0,0,0.05,0,0,0,0,0,0,0,0,0,0,0,0,0,0.95,17.1,0,0,1.18,10.27,2.71,0.01,0,1.24,4.7,0,0.17,0,9.59,10.17,0,0.19,3.57,2.43,1.19,0,0.05,0,0,0,0
"Burundi",2003,0.143746773948193,70.16,0.09,0,0,0,0,0.03,0,0,0,0,0,0,0,0,0,0,0,0,0,1.24,16.58,0,0,0.02,6.56,4.78,0,0,1.15,2.3,0,0.24,0,12.67,12.15,0,0.33,5.22,3.28,3.51,0,0.01,0,0,0,0
"Burundi",2004,0.206719025517877,168.82,0.4,0,0,0,0,0.12,0,0,0,0,0,0,0,0,0,0,0,0,0,0.72,25.85,0,0.09,1.49,65.14,10.37,0.05,0,2.88,4.39,0,0.42,0,23.33,11.85,0,0.8,6.56,4.9,9.46,0,0,0,0,0,0
"Burundi",2005,0.118004378731201,128.44,1.91,0.17,0,0,0,1.25,0,0,0,0.04,0,0,0,0,0,0,0,0,0,1.18,22.07,0,5.24,0.87,19.57,11.36,0.38,0,1.96,3.44,0,0.38,0,22.87,10.28,0.1,0.69,5.27,4.62,14.78,0,0.01,0,0,0,0
"Burundi",2006,0.110024969615801,178.61,16.77,0.2,0,0,0,0,0,0,0,0,0,0,0,0,0.03,0,0,0,0,0.48,34.1,0,2.99,1.33,18.75,14.54,0.2,0,3.7,14.08,0,0.54,0,16.98,13.08,0.08,0.22,8.24,5.36,26.9,0,0.01,0,0,0,0.03
"Burundi",2007,0.103963305811137,172.41,9.18,0.12,0,0,0,0,0,0,0,0,0,0,0,0,0.01,0,0,0,0,0.73,27.19,0,5.14,0.99,19.68,23.02,0.08,0,5.89,3.46,0,3.21,0,23.14,20.23,0.01,2.29,5.98,6.36,15.44,0,0.02,0,0,0,0.24
"Burundi",2008,0.125190939139479,241.97,24.1,0,0,0.01,0,0,0,0,0,0,0,0,0,0,0.01,0,0,0,0.08,18.41,59.05,0,3.8,0.22,19.12,23.13,0.2,0,1.49,4.97,0,0.53,0,32.32,25.45,0,1.88,6.95,6,14.17,0,0.01,0,0,0,0.07
"Burundi",2009,0.178055661892632,345.98,56.31,0,0,0.05,0.16,0,0,0,0,0,0,0,0,0,0,0,0,0,0.09,0.38,53.06,0,7.73,0.46,114.65,27.9,0.07,0,2.3,4.4,0,0.64,0,18.31,25.11,0,5.7,4.61,9.58,14.42,0,0,0,0,0,0.05
"Burundi",2010,0.131490031985828,238.72,39.06,0.04,0,0.24,0.45,0,0,0,0,0,0,0,0,0,0,0.01,0,0,0.03,0.45,57.95,0,3.52,0.47,17.41,29.46,0.06,0,1.59,6.08,0,1.15,0,19.07,19.45,0,1.24,8.1,12.05,20.74,0,0.03,0,0,0,0.07
"Burundi",2011,0.147040664915604,222.37,21.2,0.21,0,0.1,0.93,0,0,0,0,0,0,0,0,0,0.09,0.06,0,0,0.05,0.86,64.74,0,1.99,0.62,15.89,32.9,0.08,0,1.67,2.67,0,1.14,0,19.64,17.33,0,0.2,6.63,15.26,17.75,0,0.03,0,0,0.3,0.03
"Burundi",2012,0.163523598793634,183,26.06,0.35,0,0.03,1.17,0,0,0,0,0,0,0,0,0,0.14,0.02,0.14,0,0.03,0.24,56.98,0,1.16,0.71,14.51,24.06,0.07,0,1.34,1.89,0,0.76,0,17.19,16.43,0,2,3.43,13,1.17,0,0.03,0,0,0,0.09
"Burundi",2013,0.169838792754694,211.62,30.7,0.12,0,0.02,2.13,0,0,0,0,0.01,0,0,0,0,0.15,0.01,0,0,0.04,0.17,65.87,0,0.18,0.47,16.5,24.81,0,0,1.19,1.5,0,1.03,0,32.65,13.77,0,0.22,1.84,11.19,6.53,0,0.01,0,0,0.01,0.5
"Burundi",2014,0.194405915215131,173.13,9.04,0.58,0,0.01,0.96,0,0,0,0,0,0,0,0,0,0.15,0.01,0,0.01,0.04,0.07,62.41,0,0.52,0.86,12.17,25.85,0.02,0,1.2,0.52,0,0.99,0,27.64,7.23,0,0.22,1.28,10.46,10.06,0,0.01,0,0,0.1,0.72
"Burundi",2015,0.235750715930347,123.58,2.55,0.89,0,0,0.6,0,0,0,0,0,0,0,0,0,0.01,0.01,0,0,0.07,0.02,49.14,0,0,0.76,7.49,17.42,0,0,1.55,1.37,0,0.85,0,27.03,5.47,0,0.37,0.27,7.21,0.31,0,0.01,0,0,0.14,0.04
"Burundi",2016,0.220103172072236,167.22,3.64,0.57,0,0,0.24,0,0,0,0,0,0,0,0,0,0,0,0,0,0.1,0.03,52.15,0,0,0.55,5.96,46.09,0,0,1.79,0.98,0,0.57,0,33.9,5.15,0,0.98,2.29,7.49,4.31,0,0,0,0,0.03,0.4
"Burundi",2017,0.176475459526008,142.5,2.58,0.19,0,0.03,2.24,0,0,0,0,0,0,0,0,0,0,0,0.04,0,0.07,0.03,36.38,0,0,0.59,5.92,32.87,0,0,1.6,2.17,0,0.56,0,30.97,4.35,0,0.58,4.3,9.29,6.33,0,0,0,0,0.13,1.28
"Burundi",2018,0.176084973539853,171.81,9.99,0,0,0,0.47,0,0,0,0,0,0,0,0,0,0,0,0,0.01,0,0.04,44.22,0,0,0.78,7.3,35.8,0,0,1.87,1.63,0,0.9,0,39.96,4.79,0,1.29,7.11,9.58,6.01,0,0.06,0,0,0,0
"Burundi",2019,0.170282676107917,157.13,11.53,0,0,0,0.35,0,0,0,0,0,0,0,0,0,0.02,0,0,0.01,0,0.04,31.47,0.01,0,0.9,8.32,41.44,0,0,2.27,1.72,0,0.32,0,34.01,4.83,0,1.7,2.5,6.39,7.34,0,0,0.89,0,0.33,0.74
"Burundi",2020,0.170759642814242,145.09,5.46,0,0,0,0.47,0,0,0,0,0,0,0,0,0,0.05,0,0,0,0,0.1,29.93,0,0.37,1.38,8.48,36.68,0,0,1.91,2.27,0,0.35,0,33.37,4.81,0,0.76,3.5,8.45,4.14,0.11,0,1.33,0,0.63,0.54
"Burundi",2021,0.168912126333913,154.46,11.18,0,0,0,1.32,0,0,0,0,0,0,0,0,0,0.12,0,0,0,0,0.11,36.39,0,0.36,0.89,8.94,30.85,0,0,2.5,4.17,0,0.67,0,37.73,3.17,0,1.8,2.82,8.67,1.23,0,0.06,0.59,0,0.53,0.36
"Burundi",2022,0.1574064739541,149.878988,14.708984,1.009469,0,0.113457,1.627863,0,0,0,0,0,0,0,0,0,0.559125,0.006232,0,0,0,0.092175,28.569531,0,0.65763,1.71287,11.800457,27.866804,0,0,2.803541,2.48759,0,0.134852,0,37.417691,2.116194,0,1.022506,0.830912,12.563932,1.373578,0,0.007777,0.177311,0,0,0.218507
"Burundi",2023,0.152839298511218,146.620721,20.075959,3.582737,0,0,1.547365,0,0,0,0,0,0,0.027346,0,0,0,0.029403,0,0,0,0.142904,27.545556,0,0.626569,0.874857,20.899728,18.95244,0,0,2.534678,1.578436,0,0.37846,0,34.398931,0.849906,0,0.633852,0.784991,10.831995,0.023544,0,0.002003,0,0,0.064705,0.234356
"Burundi",2024,0.179865678047098,130.820057,10.059578,4.682071,0,0,1.460248,0,0,0,0,0,0,0.083275,0,0.001258,0.090674,0.031275,0,0,0,0.225778,24.119803,0,0.58574,1.259987,14.478846,12.111222,0,0,2.57773,2.064932,0,0,0,43.636185,1.326467,0.003269,0.793443,0.753279,9.729589,0.105179,0,0.00438,0,0,0.39023,0.245619
"Cameroon",1960,0.5,0.02,0,0,0,0,0,0,0,0,0,0,0,0,0,0,0,0,0,0,0,0,0,0,0,0,0,0.01,0,0,0,0,0,0,0,0,0,0,0,0,0,0.01,0,0,0,0,0,0
"Cameroon",1961,1,5.47,0,0,0,0,0,0,0,0,0,0,0,0,0,0,0,0,0,0,0,0,0,0,0,0,0,0,0,0,0,0,0,0,0,0,0,0,0,0,0,5.47,0,0,0,0,0,0
"Cameroon",1962,0.979524375743163,2.9,0,0,0,0,0,0,0,0,0,0,0,0,0,0,0,0,0,0,0,0,0,0,0,0,0,0.03,0,0,0,0,0,0,0,0,0,0,0,0,0,2.87,0,0,0,0,0,0
"Cameroon",1963,0.959201388888889,0.48,0,0,0,0,0,0,0,0,0,0,0,0,0,0,0,0,0,0,0,0,0,0,0,0,0,0.47,0,0,0,0,0,0,0,0,0,0,0,0,0.01,0,0,0,0,0,0,0
"Cameroon",1964,0.951135367936437,20.1,0,0,0,0,0,0,0,0,0,0,0,0,0,0,0,0,0,0,0,0,0,0,0,0,19.6,0.3,0,0,0,0.01,0,0,0,0,0,0,0,0,0.1,0.09,0,0,0,0,0,0
"Cameroon",1965,0.730182948919212,18.2,0,0,0,0,0,0,0,0,0,0,0,0,0,0,0,0,0,0,0,0,0,0,0,0,15.4,2.13,0,0,0,0.11,0,0,0,0,0,0,0,0,0.28,0.28,0,0,0,0,0,0
"Cameroon",1966,0.502528438188604,31.79,0,0,0,0,0,0,0,0,0,0,0,0,0,0,0,0,0,0,0,0,0,0,0,0,20.8,1.9,0,0,0,0,0,0,0,0,0,0,0,0,0.32,0.32,0,0,0,8.45,0,0
"Cameroon",1967,0.709386261465269,23.96,0,0,0,0,0,0,0,0,0,0,0,0,0,0,0,0,0,0,0,0,0.06,0,0,0,19.9,3.32,0,0,0,0.04,0,0,0,0,0,0,0,0,0.28,0.36,0,0,0,0,0,0
"Cameroon",1968,0.665572094636057,23.58,0,0,0,0,0,0,0,0,0,0,0,0,0,0,0,0,0,0,0,0,0.1,0,0,0,18.9,3.5,0,0,0,0.01,0,0,0,0,0,0,0,0,0.42,0.65,0,0,0,0,0,0
"Cameroon",1969,0.535717195522262,27.25,0,0,0,0,0,0,0,0,0,0,0,0,0,0,0,0,0,0,0,0,0.2,0,0.01,0,19.4,3.6,0,0,0,2.77,0,0,0,0,0.03,0,0,0,0.64,0.6,0,0,0,0,0,0
"Cameroon",1970,0.531662956497043,27.68,0.01,0,0,0,0,0,0,0,0,0,0,0,0,0,0,0,0,0,0,0,0.26,0,0,0,19.8,3.04,0,0,0,1.81,0,0,0,1.26,0,0,0,0,0.67,0.83,0,0,0,0,0,0
"Cameroon",1971,0.462900218911094,23.8,0,0,0,0,0,0,0,0,0,0,0,0,0,0,0,0,0,0,0,0.01,0.28,0,0,0,15,5.87,0,0,0,0.01,0,0,0,1.34,0,0,0,0,0.5,0.79,0,0,0,0,0,0
"Cameroon",1972,0.748216335492734,69.81,0.01,0,0,0,0,0,0,0,0,0,0,0,0,0,0,0,0,0,0,0,0.41,0,0,0,60.09,5.53,0,0,0,0.24,0,0,0,1.82,0.06,0,0,0,1.04,0.61,0,0,0,0,0,0
"Cameroon",1973,0.554018104006105,41.49,0.02,0,0,0,0,0,0,0,0,0,0,0,0,0,0,0,0,0,0,0,0.67,0,0,0,30.19,5.83,0,0,0,0.15,0,0,0,2.13,0.11,0,0,0,1.64,0.75,0,0,0,0,0,0
"Cameroon",1974,0.638271165433857,47.7,0.01,0,0,0,0,0,0,0,0,0,0,0,0,0,0,0,0,0,0,0,0.77,0,0,0,37.62,5.65,0,0,0,0.04,0,0,0,1.76,0.2,0,0,0.02,0.86,0.77,0,0,0,0,0,0
"Cameroon",1975,0.5236864497859,65.71,0.02,0,0,0,0,0,0,0,0,0,0,0,0,0,0,0,0,0,0,0,1.46,0,0,0,46.42,8.85,0,0,0,0.07,0,0,0,3.48,0.12,0,0,0,1.02,0.79,0,0,0,3.48,0,0
"Cameroon",1976,0.434043515289043,85.73,0.01,0,0,0,0,0,0,0,0,0,0,0,0,0,0,0,0,0,0,0.09,1.24,0,0,0,51.98,21.28,0,0,0,0.22,0,0,0,3.91,0.13,0,0,0,2.68,0.99,0,0,0,3.2,0,0
"Cameroon",1977,0.220488391407425,129.03,0.08,0,0,0,0,0,0,0,0,0,0,0,0,0,0,0,0,0,0,26.16,1.84,0,0,0,47.7,21.73,0,0,0,0.1,0,0,0,3.87,9.53,0,0,0,4.09,0.84,0,0,2.89,10.2,0,0
"Cameroon",1978,0.357325501714305,114.34,0.05,0,0,0,0,0,0,0,0,0,0,0,0,0,0,0,0,0,0,0.06,2.5,0,3.62,0,56.82,37.18,0,0,0.01,0.12,0,0,0,3.27,1.56,0,0,0,2,1.89,0,0,0.79,4.47,0,0
"Cameroon",1979,0.343085317345292,186.48,0.09,0,0,0,0.01,0,0,0,0,0,0,0,0,0,0,0,0,0,0,0.15,3.17,0,0,0,75.02,77.54,0,0,0.03,0.42,0,0,0,4.35,2.9,0,0,0,1.52,2.39,0,0,3.69,15.2,0,0
"Cameroon",1980,0.377479314503336,172.65,0.07,0,0,0,0,0,0,0,0,0,0,0,0,0,0,0,0,0,0,0.09,3.59,0,0,0.02,100.6,26.77,0,0,0.03,0.29,0,0,0,4.14,2.28,0,0,0,1.66,11.98,0,0,8.32,12.81,0,0
"Cameroon",1981,0.509437519029898,115.9,0.19,0,0,0,0,0,0,0,0,0,0,0,0,0,0,0,0,0,0,0.07,4.28,0,0.01,0.04,80.39,17.38,0,0,0.02,1.09,0,0,0,2.22,0.19,0,0,0,1.64,7.04,0,0,0,1.34,0,0
"Cameroon",1982,0.475281646810505,146.17,1.22,0,0,0,0,0,0,0,0,0,0,0,0,0,0,0,0,0,0,0.03,7.61,0,7.2,0,98.79,12.28,0,0,0.01,0.66,0,0,0,9.91,0.4,0,0,0,2.03,5.48,0,0,0.02,0.03,0.5,0
"Cameroon",1983,0.45550551676723,91.87,0.12,0,0,0,0,0,0,0,0,0,0,0,0,0,0,0,0,0,0,0.03,8.26,0,0.01,0,59.87,12.4,0,0,0.01,0.72,0,0,0,3.1,0,0,0,0,2.55,4.63,0,0,0.02,0.15,0,0
"Cameroon",1984,0.30695458215262,138.49,2,0,0,0,0,0,0,0,0,0,0,0,0,0,0,0,0,0,0,0.02,9.42,0,11.96,0.01,72.27,14.04,0,0,0.01,2.26,0,0,0,3.12,0,0,0,0,3.89,7.35,0,0,12.14,0,0,0
"Cameroon",1985,0.333553797789414,111.76,1.16,0,0,0,0,0,0,0,0,0,0,0,0,0,0,0,0,0,0,0.02,2.94,0,0.14,0,61.19,14.22,0,0,0.01,10.63,0,0,0,3.15,0.13,0,0,0,5.1,5.92,0,0,3.26,3.89,0,0
"Cameroon",1986,0.245180036885092,163,4.85,0,0,0,0.01,0,0,0,0,0,0,0,0,0,0,0,0,0,0,0.06,8.23,0,18.03,0.05,71.63,26.71,0,0,0.02,11.85,0,0,0,3.76,0.13,0,0,0,8.23,2.57,0,0,2.71,4.16,0,0
"Cameroon",1987,0.295327708955966,169.9,12.5,0,0,0,0,0,0,0,0,0,0,0,0,0,0,0,0,0,0,0.04,7.52,0,0.56,0.02,73.28,53.25,0,0,0.02,2.84,0,0,0,4.69,0.27,0,0,0,5.97,6.02,0,0,1.37,1.55,0,0
"Cameroon",1988,0.42337111009367,220.74,0.88,0,0,0,0,0,0,0,0,0,0,0,0,0,0,0,0,0,0,0.03,11.13,0,0,0.03,137.59,33.82,0,0,0.01,7.33,0,0,0,17.39,0.2,0,0,0,6.07,6.06,0,0,0.2,0,0,0
"Cameroon",1989,0.275192199357996,244.73,2.15,0,0,0,0,0,0,0,0,0,0,0,0,0,0,0,0,0,0,0.04,9.22,0,0,0.04,97.5,44.92,0,0,0,68.23,0,0,0,13.11,0.09,0,0.27,0.11,4.32,4.73,0,0,0,0,0,0
"Cameroon",1990,0.479416975024748,317.74,4.69,0.01,0,0,0,0,0,0,0,0,0,0,0,0,0,0,0,0,0,0.06,4.32,0,0,0.01,213.04,48.77,0,0,0.01,6.18,0,0.05,0,15,0.02,0,17.26,0,4.6,3.72,0,0,0,0,0,0
"Cameroon",1991,0.393570538375791,300.12,16.41,0.27,0,0,0,0,0,0,0,0,0,0,0,0,0,0,0,0,0,0.07,5.94,0,1.6,0.42,180.5,44.25,0,0,0,12.26,0,0.04,0,4.97,0.43,0,16.94,0,10.63,5.37,0,0,0,0.02,0,0
"Cameroon",1992,0.636313744643311,594.84,9.39,0.21,0,0,0,0,0,0,0,0,0,0,0,0,0,0,0,0,0,0.08,6.66,0,0.4,0.92,470.77,50.44,0,0,0.02,8.01,0,0.05,0,3.87,0.4,0,23.96,0,12.5,6.07,0,0,0,1.09,0,0
"Cameroon",1993,0.734539061040617,546.13,11.4,0.33,0,0,0,0,0,0,0,0,0,0,0,0,0,0,0,0,0,0.46,6.39,0,0.22,0.47,465.64,45.06,0,0,0.04,1.18,0,0.03,0,5.67,0.47,0,1.05,0,2.33,4.27,0,0,0.01,1.1,0,0.01
"Cameroon",1994,0.677697593501258,463.07,10.13,0.26,0,0,0,0,0,0,0,0,0,0,0,0,0,0,0,0,0,1.09,3.06,0,0.15,0.13,377.87,47.59,0,0,0.08,2.65,0,0.04,0,10.95,0.5,0,0.77,0,4.08,3.61,0,0,0,0.11,0,0
"Cameroon",1995,0.659539502956021,400.48,3.16,0.29,0,0,0,0,0,0,0,0,0,0,0,0,0,0,0,0,0,2.29,2.85,0,0.02,0.15,322.87,34.97,0,0,0.08,14.86,0,0.16,0,5.23,0.48,0,1.76,4.04,2.13,3.74,0,0,0,1.4,0,0
"Cameroon",1996,0.582248182713389,391.86,7.1,0.5,0,0,0.02,0.01,0,0,0,0,0,0,0,0,0,0,0,0,0,3.39,2.29,0,0,0.2,291.52,64.69,0.1,0,0.12,1.28,0,0.05,0,11.96,0.45,0,0.97,0.03,2.98,3.97,0,0,0,0.23,0,0
"Cameroon",1997,0.483344303083556,412.4,4.91,0.4,0,0,0,0.05,0,0,0,0,0,0,0,0,0,0,0,0,0,3.33,1.92,0,4.32,0.02,278.08,62.18,0.02,0,0.11,18.74,0,0.27,0,7.98,0.48,0,22.69,0,2.66,3.8,0,0.18,0,0.26,0,0
"Cameroon",1998,0.45554565700137,400.87,9.71,0.21,0,0,0,0.02,0,0,0,0.03,0,0,0,0,0.02,0,0,0,0,7.09,15.02,0,13.68,0.86,264.02,49.71,0.1,0,0.11,1.83,0,0.1,0,17.06,0.86,0,11.4,0,2.86,5.97,0,0.2,0,0.01,0,0
"Cameroon",1999,0.482405515214089,345.93,21.9,0.24,0,0,0,0.07,0,0,0,0.1,0,0,0,0,0.02,0,0,0,0,6.63,13.13,0,1.63,0.02,234.61,42.48,0.04,0,0.17,0.5,0,0.11,0,7.01,0.73,0,1.37,0,2.73,11.07,0,0.18,1.15,0.04,0,0
"Cameroon",2000,0.323404282996671,270.95,15.81,0.2,0,0,0,0.07,0,0,0,0,0,0,0,0,0.02,0,0,0,0,8.6,8.51,0,0.98,0.01,141.24,49.95,0.04,0,0.16,28.43,0,0.23,0,4.75,0.69,0,0.64,0.09,2.07,8.07,0,0.22,0,0.17,0,0
"Cameroon",2001,0.190306857875571,447.39,41.61,0.23,0,0,0,0,0,0,0,0.06,0,0,0,0,0.02,0,0,0,0,134.91,32.57,0,21.12,0,107.94,47.14,0.09,0,0.06,0.29,0,0,0,52.42,0.96,0,0.85,0.01,1.73,5.15,0,0.23,0,0,0,0
"Cameroon",2002,0.240852169446365,444.58,7.51,0.3,0,0,0,0.02,0,0,0,0,0,0,0,0,0.03,0,0,0,0,7.49,25.45,0,17.04,0,180.91,99.21,0.1,0,0.19,44.78,0,0.3,0,7.49,5.74,0.01,1.51,0.02,2.97,43.33,0,0.18,0,0,0,0
"Cameroon",2003,0.413553393555712,853.85,10.79,0.42,0,0,0,0.01,0,0,0,0,0,0,0,0,0.04,0,0,0,0,7.17,27.08,0,0,0.17,422.3,349.17,0.11,0,0.26,0.03,0,0.44,0,10.85,1.86,0,1.28,5.26,2.69,13.74,0,0.18,0,0,0,0
"Cameroon",2004,0.276152909942116,656.5,16.86,0.63,0,0,0,0,0,0,0,0,0,0,0,0,0.09,0,0,0,0,62.09,22.57,0,17.58,0.25,264.74,206.68,0.13,0,0.28,1.96,0,0.52,0,11.56,1.69,0.01,1.56,14.31,2.79,30.03,0,0.16,0,0,0,0.01
"Cameroon",2005,0.327467646618162,466.27,19.27,0.69,0,0,0.01,0,0,0,0,0.04,0,0,0,0,0.07,0,0,0,0,7.61,14.55,0,9.81,0.28,179.59,194.38,0.27,0,0.34,0.8,0,0.46,0,17.54,1.85,0.02,1.57,8.74,2.57,4.62,0,0.11,1.08,0,0,0
"Cameroon",2006,0.187370623640167,1581.26,98.38,0.31,0,0,0.11,0,0,0,0,0.05,0,0,0,0.01,0.05,0,0,0,0,443.47,69.58,0,40.83,0.36,398.45,252,0.31,0,0.51,63.63,0,0.53,0,18.96,0.74,0,2.99,12.86,2.31,169.6,0,0.13,5.07,0,0,0.02
"Cameroon",2007,0.337994433717889,1841.58,18.55,0.27,0,0,0,0,0,0,0,0.06,0,0,0,0.03,0.12,0,0,0,0,0.51,87.76,0.01,17.02,0.28,744.42,756.71,0.16,0,0.46,1.77,0,0.29,0,2.58,0.46,0,44.08,73.64,32.54,51.74,0,0.11,7.79,0,0,0.22
"Cameroon",2008,0.499639350623426,899.09,15.58,0.74,0,0,0,0,0,0,0,0.05,0,0,0,0.01,0.18,0,0,0,0.01,0.56,3.67,0,0.12,0.2,255.48,581.31,0.36,0,0.71,4.71,0,0.52,0,0.58,0.52,0,17.81,0.74,2.65,2.92,0,0.26,9.18,0,0,0.22
"Cameroon",2009,0.423432073844854,377.28,8.11,0.18,0,0,0.14,0,0,0,0,0.05,0,0,0,0.01,0.13,0,0,0,0.03,0.49,23.96,0,0.24,0.29,226.03,91.04,0.27,0,0.36,2.22,0,0.3,0,0.12,0.41,0.01,15.19,1.03,3.23,2.26,0,0.27,0.63,0,0.09,0.19
"Cameroon",2010,0.385909114607358,360.68,42.03,2.56,0,0,0.32,0,0,0,0,0.07,0,0.04,0,0.01,0.11,0,0,0,0,0.34,4.26,0,0.21,0.42,200.27,90.53,0.16,0,0.37,4.3,0,0.24,0,0.17,0.4,0,9.05,0.62,2.22,1.03,0,0.2,0,0,0.3,0.45
"Cameroon",2011,0.41898639402493,350.8,24.02,4.3,0,0,0.69,0,0,0,0,0.06,0,0.04,0,0,0.16,0.16,0,0,0,0.32,4.61,0,0.11,0.45,203.58,97.25,0.15,0,0.52,3.89,0,0.45,0,0,0.5,0,4.17,1.76,1.86,0.82,0,0.27,0,0,0.24,0.42
"Cameroon",2012,0.371452184485169,290.74,15.99,15.51,0,0,2.65,0,0,0,0,0.04,0,0.05,0,0,0.06,0.22,0.06,0,0,0.4,2.36,0,0,0.29,151.49,88.99,0.13,0,0.85,1.86,0,0.44,0,0,0.83,0.01,1.1,1.92,2.65,1.97,0,0.18,0,0,0.22,0.47
"Cameroon",2013,0.365773972752712,338.69,41.33,7.18,0,0,1.44,0,0,0,0,0.05,0,0.06,0,0,0.04,0.16,0,0,0,0.25,4.84,0,0.59,0.37,181.8,84.19,0.14,0,0.63,2.74,0,0.6,0,0,1.14,0,1.66,2.01,2.97,1.34,0,0.11,0.43,0,0.16,2.46
"Cameroon",2014,0.299267919340522,469.44,25.04,11.36,0,0,0.83,0.03,0,0,0,0,0,0,0,0,0.02,0.01,6.32,0,0,0.28,9.56,0,0,2.54,222.25,88.56,0.13,0,0.76,3.09,0,0.54,0,0,1.06,0,1.07,2.24,3.21,88.24,0,0.09,0.01,0,0.22,1.98
"Cameroon",2015,0.343934096187175,313.67,33.38,16.7,0,0.01,1.15,0.21,0,0,0,0,0,0.04,0,0,0.01,0.04,0.15,0,0,0.33,3.4,0,0,0.61,164.2,73.17,0.1,0,0.55,2.54,0,0.33,0,0,0.69,0,0.21,1.67,4.06,9.51,0,0.1,0,0,0.21,0.3
"Cameroon",2016,0.449828124223424,420.93,23.72,11.25,0,0,0.35,0.17,0,0,0,0,0,0.05,0,0,0,0.05,0,0,0,1.65,6.27,0,0,0.51,266.58,88.53,0,0,0.64,3.89,0,0.53,0.01,0,0.37,0.01,1.99,5.34,2.91,2.3,0,0.67,0,0.97,0.24,1.93
"Cameroon",2017,0.426799596984922,508.13,29.19,25.57,0,0.02,0.87,0.06,0,0,0,0,0,0.06,0,0,0,0.06,0,0,0,2.1,3.48,0,0,0.32,312.41,104.71,0,0,0.6,3.54,0,0.5,0,0,1.69,0.04,5.95,5.16,3.48,2.66,0,0,2.49,0.3,0.23,2.64
"Cameroon",2018,0.48233593520878,586.87,22.55,0,0,0,0.4,0.05,0,0,0,0.01,0,0,0,0,0.05,0.11,0,0,0,0.56,2.84,0,0,0.11,387.7,121.89,0,0,1.09,4.5,0,0.47,0,0,2.84,0.04,5.6,9.64,4.97,15.44,0,0.73,4.58,0,0.29,0.41
"Cameroon",2019,0.491900598240284,684.79,34.9,0,0,0,0.33,0.03,0,0,0,0.15,0,0.02,0,0,0.22,0.09,0,0,0,1.34,3.09,0,0,0.11,461.48,126.12,0,0,1.24,9.24,0,0.87,0,0,3.44,0.27,3.47,10.89,8.28,16.39,0,0.08,0.61,0,0.39,1.74
"Cameroon",2020,0.310650044785784,389.2,24.61,0,0,0,0.2,0.03,0,0,0,0.15,0,0.02,0,0,0.39,0.1,0,0,0,0.83,2.24,0,1.5,0.08,171.59,127.58,0,0.01,1.17,8.27,0,0.78,0,0,3.54,0,1.64,10.97,8.67,20.85,0,0.07,1.97,0,0.26,1.68
"Cameroon",2021,0.289599166457844,368.78,34.03,0,0,0,0.58,0,0,0,0,0.05,0,0.02,0,0.01,0.51,0.08,0,0,0,0.35,2.64,0,1.36,0,137.45,137.14,0,0,1,7.58,0,0.35,0,0,2.98,0,0.95,13.28,10.48,11.81,0,0.21,4.77,0,0.3,0.85
"Cameroon",2022,0.389954339929055,588.665183,24.703694,18.8041,0,18.8041,8.011264,0.02135,0,0,0,0.00513,0,0.001013,0.001337,0.009844,0.272788,0.099702,0,0,0,0.359204,2.357751,0,1.381531,0,338.290324,137.751165,0,0,0.789125,9.503365,0,0.232643,0.003042,0,2.448423,0.003364,0,11.18224,9.573526,3.214926,0,0.101981,0,0,0.022012,0.716239
"Cameroon",2023,0.354045103978744,392.149729,26.435798,9.29082,0,0,0.005255,0,0.001535,0,0,0,0,0,0.029665,0.005557,0.424552,0.090963,0,0,0,1.541331,2.588241,0,1.012676,0,201.458662,113.02393,0,0.007249,1.057004,10.115614,0,0.530868,0,0,2.157003,0,0,9.194743,9.480334,2.571414,0,0.028929,0,0,0.347811,0.749775
"Cameroon",2024,0.337103673662333,388.350145,25.296818,8.011264,0,9.29082,0.029039,0,0.001461,0,0,0,0,0.001841,0.03082,0.00657,0.160226,0.07872,0,0,0,2.128233,3.461995,0,0.920727,0,191.906821,114.081434,0,0,1.03768,9.582174,0.111152,0.598149,0.002196,0.015693,2.495441,0,1.28717,7.077016,4.493184,4.005562,0,0.075218,0,0,1.340813,0.821908
"Cape Verde",1975,0.248842693685038,2.14,0,0,0,0,0,0,0,0,0,0,0,0,0,0,0,0,0,0,0,0.03,0.01,0,0.01,0,0.65,0.36,0,0,0,0,0,0,0,0.58,0,0,0,0.5,0,0,0,0,0,0,0,0
"Cape Verde",1976,0.228379156273128,3.82,0,0,0,0,0,0,0,0,0,0,0,0,0,0,0,0,0,0,0,0.03,0.09,0,0,0.03,0.08,0.6,0,0,0,0,0,0,0,1.09,0.41,0,0,1.24,0.25,0,0,0,0,0,0,0
"Cape Verde",1977,0.33119154141436,10.88,0,0,0,0,0,0,0,0,0,0,0,0,0,0,0,0,0,0,0,0,0.64,0,0.03,0,0.8,2.06,0,0,0,0.18,0,0,0,1.35,0.02,0,0,5.66,0.14,0,0,0,0,0,0,0
"Cape Verde",1978,0.189714166321372,18.46,0,0,0,0,0,0,0,0,0,0,0,0,0,0,0,0,0,0,0,0.01,1.17,0,0,0,1.8,2.92,0,0,0,0.08,0,0,0,3.72,0.65,0,0,5.8,0.47,1.84,0,0,0,0,0,0
"Cape Verde",1979,0.214968459922261,23.19,0,0,0,0,0,0,0,0,0,0,0,0,0,0,0,0,0,0,0,0.04,1.63,0,0,0,2.4,5.89,0,0,0,0.28,0,0,0,5.19,0.26,0,0,6.69,0.81,0,0,0,0,0,0,0
"Cape Verde",1980,0.21510130696814,32.96,1.82,0,0,0,0,0,0,0,0,0,0,0,0,0,0,0,0,0,0,0,0.56,0,0,0,3.35,4.92,0,0,0,0.61,0,0,0,11.64,0.29,0,0,7.47,0.81,1.49,0,0,0,0,0,0
"Cape Verde",1981,0.165725746797503,28.23,1.07,0,0,0,0,0,0,0,0,0,0,0,0,0,0,0,0,0,0,1.73,1.25,0,0,0,4.06,3.84,0,0,0,1.1,0,0,0,6.37,0.71,0,0,7.22,0.85,0.03,0,0,0,0,0,0
"Cape Verde",1982,0.170230693446907,32.82,1.25,0,0,0,0,0,0,0,0,0,0,0,0,0,0,0,0,0,0,1.35,1.39,0,0.56,0,5.21,8.87,0,0,0,0.7,0,0,0,3.02,0.37,0,0,7.77,0.79,0.02,0,0,0.68,0.84,0,0
"Cape Verde",1983,0.139812314469022,35.4,2.1,0,0,0,0,0,0,0,0,0,0,0,0,0,0,0,0,0,0,1.27,1.68,0,0.43,0,4.01,6.69,0,0,0,4.03,0,0,0,6.22,0.84,0,0,7,0.8,0.05,0,0,0.25,0,0.03,0
"Cape Verde",1984,0.124016236830595,36.1,1.02,0,0,0,0,0,0,0,0,0,0,0,0,0,0,0,0,0,0,1.68,1.7,0,0.34,0.08,4.44,4.81,0,0,0,6.52,0,0,0,5.17,1.1,0,0,6.01,1.92,0.02,0,0,1.28,0,0.01,0
"Cape Verde",1985,0.138288999132237,38.22,1.07,0,0,0,0,0,0,0,0,0,0,0,0,0,0,0,0,0,0,1.47,1.53,0,0,0.1,6.16,6.21,0,0,0,7.52,0,0,0,4.01,0.45,0,0,6.63,1.18,0.03,0,0,0.81,1,0.05,0
"Cape Verde",1986,0.324174449090362,69.9,1.8,0,0,0,0,0,0,0,0,0,0,0,0,0,0,0,0,0,0,1.71,0.77,0,0.01,0.5,5.76,6.1,0,0,0,37.91,0,0,0,6.14,0.57,0,0,5.19,1.62,0.04,0,0,1.22,0.53,0.03,0
"Cape Verde",1987,0.127878245366788,58.54,2.3,0,0,0,0,0,0,0,0,0,0,0,0,0,0,0,0,0,0,2.31,4.07,0,0.18,1.64,4.85,13.2,0,0,0,8.58,0,0,0,8.24,1.37,0,1.1,7.93,1.55,0.06,0,0,0.55,0.6,0.01,0
"Cape Verde",1988,0.121316873398933,58.52,6.35,0,0,0,0,0,0,0,0,0,0,0,0,0,0,0,0,0,0,1.58,2.31,0,0.66,1.01,3.98,7.1,0,0,0,8.28,0,0,0,9.49,0.91,0,1.3,11.45,2.11,0.09,0,0,1.69,0.21,0,0
"Cape Verde",1989,0.138237752661635,58.28,1.16,0,0,0,0,0,0,0,0,0,0,0,0,0,0,0,0,0,0,2.9,1.75,0,0.14,0,4.04,4.38,0,0,0,12.61,0,0,0,7.14,0.79,11.71,0.87,8.32,1.76,0.11,0,0,0.6,0,0,0
"Cape Verde",1990,0.118936772597953,71.15,0.93,0,0,0,0,0,0,0,0,0,0,0,0,0,0,0,0,0,0,3.45,3.55,0,0.14,0,6.79,6.11,0,0,0,6.27,0,0.47,0,9.79,0.98,15.5,5.72,8.91,2.11,0.09,0,0,0.34,0,0,0
"Cape Verde",1991,0.113027299857369,74.84,4.94,0.09,0,0,0,0,0,0,0,0,0,0,0,0,0,0,0,0,0,2.72,7.05,0,0.5,0,5.71,8.15,0,0,0,1.25,0,1.99,0,9.47,0.71,14.23,2.05,11.58,3.96,0.19,0,0,0.25,0,0,0
"Cape Verde",1992,0.123836793329108,75.49,9.16,0.05,0,0,0,0,0,0,0,0,0,0,0,0,0,0,0,0,0,3.36,2.1,0,0.62,0,5.55,11.01,0,0.1,0,2.36,0,1.82,0,8.03,0.11,16,0.88,10.5,3.64,0.2,0,0,0,0,0,0
"Cape Verde",1993,0.115568427110312,78.28,9.39,0.03,0,0,0,0,0,0,0,0,0,0,0,0,0,0,0,0,0,2.43,5.63,0,2.12,0,7.16,7.19,0,0,0,0,0,2.54,0,6.87,0.44,15.55,0.43,12.05,5.8,0.15,0,0,0.5,0,0,0
"Cape Verde",1994,0.114085156209089,77.25,2.96,0.03,0,0,0,0,0,0,0,0,0,0,0,0,0,0,0,0,0,5.81,6.17,0,4.57,0,5.63,8.58,0,0.47,0,0.95,0,3.26,0,8.97,0.3,16.99,0,8.95,3.6,0.01,0,0,0,0,0,0
"Cape Verde",1995,0.116986677023751,71.4,2.25,0.03,0,0,0,0,0,0,0,0,0,0,0,0,0,0,0,0,0,6.43,2.56,0,0.2,0,9.34,10.71,0,0,0,1.91,0,4.57,0,10.41,0.18,13.06,0.99,4.94,3.54,0.15,0,0,0.13,0,0,0
"Cape Verde",1996,0.124834480612848,73.7,3.64,0.03,0,0,0,0,0,0,0,0,0,0,0,0,0,0,0,0,0,3.8,0.36,0,0.5,0,6.5,12.32,0,0,0,1.57,0,6,0,12.09,0.1,15.11,0.46,4.04,4.27,0.04,0,0,2.87,0,0,0
"Cape Verde",1997,0.131143766162703,61.57,2.35,0.05,0,0,0,0,0,0,0,0,0,0,0,0,0,0,0,0,0,4.82,0.17,0,0.22,0,6.05,11.08,0,0.22,0,0.5,0,7.13,0,9.35,0.76,12.36,0.09,2.2,3.42,0.04,0,0.06,0.7,0,0,0
"Cape Verde",1998,0.142699123301186,82.09,2.79,0,0,0,0,0,0,0,0,0,0,0,0,0,0,0,0,0,0,3.87,0.82,0,0.06,0,5.78,10.44,0,0.21,0,0.01,0,7.8,0,9.3,0.1,23.09,1.45,7.77,7.12,0.04,0,0,1.44,0,0,0
"Cape Verde",1999,0.162845501407822,86.31,8.46,0,0,0,0,0,0,0,0,0,0,0,0,0,0,0,0,0,0,2.83,0.28,0,0.07,0,7.54,20.23,0,0.11,0,0.18,0,7.58,0,12.46,0.02,20.91,1.75,0.05,3.78,0.02,0,0.02,0.02,0,0,0
"Cape Verde",2000,0.17407447197327,68.05,10.74,0.02,0,0,0,0,0,0,0,0,0,0,0,0,0,0,0,0,0,4.33,1.33,0,0.02,0,4.61,3.07,0,0,0,0.71,0,8.3,0,5.98,0.06,22.82,1.28,1.7,3.02,0.04,0,0.02,0,0,0,0
"Cape Verde",2001,0.289729496252628,45.9,3.43,0,0,0,0,0,0,0,0,0,0,0,0,0,0,0,0,0,0,1.8,0.15,0,0.07,0,2.68,2.74,0,0,0,0.04,0,5.38,0,4.18,0.17,23.03,1.95,0.06,0.22,0,0,0,0,0,0,0
"Cape Verde",2002,0.159953718203578,39.25,6.31,0.04,0,0,0,0,0,0,0,0.01,0,0,0,0,0,0,0,0,0,1.95,0.59,0,0.05,0,3.18,2.11,0,0,0,1.43,0,7.65,0,1.96,0.06,10.89,2.02,0.06,0.89,0,0,0,0.05,0,0,0
"Cape Verde",2003,0.275219632447519,87.57,11.77,0,0,0,0,0,0,0,0,0,0,0,0,0,0,0,0,0,0,2.9,0.65,0,0,0,3.93,3.29,0,0,0,0.22,0,9.64,0,8.11,0.08,42.03,2.2,0.08,2.6,0,0,0,0.07,0,0,0
"Cape Verde",2004,0.203602440379959,91.05,3.94,0,0,0,0,0,0,0,0,0.01,0,0,0,0,0,0,0,0,0,2.01,1.64,0,0,0,4.76,4.25,0,0,0,0.77,0,13.2,0,9.48,0.01,35.34,9.24,0.3,4.95,0,0,0,1.15,0,0,0
"Cape Verde",2005,0.296836581355616,102.45,2.83,0,0,0,0,0,0,0,0,0,0,0,0,0,0,0,0,0,0,2.5,1.09,0,0,0,4.22,4.35,0,0,0,0.98,0,16.55,0,11.14,0.01,51.35,4.5,0.2,0.02,0,0,0,2.71,0,0,0
"Cape Verde",2006,0.313774694226398,101.97,2.53,0,0,0.02,0,0,0,0,0,0,0,0,0,0,0,0,0,0,0,3.05,0.17,0,0,0,4.72,3.55,0.01,0,0,0.31,0,13.82,0,11.83,0.01,53.32,5.74,0.15,0.04,0.53,0,0.01,2.16,0,0,0
"Cape Verde",2007,0.252271449816371,116.09,1.89,0,0,0.03,0,0,0,0,0,0,0,0,0,0,0,0,0,0,0,2.54,0.07,0,0,0,6.52,2.46,0.04,0,0,0.85,0,15.87,0,12.1,0.01,50.03,20.9,0.48,0.45,0.54,0,0,1.31,0,0,0
"Cape Verde",2008,0.264816931124256,148.45,5.29,0,0,0,0,0,0,0,0,0,0,0,0,0,0.01,0,0,0,0,2.75,0.43,0,0,0,9.25,1.95,0.02,0,0,5.21,0,19.44,0,11.67,0.01,68.95,20.31,0.29,0.85,0.8,0,0,1.22,0,0,0
"Cape Verde",2009,0.257747566098574,132.93,17.87,0,0,0,0,0,0,0,0,0,0,0,0,0,0,0,0,0,0.04,2.53,0.38,0,0,0,4.41,1.11,0,0,0,3.48,0,14.24,0,6.23,0.04,59.26,21,0.61,0.71,0.72,0,0,0.3,0,0,0
"Cape Verde",2010,0.477029154502999,217.53,17.4,0,0,0,0.2,0,0,0,0,0.01,0,0,0,0,0,0,0,0,0,4.36,0.39,0,0,0.03,4.06,0.44,0,0,0,0.12,0,16.87,0,4.14,0,146.56,21.24,0.1,0.71,0.9,0,0,0,0,0,0
"Cape Verde",2011,0.494265678793752,221.57,26.54,0,0,0,0.22,0,0,0,0,0,0,0,0,0,0,0,0,0,0.03,0.47,0.32,0,0,0,5.27,1.61,0.01,0,0,0.53,0,15.21,0,2.39,0.02,151.78,15.94,0,1.19,0.03,0,0.01,0,0,0,0
"Cape Verde",2012,0.614840490101226,220.41,12.64,0,0,0,0.16,0,0,0,0,0.01,0,0,0,0,0,0,0.05,0,0.85,0.55,0.25,0,0,0,5.73,1.1,0.01,0,0,0.28,0,18.15,0,0.04,0.09,171.2,5.53,0,1.34,1,0,0,1.43,0,0,0
"Cape Verde",2013,0.569089778165506,217.22,15.56,0,0,0,0.41,0,0,0,0,0,0,0,0,0,0,0,0,0,0.83,0.22,0.31,0,0,0,9.41,1.18,0,0,0,0.07,0,18.98,0,0.05,0.02,161.61,5.91,0,0.05,0.06,0,0,2.49,0,0.01,0.05
"Cape Verde",2014,0.62628695693524,180.99,11.01,0.02,0,0,0.12,0,0,0,0,0,0,0,0,0,0,0,0,0,0.02,0.26,0,0,0,0,9.51,0.49,0.01,0,0,0.03,0,15.17,0,0,0.06,141.67,0.55,0.13,0.14,0.13,0,0,1.63,0,0,0.04
"Cape Verde",2015,0.34871032699949,98.24,18.19,0,0,0,0.11,0,0,0,0,0.02,0,0,0,0,0,0,0,0,0.01,0.54,0,0,0,0,8.34,0.29,0,0,0,0.24,0,15.18,0,0,0,52.26,0.69,0.04,1.39,0.18,0,0,0.76,0,0,0
"Cape Verde",2016,0.336428816904938,64.74,10.13,0,0,0,0.05,0,0,0,0,0.04,0,0,0,0,0.01,0,0,0,0.06,0.18,0,0,0,0,5.67,0.61,0,0,0,0.34,0,10.86,0,0,0,33.95,0.67,0.04,0.04,0.1,0,0,1.94,0,0.04,0.01
"Cape Verde",2017,0.275562156773495,77.66,8.12,0,0,0.02,0.03,0,0,0,0,0.06,0,0,0,0,0.01,0,0,0,0.07,0.01,0,0,0,0,27.53,0.12,0,0,0,0.27,0,10.16,0,0,0,26.95,1.41,0,0.01,0.37,0,0,2.52,0,0,0
"Cape Verde",2018,0.206595632786065,76.9,14,0,0,0,0.02,0,0,0,0,0.08,0,0.03,0,0,0.02,0,0,0,0.07,0.01,0,0,0,0,5.59,0.09,0.01,0,0,0.92,0,16.62,0,0,0,22.44,1.88,0,0.02,0.58,0,0.03,14.49,0,0,0
"Cape Verde",2019,0.223692045756331,72.44,9.71,0,0,0,0.03,0,0,0,0,0.1,0,0.21,0,0,0.05,0,0,0,0.01,0.01,6.03,0,0,0,4.91,1.01,0,0,0,2.22,0,20.1,0,0,0,24.57,2.03,0,0.02,0.37,0,0,1.06,0,0,0
"Cape Verde",2020,0.254977641970528,46.14,2.31,0,0,0,0.02,0,0,0,0,0.08,0,0.14,0,0,0.01,0,0,0,0.01,1.11,0.17,0,0,0,4.8,1.04,0,0,0,0.68,0,16.35,0,0,0,15.36,0.98,0,0.03,0.21,0.11,0,2.71,0,0.02,0
"Cape Verde",2021,0.197157307879394,68.69,7.64,0,0,0,0.02,0,0,0,0,0.05,0,9.87,0,0,0,0,0,0,1.02,0.27,1.59,0,0,0,1.29,1.09,0,0,0,1.66,0,22.09,0,0,0,16.2,2.78,0.12,0.03,0.3,0,0.01,2.64,0,0.02,0
"Cape Verde",2022,0.320251767823123,32.056041,6.540154,0.568906,0,0,0.008329,0,0,0,0,0.045554,0,0.325295,0,0,0.003554,0,0,0,0.007497,0,0,0,0,0,2.931311,0.734143,0.034345,0,0.000454,0.808567,0,16.278854,0,0,0,3.307066,0,0.063057,0.006737,0.392218,0,0,0,0,0,0
"Cape Verde",2023,0.251892524583489,57.057536,5.920669,0.762628,0,0,0.039247,0,0,0,0,0.045612,0,4.890199,0,0,0.042171,0.017347,0,0,0,1.503713,0.004325,0,0,0,1.068156,0.466241,0,0,0.013879,0.989118,0,20.749337,0,0,0,17.892912,2.269301,0.082051,0.001669,0.03729,0,0,0.216671,0,0,0.045
"Cape Verde",2024,0.265417395191481,58.804408,1.56755,0.627717,0,0,0.004557,0,0,0,0,0.030568,0,6.106981,0,0,0,0.014865,0,0,0,1.522224,0.016169,0,0,0,5.537051,0.261564,0,0,0.009481,0.392533,0,22.820336,0,0.023187,0,17.886953,1.934677,0.009199,0.00274,0.036056,0,0,0,0,0,0
"Central African Republic",1960,NA,0,0,0,0,0,0,0,0,0,0,0,0,0,0,0,0,0,0,0,0,0,0,0,0,0,0,0,0,0,0,0,0,0,0,0,0,0,0,0,0,0,0,0,0,0,0,0
"Central African Republic",1961,NA,0,0,0,0,0,0,0,0,0,0,0,0,0,0,0,0,0,0,0,0,0,0,0,0,0,0,0,0,0,0,0,0,0,0,0,0,0,0,0,0,0,0,0,0,0,0,0
"Central African Republic",1962,1,0.03,0,0,0,0,0,0,0,0,0,0,0,0,0,0,0,0,0,0,0,0,0,0,0,0,0,0.03,0,0,0,0,0,0,0,0,0,0,0,0,0,0,0,0,0,0,0,0
"Central African Republic",1963,0.722222222222222,0.06,0,0,0,0,0,0,0,0,0,0,0,0,0,0,0,0,0,0,0,0,0,0,0,0,0,0.01,0,0,0,0,0,0,0,0,0,0,0,0.05,0,0,0,0,0,0,0,0
"Central African Republic",1964,0.529651802732959,15.44,0,0,0,0,0,0,0,0,0,0,0,0,0,0,0,0,0,0,0,0,0,0,0,0,9.6,0,0,0,0,0,0,0,0,0,0,0,0,0,0,5.84,0,0,0,0,0,0
"Central African Republic",1965,0.87544724722569,11.03,0,0,0,0,0,0,0,0,0,0,0,0,0,0,0,0,0,0,0,0.64,0,0,0,0,10.3,0.09,0,0,0,0,0,0,0,0,0,0,0,0,0,0,0,0,0,0,0,0
"Central African Republic",1966,0.981483098960608,10.7,0,0,0,0,0,0,0,0,0,0,0,0,0,0,0,0,0,0,0,0,0,0,0,0,10.6,0.1,0,0,0,0,0,0,0,0,0,0,0,0,0,0,0,0,0,0,0,0
"Central African Republic",1967,0.862431351403942,16.41,0,0,0,0,0,0,0,0,0,0,0,0,0,0,0,0,0,0,0,0,0,0,0,0,15.2,1.09,0,0,0,0,0,0,0,0,0,0,0,0,0,0.12,0,0,0,0,0,0
"Central African Republic",1968,0.867300156900499,12.59,0,0,0,0,0,0,0,0,0,0,0,0,0,0,0,0,0,0,0,0,0.02,0,0,0,11.7,0.76,0,0,0,0,0,0,0,0,0,0,0,0.06,0,0.05,0,0,0,0,0,0
"Central African Republic",1969,0.763931696133385,14.67,0,0,0,0,0,0,0,0,0,0,0,0,0,0,0,0,0,0,0,0,0.03,0,0,0,12.7,1.76,0,0,0,0.02,0,0,0,0,0,0,0,0.04,0,0.12,0,0,0,0,0,0
"Central African Republic",1970,0.796417287485743,10.15,0,0,0,0,0,0,0,0,0,0,0,0,0,0,0,0,0,0,0,0,0.07,0,0,0,9,1.02,0,0,0,0,0,0,0,0,0,0,0,0,0,0.06,0,0,0,0,0,0
"Central African Republic",1971,0.80647964581057,9.29,0.01,0,0,0,0,0,0,0,0,0,0,0,0,0,0,0,0,0,0,0,0.04,0,0,0,8.3,0.84,0,0,0,0,0,0,0,0,0,0,0,0.04,0,0.06,0,0,0,0,0,0
"Central African Republic",1972,0.923047714807338,20.36,0.01,0,0,0,0,0,0,0,0,0,0,0,0,0,0,0,0,0,0,0.01,0.05,0,0,0,19.55,0.65,0,0,0,0,0,0,0,0.02,0,0,0,0,0.04,0.03,0,0,0,0,0,0
"Central African Republic",1973,0.66039621751533,16.88,0,0,0,0,0,0,0,0,0,0,0,0,0,0,0,0,0,0,0,0,0.16,0,0,0,13.51,2.15,0,0,0,0.01,0,0,0,0.03,0,0,0,1,0.02,0,0,0,0,0,0,0
"Central African Republic",1974,0.782363559636824,19.49,0.01,0,0,0,0,0,0,0,0,0,0,0,0,0,0,0,0,0,0,0,0.16,0,0,0,17.1,2.18,0,0,0,0.01,0,0,0,0.01,0,0,0,0,0.02,0,0,0,0,0,0,0
"Central African Republic",1975,0.803150257941599,35.33,0.01,0,0,0,0,0,0,0,0,0,0,0,0,0,0,0,0,0,0,0,0.25,0,0,0,31.48,3.38,0,0,0,0.07,0,0,0,0.13,0,0,0,0,0.01,0,0,0,0,0,0,0
"Central African Republic",1976,0.732166783440915,25.9,0.02,0,0,0,0,0,0,0,0,0,0,0,0,0,0,0,0,0,0,0.01,0.35,0,0,0,21.89,3.44,0,0,0,0.02,0,0,0,0.11,0,0,0,0,0.06,0,0,0,0,0,0,0
"Central African Republic",1977,0.8138549760645,31.5,0.01,0,0,0,0,0,0,0,0,0,0,0,0,0,0,0,0,0,0,0.05,0.19,0,0,0,28.3,2.56,0,0,0,0.22,0,0,0,0.12,0,0,0,0,0.05,0,0,0,0,0,0,0
"Central African Republic",1978,0.693432202027209,29.77,0.11,0,0,0,0,0,0,0,0,0,0,0,0,0,0,0,0,0,0,0.07,0.49,0,0,0,24.42,4.23,0,0,0,0.17,0,0,0,0.17,0,0,0,0,0.11,0,0,0,0,0,0,0
"Central African Republic",1979,0.674826127844104,53.22,2.05,0,0,0,0,0,0,0,0,0,0,0,0,0,0,0,0,0,0,0.07,0.51,0,0,0,43.33,5.25,0,0,0,0.11,0,0,0,0.26,0,0,0,0.24,0.1,0,0,0,1.3,0,0,0
"Central African Republic",1980,0.833960742430738,76.28,0.31,0,0,0,0,0,0,0,0,0,0,0,0,0,0,0,0,0,0,0.1,0.29,0,0,0,69.55,3.22,0,0,0,0.07,0,0,0,0.58,0,0,0,0,0.06,0,0,0,2.1,0,0,0
"Central African Republic",1981,0.852952486166339,73.45,0.9,0,0,0,0,0,0,0,0,0,0,0,0,0,0,0,0,0,0,0.07,0.21,0,0,0,67.73,3.58,0,0,0,0.12,0,0,0,0.74,0,0,0,0.06,0,0,0,0,0.04,0,0,0
"Central African Republic",1982,0.72806184370001,69.74,4.22,0,0,0,0,0,0,0,0,0,0,0,0,0,0,0,0,0,0,0.06,0.39,0,0.06,0,59.25,3.26,0,0,0,0.2,0,0,0,0.46,0,0,0,0.49,0.18,0,0,0,1.17,0,0,0
"Central African Republic",1983,0.722451146047462,64.04,4.24,0,0,0,0,0,0,0,0,0,0,0,0,0,0,0,0,0,0,0.06,0.11,0,0.06,0,54.06,4.71,0,0,0,0.24,0,0,0,0.1,0,0,0,0,0.11,0.01,0,0,0.34,0,0,0
"Central African Republic",1984,0.57291639419173,81.63,2.35,0,0,0,0,0,0,0,0,0,0,0,0,0,0,0,0,0,0,0.07,0.23,0,0,0,58.78,18.88,0,0,0,0.19,0,0,0,0.27,0,0,0,0,0.28,0.04,0,0,0.54,0,0,0
"Central African Republic",1985,0.668442283132296,62.88,2.21,0,0,0,0,0,0,0,0,0,0,0,0,0,0,0,0,0,0,0.07,0.05,0,0.05,0,50.87,6.87,0,0,0,1.42,0,0,0,0.03,0,0,0,0,0.25,0.05,0,0,1.01,0,0,0
"Central African Republic",1986,0.516496022840117,92.66,7.34,0,0,0,0,0,0,0,0,0,0,0,0,0,0,0,0,0,0,0.08,0.08,0,0.54,0,65.18,9.12,0,0,0,5.6,0,0,0,0.31,0,0,0,0,0.08,0.06,0,0,4.16,0.11,0,0
"Central African Republic",1987,0.586051396763346,114.8,1.44,0,0,0,0,0,0,0,0,0,0,0,0,0,0,0,0,0,0,0.11,0.15,0,1.17,0,85.94,16.14,0,0,0,0.36,0,0,0,0.44,0,0,0,0,0.08,0,0,0,0.4,8.57,0,0
"Central African Republic",1988,0.451648456342204,107.92,13.49,0,0,0,0,0,0,0,0,0,0,0,0,0,0,0,0,0,0,0.08,0.12,0,6.73,0,69.36,14.68,0,0,0,0.44,0,0,0,0.21,0,0,0,0,0.14,0.05,0,0,0.1,2.52,0,0
"Central African Republic",1989,0.515057271827818,98.24,11.41,0,0,0,0,0,0,0,0,0,0,0,0,0,0,0,0,0,0,0.07,0.06,0,2.82,0,68.27,13.01,0,0,0,1,0,0,0,0.21,0,0,0,0,1.27,0.09,0,0,0.03,0,0,0
"Central African Republic",1990,0.550048039091768,102.44,8.73,0,0,0,0,0,0,0,0,0,0,0,0,0,0,0,0,0,0,0.12,0.06,0,0.74,0,74.15,13.77,0,0,0,1.59,0,0,0,0.34,0,0,0,0,0.07,0.11,0,0,2.12,0.64,0,0
"Central African Republic",1991,0.566127040294983,101.66,8.35,0.27,0,0,0,0,0,0,0,0,0,0,0,0,0,0,0,0,0,0.12,0.09,0,0.51,0,74.87,12.92,0,0,0,0.56,0,0.01,0,0.11,0,0,0,0.94,0.07,0.16,0,0,2.65,0.03,0,0
"Central African Republic",1992,0.502457097103745,113.06,20.21,0.2,2.48,0,0,0,0,0,0,0,0,0,0,0,0,0,0,0,0,0.13,0.09,0,0.26,0,76.9,9.43,0,0,0,0.84,0,0,0,0.22,0.03,0,0,0.03,2.16,0.08,0,0,0,0,0,0
"Central African Republic",1993,0.616040487629537,124.96,14.27,0.26,2.26,0,0,0,0,0,0,0,0,0,0,0,0,0,0,0,0,0.06,0.28,0,0,0,96.53,9.57,0,0,0,0.24,0,0,0,0.44,0,0,0.03,0.82,0.18,0.02,0,0,0,0,0,0
"Central African Republic",1994,0.589758407162797,100.09,10.43,0.07,2.79,0,0,0,0,0,0,0,0,0,0,0,0,0,0,0,0,0.04,0.03,0,0.05,0,75.42,10.15,0,0,0,0.49,0,0,0,0.4,0.02,0,0.02,0.01,0.16,0.01,0,0,0,0,0,0
"Central African Republic",1995,0.38267342078381,139.43,49.8,0.06,2.94,0,0,0,0,0,0,0,0,0,0,0,0,0,0,0,0,0.36,0.04,0,0.1,0,69.33,11.63,0,0,0.01,2.66,0,0,0,0.92,0.01,0,0.19,0.58,0.15,0.02,0,0,0.63,0,0,0
"Central African Republic",1996,0.399787717448886,135.59,30.61,0.06,3.28,0,0,0,0,0,0,0,0,0,0,0,0,0,0,0,0,0.17,0.2,0,7.29,0,78.95,10.56,0,0,0.02,0.97,0,0.01,0,0.92,0.27,0,0.02,0.59,0.14,0.06,0,0,1.47,0,0,0
"Central African Republic",1997,0.426855415912758,71.5,19.97,0,0.05,0,0,0,0,0,0,0,0,0,0,0,0,0,0,0,0,0.13,0.07,0,0.07,0,41.3,8.79,0,0,0.04,0.03,0,0,0,0.45,0.06,0,0.01,0.44,0.07,0.01,0,0.01,0,0,0,0
"Central African Republic",1998,0.445263724534479,66.97,14,0,0,0,0,0,0,0,0,0,0,0,0,0,0,0,0,0,0,0.55,0.08,0,0.03,0,41.68,7.85,0,0,0.03,0.32,0,0,0,0.78,0.02,0.15,0,0.53,0.03,0.91,0,0.01,0,0,0,0
"Central African Republic",1999,0.441246575618228,68.37,18.14,0,0,0,0,0,0,0,0,0,0,0,0,0,0,0,0,0,0,0.74,0.89,0,0,0,41.02,7.03,0.01,0,0,0.01,0,0,0,0,0.01,0,0.22,0.28,0,0.02,0,0,0,0,0,0
"Central African Republic",2000,0.362614522095666,61.14,22.75,0,0,0,0,0,0,0,0,0,0,0,0,0,0,0,0,0,0,0.16,0.17,0,0,0,27.98,7.2,0.01,0,0.02,1.69,0,0,0,0,0.32,0.29,0.17,0.27,0.08,0.01,0,0.02,0,0,0,0
"Central African Republic",2001,0.393987140948594,52.79,15.05,0,0,0,0,0,0,0,0,0,0,0,0,0,0,0,0,0,0,0.2,0.03,0,0,0,28.65,7.05,0.01,0,0,0.32,0,0,0,0.32,0,0.29,0,0.77,0.08,0,0,0.02,0,0,0,0
"Central African Republic",2002,0.367834946253314,45.74,12.86,0.05,0,0,0,0,0,0,0,0,0,0,0,0,0,0,0,0,0,0.14,0.41,0,0,0,23.53,7.05,0,0,0,0.49,0,0,0,0.35,0,0,0.12,0.24,0.06,0.44,0,0,0,0,0,0
"Central African Republic",2003,0.657937099812111,38.39,1.73,0,0,0,0,0,0,0,0,0.01,0,0,0,0,0,0,0,0,0,0.13,0.04,0,0.01,0,30.78,4.33,0,0,0,0.01,0,0,0,0.59,0.22,0,0.22,0.14,0.17,0,0,0.01,0,0,0,0
"Central African Republic",2004,0.776281172023521,48.61,0.1,0,0,0,0,0,0,0,0,0,0,0,0,0,0,0,0,0,0,0.13,0.03,0,0,0,42.73,2.44,0,0,0,1.16,0,0,0,0.55,0.49,0,0.1,0.74,0.14,0,0,0,0,0,0,0
"Central African Republic",2005,0.677377018484313,47.18,0.15,0.07,0,0,0,0,0,0,0,0,0,0,0,0,0,0,0,0,0,0.13,0.22,0,0,0.5,38.66,2.96,0.04,0,0.5,0.41,0,0,0,0.35,1.2,0,0.57,1.34,0.08,0,0,0,0,0,0,0
"Central African Republic",2006,0.458683624495414,49.49,0.1,0,0,0,0,0,0,0,0,0,0,0,0,0,0,0,0,0,0,0.15,0.22,0,0,0.5,32.56,4.88,0.01,0,1.69,0.01,0,0.31,0,0,5.64,0,0.65,1.76,0.09,0.92,0,0,0,0,0,0
"Central African Republic",2007,0.375503824587206,101.18,3.54,0.21,0,0,0.84,0,0,0,0,0,0,0,0,0,0,0,0,0,0,0.35,0.02,0,0,2.46,60.38,5.31,0.08,0,4.86,0.02,0,0.68,0,6.34,1.15,0,0.99,7.55,1.3,5.05,0,0.04,0,0,0,0.01
"Central African Republic",2008,0.161898324637102,98.66,12.74,0.02,0,0,0,0,0,0,0,0,0,0,0,0,0,0,0,0,0,1.78,2.35,0,0.39,3.2,32.8,6.81,0.19,0,5.05,2.04,0,0.36,0,2.88,1.23,0,2.15,6.36,12.47,5.66,0,0,0,0,0,0.18
"Central African Republic",2009,0.238935966157283,71.06,6.08,0,0,0,0,0,0,0,0,0,0,0,0,0,0,0,0,0,0,0.09,1.04,0,0.04,3.01,32.14,6.57,0,0,3.82,0.52,0,0.35,0,2.79,0.64,0,4.33,5.88,0.81,2.44,0,0,0,0,0.19,0.32
"Central African Republic",2010,0.161789852297376,103.48,14.21,0.27,0,0,0.03,0,0,0,0,0.02,0,0,0,0,0,0,0,0,0,5.22,2.59,0,0,2.94,30.42,3.14,0.01,0,3.33,2.55,0,0.41,0,1.99,0,0,3.28,8.68,20.87,3.02,0,0.01,0,0,0.17,0.32
"Central African Republic",2011,0.254222170410502,96.82,38.27,0.28,0,0,1.21,0,0,0,0,0,0,0,0,0,0,0,0,0,0,0.02,3.9,0,0,1.91,27.31,5.31,0,0,3.48,0.53,0,0.5,0,0,0,0,1.43,10.24,2.12,0,0,0.02,0,0,0.16,0.13
"Central African Republic",2012,0.243127857675695,59.07,13.57,0.42,0,0,0.33,0,0,0,0,0,0.06,0,0,0,0,0,0.01,0,0,0,1.5,0,0,2.23,23.71,2.88,0,0,3.15,0.22,0,0.27,0,0,0,0,0.06,8.55,1.74,0.09,0,0.01,0,0,0.14,0.13
"Central African Republic",2013,0.169054545164644,81.15,5.53,0.59,0,0,0.27,0,0,0,0,0.11,0.17,0,0,0,0,0.01,0,0,0,0,0.09,0,4.45,1.76,27.54,4.59,0,0,2.79,0.27,0,1.7,0,2.66,7.7,0,0.12,13.51,3.51,2.6,0,0.01,0,0,0.14,1.03
"Central African Republic",2014,0.115414100396013,208.99,9.29,1.01,0,0,3.71,0.41,0.05,0,0,0.36,0.13,0,0,0.03,0,0,0,0,0.04,1.04,6.45,0,4.88,6.06,49.1,27.86,0.07,0.11,7.7,0.9,0,3.72,0.03,17.5,18.46,0.13,1.42,12.87,7.67,26.45,0,0.01,0,0,0.04,1.49
"Central African Republic",2015,0.120973934019887,193.87,18.17,0.53,0,0,1.55,0,0,0,0,0.1,0,0,0,0,0,0,0,0,0,0.12,7.25,0,1.49,2.6,37.99,37.67,0.01,0,5.41,5.27,0,3.19,0,11.86,10.1,0.07,1.62,9.45,10.35,27.94,0,0,0.66,0,0.04,0.43
"Central African Republic",2016,0.10653876221562,166.88,15.7,0.51,0,0,2.87,0,0,0,0,0.1,0,0,0,0,0,0,0,0,0,0.01,8.29,0,2.97,0.83,32.56,18.31,0.01,0,6.7,6.51,0,2.09,0,11.86,6.98,0.05,1.06,15.86,7.25,25.53,0,0,0.3,0,0.05,0.48
"Central African Republic",2017,0.138291745292021,178.84,10.9,1.56,0,0,0.05,0,0,0,0,0.23,0,0,0,0,0,0.01,0,0,0,0.02,5.57,0,3.03,0.71,33.2,48.25,0.01,0,7.75,5.71,0,2.46,0,6.14,9.55,0.01,1.41,13.6,10.29,17.6,0,0,0,0,0.03,0.75
"Central African Republic",2018,0.148412189624376,208.32,6.52,0,0,0,3.46,0,0,0,0,0.28,0,0,0,0,0.16,0,0,0,0,0.04,3.7,0,0,0.84,44.51,53.1,0,0,7.42,8.47,0,1.58,0,6.44,9.07,0.86,1.61,26.36,12.2,21.7,0,0,0,0,0,0
"Central African Republic",2019,0.16150100006944,214.25,5.78,0,0,0,3.33,0,0,0,0,0.02,0,0,0,0,0,0,0,0,0,0.02,6.55,0,3.35,2.24,49.07,60.79,0,0,7.14,3.61,0,2.11,0,5.48,8.53,0.59,1.91,20.81,10.47,22.1,0,0,0,0,0,0.35
"Central African Republic",2020,0.158769207301755,192.13,10.45,0,0,0,0,0,0,0,0,0,0,0,0,0,0,0,0,0,0,0.03,0.25,0,3.01,0.64,38.94,53.06,0,0,5.98,3.31,0,2.76,0.04,6.95,5.92,1.04,1.51,20.59,9.72,27.4,0,0,0,0,0.25,0.28
"Central African Republic",2021,0.190336170804456,187.03,6.45,0,0,0,0,0,0,0,0,0,0,0,0,0,0,0,0,0,0,0.01,0,0,3.52,2.24,30.53,69.27,0,0,6.23,7.81,0,1.4,0,4.84,7.28,1.03,0.7,19.48,10.99,13.65,0,0,0,0,1.5,0.1
"Central African Republic",2022,0.188448812249376,164.436891,6.875655,0.626728,0,0,3.235348,0,0,0,0,0,0,0,0,0,0,0.004915,0,0,0.0357,0,0,0,2.242138,0.616046,37.933389,55.11172,0,0,5.31222,6.694203,0,1.426814,0,0,5.845816,1.01087,1.12412,11.824278,10.583529,13.871483,0,0,0,0,0,0.061919
"Central African Republic",2023,0.18943068536174,153.264361,7.336583,1.758897,0,0,0.011443,0,0,0,0,0,0.216263,0,0,0,0,0.03699,0,0,0,0,0,0,1.195091,0.502874,40.421576,47.193086,0,0,5.908388,7.129564,0,0.802097,0,0.271903,3.842038,0.728579,0.87345,15.067776,11.330692,8.487263,0,0,0,0,0.097058,0.05275
"Central African Republic",2024,0.164712499100303,132.740514,7.380979,5.263363,0,0,0.009444,0,0,0,0,0.021551,0,0,0,0,0,0.026688,0,0,0,0,0.079955,0,1.516793,0.641559,44.253129,20.106192,0,0,5.438165,4.994601,0,1.220527,0,2.370242,4.208474,1.883512,1.075716,10.03752,7.560001,14.587312,0,0.001392,0,0,0.011744,0.051655
"Chad",1960,NA,0,0,0,0,0,0,0,0,0,0,0,0,0,0,0,0,0,0,0,0,0,0,0,0,0,0,0,0,0,0,0,0,0,0,0,0,0,0,0,0,0,0,0,0,0,0,0
"Chad",1961,NA,0,0,0,0,0,0,0,0,0,0,0,0,0,0,0,0,0,0,0,0,0,0,0,0,0,0,0,0,0,0,0,0,0,0,0,0,0,0,0,0,0,0,0,0,0,0,0
"Chad",1962,1,0.04,0,0,0,0,0,0,0,0,0,0,0,0,0,0,0,0,0,0,0,0,0,0,0,0,0,0.04,0,0,0,0,0,0,0,0,0,0,0,0,0,0,0,0,0,0,0,0
"Chad",1963,1,0.08,0,0,0,0,0,0,0,0,0,0,0,0,0,0,0,0,0,0,0,0,0,0,0,0,0,0.08,0,0,0,0,0,0,0,0,0,0,0,0,0,0,0,0,0,0,0,0
"Chad",1964,0.993091620135224,11.54,0,0,0,0,0,0,0,0,0,0,0,0,0,0,0,0,0,0,0,0,0,0,0,0,11.5,0.04,0,0,0,0,0,0,0,0,0,0,0,0,0,0,0,0,0,0,0,0
"Chad",1965,0.962342302667312,13.05,0,0,0,0,0,0,0,0,0,0,0,0,0,0,0,0,0,0,0,0,0,0,0,0,12.8,0.22,0,0,0,0,0,0,0,0,0,0,0,0,0.03,0,0,0,0,0,0,0
"Chad",1966,0.910811938919717,13.74,0,0,0,0,0,0,0,0,0,0,0,0,0,0,0,0,0,0,0,0,0,0,0,0,13.1,0.58,0,0,0,0,0,0,0,0,0,0,0,0,0.06,0,0,0,0,0,0,0
"Chad",1967,0.692246762517444,13.66,0,0,0,0,0,0,0,0,0,0,0,0,0,0,0,0,0,0,0,0,0.01,0,0,0,11.1,2.44,0,0,0,0,0,0,0,0,0,0,0,0,0.07,0.04,0,0,0,0,0,0
"Chad",1968,0.913962405770671,12.77,0,0,0,0,0,0,0,0,0,0,0,0,0,0,0,0,0,0,0,0,0.02,0,0,0,12.2,0.44,0,0,0,0,0,0,0,0,0,0,0,0,0.09,0.02,0,0,0,0,0,0
"Chad",1969,0.882771736145439,14.28,0,0,0,0,0,0,0,0,0,0,0,0,0,0,0,0,0,0,0,0,0.02,0,0.05,0,13.4,0.66,0,0,0,0.02,0,0,0,0,0,0,0,0,0.12,0.01,0,0,0,0,0,0
"Chad",1970,0.790656700953886,15.39,0,0,0,0,0,0,0,0,0,0,0,0,0,0,0,0,0,0,0,0,0.01,0,0.05,0,13.6,1.51,0,0,0,0,0,0,0,0,0,0,0,0,0.14,0.08,0,0,0,0,0,0
"Chad",1971,0.896497037578119,22.2,0,0,0,0,0,0,0,0,0,0,0,0,0,0,0,0,0,0,0,0,0.01,0,0.07,0,21,0.89,0,0,0,0,0,0,0,0,0,0,0,0,0.17,0.06,0,0,0,0,0,0
"Chad",1972,0.913480723553209,34.52,0,0,0,0,0,0,0,0,0,0,0,0,0,0,0,0,0,0,0,0,0.03,0,0,0,32.97,1.2,0,0,0,0,0,0,0,0.02,0,0,0,0,0.26,0.04,0,0,0,0,0,0
"Chad",1973,0.685785702927962,26.17,0,0,0,0,0,0,0,0,0,0,0,0,0,0,0,0,0,0,0,0,0.19,0,0.62,0,21.39,3.4,0,0,0,0.02,0,0,0,0.03,0,0,0,0,0.37,0.15,0,0,0,0,0,0
"Chad",1974,0.771112019502002,29.19,0,0,0,0,0,0,0,0,0,0,0,0,0,0,0,0,0,0,0,0,0.28,0,0.4,0,25.54,2.05,0,0,0,0.11,0,0,0,0.19,0,0,0,0,0.48,0.14,0,0,0,0,0,0
"Chad",1975,0.721942809821364,26.06,0,0,0,0,0,0,0,0,0,0,0,0,0,0,0,0,0,0,0,0,0.34,0,0.22,0,22.06,0.92,0,0,0,0.13,0,0,0,0.13,0,0,0,0,0.74,0.09,0,0,0,1.43,0,0
"Chad",1976,0.760041275530932,39.91,0,0,0,0,0,0,0,0,0,0,0,0,0,0,0,0,0,0,0,0,0.17,0,0.13,0,34.69,0.55,0,0,0,0.12,0,0,0,2.32,0.73,0,0,0,0.95,0.08,0,0,0.05,0.12,0,0
"Chad",1977,0.720132269459019,37.83,0,0,0,0,0,0,0,0,0,0,0,0,0,0,0,0,0,0,0,0,0.24,0,0.1,0,32,0.54,0,0,0,0.09,0,0,0,1.67,1.05,0,0,0,0.93,1.21,0,0,0,0,0,0
"Chad",1978,0.674512140371016,60.09,0.02,0,0,0,0,0,0,0,0,0,0,0,0,0,0,0,0,0,0,0,0.43,0,0.05,0,49.04,3.48,0,0,0,0.09,0,0,0,1.76,3.5,0,0,0,1.72,0,0,0,0,0,0,0
"Chad",1979,0.551103442195932,42.92,0,0,0,0,0,0,0,0,0,0,0,0,0,0,0,0,0,0,0,0,0.16,0,1.8,0,31.26,4.72,0,0,0,0.11,0,0,0,0.38,3.35,0,0,0,1.04,0.1,0,0,0,0,0,0
"Chad",1980,0.529799196935024,14.74,0,0,0,0,0,0,0,0,0,0,0,0,0,0,0,0,0,0,0,0,0.06,0,0.09,0.01,10.5,1.47,0,0,0,0.03,0,0,0,0.69,1.43,0,0,0,0.4,0.06,0,0,0,0,0,0
"Chad",1981,0.90625477040243,45.18,0,0,0,0,0,0,0,0,0,0,0,0,0,0,0,0,0,0,0,0,0.04,0,0,0,42.99,0.33,0,0,0,0.08,0,0,0,0.27,0,0,0,0.17,1.23,0.07,0,0,0,0,0,0
"Chad",1982,0.499873459063654,33.64,0,0,0,0,0,0,0,0,0,0,0,0,0,0,0,0,0,0,0,0,0.21,0,0.12,0,23.43,2.33,0,0,0,0.09,0,0,0,1.26,0.43,0,0,0,1.37,0.63,0,0,1.7,2.07,0,0
"Chad",1983,0.408723546214633,43.8,0,0,0,0,0,0,0,0,0,0,0,0,0,0,0,0,0,0,0,0,0.07,0,0.12,0,25.93,4.62,0,0,0,9.2,0,0,0,0.96,0.15,0,0,0.09,2.16,0.24,0,0,0.26,0,0,0
"Chad",1984,0.511821775945288,50.65,0,0,0,0,0.24,0,0,0,0,0,0,0,0,0,0,0,0,0,0,0,0.08,0,0,0.08,35.26,6.64,0,0,0,4.55,0,0,0,0.98,0,0,0,0.6,1.87,0.04,0,0,0.01,0.3,0,0
"Chad",1985,0.325041502049071,74.15,0,0,0,0,0,0,0,0,0,0,0,0,0,0,0,0,0,0,0,0,1.27,0,0,0.11,32.9,7.68,0,0,0,25.09,0,0,0,2.4,0.16,0,0,0.39,2.27,1.88,0,0,0,0,0,0
"Chad",1986,0.367410100853165,91.81,0,0,0,0,0,0,0,0,0,0,0,0,0,0,0,0,0,0,0,0.01,0.27,0,0,0.82,48.77,10.19,0,0,0,24.27,0,0,0,4.28,0.51,0,0,0.07,2.49,0.13,0,0,0,0,0,0
"Chad",1987,0.537129821792158,103.22,0.05,0,0,0,0.02,0,0,0,0,0,0,0,0,0,0,0,0,0,0,0,0.28,0,0,0.27,74.32,6.83,0,0,0,7.33,0,0,0,8.78,0.14,0,0,0.25,4.64,0.29,0,0,0.02,0,0,0
"Chad",1988,0.413133674210938,125.27,0.04,0,0,0,0,0,0,0,0,0,0,0,0,0,0,0,0,0,0,0,0.76,0,0,0.17,74.87,13.13,0,0,0,25.06,0,0,0,2.31,0.02,0,0,0,8.43,0.45,0,0,0.03,0,0,0
"Chad",1989,0.447548925112342,121.67,0.04,0,0,0,0,0,0,0,0,0,0,0,0,0,0,0,0,0,0,0,0.37,0,0,0.01,78.63,13.89,0,0,0,12.42,0,0,0,6.72,0.07,0,2.49,0.04,6.62,0.37,0,0,0,0,0,0
"Chad",1990,0.575558110908013,169.38,0.01,0,0,0,0,0,0,0,0,0,0,0,0,0,0,0,0,0,0,0.01,0.38,0,0,0.39,127.13,13.4,0,0,0,8.94,0,0,0,5.58,0.51,0,5.23,0.11,5.17,0.25,0,0,0,2.27,0,0
"Chad",1991,0.50616746010692,124.53,0,0.07,0,0,0,0,0,0,0,0,0,0,0,0,0,0,0,0,0,0.02,1.13,0,0,0.03,86.83,12.94,0,0,0,2.61,0,0,0,8.15,0.33,0,1.71,0.28,7.73,0.46,0,0,0,2.24,0,0
"Chad",1992,0.567499092743682,128.07,0.06,0.05,0,0,0,0,0,0,0,0,0,0,0,0,0,0,0,0,0,0,1.32,0,0.02,0.02,94.16,19.37,0,0,0,1.74,0,0,0,3.27,0.31,0,0,0,7.13,0.61,0,0,0,0.01,0,0
"Chad",1993,0.505393676476137,133.49,0.11,0.05,0,0,0.22,0,0,0,0,0,0,0,0,0,0,0,0,0,0,0,1.27,0,0.09,0,92.07,20.24,0,0,0,1,0,0,0,6.43,0.17,0,0,0.51,8.23,0.35,0,0,2.68,0,0,0.07
"Chad",1994,0.522047993606419,100.3,0.17,0.05,0,0,0.02,0,0,0,0,0,0,0,0,0,0,0,0,0,0,0.01,0.9,0,0.07,0,69.51,19.06,0,0,0.02,0.09,0,0,0,1.51,0.08,0,0,0,7.27,0.53,0,0,0.24,0.77,0,0
"Chad",1995,0.485338929867456,123.96,0.17,0.06,0,0,0.07,0,0,0,0,0,0,0,0,0,0,0,0,0,0,0,1.08,0,0.13,0,80.86,29.36,0,0,0.08,0.56,0,0.18,0,3.71,0.16,0,0.07,0.27,6.45,0.17,0,0,0.58,0,0,0
"Chad",1996,0.429828703168051,128.12,0.29,0.04,0,0,0,0,0,0,0,0,0,0,0,0,0,0,0,0,0,0,3.84,0,0.19,0,79.35,25.59,0,0,0.05,5.1,0,0.54,0,2.16,0.22,0,0.18,0.29,7.06,0.19,0,0,2.89,0.14,0,0
"Chad",1997,0.370254076307618,101.38,0.37,0.05,0,0,0,0,0,0,0,0,0,0,0,0,0,0,0,0,0,0,1.38,0,0,0,54.05,27.59,0,0,0.01,0.21,0,0.19,0,1.94,0.15,0,0.06,0.45,9.89,0.17,0,0.02,4.31,0.54,0,0
"Chad",1998,0.406164162047552,81.36,0.3,0.12,0,0,0,0,0,0,0,0,0,0,0,0,0,0,0,0,0,0,1.67,0,0,0,48.32,17.05,0.01,0,0,0.08,0,0.3,0,1.4,0.15,0,0.29,0.3,6.52,0.13,0,0.01,0.89,3.82,0,0
"Chad",1999,0.360132234975602,75.15,0.31,0.09,0,0,0,0,0,0,0,0,0,0,0,0,0,0,0,0,0,0,2.14,0,0,0,41.62,14.68,0,0,0.33,0.67,0,0.4,0,0,0.17,0,0.51,0.18,6.75,0,0,0.04,1.57,5.69,0,0
"Chad",2000,0.366839647486543,55.8,0.21,0.22,0,0,0.12,0,0,0,0,0,0,0,0,0,0,0,0,0,0,0,2.27,0,0,0.04,29.67,14.87,0.01,0,0,0.38,0,0.23,0,0,0.12,0,0.23,0.2,5.84,0.41,0,0.01,0,0.97,0,0
"Chad",2001,0.42307721447291,74.1,0.11,0.03,0,0,0,0,0,0,0,0.06,0,0,0,0,0,0,0,0,0,0,1.29,0,0,0,44.53,16.83,0,0,0.03,0.46,0,0.37,0,1.84,0.1,0,0.28,0.1,7.13,0.23,0,0.01,0.02,0.68,0,0
"Chad",2002,0.425356699444886,64.95,0.13,0,0,0,0,0,0,0,0,0,0,0,0,0,0,0,0,0,0,0,0.64,0,0,0.02,39.48,12.99,0.01,0,0.1,2.21,0,0.28,0,0.79,0,0,0.5,0,7.79,0,0,0.01,0,0,0,0
"Chad",2003,0.477429103861899,94.83,0.26,0.01,0,0,0,0,0,0,0,0.01,0,0,0,0,0,0,0,0,0,0,0.62,0,0,0,62.9,15.08,0.02,0,0.13,0.04,0,0.33,0,1.56,0.05,0,1,0.31,10.11,1.63,0,0,0.77,0,0,0
"Chad",2004,0.262641865837727,124.21,0.66,0,0,0,0,0.12,0,0,0,0.01,0,0,0,0,0,0,0,0,0,0,1.22,0,0,0.87,52.67,31.02,0.04,0,1.03,1.16,0,0.43,0,4.37,0,0,3.59,1.49,14.15,8.06,0,0,3.32,0,0,0
"Chad",2005,0.255479989566653,109.15,2.05,0,0,0,3.93,0,0,0,0,0.01,0,0,0,0,0,0,0,0,0,0,0.57,0,1.17,0.75,47.17,23.95,0.52,0,0.18,0.1,0,1.01,0,1.59,1.77,0,2.89,2.47,12.76,0,0,0,6.24,0,0,0.02
"Chad",2006,0.216730381983095,124.35,8.74,0,0,0,0.07,0,0,0,0,0,0,0,0,0,0,0,0,0,0,0,0.05,0,0,1.51,48.03,26.7,0,0,1.8,0.45,0,2.04,0,6.09,1.57,0,4.91,3.61,12.01,2.41,0,0,4.3,0,0,0.06
"Chad",2007,0.164107053802446,164.32,9.9,0,0,0,1.14,0,0,0,0,0,0,0,0,0,0.01,0,0,0,0,1.31,0.17,0,1.75,5.48,53.98,29.46,0.01,0,9.36,0.76,0,2.43,0,6.84,4.06,2.1,5.05,5.87,14.47,9.13,0,0.01,0.82,0,0,0.21
"Chad",2008,0.123928877273432,200.97,14.39,0,0,0,0,0,0,0,0,0.06,0,0,0,0,0,0,0,0,0,28.62,0.38,0,1.55,3.52,47.12,32.59,0.29,0,6.46,1.6,0,1.83,0,7.51,4.27,2.28,11.96,10.12,13.18,11.51,0,0.08,0.03,0,0,1.62
"Chad",2009,0.128079244795143,181.31,13.98,0,0,0,0.14,0,0,0,0,0.02,0,0,0,0,0,0,0,0,0,19.71,1.72,0,1.38,5.36,46.45,27.93,1.55,0,5.27,1.13,0,0.98,0,8.36,2.17,1.06,14.22,7.05,16.23,5.57,0,0.24,0,0,0.79,0
"Chad",2010,0.155837747995855,145.15,13.76,0.04,0,0.03,0.22,0,0,0,0,0.08,0,0,0,0,0,0,0,0,0.01,0.04,7.34,0,0.71,4.64,46.1,20.09,0.02,0,3.78,0.56,0,1.59,0,4.9,1.65,0.97,7.91,12.25,14.94,2.86,0,0.03,0,0,0.57,0.06
"Chad",2011,0.167849280578727,133.49,20.82,0.56,0,0.03,2.19,0,0,0,0,0,0,0.07,0,0,0,0,0,0,0,0,1.71,0,0.82,4.31,43.02,14.72,0.01,0,2.22,1.2,0,0.07,0,4.87,0,0,10.06,12.03,13.65,0.38,0,0.05,0,0,0.59,0.11
"Chad",2012,0.191401371705939,121.43,20.18,0.5,0,0,2.69,0,0,0,0,0,0.06,0,0,0,0.01,0,0.13,0,0,0,1.74,0,0.04,3.18,41.95,14.78,0.01,0,2.44,0.66,0,0,0,2.57,0,0,1.14,9.89,17.38,0.1,0,0.01,1.17,0,0.76,0.04
"Chad",2013,0.245360947185025,102.31,6.64,0.01,0,0,0.16,0,0,0,0,0,0.09,0,0,0,0,0,0,0,0,0,2,0,0,0.95,42.28,11.78,0.01,0,1.38,0.48,0,0.69,0,0,0.14,0,0.96,12.36,20.86,0.01,0,0,0,0,0.38,1.13
"Chad",2014,0.211107925985647,109.8,11.19,0.1,0,0,0.05,0,0,0,0,0.1,0,0,0,0,0,0,0,0,0,0.27,0,0,0,3.11,33.53,13.62,0.01,0,2.12,0.23,0,0,0.03,0,0,0,0.85,10.27,31.39,0,0,0,0,0,1.53,1.4
"Chad",2015,0.344351233421976,150.22,11.53,0.04,0,0,0.03,0,0,0,0,0,0,0,0,0,0,0,0,0,0,0.08,0.33,0,0,2.11,81.41,15.14,0.01,0,1.2,0.79,0,0.11,0,0,0.74,0,0.31,7.07,26.82,0,0,0,0,0,2.02,0.48
"Chad",2016,0.216754656041135,104.98,5.08,0.24,0,0,0.01,0,0,0,0,0,0,0,0,0,0,0.01,0,0,0,0.05,2.32,0,0,1.18,35.38,18.72,0,0,1.46,0.27,0,0.11,0.01,0,0,0,0.93,7.05,26.24,0,0,0,2.69,0,1.94,1.29
"Chad",2017,0.300164887910339,190.52,11.21,0.74,0,0.01,0,0,0,0,0,0,0,0,0,0,0,0.01,0,0,0,0.02,0.2,0,0,0,95.57,26.55,0,0,1.24,12.75,0,0,0,4.28,0.24,0,0.63,5.56,26.57,0.03,0,0,0,0.29,2.14,2.48
"Chad",2018,0.299710387419986,223.5,5.65,0,0,0,0,0,0,0,0,0.26,0,0,0,0,0,0.01,0,0,0,0.64,4.78,0,0,0,108.85,42.15,0,0,1.57,4.24,0,0.55,0,1.3,0,0,1.01,10.07,33.63,0.02,0,0.02,5.17,0,2.8,0.78
"Chad",2019,0.30549358569514,228.93,5.73,0,0,0,0,0,0,0,0,0,0,0.02,0,0,0,0.06,0,0,0,0,4.45,0,0,0,113.27,45.51,0,0,3.03,3.09,0,0.82,0,0,0,0,2.72,8.2,30.41,2.84,0,0.18,1.14,0,3.15,4.31
"Chad",2020,0.259015076127474,187.3,7.28,0,0,0,0,0,0,0,0,0,0,0.02,0,0,0.01,0.01,0,0,0,0.01,0,0,1,0,78.47,42.69,0,0,2.67,1.91,0,0.31,0,0,0,0,2.4,10.49,29.63,5.86,0.26,0.06,0,0,0.58,3.64
"Chad",2021,0.244069750441042,201.35,9.48,0,0,0,0.03,0,0,0,0,0,0,0,0,0,0,0.05,0,0,0,0.03,0,0,0.89,0,84.9,37.61,0,0,2.58,5.34,0,0.98,0,0,0,0,7.1,11.61,30.45,1.66,0,0.1,4.71,0,2.63,1.2
"Chad",2022,0.268532554016458,242.088238,12.813816,6.943686,0,0,0.010473,0,0,0,0,0,0,0.005404,0,0,0.003554,0.005263,0,0,0,0,0.079104,0,0,0,106.737474,53.791017,0,0,2.542955,3.206707,0.10978,0.583844,0,2.444428,0,0,4.07447,10.18859,32.930388,0.247153,0,0.615802,0.484401,0,2.955312,1.314617
"Chad",2023,0.336071995896443,487.790206,12.77014,5.137353,0,0,0.000236,0,0,0,0,0,0,3.610257,0,0,0.016184,0.013244,0,0,0,0,0.113538,0,0.781322,0,99.581785,36.219546,0,0,2.533076,2.320531,0,1.573375,0,2.252052,0.947015,0.000108,2.199848,16.125131,38.825462,3.617432,0.1,0,0,0,258.315808,0.736763
"Chad",2024,0.54575159497881,926.235971,4.129937,5.74011,0,0,0,0,0,0,0,0.02094,0,0.466385,0,0,0.051594,0.022583,0,0,0,0.01436,0.00159,0,0.062943,0,102.239879,14.79481,0,0,3.275592,2.603783,0.111152,1.025476,0,0.212783,3.258965,0,5.982846,14.774159,38.163207,55.899703,0,0.013453,0,0,672.770721,0.599
"Comoros",1975,1,17.82,0,0,0,0,0,0,0,0,0,0,0,0,0,0,0,0,0,0,0,0,0,0,0,0,17.82,0,0,0,0,0,0,0,0,0,0,0,0,0,0,0,0,0,0,0,0,0
"Comoros",1976,0.54711732587343,12.09,0,0,0,0,0,0,0,0,0,0,0,0,0,0,0,0,0,0,0,0,0,0,0,0,8.62,0,0,0,0,0,0,0,0,0.1,0,0,0,0,0.05,0,0,0,1.11,2.1,0.11,0
"Comoros",1977,0.380855027424674,4.81,0,0,0,0,0,0,0,0,0,0,0,0,0,0,0,0,0,0,0,0,0.18,0,0,0,1,0.02,0,0,0,0.14,0,0,0,0.59,0.1,0,0,0,0.05,0.01,0,0,2.72,0,0,0
"Comoros",1978,0.438032070627449,5.96,0,0,0,0,0,0,0,0,0,0,0,0,0,0,0,0,0,0,0,0,0.05,0,0,0,1.3,0,0,0,0,0.29,0,0,0,0.01,0,0,0,0,0.17,0,0,0,3.68,0,0.46,0
"Comoros",1979,0.410038786686244,10.37,0,0,0,0,0,0,0,0,0,0,0,0,0,0,0,0,0,0,0,0,0.87,0,0.06,0,5.96,0.03,0,0,0,0.28,0,0,0,0,0,0,0,0,0.33,0,0,0,2.76,0,0.08,0
"Comoros",1980,0.29155734612951,30.43,0.04,0,0,0,0,0,0,0,0,0,0,0,0,0,0,0,0,0,0,0,0.58,0,0,0,12.32,0.6,0,0,0,0.03,0,0,0,0.4,0,0,0,0,0,0,0,0,3.96,9.68,2.82,0
"Comoros",1981,0.385486435485562,35.16,1.59,0,0,0,0,0,0,0,0,0,0,0,0,0,0,0,0,0,0,0,0.78,0,0,0,19.35,0.65,0,0,0,0.01,0,0,0,0.01,0,0,0,0,0.18,0,0,0,9.41,3.16,0.02,0
"Comoros",1982,0.354612654368299,23.96,0.66,0,0,0,0,0,0,0,0,0,0,0,0,0,0,0,0,0,0,0,0.11,0,0,0,12.18,0.62,0,0,0,0,0,0,0,0.02,0,0,0,0,0.1,0,0,0,3.88,6.27,0.12,0
"Comoros",1983,0.33159132102755,20.73,1.74,0,0,0,0.99,0,0,0,0,0,0,0,0,0,0,0,0,0,0,0,0.09,0,0,0,10.53,0.78,0,0,0,0.05,0,0,0,0,0,0,0,0,0.12,0,0,0,4.99,1.44,0,0
"Comoros",1984,0.364802784121773,22.99,2.18,0,0,0,0.53,0,0,0,0,0,0,0,0,0,0,0,0,0,0,0,0.81,0,0,0,13.16,1.18,0,0,0,0.08,0,0,0,0,0,0,0,0,0.01,0,0,0,2.23,2.75,0.06,0
"Comoros",1985,0.470485137969355,21.22,1.21,0,0,0,0.11,0,0,0,0,0,0,0,0,0,0,0,0,0,0,0.02,0.72,0,0,0,13.98,0.53,0,0,0,0,0,0,0,0.14,0,0,0,0,0,0,0,0,3.66,0.85,0,0
"Comoros",1986,0.55708263493143,23.47,0.86,0,0,0,0.35,0,0,0,0,0,0,0,0,0,0,0,0,0,0,0,1.74,0,0,0,17.19,0.39,0,0,0,0,0,0,0,0.18,0,0,0,0,0.06,0,0,0,2.7,0,0,0
"Comoros",1987,0.518217387620687,32.21,3.25,0,0,0,0.38,0,0,0,0,0,0,0,0,0,0,0,0,0,0,0,2.44,0,0,0,22.62,3.04,0,0,0,0.12,0,0,0,0.22,0,0,0,0,0.03,0,0,0,0.11,0,0,0
"Comoros",1988,0.765404410838059,34.5,2.18,0,0,0,0,0,0,0,0,0,0,0,0,0,0,0,0,0,0,0,1.58,0,0,0,30.06,0.32,0,0,0,0.01,0,0,0,0.25,0,0,0,0,0.04,0,0,0,0.06,0,0,0
"Comoros",1989,0.549672643005045,31.24,3.81,0,0,0,0.06,0,0,0,0,0,0,0,0,0,0,0,0,0,0,0,3.43,0,0,0,22.57,0.79,0,0,0,0.02,0,0,0,0.27,0,0,0,0,0.04,0.01,0,0,0.24,0,0,0
"Comoros",1990,0.683320078516175,30.66,4.33,0,0,0,0,0,0,0,0,0,0,0,0,0,0,0,0,0,0,0,0.09,0,0,0,24.96,0.46,0,0,0,0,0,0,0,0.58,0,0,0,0,0.05,0,0,0,0.19,0,0,0
"Comoros",1991,0.674246657268572,30.6,3.06,0.06,0,0,0.55,0,0,0,0,0,0,0,0,0,0,0,0,0,0,0.01,1.32,0,0,0,24.89,0.64,0,0,0,0,0,0,0,0,0,0,0,0,0.06,0.01,0,0,0,0,0,0
"Comoros",1992,0.652366303638967,23.14,2.85,0.04,0,0,0.01,0,0,0,0,0,0,0,0,0,0,0,0,0,0,0,1.3,0,0,0,18.42,0.45,0,0,0,0,0,0,0,0,0,0,0,0,0.01,0.05,0,0,0,0.01,0,0
"Comoros",1993,0.536508403829662,29.21,5.56,0.04,0,0,0,0,0,0,0,0,0,0,0,0,0,0,0,0,0,0,0.69,0,0,0.04,20.58,1.64,0,0,0,0.3,0,0.17,0,0,0,0,0,0,0,0.04,0,0,0.15,0,0,0
"Comoros",1994,0.679567570743458,18.45,1.64,0.07,0,0,0.03,0,0,0,0,0,0,0,0,0,0,0,0,0,0,0,0.48,0,0,0.07,15.1,0.39,0,0,0,0.43,0,0.22,0,0,0,0,0,0,0,0,0,0,0.02,0,0,0
"Comoros",1995,0.646206296104522,22.46,4.27,0.06,0,0,0,0,0,0,0,0,0,0,0,0,0,0,0,0,0,0,0.03,0,0,0.09,17.54,0.21,0,0,0,0,0,0.19,0,0,0,0,0,0,0,0.04,0,0,0,0.03,0,0
"Comoros",1996,0.776063040171547,23.95,0.31,0.05,0,0,0.09,0,0,0,0,0,0,0,0,0,0,0,0,0,0,0,0.04,0,0,0.03,21.03,0.95,0,0,0,0,0,0,0,1.37,0,0,0,0,0,0.03,0,0,0.03,0.02,0,0
"Comoros",1997,0.844716923967159,17.12,0.43,0.04,0,0,0,0,0,0,0,0,0,0,0,0,0,0,0,0,0,0,0.17,0,0,0.06,15.72,0.26,0,0,0,0,0,0,0,0.42,0,0,0,0,0,0.02,0,0,0,0,0,0
"Comoros",1998,0.587847600353613,20.79,4.16,0,0,0,0,0,0,0,0,0,0,0,0,0,0,0,0,0,0,0,0.14,0,0,0.02,15.37,0.6,0,0,0,0.39,0,0,0,0,0,0,0,0,0,0.03,0,0,0,0.08,0,0
"Comoros",1999,0.754929870970853,15.24,1.58,0,0,0,0,0,0,0,0,0,0,0,0,0,0,0,0,0,0,0,0.07,0,0,0,13.14,0.42,0,0,0,0,0,0,0,0,0,0,0,0,0,0.03,0,0,0,0,0,0
"Comoros",2000,0.92802908311412,12.46,0,0,0,0,0,0,0,0,0,0,0,0,0,0,0,0,0,0,0,0,0.19,0,0,0,12,0.03,0,0,0.01,0,0,0,0,0,0,0,0,0,0,0.03,0,0,0,0.2,0,0
"Comoros",2001,0.748872139657216,12.59,0,0,0,0,0,0,0,0,0,0,0,0,0,0,0,0,0,0,0,0,0.16,0,0,0,10.78,0.03,0,0,0,0,0,0,0,0.05,0,0,0,0,0,0,0,0,0,1.57,0,0
"Comoros",2002,0.977858725650618,12.53,0,0,0,0,0,0,0,0,0,0,0,0,0,0,0,0,0,0,0,0,0.11,0,0,0,12.39,0,0,0,0,0,0,0,0,0.01,0.02,0,0,0,0,0,0,0,0,0,0,0
"Comoros",2003,0.93223714613676,12.95,0,0.06,0,0,0,0,0,0,0,0,0,0,0,0,0,0,0,0,0,0,0.28,0,0,0,12.5,0.04,0,0,0,0,0,0,0,0,0,0,0,0,0.07,0,0,0,0,0,0,0
"Comoros",2004,0.956205584912537,15.68,0,0,0,0,0,0,0,0,0,0,0,0,0,0,0,0,0,0,0,0,0.29,0,0,0,15.33,0.02,0,0,0,0.04,0,0,0,0,0,0,0,0,0,0,0,0,0,0,0,0
"Comoros",2005,0.951941902486566,16.33,0.03,0,0,0,0,0,0,0,0,0,0,0,0,0,0,0,0,0,0,0,0.29,0,0,0,15.93,0.05,0,0,0,0,0,0,0,0,0.03,0,0,0,0,0,0,0,0,0,0,0
"Comoros",2006,0.910022048763754,22.34,0.06,0.01,0,0,0,0,0,0,0,0,0,0,0,0,0,0,0,0,0,0,0.34,0,0,0,21.3,0.02,0.01,0,0,0,0,0,0,0,0,0,0,0,0,0,0,0,0,0,0,0.6
"Comoros",2007,0.909887557093425,21.25,0.01,0,0,0,0,0,0,0,0,0,0,0,0,0,0,0,0,0,0,0,0.36,0,0,0,20.26,0.04,0.04,0,0,0.01,0,0,0,0,0,0,0,0,0.52,0,0,0,0,0,0,0.01
"Comoros",2008,0.782481289427195,24.03,0.03,0,0,0,0,0,0,0,0,0,0,0,0,0,0,0,0,0,0,0,0.16,0,0,0,21.21,0.01,0.01,0,0,0,0,0,0,0.39,0.94,0,0.05,0,0,0,0,0,0.34,0,0,0.89
"Comoros",2009,0.653239541760806,30.53,5.3,0,0,0,0.03,0,0,0,0,0,0,0,0,0,0,0,0,0,0,0,0.16,0,0,0,24.09,0,0,0,0,0,0,0,0,0,0,0,0.05,0,0,0,0,0,0,0,0.35,0.55
"Comoros",2010,0.481893609909649,40.06,0.7,0,0,0,0,0,0,0,0,0,0,0,0,0,0,0,0,0,0,0,0.15,0,0,0,22.64,0,0,0,0,0,0,0,0,0,0,0,0,0,0,0.12,0,0,0.26,0,16.13,0.06
"Comoros",2011,0.639831137293081,30.15,3.68,0,0,0,0.15,0,0,0,0,0,0,0,0,0,0,0,0,0,0,0,0.16,0,0,0,23.79,0.02,0,0,0,1.3,0,0.11,0,0,0,0,0,0,0,0.12,0,0,0.03,0,0.53,0.26
"Comoros",2012,0.372783663383512,46.09,6.71,0.08,0,0,0.46,0,0,0,0,0,0,0,0,0,0,0,0,0,0,0,0.22,0,0,0,25.83,0,0,0,0,0,0,0.14,0,0,0,0,0,0.09,0,0,0,0,0.58,0,7.9,4.08
"Comoros",2013,0.77231950921582,46.11,1.82,0.09,0,0,0.38,0.02,0,0,0,0,0,0,0,0,0,0,0,0,0,0,0.27,0,0,0,40.4,0.01,0,0,0,0,0,0.26,0,0,0,0,0.01,0,0,0,0,0,0,0,2.48,0.37
"Comoros",2014,0.660454746678472,34.64,3.45,0.1,0,0,0.1,0.14,0,0,0,0,0,0,0,0,0,0,0,0,0,0,0.15,0,0,0.01,27.85,0,0,0,0,0.09,0,0.08,0,0,0,0,0,0,0.06,0.01,0,0,0,0,2.17,0.43
"Comoros",2015,0.559587942652443,28.48,4.36,0.17,0,0.01,0.1,0.95,0,0,0,0,0,0,0,0,0,0,0,0,0,0,0.13,0,0,0,20.79,0,0,0,0.11,0.02,0,0,0,0,0,0,0,0,0,0.01,0,0,0,0,0.85,0.98
"Comoros",2016,0.801687960431988,22.83,0.29,0.13,0,0.05,0.03,0,0,0,0,0,0,0,0,0,0,0,0,0,0,0,0.13,0,0,0,20.39,0,0,0,0,0,0,0,0,0,0,0.01,0,0,0,0.01,0,0,0,0.09,1.36,0.34
"Comoros",2017,0.665687707853781,26.46,2.12,0.08,0,0.03,0.23,0,0,0,0,0.01,0,0,0,0,0,0,0,0,0,0,0.11,0,0,0,21.42,0,0,0,0,0,0,0,0,0,0,0,0,0,0,0.04,0,0,0,0.11,1.2,1.11
"Comoros",2018,0.486810083850724,31.62,5.05,0,0,0,0.12,0,0,0,0,0,0,0,0,0,0,0,0,0,0,0,0,0,0,0,20.94,0.02,0,0,0,0,0,0,0,0,0,0.06,0.03,0,0,0.2,0,0,0,0,4.74,0.46
"Comoros",2019,0.419259430621515,51.35,3.55,0,0,0,0.08,0,0,0,0,0,0,0,0,0,0,0,0,0,0,0,0,0,0,0,23.42,0.02,0,0,0,0,0,0,0,0,0,0,0.03,0,0,0.19,0,0,0,0,23.32,0.74
"Comoros",2020,0.527130355859254,40.71,5.5,0,0,0,0.01,0,0,0,0,0,0,0,0,0,0,0,0,0,0,0,0,0,0,0,28.4,0.01,0,0,0,0,0,0,0,0,0,0,0,0.07,0,0.16,0.11,0,0,0,6.05,0.4
"Comoros",2021,0.489960659124292,82.74,1,0,0,0,0.02,0,0,0,0,0,0,0,0,0,0.05,0,0,0,0.01,0,0,0,0,0,46.35,0.02,0,0,0,0,0,0,0,0,0,0,0,0.15,0,0.2,0,0,0,0,34.71,0.23
"Comoros",2022,0.754315665844102,69.442772,5.273571,1.262386,0,0,0,0,0,0,0,0,0,0,0,0,0.060418,0,0,0,0.0238,0.002883,0,0,0,0,60.027313,0.041943,0,0.039014,0,0,0,0,0,0,0,0,0,0.115436,0,0.250194,0,0,0,0,2.177407,0.168407
"Comoros",2023,0.704042086251208,48.543847,4.060347,1.270958,0,0,0.049874,0,0,0,0,0,0,0,0,0,0.022657,0,0,0,0,0,0,0,0,0,40.438529,0.043667,0,0,0.009011,0.02836,0,0,0,0,0,0,0,0.071913,0,0,0,0,0,0,2.379685,0.168846
"Comoros",2024,0.703187540985265,62.24479,0.145533,3.68921,0,0,0.001125,0,0,0,0,0,0,0,0,0,0.012507,0,0,0,0.010577,0,0.000318,0,0,0,51.71112,0.059777,0,0.009163,0.013617,0.011003,0,0,0,0,0,0,0,0.20342,0.10411,0.027693,0,0.009745,0,0,6.056288,0.179584
"CongoDR Kinshasa",1960,0.993716086123849,71.224272,0,0,0,0,0.034272,0,0,0,0,0,0,0,0,0,0,0,0,0,0,0,71,0,0.1,0,0,0.09,0,0,0,0,0,0,0,0,0,0,0,0,0,0,0,0,0,0,0,0
"CongoDR Kinshasa",1961,0.995812503871259,57.22,0,0,0,0,0,0,0,0,0,0,0,0,0,0,0,0,0,0,0,0,57.1,0,0,0,0,0.08,0,0,0,0,0,0,0,0,0,0,0,0,0.04,0,0,0,0,0,0,0
"CongoDR Kinshasa",1962,0.855144179599515,50.25,0,0,0,0,0,0,0,0,0,0,0,0,0,0,0,0,0,0,0,0,46.3,0,0,0,0,3.95,0,0,0,0,0,0,0,0,0,0,0,0,0,0,0,0,0,0,0,0
"CongoDR Kinshasa",1963,0.888147976646074,68.39,0,0,0,0,0,0,0,0,0,0,0,0,0,0,0,0,0,0,0,0.01,64.33,0,0,0,0,3.96,0,0,0,0,0,0,0,0,0,0,0,0,0.09,0,0,0,0,0,0,0
"CongoDR Kinshasa",1964,0.911289464650256,69.32,0,0,0,0,0,0,0,0,0,0,0,0,0,0,0,0,0,0,0,0,66.15,0,0,0,0,0.72,0,0,0,1.08,0,0,0,0,0.1,0,0,0,0.06,1.21,0,0,0,0,0,0
"CongoDR Kinshasa",1965,0.938633290143604,90.74,0,0,0,0,0,0,0,0,0,0,0,0,0,0,0,0,0,0,0,0.01,87.9,0,0.67,0,0,0.6,0,0,0,0.91,0,0,0,0,0,0,0,0,0,0.65,0,0,0,0,0,0
"CongoDR Kinshasa",1966,0.789865042876127,55.16,0,0,0,0,0,0,0,0,0,0,0,0,0,0,0,0,0,0,0,0,48.86,0,0.69,0,1.7,3.53,0,0,0,0,0,0,0,0,0.01,0,0,0,0.37,0,0,0,0,0,0,0
"CongoDR Kinshasa",1967,0.75953043503702,55.03,0.05,0,0,0,0,0,0,0,0,0,0,0,0,0,0,0,0,0,0,0.61,47.78,0,0,0,3.2,2.51,0,0,0,0.35,0,0,0,0,0,0,0,0.13,0.31,0.09,0,0,0,0,0,0
"CongoDR Kinshasa",1968,0.795096216660372,50.08,0.01,0,0,0,0,0,0,0,0,0,0,0,0,0,0,0,0,0,0,0,44.52,0,0.94,0,3.2,0.95,0,0,0,0.12,0,0,0,0,0.09,0,0,0.1,0.02,0.13,0,0,0,0,0,0
"CongoDR Kinshasa",1969,0.73466329648762,54.83,0.3,0,0,0,0,0,0,0,0,0,0,0,0,0,0,0,0,0,0,0.02,46.76,0,1.89,0,4.2,0.8,0,0,0,0.18,0,0,0,0,0.3,0,0,0.12,0.25,0.01,0,0,0,0,0,0
"CongoDR Kinshasa",1970,0.72733303857883,59.4,0.04,0,0,0,0,0,0,0,0,0,0,0,0,0,0,0,0,0,0,0,50.43,0,1.95,0,3.8,2.13,0,0,0,0.11,0,0,0,0.5,0.14,0,0,0,0.16,0.14,0,0,0,0,0,0
"CongoDR Kinshasa",1971,0.750894731599054,65.7,0.69,0,0,0,0,0,0,0,0,0,0,0,0,0,0,0,0,0,0,0.07,56.72,0,2.04,0,4.2,1.3,0,0,0,0.08,0,0,0,0.02,0.1,0,0,0.16,0.11,0.21,0,0,0,0,0,0
"CongoDR Kinshasa",1972,0.715431766046519,86.51,0.29,0,0,0,0,0,0,0,0,0,0,0,0,0,0,0,0,0,0,0.09,72.82,0,1.75,0,5.73,3.82,0,0,0,0.72,0,0,0,0.11,0.24,0,0,0.41,0.11,0.42,0,0,0,0,0,0
"CongoDR Kinshasa",1973,0.66172758250449,106.03,0.63,0,0,0,0,0,0,0,0,0,0,0,0,0,0,0,0,0,0,0,85.55,0,1.41,0,8.44,6.67,0,0,0,1.14,0,0,0,0.83,0.34,0,0,0.31,0.45,0.26,0,0,0,0,0,0
"CongoDR Kinshasa",1974,0.556073827283039,140.68,0.81,0,0,0,0,0,0,0,0,0,0,0,0,0,0,0,0,0,0,1.84,101.92,0,1.08,0,23.1,8.7,0,0,0,1.26,0,0,0,1,0.3,0,0,0,0.54,0.13,0,0,0,0,0,0
"CongoDR Kinshasa",1975,0.617119045802166,146.6,0.62,0,0,0,0,0,0,0,0,0,0,0,0,0,0,0,0,0,0,0.02,112.97,0,1.09,0,20.48,8.82,0,0,0,1.09,0,0,0,0.42,0.33,0,0,0,0.57,0.19,0,0,0,0,0,0
"CongoDR Kinshasa",1976,0.564301058839839,129.32,1.04,0,0,0,0,0,0,0,0,0,0,0,0,0,0,0,0,0,0,0.03,93.96,0,1.29,0,23.07,8.56,0,0,0,0.33,0,0,0,0.46,0.28,0,0,0,0.08,0.22,0,0,0,0,0,0
"CongoDR Kinshasa",1977,0.5771491904883,145.67,3.06,0,0,0,0,0,0,0,0,0,0,0,0,0,0,0,0,0,0,0.08,108.61,0,2.05,0,15,14.5,0,0,0,0.49,0,0,0,1.27,0.11,0,0,0,0.34,0.16,0,0,0,0,0,0
"CongoDR Kinshasa",1978,0.557195579514472,177.31,2.03,0,0,0,0,0,0,0,0,0,0,0,0,0,0,0,0,0,0,0.1,128.96,0,1.29,0,24.33,16.87,0,0,0,0.34,0,0,0,1.64,0.19,0,0,0,1.28,0.28,0,0,0,0,0,0
"CongoDR Kinshasa",1979,0.443413916496165,240.34,27.5,0,0,0,0,0,0,0,0,0,0,0,0,0,0,0,0,0,0,0.07,154.21,0,1.29,0,24.85,20.45,0,0,0,0.78,0,0,0,3.1,0.25,0,0,1.53,1.4,4.91,0,0,0,0,0,0
"CongoDR Kinshasa",1980,0.376033408360053,299.43,39.48,0,0,0,0,0,0,0,0,0,0,0,0,0,0,0,0,0,0,0.1,170.8,0,0.86,0.01,39.75,36.98,0,0,0,0.55,0,0,0,1.9,0.15,0,0,2.03,0.56,1.27,0,0,0,0,4.99,0
"CongoDR Kinshasa",1981,0.287251105768764,267.77,53.18,0,0,0,0,0,0,0,0,0,0,0,0,0,0,0,0,0,0,0.07,124.19,0,0.27,0,26.69,37.18,0,0,0,4.77,0,0,0,2.33,0.32,0,0,0.58,0.29,3.42,0,0,0,14.48,0,0
"CongoDR Kinshasa",1982,0.293870002013623,220.75,43.61,0,0,0,3.02,0,0,0,0,0,0,0,0,0,0,0,0,0,0,0.12,103.56,0,0.03,0,24.71,32.03,0,0,0,3.08,0,0,0,2.09,0.59,0,0,1,0.65,0.55,0,0,0.02,5.69,0,0
"CongoDR Kinshasa",1983,0.341043441811437,170.59,13.81,0,0,0,0,0,0,0,0,0,0,0,0,0,0,0,0,0,0,0.11,90.28,0,0.03,0,23.1,31.99,0,0,0,3.04,0,0,0,1.89,0.54,0,0,1.12,0.89,3.34,0,0,0,0.45,0,0
"CongoDR Kinshasa",1984,0.242586148318206,189.73,26.36,0,0,0,0.03,0,0,0,0,0,0,0,0,0,0,0,0,0,0,0.14,75.86,0,0,0,27.32,26.13,0,0,0,29.11,0,0,0,1.43,0.59,0,0,0,1.07,1.67,0,0,0.02,0,0,0
"CongoDR Kinshasa",1985,0.326018009564578,155.87,9.28,0,0,0,0,0,0,0,0,0,0,0,0,0,0,0,0,0,0,0.13,79.99,0,0,0,29.9,20.1,0,0,0,11.47,0,0,0,1.69,0.95,0,0,0,1.4,0.96,0,0,0,0,0,0
"CongoDR Kinshasa",1986,0.344205109892668,268.95,10.46,0,0,0,0,0,0,0,0,0,0,0,0,0,0,0,0,0,0,0.19,143.06,0,0,0,39.37,44.27,0,0,0,28.45,0,0,0,1.19,0.5,0,0,0,1.04,0.42,0,0,0,0,0,0
"CongoDR Kinshasa",1987,0.258787955277904,286.29,28.04,0,0,0,0,0,0,0,0,0,0,0,0,0,0,0,0,0,0,0.21,121.58,0,0,0.05,42.03,52.86,0,0,0,32.41,0,0,0,1.37,0.93,0,0,0,1.71,5.1,0,0,0,0,0,0
"CongoDR Kinshasa",1988,0.244683348776465,361.64,23.43,0,0,0,0.05,0,0,0,0,0,0,0,0,0,0,0,0,0,0,0.19,136.93,0,0,0.1,80.12,52.46,0,0,0,59.24,0,0,0,3.35,1,0,2.5,0,1.21,1.06,0,0,0,0,0,0
"CongoDR Kinshasa",1989,0.216200571896733,384.15,90.82,0.01,0,0,0.06,0,0,0,0,0,0,0,0,0,0,0,0,0,0,0.2,95.89,0,0,0.11,103.41,44.56,0,0,0,42.05,0,0,0,3.19,0.44,0,1.32,0,0.9,1.19,0,0,0,0,0,0
"CongoDR Kinshasa",1990,0.178110655308093,699.41,69.77,0.01,0,0,0.11,0,0,0,0,0,0,0,0,0,0,0,0,0,0,2.03,95.35,0,0.01,0.4,180.18,115.29,0,0,0,146.3,0,0.32,0,3.89,0.22,0,3.89,0,1,3.44,0,0,77.2,0,0,0
"CongoDR Kinshasa",1991,0.511572593209852,560.36,21.02,0.24,0,0,0.04,0,0,0,0,0,0,0,0,0,0,0,0,0,0,1.46,30.82,0,0,1.28,87.24,389.13,0,0,0.01,11.39,0,0.63,0,5.74,0.8,0.04,0.19,5.67,1.96,2.69,0,0,0.01,0,0,0
"CongoDR Kinshasa",1992,0.190492249578527,133.31,4.78,0.23,0,0,0.04,0,0,0,0,0,0,0,0,0,0,0,0,0,0,1.66,32.94,0,0,1.02,32.69,31.26,0,0,0.02,12.68,0,0.18,0,7.14,0.75,0,0.29,1.44,2.26,2.43,0,0,1.5,0,0,0
"CongoDR Kinshasa",1993,0.231830803334615,96.99,0.51,0.22,0,0,0.05,0,0,0,0,0,0,0,0,0,0,0,0,0,0,1.41,30.91,0,0,0.21,23.31,24.83,0,0,0,0.4,0,0.19,0,6.49,0.83,0,0.46,3.38,1.02,2.74,0,0,0,0,0,0.03
"CongoDR Kinshasa",1994,0.203247648227579,112.24,4.45,0.21,0,0,0,0,0,0,0,0,0,0,0,0,0,0,0,0,0,1.5,29.31,0,0,0.48,28.85,27.81,0,0,0.16,0.56,0,0.24,0,5.17,1.26,0,0.93,4.08,2.91,4.32,0,0,0,0,0,0
"CongoDR Kinshasa",1995,0.203081127298713,135.15,5.38,0.16,0,0,0,0,0,0,0,0,0,0,0,0,0,0,0,0,0,1.36,36.25,0,0,0,32.78,34.15,0,0,0.1,5.85,0,0.55,0,7.83,1.91,0.02,1.27,4,1.31,2.22,0,0,0,0,0,0.01
"CongoDR Kinshasa",1996,0.168125524520208,120.72,4.53,0.14,0.22,0,0.03,0.14,0,0,0,0,0,0,0,0,0,0,0,0,0,1.78,15.52,0,0.01,2.6,29.4,34.36,0.05,0,0.1,1.84,0,1.7,0,4.7,6.29,0,4.21,4.46,4.33,1.86,0,0,2.45,0,0,0
"CongoDR Kinshasa",1997,0.140318196944053,119.56,5.76,0,0.22,0,0.01,0.23,0,0,0,0,0,0,0,0,0,0,0,0,0,1.17,30.79,0,0.1,0.26,22.4,15.94,0.03,0,1.62,1.28,0,1.28,0,7.31,7.94,0.01,1.23,6.72,1.84,5.02,0,0.06,8.34,0,0,0
"CongoDR Kinshasa",1998,0.174991360775397,85.61,0.04,0.02,0,0,0,0,0,0,0,0,0,0,0,0,0.06,0,0,0,0,1.07,24.93,0,0.01,0.32,18.99,2.93,0.04,0,0.12,2.28,0,0.5,0,8.1,2.54,0,1.25,4.21,2.28,13.52,0,0,2.4,0,0,0
"CongoDR Kinshasa",1999,0.168003310355791,81.07,0.12,0.03,0,0,0,0.05,0,0,0,0,0,0,0,0,0.06,0,0,0,0,0.99,22.73,0,0,1.35,17.28,12.2,0.13,0,0.44,3.8,0,0.16,0,2.46,2.22,0.03,1.03,9.3,4.26,2.43,0,0,0,0,0,0
"CongoDR Kinshasa",2000,0.152258010549209,91.57,0.47,0.01,0,0,0.01,0,0,0,0,0,0,0,0,0,0.05,0,0,0,0,2.65,26.68,0,0,0.88,13.93,12.76,0.07,0,0.59,2.36,0,0.2,0,4.67,5.66,0,0.85,7.69,3.98,8.03,0,0.03,0,0,0,0
"CongoDR Kinshasa",2001,0.184387389098881,120.91,0.32,0.03,0,0,0,0,0,0,0,0,0,0,0,0,0.05,0,0,0,0,3.05,43.23,0,0.17,1.27,11.91,12.94,0.07,0,1.31,1.59,0,0.18,0,12,3.87,0,1.95,5.46,4.38,17.04,0,0.09,0,0,0,0
"CongoDR Kinshasa",2002,0.281715925918122,273.63,0.85,0.03,0,0,0.27,0.06,0,0,0,0.1,0,0,0,0,0.05,0,0,0,0,5.44,41.26,0,0,1.12,12.94,21.11,0.07,0,2.28,3.87,0,1.52,0,135.03,12.47,4.7,3.35,7.69,4.41,14.93,0,0.07,0,0,0,0.01
"CongoDR Kinshasa",2003,0.234441471614941,3665.34,0.63,0.07,0,0,0,0.47,0,0,0,0.04,0,0,0,0,0.04,0,0,0,0,5.06,789.63,0,0,1.9,1394.97,548.8,0.15,0,2.41,446.16,0,0.96,0,220.55,17.1,2.4,5.64,170.97,34.71,22.66,0,0.02,0,0,0,0
"CongoDR Kinshasa",2004,0.200711608236129,998.56,48.47,0.01,0,0,0,0.07,0,0,0,0.07,0,0,0,0,0.09,0,0,0,0,3.04,268.29,0,0,2.7,154.78,79.26,0.32,0,4.08,23.8,0,1.22,0,58.75,18,0.17,6.32,23.3,4.85,300.97,0,0,0,0,0,0
"CongoDR Kinshasa",2005,0.252759480987783,853.73,379.3,0.32,0,0,0,0.22,0,0,0,0.09,0,0,0,0,0.06,0,0,0,0,0.32,155.4,0,3.08,4.64,65.43,51.09,0.35,0,5.89,1.02,0,1.72,0,46.23,19.29,0.51,10.19,23.71,7.3,77.57,0,0,0,0,0,0
"CongoDR Kinshasa",2006,0.191686683621951,652.53,28.11,0.31,0,0,1.54,0.05,0,0,0,0.16,0.03,0,0,0,0.14,0,0,0,0,4.41,229.42,0,7.9,6.14,60.76,35.7,2.54,0,12.79,1.27,0,2.12,0,29.88,20.71,1.82,19.13,39.98,7.65,139.94,0,0,0,0,0,0.03
"CongoDR Kinshasa",2007,0.173434239541671,638,22.93,1.64,0,0,0.54,0,0,0,0,0.33,0,0,0,0,0.09,0,0,0,0,5.95,209.77,0,4.47,6.11,28.73,75.14,1,0,15.65,4.14,0,3.56,0,50.74,23.33,1.49,17.69,33.39,10.4,120.69,0,0,0.14,0,0,0.08
"CongoDR Kinshasa",2008,0.141328724338944,778.16,51.22,2.51,0,0,1.5,0.77,0,0,0,0.56,0,0.01,0,0.01,0.3,0,0,0,0.21,6.38,174.38,0,6.73,6.8,31.24,61.21,1.97,0,17.83,8.16,0,3.45,0,47.79,34.88,1.26,43.22,67.96,8.55,192.85,0,0.07,5.37,0,0,0.97
"CongoDR Kinshasa",2009,0.152352327283197,820.44,65.7,2.16,0,0,6.86,0.08,0,0,0,0.72,0,0.03,0,0,0.06,0,0,0,0,2.43,177.02,0,5.42,7.1,30.95,79.42,2.03,0.06,9.32,12.19,0,3.46,0,43.36,28.05,0.48,42.74,61.65,10.49,225.46,0,0.02,2.69,0,0.27,0.22
"CongoDR Kinshasa",2010,0.178372104364458,2107.71,80.43,5.67,0,0,8.21,0,0,0,0,0.51,0,0,0,0,0.05,0,0,0,0.04,129.64,648.8,0,6.3,6.47,26.58,77.11,1.14,0.12,8.79,9.58,0,3.27,0,422.16,28.3,0.21,306.2,72.15,6.47,251.24,0,0.02,4.58,0,2.4,1.27
"CongoDR Kinshasa",2011,0.19949249924551,4310.83,1216.11,5.99,0,0,10.43,0,0,0,0,0.32,0,0,0,0,0.07,0,0,0,0,0.71,340.65,0,2.87,8.08,1162.18,93.89,1,0,10.3,738.89,0,2.29,0,18.28,31.82,0.03,30.32,239,13.44,383.3,0,0,0.47,0,0.34,0.05
"CongoDR Kinshasa",2012,0.26838129924845,1287.17,93.86,6.85,0,0,2.69,0,0,0,0,0.34,0.06,0,0,0,0.02,0.03,2.9,0,0,0.24,131.13,0,0.53,7.45,29.53,599.62,0.64,0,12.95,6.92,0,3.47,0,22.16,32.57,0.04,16.63,76.52,16.44,223.46,0,0,0,0,0,0.12
"CongoDR Kinshasa",2013,0.163121634022351,854.21,103.79,6.29,0,0,7.41,0,0,0,0,0.15,0,0.01,0,0,0.05,0,0,0,0,0.39,144.89,0,0.15,7.28,36.16,88.08,0.64,0,11.54,7.44,0,2.94,0,11.48,45.12,0,9.53,83.94,24.15,260.69,0,0,0.63,0,0,1.46
"CongoDR Kinshasa",2014,0.193041698511754,779.9,53.8,11.52,0,0,4.62,0,0,0,0,0,0,0.03,0,0,0.01,0,0,0,0,0.42,150.61,0,0,3.84,39.98,92.51,0.83,0,0,8.45,0,3.58,0,9.94,36.44,0,5.31,61.94,19.44,275.24,0,0,0,0,0.03,1.36
"CongoDR Kinshasa",2015,0.176454791431369,645.65,43.83,9.71,0,0,0.52,0,0,0,0,0,0,0,0,0,0.01,0,0,0,0,0.38,89.45,0,0,3.76,63.81,87.03,0.6,0,5.46,8.39,0,3.19,0,7.09,24.43,0,4.14,53.56,21.54,218.57,0,0,0,0,0.01,0.17
"CongoDR Kinshasa",2016,0.150213838897458,625.18,41.43,10.09,0,0.04,4.98,0,0,0,0,0.01,0,0,0,0,0.01,0.01,0,0,0,0.24,103.1,0,0,1.15,62.94,85.27,0.11,0,7.13,12.51,0,3.56,0,13.29,18.52,0.12,6.27,55.9,22.58,174.9,0,0,0,0,0.03,0.99
"CongoDR Kinshasa",2017,0.159723273191163,745.41,40.63,14.61,0,0.05,0.03,0,0,0,0,0.02,0,0,0,0,0.03,0.01,0,0,0,0.29,113.86,0,0,1.51,34.89,141.15,0.13,0,10.88,11.18,0,3.53,0.03,22.28,28.86,0.31,13.99,67.25,23.11,214.32,0,0,0,0,0.01,2.45
"CongoDR Kinshasa",2018,0.189640427432016,882.98,43.82,0,0,0,4.45,0,0,0,0,0,0,1.26,0,0,0.07,0.14,0,0,0.08,0.4,136.67,0,0,0.59,24.28,153.16,0.07,0,9.18,16.47,0,4.69,0,26.34,34.81,0.28,7.37,86.73,27.86,304.22,0,0.01,0,0,0.01,0.02
"CongoDR Kinshasa",2019,0.196371894242162,865.72,27.12,0,0,0,4.3,0,0,0,0,0,0,0,0,0,0.07,0,0,0,0.04,0.32,111.38,0,2.52,3.23,23.61,223.88,0.02,0,11.23,12.04,0,3.1,0,19.05,28.21,0.1,4.4,88.7,32.31,270.09,0,0,0,0,0,0
"CongoDR Kinshasa",2020,0.159097160002116,782.57,44.05,0,0,0,0,0,0,0,0,0,0,0.25,0,0,0,0.66,0,0,0.04,0.34,111.57,0,1.66,5.65,43.76,189,0,0.27,8.5,7.12,0,3.07,0.05,17.39,40.04,0,5.14,83.28,32.79,187.88,0.02,0,0,0,0.04,0
"CongoDR Kinshasa",2021,0.148546353995327,729.13,42.13,0,0,0,2.53,0,0,0,0,0.01,0,0.47,0,0,0.1,0.07,0,0,0.05,0.41,113.01,0,2.08,2.18,35.32,191.2,0.02,0.24,7.85,12.13,0,4.54,0,25.45,30.46,0,6.17,115.54,35.4,100.79,0,0.04,0,0,0.58,0.36
"CongoDR Kinshasa",2022,0.14242309322691,701.182994,21.331698,14.219768,0,0,5.557892,0,0,0,0,0,0,0.496076,0,1.075069,1.333163,0.017464,0,0,0.118999,0.316883,111.595725,0,0.433165,0.515929,100.828215,180.337532,0.109849,0.279653,8.416167,8.537815,0.27445,3.54588,0,18.331928,22.982957,0,11.676852,87.33508,38.592955,62.577495,0,0.011666,0,0,0.037867,0.294802
"CongoDR Kinshasa",2023,0.125598569073554,682.434011,50.606473,14.333985,0,0,1.295753,0,0,0.021626,0,0.028951,0,0.146242,0,0.95904,0.113287,0.054136,0,0,0.075692,0.413634,113.227906,0,0.796408,1.915726,87.405678,144.589454,0.005657,0,8.339983,9.077487,0.083472,3.583497,0,22.960216,34.695339,0.109699,7.706399,92.091923,37.716298,49.946635,0,0.004005,0,0,0.12941,0
"CongoDR Kinshasa",2024,0.13021206406701,751.430251,14.534049,27.967703,0,0,0.776488,0,0,0,0,0,0,0.120161,0,0,0.127091,0.048677,0,0,0.179811,0.413365,113.897853,0,10.239041,4.618917,93.517788,155.221864,0.007519,0,9.705446,7.507308,0.083364,4.763422,0,24.706249,22.962542,0.103743,5.579436,94.54807,35.132778,122.770486,0,0.005569,0,0,1.732493,0.159018
"CongoR Brazzaville",1960,NA,0,0,0,0,0,0,0,0,0,0,0,0,0,0,0,0,0,0,0,0,0,0,0,0,0,0,0,0,0,0,0,0,0,0,0,0,0,0,0,0,0,0,0,0,0,0,0
"CongoR Brazzaville",1961,NA,0,0,0,0,0,0,0,0,0,0,0,0,0,0,0,0,0,0,0,0,0,0,0,0,0,0,0,0,0,0,0,0,0,0,0,0,0,0,0,0,0,0,0,0,0,0,0
"CongoR Brazzaville",1962,NA,0,0,0,0,0,0,0,0,0,0,0,0,0,0,0,0,0,0,0,0,0,0,0,0,0,0,0,0,0,0,0,0,0,0,0,0,0,0,0,0,0,0,0,0,0,0,0
"CongoR Brazzaville",1963,1,0.05,0,0,0,0,0,0,0,0,0,0,0,0,0,0,0,0,0,0,0,0,0,0,0,0,0,0.05,0,0,0,0,0,0,0,0,0,0,0,0,0,0,0,0,0,0,0,0
"CongoR Brazzaville",1964,0.958599227331802,11.85,0,0,0,0,0,0,0,0,0,0,0,0,0,0,0,0,0,0,0,0,0,0,0,0,11.6,0.22,0,0,0,0,0,0,0,0,0,0,0,0,0.02,0.01,0,0,0,0,0,0
"CongoR Brazzaville",1965,0.902619614175236,11.48,0,0,0,0,0,0,0,0,0,0,0,0,0,0,0,0,0,0,0,0,0,0,0,0,10.9,0.17,0,0,0,0.04,0,0,0,0,0,0,0,0.01,0.34,0.02,0,0,0,0,0,0
"CongoR Brazzaville",1966,0.542044563708294,19.86,0,0,0,0,0,0,0,0,0,0,0,0,0,0,0,0,0,0,0,0,0,0,0,0,13.6,0.92,0,0,0,0,0,0,0,0,0,0,0,0,0,0.05,0,0,0,5.29,0,0
"CongoR Brazzaville",1967,0.654714979606158,12.08,0,0,0,0,0,0,0,0,0,0,0,0,0,0,0,0,0,0,0,0,0.01,0,0.79,0,9.6,1.66,0,0,0,0,0,0,0,0,0,0,0,0,0,0.02,0,0,0,0,0,0
"CongoR Brazzaville",1968,0.923884379189571,18.11,0,0,0,0,0,0,0,0,0,0,0,0,0,0,0,0,0,0,0,0,0.01,0,0,0,17.4,0.31,0,0,0,0,0,0,0,0,0,0,0,0,0.39,0,0,0,0,0,0,0
"CongoR Brazzaville",1969,0.94058804797385,14.44,0,0,0,0,0,0,0,0,0,0,0,0,0,0,0,0,0,0,0,0,0.03,0,0,0,14,0.35,0,0,0,0,0,0,0,0,0,0,0,0,0.04,0.02,0,0,0,0,0,0
"CongoR Brazzaville",1970,0.924236548861174,9.99,0,0,0,0,0,0,0,0,0,0,0,0,0,0,0,0,0,0,0,0.01,0.03,0,0,0,9.6,0.27,0,0,0,0,0,0,0,0,0,0,0,0,0.07,0.01,0,0,0,0,0,0
"CongoR Brazzaville",1971,0.577985434339356,11.86,0,0,0,0,0,0,0,0,0,0,0,0,0,0,0,0,0,0,0,0.01,0.02,0,0,0,8.7,2.21,0,0,0,0,0,0,0,0.85,0,0,0,0.04,0.02,0.01,0,0,0,0,0,0
"CongoR Brazzaville",1972,0.968611635100517,26.47,0,0,0,0,0,0,0,0,0,0,0,0,0,0,0,0,0,0,0,0,0.02,0,0.02,0,26.05,0.24,0,0,0,0,0,0,0,0.04,0,0,0,0.03,0.07,0,0,0,0,0,0,0
"CongoR Brazzaville",1973,0.934016839865823,18.98,0,0,0,0,0,0,0,0,0,0,0,0,0,0,0,0,0,0,0,0,0.14,0,0,0,18.34,0.29,0,0,0,0.06,0,0,0,0.04,0,0,0,0.05,0.06,0,0,0,0,0,0,0
"CongoR Brazzaville",1974,0.81135781385479,20.43,0,0,0,0,0,0,0,0,0,0,0,0,0,0,0,0,0,0,0,0,0.19,0,1.49,0,18.34,0.1,0,0,0,0.13,0,0,0,0.03,0.02,0,0,0,0.07,0.06,0,0,0,0,0,0
"CongoR Brazzaville",1975,0.90565466678021,32.94,0.01,0,0,0,0,0,0,0,0,0,0,0,0,0,0,0,0,0,0,0,0.33,0,0.42,0,31.34,0.21,0,0,0,0.35,0,0,0,0.06,0.02,0,0,0,0.06,0.14,0,0,0,0,0,0
"CongoR Brazzaville",1976,0.77917787363793,47.54,0,0,0,0,0,0,0,0,0,0,0,0,0,0,0,0,0,0,0,0,0.23,0,0.56,0,41.75,0.21,0,0,0,0.29,0,0,0,0.08,0.04,0,0,0,0.05,0.16,0,0,0,4.17,0,0
"CongoR Brazzaville",1977,0.712228311836334,36.48,0,0,0,0,0,0,0,0,0,0,0,0,0,0,0,0,0,0,0,0.01,0.22,0,0.01,0,30.6,0.53,0,0,0,0.04,0,0,0,1.5,0.03,0,0,0,0.05,0.14,0,0,2.95,0.4,0,0
"CongoR Brazzaville",1978,0.611045477278185,54.57,0,0,0,0,0,0,0,0,0,0,0,0,0,0,0,0,0,0,0,0,0.4,0,0,0,41.98,1.02,0,0,0,0.03,0,0,0,0.4,0,0,0,0,0.08,0.1,0,0,4.99,5.57,0,0
"CongoR Brazzaville",1979,0.674663093612306,63.04,0.01,0,0,0,0,0,0,0,0,0,0,0,0,0,0,0,0,0,0,0,0.32,0,0,0,51.33,1.52,0,0,0,0.04,0,0,0,0.32,0,0,0,0,0.08,0.15,0,0,3.98,5.29,0,0
"CongoR Brazzaville",1980,0.484019393664014,76.96,0.02,0,0,0,0,0,0,0,0,0,0,0,0,0,0,0,0,0,0,0,0.22,0,0,0,51.7,8.29,0,0,0,0.09,0,0,0,0.49,0.04,0,0,0.81,0.08,0.3,0,0,4.93,9.99,0,0
"CongoR Brazzaville",1981,0.789819319448208,47.15,0.78,0,0,0,0,0,0,0,0,0,0,0,0,0,0,0,0,0,0,0,0.14,0,0.01,0,41.82,2.15,0,0,0,0.04,0,0,0,0.11,0,0,0,0.09,0.04,0.31,0,0,1.15,0.51,0,0
"CongoR Brazzaville",1982,0.634040929621562,65.61,0.56,0,0,0,0,0,0,0,0,0,0,0,0,0,0,0,0,0,0,0,0.12,0,0.01,0,51.79,4.32,0,0,0,0.05,0,0,0,0.17,0.31,0,0,0.35,0.16,0.16,0,0,1.7,4.89,1.02,0
"CongoR Brazzaville",1983,0.375818977589634,82.85,0.06,0,0,0,0,0,0,0,0,0,0,0,0,0,0,0,0,0,0,0.01,0.11,0,0,0.04,47.16,6.75,0,0,0,0.09,0,0,0,0.63,0,0,0,0,0.15,0.12,0,0,14.36,9.33,4.04,0
"CongoR Brazzaville",1984,0.388802647711887,79.99,0.04,0,0,0,0,0,0,0,0,0,0,0,0,0,0,0,0,0,0,0.01,1.54,0,0,0.03,47.62,7.14,0,0,0,10.2,0,0,0,0.14,0.06,0,0,0,0.13,0.08,0,0,2.69,6.21,4.1,0
"CongoR Brazzaville",1985,0.563626266886003,48.13,0.05,0,0,0,0,0,0,0,0,0,0,0,0,0,0,0,0,0,0,0.01,0.1,0,0,0,35.35,5.98,0,0,0,4.34,0,0,0,0.13,0.06,0,0,0,0.21,0.15,0,0,0.35,1.03,0.37,0
"CongoR Brazzaville",1986,0.77153552109768,105.23,0.25,0,0,0,0,0,0,0,0,0,0,0,0,0,0,0,0,0,0,0,2.38,0,0,0,92.09,7.27,0,0,0,1.77,0,0,0,1.07,0.06,0,0,0,0.14,0.19,0,0,0,0,0.01,0
"CongoR Brazzaville",1987,0.753653959542923,136.07,0.08,0,0,0,0.01,0,0,0,0,0,0,0,0,0,0,0,0,0,0,0,3.14,0,0,0,117.63,6.22,0,0,0,8.27,0,0,0,0.25,0.02,0,0,0,0.16,0.29,0,0,0,0,0,0
"CongoR Brazzaville",1988,0.580828296288588,75.31,0.13,0,0,0,0,0,0,0,0,0,0,0,0,0,0,0,0,0,0,0.01,0.17,0,0,0,56.42,8.58,0,0,0,5.21,0,0,0,2.98,0.15,0,1,0,0.13,0.53,0,0,0,0,0,0
"CongoR Brazzaville",1989,0.706453587562985,82.09,0.12,0,0,0,0.02,0,0,0,0,0,0,0,0,0,0,0,0,0,0,0.02,0.01,0,0,0.03,68.48,7.73,0,0,0,2.66,0,0,0,0.37,0.1,0,1.98,0,0.14,0.43,0,0,0,0,0,0
"CongoR Brazzaville",1990,0.731353312283818,199.13,0.38,0,0,0,0,0,0,0,0,0,0,0,0,0,0,0,0,0,0,0.02,0.83,0,0,0,169.31,6.78,0,0,0,16.38,0,0,0,0.4,0.04,0,4.34,0.08,0.17,0.4,0,0,0,0,0,0
"CongoR Brazzaville",1991,0.67425929449692,143.85,3.26,0.1,0,0,0,0,0,0,0,0,0,0,0,0,0,0,0,0,0,0.02,0.37,0,0,0,117.09,9.06,0,0,0,12.19,0,0,0,0.17,0.05,0,0.22,0.58,0.13,0.61,0,0,0,0,0,0
"CongoR Brazzaville",1992,0.508422681442271,96.94,1.92,0.1,0,0,0.02,0,0,0,0,0,0,0,0,0,0,0,0,0,0,0.02,6.62,0,0,0,67.34,11.01,0,0,0,8.59,0,0,0,0.06,0.11,0,0,0.04,0.5,0.6,0,0,0,0.01,0,0
"CongoR Brazzaville",1993,0.719100650389291,115.61,2.4,0.19,0,0,0,0,0,0,0,0,0,0,0,0,0,0,0,0,0,0.03,0.63,0,0,0,97.1,13.23,0,0,0,0.27,0,0,0,0.04,0.06,0,0,1.19,0.13,0.34,0,0,0,0,0,0
"CongoR Brazzaville",1994,0.904452083786202,313.45,0.38,0.07,0,0,0.01,0,0,0,0,0,0,0,0,0,0,0,0,0,0,0.03,2.06,0,0,0,297.83,12.49,0,0,0,0.33,0,0,0,0.06,0.06,0.01,0,0,0.12,0,0,0,0,0,0,0
"CongoR Brazzaville",1995,0.828885253010709,142.25,0.3,0.08,0,0,0.01,0,0,0,0,0,0,0,0,0,0,0,0,0,0,0.03,0.87,0,0,0,129.03,11.08,0,0,0,0.23,0,0,0,0.05,0.03,0.07,0.01,0.32,0.14,0,0,0,0,0,0,0
"CongoR Brazzaville",1996,0.434685289916635,419.8,0.18,0.04,0,0,0,0,0,0,0,0,0,0,0,0,0,0,0,0,0,0.02,0.66,0,0,0,250.25,6.66,0.03,0,0,50.36,0,0.28,0,2.32,0.03,0,106.73,0.56,0.13,1.54,0,0,0,0.01,0,0
"CongoR Brazzaville",1997,0.894187386497887,309.39,0.12,0,0,0,0,0,0,0,0,0,0,0,0,0,0,0,0,0,0,0.03,0.7,0,0,0.13,292.36,10.37,0.07,0,0,2.96,0,0,0,0.24,0.79,0,0,1.24,0.38,0,0,0,0,0,0,0
"CongoR Brazzaville",1998,0.317287176016493,71.83,0.17,0,0,0,0,0,0,0,0,0,0,0,0,0,0.03,0,0,0,0,0.09,1.35,0,0,0,35.99,13.47,0.25,0,0,3.46,0,0,0,0.07,0.54,0,0,10.77,0.11,5.49,0,0.04,0,0,0,0
"CongoR Brazzaville",1999,0.465359582889274,129.82,0.04,0,0,0,0,0,0,0,0,0,0,0,0,0,0.03,0,0,0,0,0.09,0.06,0,0,0,32.88,3.76,0.06,0,0,81.91,0,0.02,0,2.9,1.45,0,0.07,0.89,0.41,5.18,0,0.07,0,0,0,0
"CongoR Brazzaville",2000,0.534574709831095,34.02,0.07,0.02,0,0,0,0,0,0,0,0,0,0,0,0,0.02,0,0,0,0,0.06,0.01,0,0,0,24.55,2.34,0.11,0,0,1.72,0,0.77,0,0,1.98,0,0.03,1.63,0.6,0.04,0,0.07,0,0,0,0
"CongoR Brazzaville",2001,0.51854638753531,28.91,0.17,0,0,0,0,0,0,0,0,0,0,0,0,0,0.01,0,0,0,0,0.17,0.21,0,0,0.03,20.56,1.66,0.02,0,0,1.45,0,0.18,0,1.43,0.34,0,0.83,1.68,0.06,0,0,0.11,0,0,0,0
"CongoR Brazzaville",2002,0.655196473449948,58.72,0.16,0.06,0,0,0,0,0,0,0,0,0,0,0,0,0.01,0,0,0,0,0.06,1.3,0,0,0.08,47.28,2.6,0.18,0,0,3.16,0,0.42,0,0.18,0.36,0,0,2.16,0.36,0.32,0,0.03,0,0,0,0
"CongoR Brazzaville",2003,0.422657876426864,38.1,0.1,0.01,0,0,0,0,0,0,0,0,0,0,0,0,0.01,0,0,0,0,0.09,0.86,0,0,0.15,24.01,1.82,0.18,0,0,0.18,0,0.12,0,2.74,0.69,0,0.13,3.02,0.02,3.97,0,0,0,0,0,0
"CongoR Brazzaville",2004,0.633809872666815,79.11,0.31,0.06,0,0,0,0,0,0,0,0,0,0,0,0,0.01,0,0,0,0,0.12,1.43,0,0,0.14,62.62,1.12,0.51,0,0,0.74,0,0.16,0,1.28,1.73,0,0.19,3.56,0.2,4.87,0,0.02,0,0,0,0.04
"CongoR Brazzaville",2005,0.609568570038831,1407.34,0.17,0.08,0,0,0,0,0,0,0,0,0,0,0,0,0,0,0,0,0,3.15,21.28,0,0,0.14,1085.58,72.42,0.63,0,0,62.18,0,0.19,0,6.08,2.64,0,138.08,2.22,11.9,0.58,0,0.01,0,0,0,0.01
"CongoR Brazzaville",2006,0.675849852835459,310.29,0.4,0.25,0,0,0,0,0,0,0,0.03,0,0,0,0,0.02,0,0,0,0,0.05,1.86,0,0,0.01,251.4,7.36,0.23,0,0,42.41,0,0.24,0,0.14,1,0,0.44,3.2,0,0.64,0,0,0,0,0.02,0.59
"CongoR Brazzaville",2007,0.441989773387053,60.61,4.99,1.05,0,0,0,0,0,0,0,0.03,0,0,0,0,0.11,0,0,0,0,0.04,0.31,0,0,0.03,38.92,8.41,0.5,0,0.42,0,0,0.31,0,0,0.69,0,0.97,3.15,0.41,0.2,0,0,0,0,0.04,0.03
"CongoR Brazzaville",2008,0.917275503012726,410.08,10.62,0.34,0,0.01,0,0,0,0,0,0.01,0,0,0,0,0.05,0,0,0,0,0.05,1.11,0,0,0.05,392.6,1.22,0.8,0,0.01,0.4,0,0.13,0,0,0.04,0,0.68,1.57,0.19,0.02,0,0.01,0,0,0.03,0.14
"CongoR Brazzaville",2009,0.290816547724171,242.71,0.38,0.01,0,0,0,0,0,0,0,0.05,0,0,0,0.01,0.11,0,0,0,0.04,0.09,10.02,0,0.08,0,112.83,35.25,0.63,0,0,32.58,0,0,0,0,0.1,0,44.35,0.62,5.34,0,0,0.02,0,0,0.03,0.17
"CongoR Brazzaville",2010,0.597267601897832,1205.69,5.98,0.27,0,0,0,0,0,0,0,0.12,0,0.01,0,0,0.04,0.03,0,0,0,0.05,60.58,0,0.1,0,918.93,9.38,0.58,0,0,117.03,0,0.07,0,0,0.57,0,0.49,1.38,10.68,78.75,0,0,0,0,0.03,0.62
"CongoR Brazzaville",2011,0.495525345369956,258.09,7.22,0.15,0,0,0.25,0,0,0,0,0.06,0,0,0,0,0.05,0.06,0,0,0,0.01,0.21,0,0.02,0.02,89.95,157.68,0.36,0,0,0.04,0,0.28,0,0,0.19,0,0.52,0.12,0.47,0,0,0.03,0,0,0,0.4
"CongoR Brazzaville",2012,0.385196325530853,83.41,5.07,0.05,0,0,0.55,0,0,0,0,0.04,0,0,0,0,0.02,0,0.28,0,0,0.03,0.22,0,0.08,0.01,34.66,38.06,0.27,0,0.47,0.03,0,0.04,0,0,0.06,0,1.51,0.97,0.08,0.08,0,0.02,0,0,0.33,0.48
"CongoR Brazzaville",2013,0.698181309610649,85.4,6.13,0.13,0,0,0.57,0,0,0,0,0,0,0,0,0,0.02,0.01,0,0,0,0.05,0.19,0,3.56,0.01,70.98,0.75,0.19,0,0,0.16,0,0,0,0,0.42,0.02,1.47,0,0.14,0,0,0.01,0,0,0.31,0.28
"CongoR Brazzaville",2014,0.543040163168182,71.75,6.39,0.02,0,0,0.16,0,0,0,0,0.01,0,0,0,0,0.03,0.01,0,0,0,0.01,0.01,0,0,0,51.54,0.65,0.25,0,9.83,0.69,0,0.09,0,0,0.49,0,0.3,0.47,0.18,0,0,0.01,0,0,0.36,0.25
"CongoR Brazzaville",2015,0.784770364811431,61.88,0.94,0.11,0,0.02,0.1,0,0,0,0,0,0,0,0,0,0,0.02,1.21,0,0,0.02,0.08,0,0,0.02,54.75,0.49,0.23,0,1.92,0.88,0,0,0,0,0.24,0,0.05,0,0.27,0,0,0.01,0,0,0.38,0.14
"CongoR Brazzaville",2016,0.725560821734374,52.07,3.82,0.11,0,0.03,0.04,0,0,0,0,0,0,0,0,0,0,0,0,0,0,0.04,1.21,0,0,0.02,44.16,0.43,0.01,0,0,0.65,0,0,0,0,0.36,0.1,0.13,0,0.2,0.12,0,0,0,0,0.33,0.31
"CongoR Brazzaville",2017,0.695546090150276,67.01,3.17,0.1,0,0.07,0,0,0,0,0,0,0,0,0,0,0.03,0.01,1,0,0,0.04,0.02,0,0,0,55.71,0.54,0.01,0.11,0,0.88,0,0.14,0,0.02,0.26,0.15,1,0,0.26,2.38,0,0,0,0,0.43,0.68
"CongoR Brazzaville",2018,0.754149573271017,70.37,2.81,0,0,0,0,0,0,0,0,0.01,0,0,0,0,0.04,0.01,0,0,0,0.02,0.02,0,0,0,60.97,0.66,0,0,0.03,0.63,0,0,0.03,0.24,0.53,0.03,0.75,0.01,0.2,2.68,0,0,0,0,0.52,0.18
"CongoR Brazzaville",2019,0.68795011368834,113.32,3.12,0,0,0,0,0,0,0,0,0,0,0.01,0,0,0.09,0.01,0,0,0,0,0.02,0,2.52,0,93.52,0.72,0.09,0,0,0.34,0,0,0,0.27,0.61,0.01,0.56,0,0.08,8.09,0,0,0,0,1.68,1.58
"CongoR Brazzaville",2020,0.773847896205725,85.63,4.07,0,0,0,0,0,0,0,0,0,0,0.01,0,0,0,0.02,0,0,0,0.04,0.3,0,0.14,0,75.18,0.62,0,0,0.02,0.1,0,0,0,0.06,0.65,0,0.23,0.35,0.19,1.11,0,0.02,0,0,1.47,1.05
"CongoR Brazzaville",2021,0.550683204260062,71.54,8.78,0,0,0,0,0,0,0,0,0,0,0,0,0,0.08,0.03,0,1.4,1.55,0,0.94,0,0.11,0,52.26,0.7,0,0,0.02,0.83,0,0,0,0.52,0.9,0.01,1.06,0.74,0.31,0.12,0,0.02,0,0,0.9,0.26
"CongoR Brazzaville",2022,0.851837730806739,121.168809,4.779882,0,0,0,0,0,0,0,0,0,0,0.001621,0.001337,0,0.055087,0.027759,0,0,0,0,0.009097,0,0.005728,1.460715,111.715378,0.523329,0.005743,0,0.016639,0.333532,0,0,0.000331,0.39583,0.576843,0.004695,0.243962,0.374039,0.393693,0.045867,0,0.003803,0,0,0,0.193899
"CongoR Brazzaville",2023,0.846265183576024,111.003497,3.006038,0.369039,0,0,0,0,0,0,0,0,0,0,0,0,0.053407,0.064792,0,0,0,0.018209,0.891418,0,0.007137,0,102.050384,0.677421,0.005657,0,0.028404,1.100315,0,0,0,0.901201,0.426353,0,0.161777,0.287746,0.54237,0,0,0.002658,0,0,0,0.409171
"CongoR Brazzaville",2024,0.755910472205305,100.318036,4.193114,0.068318,0,0,0,0,0,0,0,0.009943,0,0,0.021268,0,0,0.044349,0,0,0,0,0.004557,0.02117,0.009195,0,86.925324,0.472925,0.015039,0,0.695796,0.558723,0,0.029384,0,0.300485,0.586612,0,0.069661,0.06715,0.280878,0.009067,0,0.018256,0,0,5.661383,0.255439
"Cote D'Ivoire",1960,NA,0,0,0,0,0,0,0,0,0,0,0,0,0,0,0,0,0,0,0,0,0,0,0,0,0,0,0,0,0,0,0,0,0,0,0,0,0,0,0,0,0,0,0,0,0,0,0
"Cote D'Ivoire",1961,NA,0,0,0,0,0,0,0,0,0,0,0,0,0,0,0,0,0,0,0,0,0,0,0,0,0,0,0,0,0,0,0,0,0,0,0,0,0,0,0,0,0,0,0,0,0,0,0
"Cote D'Ivoire",1962,1,0.02,0,0,0,0,0,0,0,0,0,0,0,0,0,0,0,0,0,0,0,0,0,0,0,0,0,0.02,0,0,0,0,0,0,0,0,0,0,0,0,0,0,0,0,0,0,0,0
"Cote D'Ivoire",1963,1,0.11,0,0,0,0,0,0,0,0,0,0,0,0,0,0,0,0,0,0,0,0,0,0,0,0,0,0.11,0,0,0,0,0,0,0,0,0,0,0,0,0,0,0,0,0,0,0,0
"Cote D'Ivoire",1964,0.994432627424434,28.68,0,0,0,0,0,0,0,0,0,0,0,0,0,0,0,0,0,0,0,0,0,0,0,0,28.6,0.05,0,0,0,0.01,0,0,0,0,0,0,0,0,0,0.02,0,0,0,0,0,0
"Cote D'Ivoire",1965,0.944091053939166,28.52,0,0,0,0,0,0,0,0,0,0,0,0,0,0,0,0,0,0,0,0,0,0,0,0,27.7,0.79,0,0,0,0.01,0,0,0,0,0,0,0,0,0,0.02,0,0,0,0,0,0
"Cote D'Ivoire",1966,0.887160557477408,24.89,0,0,0,0,0,0,0,0,0,0,0,0,0,0,0,0,0,0,0,0,0.03,0,0,0,23.4,1.43,0,0,0,0,0,0,0,0,0,0,0,0,0,0.03,0,0,0,0,0,0
"Cote D'Ivoire",1967,0.851803295529257,31.2,0,0,0,0,0,0,0,0,0,0,0,0,0,0,0,0,0,0,0,0,0.11,0,0,0,28.7,2.34,0,0,0,0.01,0,0,0,0,0,0,0,0,0,0.04,0,0,0,0,0,0
"Cote D'Ivoire",1968,0.872272144320365,35.95,0,0,0,0,0,0,0,0,0,0,0,0,0,0,0,0,0,0,0,0,0.1,0,0,0,33.5,2.25,0,0,0,0.01,0,0,0,0,0,0,0,0,0.04,0.05,0,0,0,0,0,0
"Cote D'Ivoire",1969,0.725782983409227,38.54,0.01,0,0,0,0,0,0,0,0,0,0,0,0,0,0,0,0,0,0,0,0.16,0,0,0,32.3,5.89,0,0,0,0.01,0,0,0,0,0,0,0,0,0.03,0.14,0,0,0,0,0,0
"Cote D'Ivoire",1970,0.668322458658286,37.42,0,0,0,0,0,0,0,0,0,0,0,0,0,0,0,0,0,0,0,0,0.23,0,0.53,0,30,5.93,0,0,0,0.05,0,0,0,0.56,0,0,0,0,0.04,0.08,0,0,0,0,0,0
"Cote D'Ivoire",1971,0.566560199360998,40.22,0.04,0,0,0,0,0,0,0,0,0,0,0,0,0,0,0,0,0,0,0,0.28,0,1.19,0,29,8.56,0,0,0,0.03,0,0,0,0.82,0,0,0,0,0.21,0.09,0,0,0,0,0,0
"Cote D'Ivoire",1972,0.819262930740884,56.78,0.04,0,0,0,0,0,0,0,0,0,0,0,0,0,0,0,0,0,0,0,0.39,0,0.31,0,51.27,3.39,0,0,0,0.21,0,0,0,0.92,0,0,0,0,0.15,0.1,0,0,0,0,0,0
"Cote D'Ivoire",1973,0.614293869895317,52.92,0.06,0,0,0,0,0,0,0,0,0,0,0,0,0,0,0,0,0,0,0,0.87,0,0,0,40.5,8.63,0,0,0,0.26,0,0,0,2.16,0,0,0,0,0.34,0.1,0,0,0,0,0,0
"Cote D'Ivoire",1974,0.674799814933076,55.4,0.36,0,0,0,0,0,0,0,0,0,0,0,0,0,0,0,0,0,0,0,1.08,0,0,0,45.09,5.73,0,0,0,0.2,0,0,0,1.28,0.04,0,0,0.02,0.14,1.46,0,0,0,0,0,0
"Cote D'Ivoire",1975,0.677090199142064,78.01,0.17,0,0,0,0,0,0,0,0,0,0,0,0,0,0,0,0,0,0,0,1.86,0,0,0,63.24,10.79,0,0,0,0.21,0,0,0,1.02,0.22,0,0,0,0.3,0.2,0,0,0,0,0,0
"Cote D'Ivoire",1976,0.64956845255949,79.38,0.15,0,0,0,0,0,0,0,0,0,0,0,0,0,0,0,0,0,0,0.09,3.78,0,0,0,63.32,7.86,0,0,0,0.17,0,0,0,1.41,0.17,0,0,0,0.09,2.34,0,0,0,0,0,0
"Cote D'Ivoire",1977,0.695149910197578,77.51,0.23,0,0,0,0,0,0,0,0,0,0,0,0,0,0,0,0,0,0,0.15,4.09,0,0,0,64.1,6.94,0,0,0,0.12,0,0,0,1.58,0.08,0,0,0,0.07,0.15,0,0,0,0,0,0
"Cote D'Ivoire",1978,0.553797712535416,88.24,0.33,0,0,0,0.01,0,0,0,0,0,0,0,0,0,0,0,0,0,0,0.16,4.21,0,0,0,62.76,18.8,0,0,0,0.05,0,0,0,1.34,0.2,0,0,0,0.13,0.25,0,0,0,0,0,0
"Cote D'Ivoire",1979,0.556406975462366,133.27,0.15,0,0,0,0,0,0,0,0,0,0,0,0,0,0,0,0,0,0,0.18,11.83,0,0.02,0.01,96.29,21.59,0,0,0,0.02,0,0,0,1.86,0.23,0,0,0,0.17,0.92,0,0,0,0,0,0
"Cote D'Ivoire",1980,0.662723552252792,160.72,0.24,0,0,0,0,0,0,0,0,0,0,0,0,0,0,0,0,0,0,0.01,10.01,0,0.02,0,129.55,14.73,0,0,0,0.05,0,0,0,2.12,0.03,0,0,0,0.25,3.71,0,0,0,0,0,0
"Cote D'Ivoire",1981,0.601830802783019,101.31,2.92,0,0,0,0,0,0,0,0,0,0,0,0,0,0,0,0,0,0,0.01,4.89,0,0.04,0,77.53,10.85,0,0,0,0.16,0,0,0,0.83,0,0,0,0,0.18,3.9,0,0,0,0,0,0
"Cote D'Ivoire",1982,0.586368981827227,106.64,1.83,0,0,0,0,0,0,0,0,0,0,0,0,0,0,0,0,0,0,0.01,6.16,0,0.07,0,79.94,15.22,0,0,0,0.33,0,0,0,0.44,0.3,0,0,0,0.21,2.11,0,0,0.02,0,0,0
"Cote D'Ivoire",1983,0.623745719497298,142.57,0.75,0,0,0,0,0,0,0,0,0,0,0,0,0,0,0,0,0,0,0.03,3.05,0,0.11,0,110.43,21.34,0,0,0,0.8,0,0,0,3.89,0.31,0,0,0,0.29,1.54,0,0,0.03,0,0,0
"Cote D'Ivoire",1984,0.621895563694914,110.34,0.65,0,0,0,0,0,0,0,0,0,0,0,0,0,0,0,0,0,0,0.01,3.23,0,0.17,0,84.93,18.59,0,0,0,0.68,0,0,0,0.58,0.18,0,0,0,0.23,1.03,0,0,0.06,0,0,0
"Cote D'Ivoire",1985,0.53961810077516,111.42,7.94,0,0,0,0,0,0,0,0,0,0,0,0,0,0,0,0,0,0,0.02,2.92,0,0.18,0.01,79.31,18.31,0,0,0,0.67,0,0,0,0.43,0.2,0,0,0,0.2,1.18,0,0,0.05,0,0,0
"Cote D'Ivoire",1986,0.467214896348967,157.1,16.22,0,0,0,0,0,0,0,0,0,0,0,0,0,0,0,0,0,0,0.05,2.92,0,0.23,0.01,100.88,32.82,0,0,0,0.98,0,0,0,0.59,0.1,0,0,0,0.24,2.02,0,0,0.04,0,0,0
"Cote D'Ivoire",1987,0.75130792406731,220.77,2.81,0,0,0,0,0,0,0,0,0,0,0,0,0,0,0,0,0,0,0.05,4.65,0,0.15,0,190.58,15.96,0,0,0,2.89,0,0,0,1,0.28,0,0,0,0.5,1.9,0,0,0,0,0,0
"Cote D'Ivoire",1988,0.622330379139847,245.88,18.41,0,0,0,0,0,0,0,0,0,0,0,0,0,0,0,0,0,0,0.05,4.85,0,0.2,0.08,191.56,23.36,0,0,0,2.15,0,0,0,0.65,0.21,0,0,0,0.42,3.94,0,0,0,0,0,0
"Cote D'Ivoire",1989,0.669657488335148,257.79,25.79,0.01,0,0,0,0,0,0,0,0,0,0,0,0,0,0,0,0,0,0.06,3.74,0,0.15,0,208.81,14.63,0,0,0,1.14,0,0,0,0.49,0.11,0,0.01,0,0.39,2.46,0,0,0,0,0,0
"Cote D'Ivoire",1990,0.729115236322128,591.4,55.23,0,0,0,0,0,0,0,0,0,0,0,0,0,0,0,0,0,0,0.06,4.51,0,0.73,0.07,501.42,22.53,0,0,0,2.01,0,0.27,0,1.17,0.33,0,0.11,0,1.25,1.71,0,0,0,0,0,0
"Cote D'Ivoire",1991,0.617442976289827,460.37,51.03,0.27,0,0,0,0,0,0,0,0,0,0,0,0,0,0,0,0,0,0.09,3.6,0,3.66,0.51,356.55,32.7,0,0,0,2.42,0,0.08,0,1.45,1.01,0,0.07,0.17,4.21,2.55,0,0,0,0,0,0
"Cote D'Ivoire",1992,0.817499135721757,540.45,12,0.27,0.06,0,0,0,0,0,0,0,0,0,0,0,0,0,0,0,0,0.07,3.71,0,0.85,0.03,487.78,25.16,0,0,0,0.13,0,0.13,0,0.62,0.62,0.01,0.1,0,7.52,1.39,0,0,0,0,0,0
"Cote D'Ivoire",1993,0.745076756941343,724.49,43.12,0.24,0,0,0,0,0,0,0,0,0,0,0,0,0,0,0,0,0,0.07,3.43,0,0.36,0,622.14,45.95,0,0,0.02,0.27,0,0.13,0,0.78,0.5,0,0.18,0.23,6.14,0.73,0,0,0.2,0,0,0
"Cote D'Ivoire",1994,0.712644873732992,927.31,20.4,0.29,0.07,0,0,0,0,0,0,0,0,0,0,0,0,0,0,0,0,1,12.59,0,0.48,0,778.62,52.01,0,0,0,0.1,0,0.17,0,0.24,0.4,0,57.15,0,3.03,0.58,0,0,0.18,0,0,0
"Cote D'Ivoire",1995,0.61395661862481,837.84,54.87,0.47,0,0,0,0,0,0,0,0,0,0,0,0,0,0,0,0,0,1.64,10.95,0,0.25,0,648.97,75.26,0,0,0.12,29.59,0,0.14,0,0.59,11.99,0.1,0.28,0.06,1.14,1.38,0,0,0.04,0,0,0
"Cote D'Ivoire",1996,0.660729574018178,606.74,58.39,0.32,0,0,0,0,0,0,0,0,0,0,0,0,0,0,0,0,0,1.7,5.73,0,0,0,488.31,34.73,0.02,0,0,0.51,0,0.13,0,0.67,2.13,0.01,0.71,0.38,1.58,11.41,0,0,0.01,0,0,0
"Cote D'Ivoire",1997,0.576850162340448,350.45,33.51,0.36,0,0,0,0,0,0,0,0,0,0,0,0,0,0,0,0,0,1.57,16.07,0,0.98,0,262.57,21.47,0.25,0,0,0.5,0,0.07,0,5.97,0.23,0,4.08,0.15,0.41,2.1,0,0.16,0,0,0,0
"Cote D'Ivoire",1998,0.36671776265412,579.02,39.99,0.24,0,0,0,0,0,0,0,0,0,0,0,0,0.01,0,0,0,0,1.85,35.55,0,0,0.02,336.07,40.01,0.19,0,0.02,28.25,0,0.11,0,23.56,0.2,0,64.22,0.17,0.53,7.69,0,0.34,0,0,0,0
"Cote D'Ivoire",1999,0.508940109579788,440.36,56.1,0.24,0,0,0,0,0,0,0,0,0,0,0,0,0,0,0,0,0,1.93,4.23,0,0.99,0.04,305.81,40.34,0.15,0,0,0.16,0,0.02,0,10.23,0.09,0,16.33,0.28,0.53,1.39,0,0.32,1.18,0,0,0
"Cote D'Ivoire",2000,0.565042697222337,317.66,23.41,0,0,0,0.01,0,0,0,0,0,0,0,0,0,0,0,0,0,0,2.23,14.35,0,0,0,236.09,15.91,0.15,0,0,0.21,0,0,0,10.3,0.15,0,12.61,0.21,0.31,1.09,0,0.3,0.33,0,0,0
"Cote D'Ivoire",2001,0.606458198075711,198.95,4.31,0,0,0,0,0,0,0,0,0.01,0,0,0,0,0,0,0,0,0,2.12,2.98,0,0,0,153.3,19.01,0.14,0,0,0.32,0,0,0,7.59,0.24,0.03,7.12,0.11,0.26,1.21,0,0.19,0.01,0,0,0
"Cote D'Ivoire",2002,0.657226748449494,881.29,5.21,0.01,0,0,0,0,0,0,0,0.03,0,0,0,0,0,0,0,0,0,2.6,44.84,0,0.69,0.06,710.43,32.78,0.03,0,0,0.32,0,0.49,0,24.33,0.51,0.08,43.35,0.23,3.17,11.72,0,0.15,0.26,0,0,0
"Cote D'Ivoire",2003,0.491713326243955,273.65,2.44,0.13,0,0,0,0.03,0,0,0,0.01,0,0,0,0,0,0,0,0,0,2.87,5.26,0,0,0,183.16,54.7,0.23,0,0,0.71,0,0.02,0,14.89,0.87,0,1.12,2.78,1.83,2.14,0,0.12,0.34,0,0,0
"Cote D'Ivoire",2004,0.352304454315149,215.74,1.9,0.19,0,0,0,0,0,0,0,0.02,0,0,0,0,0,0,0,0,0,3.04,8.44,0,0,0.62,116.44,14.46,0.66,0,0,49.73,0,1.25,0,1.98,3.04,0.1,3.92,1.64,2.19,5.88,0,0.12,0.12,0,0,0
"Cote D'Ivoire",2005,0.485106815724875,144.54,1.37,0.26,0,0,0,0,0,0,0,0.06,0,0,0,0,0,0,0,0,0,3.13,5.06,0,0,0.33,99.28,13.2,0.1,0,0,1.18,0,0.58,0,2.42,3.86,0.23,3.61,3.61,2.91,3.07,0,0.13,0.15,0,0,0
"Cote D'Ivoire",2006,0.486036469645087,207.72,16.61,1.03,0,0.01,0.01,0,0,0,0,0.03,0,0,0,0,0,0,0,0,0,3.61,5.01,0,0,0.63,142.74,13,0.26,0,1.98,0.76,0,0.02,0,1,3.75,0.12,4.28,7.83,1.88,3.05,0,0.09,0,0,0,0.02
"Cote D'Ivoire",2007,0.348979096843268,145.54,6.54,0.85,0,0,0.01,0,0,0,0,0.01,0,0,0,0,0,0,0,0,0,4.9,6.55,0,0,0,82.32,20.54,0.49,0,2.72,0.82,0,0.55,0,1.51,4.67,0.2,3.09,5.74,1.59,2.32,0,0.08,0,0,0,0.04
"Cote D'Ivoire",2008,0.270639663486602,150.05,19.51,1.73,0,0,0,0,0,0,0,0.02,0,0,0,0,0,0,0,0,0,5.16,5.19,0,1.39,0.32,70.13,25.61,0.09,0,0.05,1.74,0,0.02,0,0.1,3.6,0.18,5.23,5.55,1.52,0.34,0,0.76,1.71,0,0,0.1
"Cote D'Ivoire",2009,0.691009508127657,1501.4,10.39,0.98,0,0.01,0,0,0,0,0,0.04,0,0,0,0,0,0,0,0,0,17.75,38.03,0,4.02,0.55,1243.68,15.87,0.15,0,0.03,65.97,0,0.42,0,42.96,1.57,0.03,50.77,2.97,2.53,0.4,0,0.37,1.75,0,0,0.16
"Cote D'Ivoire",2010,0.266007502312868,393.26,85.04,1.23,0,0.01,0.03,0,0,0,0,0.05,0,0,0,0,0,0.01,0,0,0,4.47,3.44,0,0.01,0.46,153.59,97.63,0.02,0.09,0.41,2.24,0,0.51,0,5.46,1.72,0,4.96,1.24,2.57,26.07,0,0.19,0.94,0,0.76,0.11
"Cote D'Ivoire",2011,0.732625746943913,657.21,8.33,1.03,0,0,0.79,1.13,0,0,0,0.02,0.08,0,0,0,0,0.1,1.51,0,0,1.8,2.7,0,5.92,1.45,561.71,19.46,0.03,0.1,0.79,1.22,0,0.32,0,8.92,7.43,0.09,4.47,5.3,7.02,13.54,0,0.06,1.56,0,0.02,0.31
"Cote D'Ivoire",2012,0.540344628468094,2013.34,30.88,1.04,0,0,0.49,0,0,0,0,0.01,0,0,0,0,0,0.11,0.21,0,0,98.92,273.64,0,0.09,0.37,1448.27,14.39,0.02,0,0.05,7.62,0,0.07,0,0,7.61,0.06,21.18,3.01,18.84,77.43,0,0.12,8.43,0,0.02,0.46
"Cote D'Ivoire",2013,0.278955080490969,1239.34,243.06,1.89,0,0.01,0.56,0,0,0,0,0.01,0.01,0,0,0,0,0.04,0,0,0,0.07,1.95,0,0,0.66,234.92,508.89,0.01,0,0,0.62,0,0.08,0,0,1.02,0.05,234.94,2.3,2.17,2.22,0,0.14,2.87,0,0.01,0.84
"Cote D'Ivoire",2014,0.694934250575955,403.72,26.59,2.56,0,0,0.12,0,0,0,0,0,0,0,0,0,0,0.01,0,0,0,0.06,0.59,0,0.75,0.49,334.86,18.73,0.01,0,0,0.54,0,0.16,0,0,1.09,0.03,0.49,1.8,2.56,6.48,0,0.03,3.87,0,0.7,1.2
"Cote D'Ivoire",2015,0.724370211460039,329.07,22.03,3.54,0,0.02,0.19,0,0,0,0,0,0.01,0,0,0,0,0.02,0,0,0,0.04,0.4,0,0,0.47,278.71,15.85,0.01,0,0.01,1.29,0,0.06,0,0,1.08,0.02,0.18,0.81,2.5,1.07,0,0.02,0.11,0,0.45,0.18
"Cote D'Ivoire",2016,0.717247012701166,350.42,22.55,6.02,0,0.03,1.54,0,0,0,0,0,0,0,0,0,0,0.03,0,0,0,0.05,0.29,0,0,0.39,295.47,14.44,0,0,0.01,0.77,0,0.09,0,0,0.35,0.03,1.2,0.76,1.52,0.79,0,0.16,2.96,0,0.02,0.95
"Cote D'Ivoire",2017,0.378849292860411,532.97,38.43,6.3,0,0,0.02,0,0,0,0,1.15,0,0,0,0,0.05,0.05,0,0,0,0.03,0.14,0,0,0.24,297.08,58.2,0,0,0.02,3.2,0,0.07,0,0,0.3,0.03,120.13,1.1,1.07,0.49,0,0,2.42,0,1.04,1.41
"Cote D'Ivoire",2018,0.690981295903993,492.02,24.96,0,0,0,0.08,0,0,0,0,0,0,0,0,0,0,0.02,0,0,0,0.02,0.1,0,0,0.18,406.93,16.76,0,0,0.02,4.79,0,0.09,0,0.01,0.4,0.05,8.27,1.1,0.95,0.88,0,0.24,26.17,0,0,0
"Cote D'Ivoire",2019,0.508403889006737,682.04,52.53,0,0,0,0.04,0,0,0,0,0,0,0,0,0.03,0.01,0.03,0,0,0,0.01,0.86,0,0,0.11,463.53,136.66,0,0,0.02,3.4,0,0.13,0,0.03,0.15,0.71,8.33,1.22,0.92,1.74,0,0.05,10.72,0,0.01,0.8
"Cote D'Ivoire",2020,0.478570490236532,500.2,63.17,0,0,0,0.06,0,0,0,0,0,0,0,0,0.03,0,0,0,0,0,0.01,0.28,0,0,0,328.8,86.71,0,0,0.02,3.28,0,0.19,0,0,0.14,0.08,2.93,1.05,0.6,1.88,0,0.08,9.73,0,0.53,0.63
"Cote D'Ivoire",2021,0.524299559849705,517.5,34.26,0,0,0,0.05,0,0,0,0,0,0,0,0,0.06,0.02,0.02,0,0,0,1.16,0.34,0,0,0,361.17,92.74,0,0,0.02,4.34,0,0.14,0,0.02,0.19,0.4,11.48,1.34,0.56,4.75,0,0.23,3.92,0,0.02,0.27
"Cote D'Ivoire",2022,0.53676963373777,907.610028,136.889734,10.497797,0,0,0.04248,0,0,0,0,0,0,0,0,0,0.007108,0.022916,0,0,0,0.523873,0.217401,0,0.106067,0.5739,642.598374,101.728497,0.045793,0,0.044789,3.3112,0,0.127646,1.521197,0.029006,0.203655,0.103617,1.233948,1.307426,2.712832,3.486839,0,0.018626,0,0,0.010482,0.244825
"Cote D'Ivoire",2023,0.48156626443836,832.688555,127.966791,16.222194,0,0,0.626924,0,0,0,0,0,0,0,0,0,0.011281,0.03349,0,0,0,0.299131,0.741315,0,0.146992,0.911976,550.299919,119.958871,0.027033,0,0.073529,2.743914,0,0.475822,0,0.086597,0.10006,0.099729,1.10951,2.698389,0.635087,4.638156,0,0.0575,2.156937,0,0.291173,0.276235
"Cote D'Ivoire",2024,0.514771967744457,651.784947,94.522447,16.337509,0,0,0.01704,0,0,0,0,1.184701,0,0,0,0,0.039585,0.03626,0,0,0,0.147694,1.762656,0,0.217267,0.985896,451.977299,71.924509,0,0,0.063536,3.096307,0,0.406035,0.00037,0.122216,0.07355,0.093843,1.111893,1.68441,1.704202,0.324179,0,0.080675,2.387063,0,0.88361,0.600195
"Djibouti",1977,0.644117095139801,43.8,0,0,0,0,0,0,0,0,0,0,0,0,0,0,0,0,0,0,0,0,0,0,0,0,33.7,0.1,0,0,0,0,0,0,0,0,0,0,0,0,0,0,0,0,0,10,0,0
"Djibouti",1978,0.510025873940915,93.61,0.02,0,0,0,0,0,0,0,0,0,0,0,0,0,0,0,0,0,0,0,0.05,0,0,0,29.21,0.18,0,0,0,0,0,0,0,0,0,0,0,0,0.06,0.09,0,0,0,60,4,0
"Djibouti",1979,0.898627857129615,19.57,0,0,0,0,0,0,0,0,0,0,0,0,0,0,0,0,0,0,0,0,0,0,0,0,18.53,0.88,0,0,0,0,0,0,0,0,0,0,0,0.16,0,0,0,0,0,0,0,0
"Djibouti",1980,0.39145799251073,57.12,0,0,0,0,0,0,0,0,0,0,0,0,0,0,0,0,0,0,0,0,0.05,0,0,0.03,26.95,3.51,0,0,0,0.13,0,0,0,0,0.02,0,0,0.3,0.12,0,0,0,3,23.01,0,0
"Djibouti",1981,0.465558637597819,48.16,0,0,0,0,0.02,0,0,0,0,0,0,0,0,0,0,0,0,0,0,0,0.03,0,0,0,31.37,2.71,0,0,0,0.34,0,0,0,0,0,0,0,0.37,0.08,0.02,0,0,7.22,6,0,0
"Djibouti",1982,0.829088852417624,44.5,0.19,0,0,0,0,0,0,0,0,0,0,0,0,0,0,0,0,0,0,0,0,0,0.08,0,40.44,1.85,0,0,0.1,0.1,0,0,0,0,0,0,0,0,0.02,0.01,0,0,1.71,0,0,0
"Djibouti",1983,0.55641198713901,51.03,0.28,0,0,0,0,0,0,0,0,0,0,0,0,0,0,0,0,0,0,0.01,0,0,0.08,0,36.2,2.78,0,0,0.15,0,0,0,0,0,0,0,0,0,0.1,0,0,0,11.43,0,0,0
"Djibouti",1984,0.339525738016498,77.79,1.27,0,0,0,0,0,0,0,0,0,0,0,0,0,0,0,0,0,0,0.27,0,0,0,0,38.24,2.45,0,0,0.14,0.52,0,0,0,0.01,0.04,0,0,0,1.33,0.01,0,0,13.51,20,0,0
"Djibouti",1985,0.539027957218118,66.37,0.01,0,0,0,0,0,0,0,0,0,0,0,0,0,0,0,0,0,0,0,0.07,0,0,0,47.68,3.92,0,0,0.13,1.24,0,0,0,0,0,0,0,0,0.38,0,0,0,6.13,6.81,0,0
"Djibouti",1986,0.30458427357375,94.02,1.26,0,0,0,0,0,0,0,0,0,0,0,0,0,0,0,0,0,0,0,0.23,0,0,0,40.74,6.61,0,0,0.07,15.28,0,0,0,0,0,0,0,0,0.17,0,0,0,2.3,27.36,0,0
"Djibouti",1987,0.413222064160255,83,1.43,0,0,0,0,0,0,0,0,0,0,0,0,0,0,0,0,0,0,0.02,0.08,0,0.01,0,46.45,2.03,0,0,0,6.19,0,0,0,0,0,0,0,0,0.24,0.27,0,0,0.91,25.37,0,0
"Djibouti",1988,0.37369724521765,75.1,3.57,0,0,0,0,0,0,0,0,0,0,0,0,0,0,0,0,0,0,0.13,0.07,0,0.08,0,41.63,4.24,0,0,0,17.28,0,0,0,0,0,0,0,0,0.26,0.24,0,0,0.95,6.65,0,0
"Djibouti",1989,0.444580101911735,64.29,3.76,0,0,0,0,0,0,0,0,0,0,0,0,0,0,0,0,0,0,0,0.02,0,0.12,0,40.45,3.03,0,0,0,12.96,0,0,0,0,0,0,0,0,0.08,0.13,0,0,0.64,3.1,0,0
"Djibouti",1990,0.308176195766516,176.83,5.81,0,0,0,0,0,0,0,0,0,0,0,0,0,0,0,0,0,0,0,0.02,0,0.04,0.03,58.42,2.14,0,0,0,18.25,0,0,0,0,0,0,0,0,0.14,0.11,0,0,74.56,17.11,0.2,0
"Djibouti",1991,0.37205586659197,89.68,9.99,0,0,0,0,0,0,0,0,0,0,0,0,0,0,0,0,0,0,0,0.13,0,0.04,0.12,48.91,1.9,0,0,0,22.05,0,0.79,0,0,0,0,0,0,0.26,0.22,0,0,2.28,1.59,1.4,0
"Djibouti",1992,0.377613499517821,94.68,6.28,0,0,0,0,0,0,0,0,0,0,0,0,0,0,0,0,0,0,0.82,0.13,0,0.06,0.08,43.46,1.29,0,0,0,38.04,0,0.1,0,0.01,0,0,0,0,0,0.18,0,0,1.96,0.44,1.83,0
"Djibouti",1993,0.32988442416906,108.05,5.67,0,0,0,0,0,0,0,0,0,0,0,0,0,0,0,0,0,0,0,0.16,0,0,0,47.18,0.94,0,0,0,38.92,0,1.4,0,0.02,0,0,0,0,0,0.21,0,0,7.34,4.49,0.72,1
"Djibouti",1994,0.330157801775383,109.71,17.96,0.05,0,0,0,0,0,0,0,0,0,0,0,0,0,0,0,0,0,0,0.73,0,0,0,57.44,1.68,0,0,0,15,0,1.8,0,0,0,0,0,0,0,0.02,0,0,9.94,4.62,0.46,0.01
"Djibouti",1995,0.363324860723202,90.74,28.15,0.03,0,0,0,0,0,0,0,0,0,0,0,0,0,0,0,0,0,0,0.61,0,0,0,46.13,1.61,0,0,0,5.78,0,0.01,0,0,0.01,0,0,0,0.04,0,0,0,4,4.33,0.04,0
"Djibouti",1996,0.426632617002511,82.79,17.89,0.05,0,0,0,0,0,0,0,0,0,0,0,0,0,0,0,0,0,0,0.11,0,0,0,50.46,1.44,0,0,0,4.27,0,0,0,0,0,0,0,0,0,0,0,0,3.61,4.96,0,0
"Djibouti",1997,0.484345405800206,72.72,11.43,0.04,0,0,0,0,0,0,0,0,0,0,0,0,0,0,0,0,0,0,0.09,0,0,0,48.92,1.64,0,0,0,1.71,0,0,0,0,0,0,1.06,0,0,0,0,0.01,4.21,3.61,0,0
"Djibouti",1998,0.448407641859493,69.45,16.95,0,0,0,0,0,0,0,0,0,0,0,0,0,0,0,0,0,0,0,0.08,0,0,0,43.07,1.9,0.02,0,0,1.63,0,0,0,0,0.05,0,1.43,0,0.39,0,0,0.01,0.49,3.43,0,0
"Djibouti",1999,0.553151504532243,60.38,9.98,0,0,0,0,0,0,0,0,0,0,0,0,0,0,0,0,0,0,0,0.03,0,0,0,43.63,0.45,0,0,0,1.87,0,0,0,0,0,0,0,0,0,0,0,0,2.25,2.17,0,0
"Djibouti",2000,0.256600495728232,55.77,13.92,0.05,0,0,0,0,0,0,0,0,0,0,0,0,0,0,0,0,0,0,0,0,0,0,21.9,0.3,0,0,0,5.12,0,0,0,0.21,0.28,0,0,0,0.42,0,0,0.04,8.58,4.95,0,0
"Djibouti",2001,0.567953625447472,31.91,2.99,0,0,0,0,0,0,0,0,0,0,0,0,0,0,0,0,0,0,0,0,0,0,0,23.72,0.09,0,0,0,1.05,0,0,0,0.89,0.01,0,0,0,0.13,0,0,0.01,1.87,1.15,0,0
"Djibouti",2002,0.568616136394665,37.54,5.44,0.04,0,0,0,0,0,0,0,0,0,0,0,0,0,0,0,0,0,0,0.04,0,0,0,27.65,0.03,0,0,0,1.34,0,0,0,0.53,0.08,0,0,0,0.11,0.02,0,0,2.26,0,0,0
"Djibouti",2003,0.484118605477596,36.71,8.06,0.04,0,0,0,0,0,0,0,0,0,0,0,0,0,0,0,0,0,0,0.03,0,0,0,24.03,0.58,0,0,0,1.04,0,0,0,0,0,0,0,0,0,0,0,0,0,0,2.93,0
"Djibouti",2004,0.534885515932066,35.85,7.16,0.09,0,0,0,0,0,0,0,0,0,0,0,0,0,0,0,0,0,0,0.01,0,0,0.03,25.14,0.29,0,0,0,0.86,0,0,0,0,0.03,0,0,0,0,0,0,0,0.48,0,1.76,0
"Djibouti",2005,0.585928746051639,47.54,6.38,0.1,0,0,0,0.46,0,0,0,0,0,0,0,0,0,0,0,0,0,0,0.02,0,0,0.06,35.74,0.39,0.06,0,0,1.24,0,0.31,0,0.76,0.11,0,0,0,0,0,0,0,0,0,1.89,0.02
"Djibouti",2006,0.757948487627723,83.23,4.59,0.53,0,0.02,0,0,0,0,0,0,0,0,0,0,0,0,0,0,0,0,0.02,0,0,0.01,72.24,0.14,0.08,0,0.38,0.8,0,0,0,0,0.47,0,0,0,0.14,0,0,0,2.96,0,0.84,0.01
"Djibouti",2007,0.713541164911785,67.98,3.67,0.57,0,0,0,0,0,0,0,0,0,0,0,0,0,0,0,0,0,0,0,0,0.01,0,57.22,0.28,0,0,0,0.85,0,0,0,1.43,0,0,1.49,0.04,0.03,0,0,0.01,2.1,0,0.27,0.01
"Djibouti",2008,0.565775678645593,71.57,3.74,0.25,0,0,0,0,0,0,0,0,0,0,0,0,0,0,0,0,0,0,0,0,0.01,0,52.11,0.2,0.09,0,0,0.25,0,0,0,0,0,0,0.56,0.13,0.86,0,0,0,12.93,0,0.01,0.43
"Djibouti",2009,0.265537862294413,104.77,28.82,0,0,0,0,0,0,0,0,0,0,0,0,0,0,0,0,0,0,0,0,0,0,0,42.58,1.12,0.53,0,0,12.03,0,0,0,0,0.8,0,2.67,0.2,0.46,2.35,0,0,10.15,0,2.87,0.19
"Djibouti",2010,0.388838101877691,97.44,37.98,0.27,0,0.02,0,0,0,0,0,0,0,0,0,0,0.01,0,0,0,0,0,0,0,0.01,0,46.81,0.23,0.01,0,0,0.44,0,0,0,0,0.33,0,0.02,0.07,0.16,0.01,0,0,6.61,0,3.66,0.8
"Djibouti",2011,0.369758408896477,80.89,16.57,0.39,0,0,0.19,0,0,0,0,0,0,0,0,0,0,0,1,0,0,0,0.12,0,0,0,45.08,6.8,0.02,0,0,0.47,0,0,0,0,0,0,0.81,0,0.7,0.02,0,0,7.96,0,0.67,0.09
"Djibouti",2012,0.31029339955793,88.47,24.84,1.16,0,0,0.17,0,0,0,0,0,0,0,0,0,0,0,0.05,0,0,0,0,0,0,0,41.19,2.66,0.02,0,0,4.95,0,0,0,0,0,0,0.01,0.07,0.34,0.11,0,0,5.61,0,7.1,0.19
"Djibouti",2013,0.500527080582442,62.94,6.23,0.31,0,0,0.2,0,0,0,0,0.02,0,0,0,0,0,0,0,0,0,0,0,0,0,0.01,43.05,1.82,0,0,0.06,0.17,0,0,0,0,0,0,0,0.07,0.27,0.1,0,0,9.23,0,0.01,1.39
"Djibouti",2014,0.313954755164462,91.91,26.46,0,0,0,0.06,0,0,0,0,0.03,0,0,0,0,0,0,0,0,0,0,0,0,0,0.01,41.43,1.1,0.01,0,0.18,0.21,0,0,0,1.33,0.48,0,0,2.2,0.01,0,0,0,14.77,0,0.66,2.97
"Djibouti",2015,0.304765807737051,115.37,17.84,0.08,0,0,0.03,0,0,0,0,0.02,0,0,0,0,0,0,0,0,0,0,0,0,0,0.01,57.46,1.43,0,0,0.11,4.26,0,0,0,0,0.25,0,0,0.8,0.14,0.03,0,0,15.25,0.8,12.92,3.94
"Djibouti",2016,0.381673923485162,123.76,9.13,0,0,0,0.01,0,0,0,0,0,0,0,0,0,0,0,0,0,0,0,0,0,0,0,49.79,1.14,0,0,0.04,0.87,0,0,0,0,0,0,0,1.47,0.22,0,0,0,57.2,2.06,0.05,1.78
"Djibouti",2017,0.34842972078388,85.7,16.92,0.19,0,0,0.03,0,0,0,0,0,0,0,0,0,0,0,0,0,0,0.01,0,0,0,0,44.11,0.54,0,0,0,0.15,0,0.23,0,0,0,0,0,0.93,0,0.05,0.12,0,17.68,1.05,0.22,3.47
"Djibouti",2018,0.460172684013798,80.01,9.5,0,0,0,0,0,0,0,0,0,0,0,0,0,0,0,0,0,0,0.01,0,0,0,0.01,50.61,0.38,0,0.06,0,0.65,0,0,0,0,0,0,0,1.5,0,0.08,0,0.03,0.07,0,0.04,17.07
"Djibouti",2019,0.293488338661021,134.36,44.06,0,0,0,0.03,0,0,0,0,0,0,0,0,0,0,0,0,0,0,0,0,0,0,0.01,47.54,0.98,0,0,0,0.99,0,0,0,0,0,0,0.18,0.75,0,0.89,0,0,32.43,0,0.03,6.47
"Djibouti",2020,0.321919097579601,87.13,13.42,0,0,0,0.03,0,0,0,0,0,0,0,0,0,0,0,0,0,0,0.07,0,0,0.02,0.01,43.55,0.46,0,0,0,17.2,0,0,0,0,0.62,0,0,0.79,0,1.58,0.43,0.01,8.18,0,0.03,0.73
"Djibouti",2021,0.289387687543017,32.46,11.82,0,0,0,0,0,0,0,0,0,0,0,0,0,0,0,0,0,0,0,0,0,1.15,0.02,12.04,0.18,0.34,0,0,0.48,0,0,0,0,0.3,0,0,0.88,0,0.39,0,0,4.12,0,0,0.74
"Djibouti",2022,0.444038479066625,49.394001,27.491999,0,0,0,0.005911,0,0,0,0,0,0,0,0,0,0,0,0,0,0,0,0,0,0.442378,0.008764,17.99132,0.198772,0,0.027582,0,0.995351,0,0,0,0,0.126281,0,0,0.304754,0.019337,0.208864,0,0,0,0,0,1.572688
"Djibouti",2023,0.470474644307587,73.359252,43.034233,0.13096,0,0,0.011443,0,0,0,0,0,0,0,0,0,0,0,0,0,0,0,0,0,0.375396,0.008759,26.002236,0.434698,0,0.0029,0.009011,1.405709,0,0,0,0,0.142052,0,0,1.052367,0.124324,0,0,0,0,0,0.018045,0.607119
"Djibouti",2024,0.472899293017149,55.261372,14.522922,0.294802,0,0,0.027761,0,0,0,0,0,0,0,0,0,0,0,0,0,0,0.01436,0,0,0.327151,0,34.896367,0.151539,0,0,0,0.086461,0,0.0045,0.015878,0,0.143778,0,0,1.004709,0,0,0,0,0,0,0,3.771144
"Egypt",1951,NA,0,0,0,0,0,0,0,0,0,0,0,0,0,0,0,0,0,0,0,0,0,0,0,0,0,0,0,0,0,0,0,0,0,0,0,0,0,0,0,0,0,0,0,0,0,0,0
"Egypt",1952,NA,0,0,0,0,0,0,0,0,0,0,0,0,0,0,0,0,0,0,0,0,0,0,0,0,0,0,0,0,0,0,0,0,0,0,0,0,0,0,0,0,0,0,0,0,0,0,0
"Egypt",1953,NA,0,0,0,0,0,0,0,0,0,0,0,0,0,0,0,0,0,0,0,0,0,0,0,0,0,0,0,0,0,0,0,0,0,0,0,0,0,0,0,0,0,0,0,0,0,0,0
"Egypt",1954,NA,0,0,0,0,0,0,0,0,0,0,0,0,0,0,0,0,0,0,0,0,0,0,0,0,0,0,0,0,0,0,0,0,0,0,0,0,0,0,0,0,0,0,0,0,0,0,0
"Egypt",1955,NA,0,0,0,0,0,0,0,0,0,0,0,0,0,0,0,0,0,0,0,0,0,0,0,0,0,0,0,0,0,0,0,0,0,0,0,0,0,0,0,0,0,0,0,0,0,0,0
"Egypt",1956,NA,0,0,0,0,0,0,0,0,0,0,0,0,0,0,0,0,0,0,0,0,0,0,0,0,0,0,0,0,0,0,0,0,0,0,0,0,0,0,0,0,0,0,0,0,0,0,0
"Egypt",1957,NA,0,0,0,0,0,0,0,0,0,0,0,0,0,0,0,0,0,0,0,0,0,0,0,0,0,0,0,0,0,0,0,0,0,0,0,0,0,0,0,0,0,0,0,0,0,0,0
"Egypt",1958,NA,0,0,0,0,0,0,0,0,0,0,0,0,0,0,0,0,0,0,0,0,0,0,0,0,0,0,0,0,0,0,0,0,0,0,0,0,0,0,0,0,0,0,0,0,0,0,0
"Egypt",1959,NA,0,0,0,0,0,0,0,0,0,0,0,0,0,0,0,0,0,0,0,0,0,0,0,0,0,0,0,0,0,0,0,0,0,0,0,0,0,0,0,0,0,0,0,0,0,0,0
"Egypt",1960,0.857925493060628,6.66,0.03,0,0,0,0,0,0,0,0,0,0,0,0,0,0,0,0,0,0,0,0,0,0,0,0,0.48,0,0,0,6.15,0,0,0,0,0,0,0,0,0,0,0,0,0,0,0,0
"Egypt",1961,0.804326182536431,6.61,0.04,0,0,0,0,0,0,0,0,0,0,0,0,0,0,0,0,0,0,0,0,0,0,0,0,0.67,0,0,0,5.89,0,0,0,0,0,0,0,0,0.01,0,0,0,0,0,0,0
"Egypt",1962,0.513065303058735,8.76,0.03,0,0,0,0,0,0,0,0,0,0,0,0,0,0,0,0,0,0,0,0,0,0,0,0,3.57,0,0,0,5.16,0,0,0,0,0,0,0,0,0,0,0,0,0,0,0,0
"Egypt",1963,0.358594189679598,31.78,0.05,0,0,0,0,0,0,0,0,0,0,0,0,0,0,0,0,0,0,0.34,0,0,0,0,0,11.21,0,0,0,14.16,0,0,0,0,0,0,0,0.03,0,5.99,0,0,0,0,0,0
"Egypt",1964,0.446259856085107,52.12,0.06,0,0,0,0,0,0,0,0,0,0,0,0,0,0,0,0,0,0,0.65,0,0,0,0,0,23.81,0,0,0,25.29,0,0,0,0,0,0,0,0,0,2.31,0,0,0,0,0,0
"Egypt",1965,0.528667002249982,34.07,0.05,0,0,0,0,0,0,0,0,0,0,0,0,0,0,0,0,0,0,0.02,0,0,0.04,0,0,10.06,0,0,0,22.6,0,0,0,0,0,0,0,0,0,1.3,0,0,0,0,0,0
"Egypt",1966,0.374123798886784,44.53,0.08,0,0,0,0,0,0,0,0,0,0,0,0,0,0,0,0,0,0,1.06,0,0,0.02,0,0,6.36,0,0,0,13.95,0,0,0,0,0.01,0,0,0,0,0.57,0,0,0,22.48,0,0
"Egypt",1967,0.344794197088352,47.73,0.07,0,0,0,0,0,0,0,0,0,0,0,0,0,0,0,0,0,0,1.21,0.02,0,0.06,0,19.4,8.7,0,0,0,18.22,0,0,0,0,0.05,0,0,0,0,0,0,0,0,0,0,0
"Egypt",1968,0.710606457435795,57.83,0.06,0,0,0,0,0,0,0,0,0,0,0,0,0,0,0,0,0,0,0,0.03,0,0,0,1.3,8.24,0,0,0,48.03,0,0,0,0,0.09,0,0,0,0.08,0,0,0,0,0,0,0
"Egypt",1969,0.305237454438513,22.22,0.11,0,0,0,0,0,0,0,0,0,0,0,0,0,0,0,0,0,0,0,0.16,0,0.45,0,7.3,6.51,0,0,0,7.4,0,0,0,0,0.06,0,0,0,0.16,0.07,0,0,0,0,0,0
"Egypt",1970,0.502388184976173,179.89,0.1,0,0,0,0,0,0,0,0,0,0,0,0,0,0,0,0,0,0,0,0.28,0,4.28,0,9.1,10.38,0,0,0,31.46,0,0,0,0.62,0.07,0,0,0,0.08,0.81,0,0,122.71,0,0,0
"Egypt",1971,0.577276130154488,121.54,0.2,0,0,0,0,0,0,0,0,0,0,0,0,0,0,0,0,0,0,0.01,0.06,0,1.38,0.01,8.5,7.56,0,0,0,12.67,0,0,0,0.01,0.1,0,0,0,0.07,0.22,0,0,90.75,0,0,0
"Egypt",1972,0.749761464890137,110.61,0.2,0,0,0,0,0,0,0,0,0,0,0,0,0,0,0,0,0,0,0,0.17,0,0.05,0.01,2.9,7.64,0,0,0,3.22,0,0,0,0.37,0.1,0,0,0,0.15,0.43,0,0,95.37,0,0,0
"Egypt",1973,0.249351878030916,602.22,1.09,0,0,0,0.02,0,0,0,0,0,0,0,0,0,0,0,0,0,0,0.02,0.56,0,4.14,0,0,56.46,0,0,0,31.34,0,0,0,0.19,0.22,0,0,0,0.1,3.93,0,0,195.26,168.5,140.39,0
"Egypt",1974,0.425868172435267,1166.11,9.13,0,0,0,0.01,0,0,0,0,0,0,0,0,0,0,0,0,0,0,0.01,0.15,0,0.95,0,4.02,62.29,0,0,0,11.09,0,0,0,0.83,0.27,0,0,0,0.11,5.08,0,0,242.9,708,121.27,0
"Egypt",1975,0.345520370564443,1857.75,50.17,0,0,0,1.68,0,0,0,0,0,0,0,0,0,0,0,0,0,0,0.31,0.17,0,4.8,0,22.95,73.41,0,0,0,6.04,0,0,0,5.28,0.2,0,0,3.05,0.07,6.34,0,0,450.31,948.91,284.06,0
"Egypt",1976,0.265852488426795,1366.71,30.06,0,0,0,0.02,0.01,0,0,0,0,0,0,0,0,0,0,0,0,0,0.48,0.41,0,5.39,0.06,15.2,123.11,0,0,0,1.35,0,0,0,3.24,0.16,0,0,0,0.54,4.63,0,0,341.31,492.19,348.55,0
"Egypt",1977,0.217926606088327,869.61,67.26,0,0,0,0.02,0.08,0,0,0,0,0,0,0,0,0,0,0,0,0,32.04,4.41,0,6.11,0.45,10.5,66.44,0,0,0,6.83,0,0,0,13.56,0.16,0,0,0.67,0.09,6.23,0,0,205.54,299.62,149.6,0
"Egypt",1978,0.207843770548605,869.68,118.75,0,0,0,2.66,0.06,0,0,0,0,0,0,0,0,0,0,0,0,0,4.44,0.26,0,7.4,0.23,19.78,76.34,0,0,0,3.23,0,0,0,7.31,0.28,0,0,0.44,0.22,7.05,0,0,141.71,211.18,268.34,0
"Egypt",1979,0.186612323253989,582.19,132.66,0,0,0,3.14,0.02,0,0,0,0,0,0,0,0,0,0,0,0,0,1.05,0.54,0,10.81,1.22,59.7,132.04,0,0,0,3.6,0,0,0,14.58,0.31,0,0,0.61,0.18,37.8,0,0,12.42,22.48,149.03,0
"Egypt",1980,0.233582306505363,360.24,123.49,0,0,0,5.79,0.01,0,0,0,0,0,0,0,0,0,0,0,0,0,1.8,3.96,0,4.05,1.02,34.6,111.65,0,0,0,1.17,0,0,0,17.05,1.16,0,0,0.51,0.87,28.49,0,0,8.64,4.7,11.28,0
"Egypt",1981,0.16978091976927,310.69,72.73,0,0,0,11.17,0.01,0,0,0,0,0,0,0,0,0,0,0,0,0,7.01,1.64,0,11.91,4.16,69.88,70.91,0,0,0,6.83,0,0,0,21.38,0.55,0,0,0.37,3.36,16.47,0,0,1.57,3.8,6.94,0
"Egypt",1982,0.218660392927995,334.76,72.43,0,0,0,1.74,0.01,0,0,0,0,0,0,0,0,0,0,0,0,0,18.32,0.15,0,6.44,5.61,49.06,125.65,0,0,0,9.91,0,0,0,17.31,0.47,0,0,0.7,2.14,13.09,0,0,0.01,3.82,7.9,0
"Egypt",1983,0.208729716990796,266.88,59.95,0,0,0,12.47,0,0,0,0,0,0,0,0,0,0,0,0,0,0,16.99,0.14,0,1.83,2.18,21.93,98.68,0,0,0,11.91,0,0,0,12.76,1.15,0,0,2,1.75,16.04,0,0,0.42,1.22,5.46,0
"Egypt",1984,0.201228504639186,424.92,100.84,0,0,0,6.67,0,0,0,0,0,0,0,0,0,0,0,0,0,0,22.58,3.39,0,5.4,7.4,50.45,143.46,0,0,0.05,39.92,0,0,0,19.06,0.54,0,0,1.25,0.17,20.59,0,0,0.05,0.76,2.34,0
"Egypt",1985,0.240815022022193,360.72,95.55,0,0,0,0.39,0,0,0,0,0,0,0,0,0,0,0,0,0,0,21.24,0.45,0,2.67,5,41.17,138.17,0,0,0.01,12.77,0,0,0,12.24,0.36,0,0,2.1,0.66,24.76,0,0,1.77,1.02,0.39,0
"Egypt",1986,0.16853156576758,555.51,157.5,0,0,0,6.59,0.01,0,0,0,0,0,0,0,0,0,0,0,0,0,17.24,0.8,0,1.42,7.6,92.98,112.9,0,0,0.02,25.83,0,0,0,27.98,0.25,0,0,0.51,0.16,23.09,0,0,30.41,50,0.22,0
"Egypt",1987,0.149548874612995,673.55,111.45,0.05,0,0,8.44,0,0,0,0,0,0,0,0,0,0,0,0,0,0,30.56,3.54,0,38.11,6.74,109.51,174.69,0,0,0,33.56,0,0,0,27.45,0.34,0,0,2.08,10.15,12.89,0,0,2.05,90,11.94,0
"Egypt",1988,0.207565084031186,710.05,186.69,0.01,0,0,1.53,0,0,0,0,0,0,0,0,0,0,0,0,0,0,9.97,1.55,0,3.66,23.68,73.14,218.04,0,0,0,120.36,0,0,0,22.83,0.55,0,2,0.88,1.55,33.23,0,0,10.32,0,0.06,0
"Egypt",1989,0.218436084122197,566.35,108.25,0.03,0,0,9.88,0,0,0,0,0,0,0,0,0,0,0,0,0,0,4.05,0.33,0,2.43,28.49,68.75,218.04,0,0,0,61.13,0,0,0,29.23,0.87,0,0.28,0.45,0.99,17.87,0,0,15.28,0,0,0
"Egypt",1990,0.252130740369139,3113.38,169.79,0,0,0,17.29,0.03,0,0,0,0,0,0,0,0,0,0,0,0,0,3.25,6.88,0,19.65,24.78,149.66,351.21,0,0,0,90.56,0,0.47,0,44.4,2.63,0,1.48,0.64,2.6,15.32,0,0,409.34,1383.31,420.09,0
"Egypt",1991,0.198776429882156,1785.7,640.75,0.08,0,0,7.33,0,0,0,0,0,0,0,0,0,0,0,0,0,0,9.01,0.41,0,20.73,21.44,163.6,236.92,0,0,4.82,83.05,0,0,0,18,0.75,0,0.51,1.5,19.29,25.69,0,0,31.63,200.16,300.03,0
"Egypt",1992,0.245322257843755,2071.68,110.59,0.32,0.05,0,4.31,0.03,0,0,0,0,0,0,0,0,0,0,0,0,0,27.83,6.97,0,23.11,66.96,301.47,917.79,0,0,0.09,139.36,0,0.09,0,27.96,0.37,0,0.6,0.9,3.16,18.73,0,0,52.72,256.37,111.83,0.07
"Egypt",1993,0.441287685132064,3339.93,2168.11,0.42,0,0,4.72,0,0,0,0,0,0,0,0,0,0,0,0,0,0,16.44,0.66,0,26.29,4.91,260.68,266.9,0,0,0.07,146.32,0,0.1,0,21.21,1.1,0.05,1.63,6.13,7.8,11.49,0,0,92.17,202.9,99.83,0
"Egypt",1994,0.234339462278375,1946.49,188.99,0.21,0.07,0,4.44,0,0,0,0,0,0,0,0,0,0,0,0,0,0,18.83,0.87,0,25.13,6.87,549.48,348.7,0,0,0.03,650.22,0,0.13,0,20.23,3.07,0,0.69,2.88,8.68,9.21,0,0,48.98,22.97,35.77,0.04
"Egypt",1995,0.222430172125938,1299.78,242.83,0.23,0,0,5.21,0,0,0,0,0,0,0,0,0,0,0,0,0,0,27,0.65,0,93.26,5.14,503.9,214.13,0,0,0.08,23.4,0,0.08,0,24.7,1.19,2.71,1.36,7.32,9.89,8.13,0,0,61.99,41.07,25.51,0
"Egypt",1996,0.242372025076941,1172.89,201.46,0.54,0,0,6.96,0,0,0,0,0,0,0,0,0,0,0,0,0,0,25.09,0.3,0,32.71,4.16,302.6,442.89,0.02,0,0.05,25.11,0,0,0,30.72,4.73,0.01,2.73,11.83,11.77,10.02,0,0,30.81,11.09,17.29,0
"Egypt",1997,0.23889857569047,1099.75,125.52,1.47,0,0,14.38,0,0,0,0,0,0,0,0,0,0,0,0,0,0,23.38,0.19,0,30.68,2.81,287.12,427.31,0.37,0,0.05,18.03,0,0,0,23.51,3.25,0,12.39,2.25,7.58,9.78,0,1.72,53.61,6.08,48.27,0
"Egypt",1998,0.177589407384032,944.55,91.71,0.76,0,0,12.73,0,0,0,0,0,0,0,0,0,0.15,0,0,0,0,26.19,0.12,0,32.2,2.36,317.31,139.74,1.51,0,0.03,15.55,0,0,0,24.69,1.61,0,11.62,1.05,11.73,17.8,0,1.61,152,42.95,39.09,0.04
"Egypt",1999,0.196840956267346,771.6,146.77,0.67,0,0,4.14,0.06,0,0,0,0,0,0,0,0,0.1,0,0,0,0,22.25,0.02,0,40.36,2.7,270.38,125.16,0.82,0,0.12,27.83,0,0,0,19.17,1.22,0,2.33,0.9,10.84,5.31,0,1.69,33.8,7.73,47.23,0
"Egypt",2000,0.214516045971938,655.83,111.32,0.66,0,0,8.43,0.01,0,0,0,0,0,0,0,0,0.09,0,0,0,0,24.86,0.01,0,42.43,3.46,259.58,78.95,0.73,0,0.12,11.64,0,0,0,17.99,1.09,0,4.94,2.57,7.01,4.1,0,0,25.1,0.01,50.69,0.04
"Egypt",2001,0.197963305737933,635.21,93.32,0.65,0,0,7,0.01,0,0,0,0,0,0,0,0,0.01,0,0,0,0,23.31,0.01,0,25.17,3.7,227.96,115.36,0.41,0,0.04,7.46,0,0,0,20.75,0.92,0.01,8.28,1.92,3.15,3.56,0,0,36.82,3.38,52.01,0
"Egypt",2002,0.173330877893801,442.54,56.37,1.99,0,0,3.26,0.01,0,0,0,0.04,0,0,0,0,0.06,0,0,0.02,0,19.6,0.09,0,16.07,5.16,139.73,91.23,0.3,0,0.08,8.05,0,0,0,17.59,0.6,0,13.49,2.22,4.27,12.19,0,0,13.81,0,36.3,0.01
"Egypt",2003,0.160905079050918,616.18,68.61,1.71,0,0,5.2,0.01,0,0,0,0.06,0,0,0,0,0.05,0,0,0.02,0,18.09,0.02,0,41.18,4.47,145.6,129.83,3.56,0,0.15,10.77,0,0,0,13.49,0.66,0,9.39,0.93,2.76,3.55,0,0,120.81,0,35.23,0.03
"Egypt",2004,0.152098656725337,653.38,115.16,2.2,0,0,5.46,0.01,0,0,0,0.1,0,0,0,0,0.05,0,0,0.01,0,18.24,0.05,0,22.13,3.94,152.25,137.28,1.1,0,0.02,26.11,0,0.13,0,14.11,0.66,0,19.81,1.67,1.62,77.99,0,0,27.74,0,25.28,0.26
"Egypt",2005,0.154157903630051,634.71,110.6,4.4,0,0,6.75,0.01,0,0,0,0.1,0.02,0,0,0,0.03,0,0,0,0,18.63,0.01,0.01,20.5,4.27,139.69,140.07,3.74,0,0.33,4.52,0,0.13,0,12.11,0.56,0.02,28.48,1.56,9.51,6.83,0,0.11,87.57,0,32.95,1.2
"Egypt",2006,0.156660294354019,621.69,69.08,5.64,0,0.1,9.89,0.01,0,0,0,1.35,0,0,0,0,0.02,0,0,0,0,21.12,0.08,0,29.4,4.25,139,172.17,3.27,0,0.4,11.69,0,0.12,0,13.82,0.54,0.01,33.16,1.99,2.85,18.77,0,0.34,50.7,0,31.3,0.62
"Egypt",2007,0.158282800944258,736.21,104.92,5.77,0,0.07,12.59,0,0,0,0,0.17,0,0.11,0,0,0.02,0,0,0,0,26.15,0.05,0.41,64.2,4.21,149.55,195.42,6.94,0,0.36,5.88,0,0.07,0,15.35,0.36,0.07,14.59,2.42,7.17,4.27,0,0.85,89.63,0,23.89,0.72
"Egypt",2008,0.168956518272881,918.14,163.65,7.47,0,0.04,7.23,0.14,0,0,0,0.19,0,0.02,0,0,0.04,0,0,0,0.01,28.02,0.04,0.18,47.58,1.12,220.37,218.37,12.75,0,0.34,9.04,0,0.12,0,20.52,0.22,0.09,16.32,2.18,1.66,11.81,0,0.67,120.16,0,26.84,0.95
"Egypt",2009,0.155929986549977,845.38,153.72,5.57,0,0.05,3.01,0,0,0,0,0.2,0,0.11,0,0,0.02,0,0,0,0,11.47,0.02,0.23,16.49,1.02,186.94,192.42,14.3,0,0.28,12.22,0,0.16,0,18.56,0.69,0.03,21.15,1.74,8.99,36.97,0,0.1,91.46,0,66.55,0.91
"Egypt",2010,0.184552610218422,820.37,167.51,4.16,0,0.02,4.22,0,0,0,0,0.23,0,0.1,0,0,0.09,0.06,0,0,0.04,7.36,0.18,0.26,18.47,1.86,210.56,155.42,9.11,0,0.12,7.11,0,0.09,0,11.01,0.67,0.01,7.84,1.41,6.35,16.75,0,0.08,160.74,0,27.24,1.3
"Egypt",2011,0.174273349529903,795.14,117.38,3.8,0,0.01,8.48,0.47,0,0,0,0.39,0,0.17,0.01,0.01,0.09,0.1,0,0.12,0.03,8.75,1.62,0.15,12.06,1.95,180.93,209.81,8.4,0,0.76,24.04,0,0.17,0,10.06,1.87,0.09,16.86,5.6,11.85,17.41,0,0,132.53,0,15.66,3.51
"Egypt",2012,0.222579141963834,1292.79,194.85,4.14,0,0.03,12.57,0,0,0,0,0.37,0,0.12,0,0,0.16,0.22,0.07,0,0.04,6.83,3.2,0.01,13.86,1.45,196.46,153.81,1.95,0,0.53,4.33,0,0.13,0,6.71,1.16,0.09,3.99,8.92,14.37,14.63,0,0,128.86,0,15.01,503.92
"Egypt",2013,0.646090453272631,5790.76,88.45,2.93,0,0.04,4.88,0,0,0,0,0.48,0,0.09,0,0,0.06,0.26,0,0.01,0.01,5.01,0.2,0,5.16,1.99,107.99,277.34,0.69,0,0.29,3.87,0,0.13,0,4.22,2.07,0.12,3.61,11.39,16.81,33.15,0,0,68.5,0,4612.18,538.83
"Egypt",2014,0.697034543803871,3818.44,112.62,3.64,0,0.02,3.62,0,0,0,0,0.3,0.02,0.09,0,0,0.06,0.08,0,0,0.03,3.05,0.95,0,3.22,2.24,111.59,275.89,0.73,0,0.82,21.85,0,0.14,0,0.88,2.59,0.12,1.71,11.17,24.06,14.54,0,0,45.61,0,3171.48,5.32
"Egypt",2015,0.642837936666612,3090.64,110.18,1.75,0,0.03,1.53,0.03,0,0,0,0.07,0,0.04,0.01,0,0.06,0.19,0.78,0,0.05,3.54,0.51,0,1.8,1.95,126.42,229.32,0.49,0,0.09,30.93,0,0.14,0.01,0.78,4.41,0.11,0.67,6.62,19.78,18.66,0,0,69.3,0,2460.31,0.08
"Egypt",2016,0.5369118541438,2872.7,215.38,2.81,0,0.07,0.43,0.07,0,0,0,0.1,0,0.18,0,0,0.02,0.1,0,0.01,0.04,4.01,0.28,0,2.6,1.36,253.35,180.44,0.24,0.03,0.06,18.09,0,0.21,0,0.99,3.92,0.11,1.26,4.88,11.62,15.63,0,0,84.44,0,2068.76,1.21
"Egypt",2017,0.188009720416304,959.36,139.97,2.79,0,0.05,0.16,0.18,0,0,0,0.08,0,0.2,0,0,0.03,0.05,0.03,0,0.01,2.78,0.26,0,2.84,0.91,280.06,201.37,0.29,0.08,0.09,16.79,0,0.05,0,4.36,4.18,0.12,1.67,2.19,9.81,29.82,0,0,108.57,0,146.04,3.53
"Egypt",2018,0.261622310052821,1846.93,298.38,0,0,0,0.2,0.18,0,0,0,0.08,0,1.69,0,0.01,0.06,0.14,0,0.01,0.17,6.19,0.31,0,0.72,0.57,178.2,541.57,0.39,0,0.04,12.45,0,0.08,0,7.01,4.59,0.15,3.8,3.33,13.06,33.63,0,0.23,688.61,0,50.7,0.38
"Egypt",2019,0.190143311485209,1741.33,355.68,0,0,0,0.2,0.27,0.01,0,0,0.04,0,2.3,0,0,0.69,0.16,0,0,0.02,4.88,0.27,0,0.34,0.37,192.65,469.57,0.43,0,0.11,27.48,0,0.07,0,6.95,5.08,0.14,3.96,2.38,15.66,34.83,0,0.24,335.83,0,278.05,2.67
"Egypt",2020,0.229336257551355,1397.67,300.03,0,0,0,0.06,0.23,0,0,0,0,0,2.75,0,0,0.83,0.14,0,0,0.02,5.02,1.85,0,1.57,0.26,260.13,186.03,0.01,0,0.05,26.29,0,0.09,0,10.52,4.9,0.1,2.17,2.86,17.97,23.68,0,0.13,501.88,0,45.37,2.73
"Egypt",2021,0.20588338265632,1361.65,369.16,0,0,0,0.06,0.33,0,0,0,4.39,0.04,3.64,0,0,3.51,1.25,0,0,1.71,4.94,1.01,0,2.38,0.38,284.46,180.23,2.83,0.05,0.03,14.56,0,0.11,0.3,5.94,2.97,2.54,44.12,5.88,27,22.52,0,0.14,358.12,0,14.97,2.08
"Egypt",2022,0.19995527201409,1337.025433,442.198176,60.293156,0,0.00999,0.159765,0,0,0,0,0.056447,0,3.756323,0.840416,0.013333,1.068873,0.121352,0,0,0.136849,5.596096,4.217323,0,0,0.359865,268.747399,236.977644,0.054897,0,0.035975,43.526578,0,0.070536,0.026671,9.724685,2.769077,6.016098,10.829757,3.702109,30.593354,12.353313,0,0.060042,160.27451,0,29.58996,2.844864
"Egypt",2023,0.282266319621952,1151.106148,445.115204,42.214375,0,0,0.203887,0.024387,1.211018,0,0.991791,0.020891,0,2.791143,0.828282,0.009338,1.160461,0.134231,0,1.899155,0.117993,5.799485,0.229779,0,0,0.395736,377.574151,172.540321,0.037716,0,0.041145,13.343125,0,0.228777,0,10.998213,4.567047,0.138246,1.674173,3.110857,32.952865,13.15237,0,0.211273,4.99093,0,10.122198,2.275585
"Egypt",2024,0.20460394185015,1121.259959,368.907472,182.782381,0,0.006634,0.192272,0.06223,0.012478,0,0,0.060906,0,10.983092,0.061886,0.042899,1.308792,0.125894,0,0.022126,0.093797,8.89941,0.261253,0.150737,0,0.390228,224.50599,177.70612,0.132216,0,0.121359,13.357193,0,0.132431,0.018981,4.761155,6.583644,0.129945,1.667105,5.125426,23.568983,19.196896,0,0.138409,65.867407,0,0.7272,3.155012
"Equatorial Guinea",1968,NA,0,0,0,0,0,0,0,0,0,0,0,0,0,0,0,0,0,0,0,0,0,0,0,0,0,0,0,0,0,0,0,0,0,0,0,0,0,0,0,0,0,0,0,0,0,0,0
"Equatorial Guinea",1969,NA,0,0,0,0,0,0,0,0,0,0,0,0,0,0,0,0,0,0,0,0,0,0,0,0,0,0,0,0,0,0,0,0,0,0,0,0,0,0,0,0,0,0,0,0,0,0,0
"Equatorial Guinea",1970,NA,0,0,0,0,0,0,0,0,0,0,0,0,0,0,0,0,0,0,0,0,0,0,0,0,0,0,0,0,0,0,0,0,0,0,0,0,0,0,0,0,0,0,0,0,0,0,0
"Equatorial Guinea",1971,NA,0,0,0,0,0,0,0,0,0,0,0,0,0,0,0,0,0,0,0,0,0,0,0,0,0,0,0,0,0,0,0,0,0,0,0,0,0,0,0,0,0,0,0,0,0,0,0
"Equatorial Guinea",1972,NA,0,0,0,0,0,0,0,0,0,0,0,0,0,0,0,0,0,0,0,0,0,0,0,0,0,0,0,0,0,0,0,0,0,0,0,0,0,0,0,0,0,0,0,0,0,0,0
"Equatorial Guinea",1973,1,0.03,0,0,0,0,0,0,0,0,0,0,0,0,0,0,0,0,0,0,0,0,0,0,0,0,0,0,0,0,0,0,0,0,0,0.03,0,0,0,0,0,0,0,0,0,0,0,0
"Equatorial Guinea",1974,1,15,0,0,0,0,0,0,0,0,0,0,0,0,0,0,0,0,0,0,0,0,0,0,0,0,0,0,0,0,0,0,0,0,0,0,0,0,0,0,0,0,0,0,15,0,0,0
"Equatorial Guinea",1975,NA,0,0,0,0,0,0,0,0,0,0,0,0,0,0,0,0,0,0,0,0,0,0,0,0,0,0,0,0,0,0,0,0,0,0,0,0,0,0,0,0,0,0,0,0,0,0,0
"Equatorial Guinea",1976,NA,0,0,0,0,0,0,0,0,0,0,0,0,0,0,0,0,0,0,0,0,0,0,0,0,0,0,0,0,0,0,0,0,0,0,0,0,0,0,0,0,0,0,0,0,0,0,0
"Equatorial Guinea",1977,NA,0,0,0,0,0,0,0,0,0,0,0,0,0,0,0,0,0,0,0,0,0,0,0,0,0,0,0,0,0,0,0,0,0,0,0,0,0,0,0,0,0,0,0,0,0,0,0
"Equatorial Guinea",1978,NA,0,0,0,0,0,0,0,0,0,0,0,0,0,0,0,0,0,0,0,0,0,0,0,0,0,0,0,0,0,0,0,0,0,0,0,0,0,0,0,0,0,0,0,0,0,0,0
"Equatorial Guinea",1979,0.755102040816327,0.07,0,0,0,0,0,0,0,0,0,0,0,0,0,0,0,0,0,0,0,0,0,0,0,0,0,0.01,0,0,0,0.06,0,0,0,0,0,0,0,0,0,0,0,0,0,0,0,0
"Equatorial Guinea",1980,0.340850330364838,1.18,0,0,0,0,0,0,0,0,0,0,0,0,0,0,0,0,0,0,0,0,0,0,0,0,0.4,0.48,0,0,0,0,0,0,0,0.29,0,0,0,0,0.01,0,0,0,0,0,0,0
"Equatorial Guinea",1981,0.486282578875171,3.24,0,0,0,0,0,0,0,0,0,0,0,0,0,0,0,0,0,0,0,0,0,0,0,0,1.98,1.08,0,0,0,0,0,0,0,0.06,0,0,0,0,0.12,0,0,0,0,0,0,0
"Equatorial Guinea",1982,0.30166120572786,5.03,0,0,0,0,0,0,0,0,0,0,0,0,0,0,0,0,0,0,0,0,0.02,0,0,0.02,2.32,1.04,0,0,0,0.95,0,0,0,0.21,0,0,0,0,0.47,0,0,0,0,0,0,0
"Equatorial Guinea",1983,0.314712385835603,3.95,0.63,0,0,0,0,0,0,0,0,0,0,0,0,0,0,0,0,0,0,0,0,0,0,0,1.8,1.03,0,0,0,0,0,0,0,0.03,0,0,0,0,0.46,0,0,0,0,0,0,0
"Equatorial Guinea",1984,0.514254569146981,6.92,0.31,0,0,0,0,0,0,0,0,0,0,0,0,0,0,0,0,0,0,0,0.03,0,0,0,4.72,1.47,0,0,0,0.01,0,0,0,0.07,0,0,0,0,0.29,0.02,0,0,0,0,0,0
"Equatorial Guinea",1985,0.324984353042595,5.82,0.34,0,0,0,0,0,0,0,0,0,0,0,0,0,0,0,0,0,0,0,0.02,0,0,0,2.85,1.16,0,0,0,1.18,0,0,0,0.09,0,0,0,0,0.15,0,0,0,0.03,0,0,0
"Equatorial Guinea",1986,0.434369698496683,9.45,0.59,0,0,0,0,0,0,0,0,0,0,0,0,0,0,0,0,0,0,0,0.04,0,0,0,5.92,1.05,0,0,0,1.5,0,0,0,0.11,0,0,0,0,0.14,0,0,0,0.1,0,0,0
"Equatorial Guinea",1987,0.354567116791598,31.38,0.6,0,0,0,0,0,0,0,0,0,0,0,0,0,0,0,0,0,0,0,0.12,0,0,0,14.08,0.54,0,0,0,3.63,0,0,0,0.13,0,0,11.7,0,0.16,0.34,0,0,0.08,0,0,0
"Equatorial Guinea",1988,0.592860322589174,23.66,0.75,0,0,0,0,0,0,0,0,0,0,0,0,0,0,0,0,0,0,0.01,0.12,0,0,0,17.97,1.43,0,0,0,2.31,0,0,0,0.02,0,0,1,0,0.02,0.03,0,0,0,0,0,0
"Equatorial Guinea",1989,0.403068874214438,34.83,0.03,0,0,0,0,0,0,0,0,0,0,0,0,0,0,0,0,0,0,0.01,0.03,0,0,0,14.97,1.56,0,0,0,1.78,0,0,0,0.01,0,0,16.1,0,0,0.14,0,0,0.2,0,0,0
"Equatorial Guinea",1990,0.446697783078225,42.61,0.71,0,0,0,0,0,0,0,0,0,0,0,0,0,0,0,0,0,0,0.01,0.12,0,0,0,16.09,2.01,0,0,0,0.07,0,0,0,0.01,0,0,23.4,0,0,0.09,0,0,0.1,0,0,0
"Equatorial Guinea",1991,0.349009918333801,39.26,1,0,0,0,0,0,0,0,0,0,0,0,0,0,0,0,0,0,0,0.01,0.08,0,0,0,8.8,1.34,0,0,0,1.22,0,0.13,0,0,0.02,0,20.43,0,0,0,0,0,0,6.23,0,0
"Equatorial Guinea",1992,0.399040851842015,35.69,1.49,0,0,0,0,0,0,0,0,0,0,0,0,0,0,0,0,0,0,0.01,0.38,0,0,0,9.93,0.45,0,0,0,3.39,0,0.1,0,0,0.05,0,19.89,0,0,0,0,0,0,0,0,0
"Equatorial Guinea",1993,0.426225715515216,27.73,1.33,0,0,0,0,0,0,0,0,0,0,0,0,0,0,0,0,0,0,0.01,0.37,0,0,0,8.93,0.05,0,0,0,1.34,0,0.02,0,0.03,0.02,0,15.63,0,0,0,0,0,0,0,0,0
"Equatorial Guinea",1994,0.411129862399776,16.9,1.32,0,0,0,0,0,0,0,0,0,0,0,0,0,0,0,0,0,0,0,0.04,0,0,0,6.56,0.06,0,0,0.01,0.19,0,0.03,0,0.02,0.04,0,8.52,0,0.11,0,0,0,0,0,0,0
"Equatorial Guinea",1995,0.454987920219826,22.23,0.77,0.03,0,0,0,0,0,0,0,0,0,0,0,0,0,0,0,0,0,0.01,0.17,0,0,0,8.68,0.07,0,0,0,0.16,0,0.03,0,0.06,0,0,12.2,0,0.05,0,0,0,0,0,0,0
"Equatorial Guinea",1996,0.414250878228189,23.82,0.23,0.04,0,0,0,0,0,0,0,0,0,0,0,0,0,0,0,0,0,0.01,0.14,0,0,0,9.41,0.03,0,0,0,0.89,0,0.95,0,0,0.01,0,12.03,0,0.06,0.02,0,0,0,0,0,0
"Equatorial Guinea",1997,0.538395128333438,17.52,0.02,0.02,0,0,0,0,0,0,0,0,0,0,0,0,0,0,0,0,0,0.01,0,0,0,0.03,5.96,0.07,0,0,0,0,0,0,0,0,0,0,11.39,0,0.01,0.01,0,0,0,0,0,0
"Equatorial Guinea",1998,0.521041873554756,19.09,0.13,0,0,0,0,0,0,0,0,0,0,0,0,0,0,0,0,0,0,0.01,0,0,0,0,6.02,0.07,0,0,0,0.3,0,0,0,0.01,0.03,0,12.39,0,0,0,0,0,0.13,0,0,0
"Equatorial Guinea",1999,0.477443732686981,15.2,0.07,0,0,0,0,0,0,0,0,0,0,0,0,0,0,0,0,0,0,0.01,0,0,0,0,6.31,0.06,0,0,0,0.3,0,0,0,0,0.03,0,8.39,0,0.03,0,0,0,0,0,0,0
"Equatorial Guinea",2000,0.490294317904446,19.53,0.06,0.02,0,0,0,0,0,0,0,0,0,0,0,0,0,0,0,0,0,0,0,0,0,0,9.23,0.02,0.01,0,0,0,0,0,0,0,0.04,0.02,10.09,0,0.03,0,0,0.01,0,0,0,0
"Equatorial Guinea",2001,0.512231495745947,13.52,0.03,0,0,0,0,0,0,0,0,0,0,0,0,0,0,0,0,0,0,0,0,0,0,0,5.2,0,0,0,0,0.02,0,0,0,0.04,0.04,0,8.16,0,0.03,0,0,0,0,0,0,0
"Equatorial Guinea",2002,0.494636444444445,15,0.19,0,0,0,0,0,0,0,0,0,0,0,0,0,0,0,0,0,0,0,0,0,0,0,6.05,0.06,0.01,0,0,0,0,0,0,0.02,0,0,8.64,0,0.03,0,0,0,0,0,0,0
"Equatorial Guinea",2003,0.50227898484327,18.92,0.03,0,0,0,0,0,0,0,0,0,0,0,0,0,0,0,0,0,0,0.01,0,0,0,0,6.17,0,0.01,0,0,0.77,0,0,0,0,0,0,11.88,0.01,0.04,0,0,0,0,0,0,0
"Equatorial Guinea",2004,0.721595840332539,41.43,0.01,0,0,0,0,0,0,0,0,0,0,0,0,0,0,0,0,0,0,0.01,0,0,0,0,6.75,0,0.01,0,0,0,0,0,0,0,0,0.05,34.54,0,0.05,0,0,0.01,0,0,0,0
"Equatorial Guinea",2005,0.661738151005974,30.35,0.09,0.05,0,0,0,0,0,0,0,0,0,0,0,0,0,0,0,0,0,0.01,0,0,0,0,6.19,0,0.01,0,0,0,0,0,0,0,0,0.05,23.9,0,0.05,0,0,0,0,0,0,0
"Equatorial Guinea",2006,0.6075163707838,20.46,0.01,0,0,0,0,0,0,0,0,0,0,0,0,0,0,0,0,0,0,0,0,0,0,0,5.33,0,0.01,0,0,0,0,0,0,0,0,0.05,15.03,0,0.03,0,0,0,0,0,0,0
"Equatorial Guinea",2007,0.646659399285477,26.13,0.01,0.13,0,0,0,0,0,0,0,0,0,0,0,0,0,0,0,0,0,0,0,0,0,0,5.75,0,0,0,0,0,0,0,0,0,0,0,20.21,0,0,0,0,0.01,0,0,0,0.02
"Equatorial Guinea",2008,0.555190563682072,20.02,0.09,0,0,0,0,0,0,0,0,0,0,0,0,0,0,0,0,0,0,0.01,0,0,0,0,5.68,0.02,0.01,0,0,0.18,0,0,0,0,0,0,13.79,0,0,0,0,0.01,0,0,0,0.23
"Equatorial Guinea",2009,0.731031523450284,25.88,0.1,0,0,0,0,0,0,0,0,0,0,0,0,0,0,0,0,0,0,0.01,0,0,0,0,3.96,0.04,0,0,0,0,0,0,0,0,0,0,21.77,0,0,0,0,0,0,0,0,0
"Equatorial Guinea",2010,0.470369751367158,85.34,0.32,0.02,0,0,0,0,0,0,0,0,0,0,0,0,0,0,0,0,0,0.01,0,0,0,0,4.49,0.05,0.01,0,0,54.65,0,0,0,0,0,0,19.7,0,0.57,5.51,0,0.01,0,0,0,0
"Equatorial Guinea",2011,0.373150595952194,29.82,0.32,0.29,0,0,0.02,0,0,0,0,0,0,0,0,0,0,0,0,0,0,0.01,0.18,0,0,0,5.09,0.08,0.01,0,0,0,0,0,0,0,0,0.01,15.35,0,0.06,8.37,0,0.02,0,0,0,0.01
"Equatorial Guinea",2012,0.363398407322535,18.37,0.07,0.28,0,0,0.03,0,0,0,0,0,0,0,0,0,0,0,0,0,0,0.02,0.11,0,0,0,4.53,0.02,0.01,0,0,0,0,0,0,0,0,0,9.27,0,0.01,4.01,0,0,0,0,0,0.01
"Equatorial Guinea",2013,0.385606512754561,14.15,0.04,0.14,0,0,0.03,0,0,0,0,0,0,0,0,0,0,0,0,0,0,0.02,0,0,0,0,4.55,0.03,0.01,0,0,0.15,0,0,0,0,0,0.04,1.82,0,0.01,7.29,0,0,0,0,0,0.02
"Equatorial Guinea",2014,0.448506866000775,15.93,0,0.03,0,0,0.01,0,0,0,0,0,0,0,0,0,0,0,0,0,0,0.02,0,0,0,0,4.05,0.05,0,0,0,0,0,0,0,0,0,0.14,1.92,0,0.01,9.68,0,0,0,0,0,0.02
"Equatorial Guinea",2015,0.409429853752628,6.31,0.02,0.03,0,0,0.03,0,0,0,0,0,0,0,0,0,0,0,0,0,0,0.02,0,0,0,0,3.37,0.01,0,0,0,0.13,0,0,0,0,0,0.07,2.17,0,0,0.46,0,0,0,0,0,0
"Equatorial Guinea",2016,0.350585939790201,6.53,0.06,0.18,0,0,0.01,0,0,0,0,0,0,0,0,0,0,0,0,0,0,0.02,0,0,0,0,3.07,0.07,0,0,0,0,0,0,0,0,0,0.09,2.18,0,0,0.85,0,0,0,0,0,0
"Equatorial Guinea",2017,0.396236623067776,5.8,0.15,0,0,0,0.02,0,0,0,0,0,0,0,0,0,0,0,0,0,0,0.01,0,0,0,0,3.22,0.03,0,0,0,0.02,0,0,0,0,0,0.02,1.51,0,0,0.81,0,0,0,0,0.01,0
"Equatorial Guinea",2018,0.443770068133761,4.52,0.18,0,0,0,0.01,0,0,0,0,0,0,0,0,0,0,0,0,0,0,0.01,0,0,0,0,2.14,0.02,0,0,0,0,0,0,0,0,0,0.04,2.11,0,0,0,0,0,0,0,0.01,0
"Equatorial Guinea",2019,0.450062006521458,4.57,0.11,0,0,0,0.01,0,0,0,0,0,0,0,0,0,0,0,0,0,0,0,0,0,0,0,2.2,0.02,0,0,0,0,0,0,0,0,0,0.1,2.13,0,0,0,0,0,0,0,0,0
"Equatorial Guinea",2020,0.441071879471425,4.36,0.08,0,0,0,0,0,0,0,0,0,0,0,0,0,0,0,0,0,0,0,0,0,0,0,2.23,0.02,0,0,0,0,0,0,0,0,0,0.12,1.84,0,0,0,0,0,0,0,0,0.07
"Equatorial Guinea",2021,0.361014009104597,6.74,0.12,0,0,0,0,0,0,0,0,0,0,0,0,0,0,0,0,0,0,0,0,0,0,0,2.67,0.01,0,0,0,0,0,0,0,0,0,0.11,2.98,0.08,0.01,0.04,0,0,0,0,0.58,0.14
"Equatorial Guinea",2022,0.362821808412149,6.328743,0.754674,0.005886,0,0,0,0,0,0,0,0,0,0,0,0,0,0,0,0,0,0,0,0,0,0,2.449679,0.020835,0,0,0,0,0,0,0,0,0,0.140798,2.816738,0,0,0.04672,0,0,0,0,0.026883,0.06653
"Equatorial Guinea",2023,0.409385998754843,6.712426,0,0.625323,0,0,0.014919,0,0,0,0,0,0,0,0,0,0,0.004697,0,0,0,0,0,0,0,0,2.209887,0.031151,0,0,0,0,0,0,0,0,0,0.076617,3.627406,0,0,0.026669,0,0,0,0,0.032353,0.063404
"Equatorial Guinea",2024,0.33415755266392,5.596306,0.082817,0.535944,0,0,0.008079,0,0,0,0,0,0,0,0,0,0,0,0,0,0,0,0,0.02117,0,0,1.784361,0.085259,0,0,0,0,0,0,0,0,0,0.081425,2.62086,0,0,0.316972,0,0,0,0,0,0.059419
"Eritrea",1993,0.349661071706913,45.02,0,0.1,0,0,1.58,0.05,0,0,0,0,0,0,0,0,0,0,0,0,0,0,0,0,0.66,1.07,0,0,0,0,0,25,0,0,0,0.03,6.79,0,0.03,4.02,0.07,4,0,0,0.67,0.94,0,0.01
"Eritrea",1994,0.120641681621439,94.48,0.06,0.05,0,0,4.72,0.06,0,0,0,0,0,0,0,0,0,0,0,0,0,0.01,4.46,0,0.77,0.17,2.49,20.01,0,0,0,14.93,0,0,0,5.6,9.12,0,0.05,8.91,3.19,7.73,0,0,11.86,0.29,0,0
"Eritrea",1995,0.128802142788501,93.76,0.66,0.07,0,0,4.88,0,0,0,0,0,0,0,0,0,0,0,0,0,0,0,3.1,0,6.88,0.68,1.96,22.13,0,0,0.19,16.4,0,0.13,0,4.35,14.13,0,0.21,5.36,3.71,3.67,0,0,2.03,3.05,0.17,0
"Eritrea",1996,0.140518866415444,111.97,2.01,0.08,0,0,1.7,0,0,0,0,0,0,0,0,0,0,0,0,0,0,0.02,3.52,0,4.38,0.82,4.09,22.28,2.77,0,0.28,28.05,0,0,0,11.89,13.42,0,0.2,2.12,8.67,2.77,0,0,2.43,0.24,0.23,0
"Eritrea",1997,0.0966022911181749,84.25,12.41,0,0,0,1.08,0,0,0,0,0,0,0,0,0,0,0,0,0,0,0.01,1.03,0,4.64,0.59,1.79,10.16,0.01,0,0.11,12.74,0,0,0,5.87,8.81,0,0.41,5.03,1.13,1.69,0,0.35,7.52,5.19,3.68,0
"Eritrea",1998,0.130811491568415,108.27,15.55,0,0,0,0.37,0,0,0,0,0,0,0,0,0,0,0,0,0,0,0.02,0.55,0,11.32,0.41,1.15,5.38,0,0,0.24,24.59,0,0,0,5.31,5.39,0,0.48,2.8,1.32,1.81,0,0.41,19.27,3.19,8.71,0
"Eritrea",1999,0.171652576100147,87.27,0.43,0.03,0,0,0.1,0,0,0,0,0,0,0,0,0,0,0,0,0,0,0.04,0.2,0,9.3,0.36,1.21,3.49,0.01,0,0.33,30.27,0,0,0,7.93,7.44,0,0.23,4.3,1.73,0.7,0,0.18,9.9,2.22,6.87,0
"Eritrea",2000,0.134030793027276,79.87,0.4,0.04,0,0,0.59,0.18,0,0,0,0,0,0,0,0,0,0,0,0,0,0.09,1.11,0,11.03,0.31,3.3,3.64,0.05,0,0.54,18.61,0,0.11,0,15.8,6.41,0,0.34,5.48,1.54,1.13,0,0.22,2.6,5.32,1.03,0
"Eritrea",2001,0.244360785050119,124.7,3.47,0,0,0,0.05,0.08,0,0,0,0,0,0,0,0,0,0,0,0,0,0.02,4.06,0,13.85,0.21,5.17,4.72,0,0,0.76,57.27,0,0.4,0,11.92,4.55,0,0.23,7.36,2.06,4.87,0,0.19,1.7,1.32,0.44,0
"Eritrea",2002,0.0948435873557445,85.24,4.29,0.1,0,0,0.63,0.03,0,0,0,0.01,0,0,0,0,0,0,0,0,0,1.01,5.97,0,10.18,0.19,4.29,3.7,0,0,1.53,8.89,0,0.28,0,12.59,13.46,0,0.08,4.24,2.14,1.2,0,0.18,5.43,0,4.82,0
"Eritrea",2003,0.115947873750517,92.87,11.74,0.05,0,0,1.66,1.2,0,0,0,0,0,0,0,0,0,0,0,0,0,0.94,3.37,0,11.46,2.07,1.43,5.8,0,0,1.94,10.34,0,0,0,8.27,21.55,0,0.83,2.39,1.81,4.36,0,0.15,1.51,0,0,0
"Eritrea",2004,0.146412816191821,78.13,1.61,0,0,0,0.81,0.16,0,0,0,0,0,0,0,0,0,0,0,0,0,0.17,0.37,0,7.17,1.63,0.81,4.35,0.78,0,2.5,16.41,0,0,0,12.5,18.63,0,0.2,3.2,0.97,5.04,0,0.07,0.75,0,0,0
"Eritrea",2005,0.171940931989446,81.29,7.24,0.22,0,0,0.01,0.03,0,0,0,0,0,0,0,0,0,0,0,0,0,0.12,0.32,0,3.14,1.58,1.14,4.92,0.7,0,2.8,25,0,0,0,5.83,18.83,0,0.32,3.14,1.89,3.07,0,0.04,0.95,0,0,0
"Eritrea",2006,0.150737574879155,58.48,9.91,0.01,0,0,0,0,0,0,0,0,0,0,0,0,0,0,0,0,0,0.36,0.95,0,1.48,1.14,0.85,4.83,0.7,0,2.03,3.53,0,0,0,3.27,17.9,0,1.17,2.08,0.84,5.54,0,0.01,0,0,1.86,0.02
"Eritrea",2007,0.126563988505258,46.18,8.37,0.21,0,0,0.05,0,0,0,0,0.01,0,0,0,0.02,0.01,0,0,0,0,0.09,0.84,0,1.11,0.69,0.9,3.9,0.05,0,1.5,1.79,0,0,0,4.43,10.18,0,0.23,2.64,0.47,6.4,0,2.1,0,0,0,0.19
"Eritrea",2008,0.157983404042491,56.47,17.71,0.01,0,0,0,0,0,0,0,0,0,0,0,0.01,0,0,0,0,0,0,1.99,0,0.78,0.4,0.8,1.28,0.13,0,1.1,2.03,0,0,0,3.88,8.9,0,1.75,1.93,0.79,5.57,0,6.68,0.05,0,0,0.68
"Eritrea",2009,0.143419582800359,54.24,8.78,0,0,0,0,0,0,0,0,0,0,0,0,0.01,0,0,0,0,0.01,0,0,0,0.56,0.46,0.53,1.43,0.01,0,0.61,0.83,0,0,0,3.65,9.63,0.04,1.78,3.39,1.08,6.45,0,13.25,0,0,1.3,0.44
"Eritrea",2010,0.793828534123057,457.52,9.86,0,0,0,0,0,0,0,0,0,0,0,0,0,0.01,0,0,0,0,0.02,0,0,0.91,0.7,0.65,1.14,0.01,0,1.53,0.85,0,0,0,2.84,9.63,0,0.18,1.27,0.85,407.06,0,15.8,0,0,3.68,0.53
"Eritrea",2011,0.897714250429052,583.07,9.45,0.01,0,0,0,0,0,0,0,0.15,0,0,0,0,0.03,0,0,0,0,0.01,0.11,0,0.81,0.54,0.79,0.8,0.02,0,0.35,1.9,0,0,0,0.12,8.07,0,0.03,1.03,0.59,552.28,0,0,0.08,0,1.53,4.37
"Eritrea",2012,0.763819455015904,486.45,1.73,0.01,0,0.02,0.3,0,0,0,0,0.01,0,0,0,0,0,0,0,0,0,0,0.1,0,0.06,0,0.7,1.61,0,0,0.23,0.53,0,0,0,0,3.2,0.01,0,0.55,0.31,421.74,0,0,0,0,53.48,1.86
"Eritrea",2013,0.96335591673386,525.45,1.14,0,0,0.03,0,0,0,0,0,0.01,0,0,0,0,0,0,0,0,0,0,0,0,0,0,0.65,0.8,0,0,0.22,1.94,0,0,0,0,0.79,0,0.15,1.14,0.5,515.72,0,0,0,0,0.16,2.2
"Eritrea",2014,0.983111674593876,538.5,1.32,0,0,0.04,0,0,0,0,0,0,0.01,0,0,0,0,0,0,0,0,0,0,0,0,0,0.22,0.49,0,0,0.17,0.97,0,0,0,0,0.14,0,0,0.75,0.3,533.93,0,0,0,0,0.04,0.12
"Eritrea",2015,0.847795875341045,564.15,2.74,0,0,0.08,0.03,0,0,0,0,0,0,0,0,0,0,0,0,0,0,0,0,0,0,2.65,0.15,0.6,0,0,0.77,0.67,0,0,0,0,1.37,0,0,0.03,0.76,518.17,0,0,0,0,36.13,0
"Eritrea",2016,0.952633461524844,462.42,1.12,0,0,0.15,0.03,0,0,0,0,0,0,0,0,0,0,0,0,0,0,0,0.62,0,0,0.14,0.17,0.92,0,0,1.37,0.43,0,0,0.26,0,1.99,0,0.55,0.13,0.74,451.32,0,0.09,0,0.08,2.11,0.2
"Eritrea",2017,0.861797624088745,455.42,3.5,0.01,0,0.11,0,0,0,0,0,0,0,0,0,0,0,0,0,0,0,0,0,0,0,0.13,0.45,2.26,0,0,1.39,1.31,0,0,0.2,0,0.52,0.01,2.62,0.07,3.37,422.41,0,0,0,0,16.52,0.54
"Eritrea",2018,0.227315260291897,27.47,0.44,0,0,0,0.03,0,0,0,0,0,0,0.02,0,0,0,0,0,0,0,0.01,0,0,0,0.12,0.53,4.67,0,0,1.51,0.53,0,0,0,0,0.69,0,1.33,0.33,1.94,4.11,0,0,0,0,11.12,0.09
"Eritrea",2019,0.846755127117009,322,7.14,0,0,0,0,0,0,0,0,0,0,0.09,0,0,0.02,0,0,0,0,0.01,0,0,0,0.03,0.46,4.79,0,0,1.47,2.05,0,0,0,0,0.68,0.06,0.33,0.3,1.75,6.43,0,0,0,0,296.09,0.3
"Eritrea",2020,0.151594285570241,18.79,2,0,0,0,0,0,0,0,0,0,0,0.06,0,0,0.04,0,0,0,0,0.02,0,0,0.19,0,0.42,4.11,0,0,1.47,1.02,0,0,0,0,0.27,0,0.07,0.35,1.34,2.63,0.11,0,0,0,4.5,0.19
"Eritrea",2021,0.14778377816965,15.01,2.35,0,0,0,0.02,0,0,0,0,0,0,0.11,0,0,0.04,0,0,0,0,0.03,0,0,0.19,0.01,0.64,3.84,0,0,1.44,1.63,0,0,0,0,0,0,0,1.16,1.19,2.25,0,0,0,0,0,0.11
"Eritrea",2022,0.217145718985791,13.341875,0.518249,0.020486,0,0,0,0,0,0,0,0,0,0.346363,0,0,0.010662,0,0,0,0,0.013295,0,0,0,0.026742,1.139855,1.705438,0,0,1.372979,5.44343,0,0,0,0,0,0,0,0.64532,0,1.100606,0,0,0,0,0.953743,0.044707
"Eritrea",2023,0.420182807075358,20.618846,1.138357,0.002478,0,0,0,0,0,0,0,0,0,0.283636,0,0,0.00971,0,0,0,0,0.019374,0,0,0,0,0.617133,1.489728,0,0,1.29145,0.351238,0,0,0,0,0,0,0.038616,0.262167,0.912076,1.086844,0,0,0,0,13.068337,0.047702
"Eritrea",2024,0.114839300570603,10.24029,0.799275,0.004063,0,0,0.050309,0,0.001348,0,0,0,0,0.273573,0,0,0.00938,0,0,0,0,0.024501,0,0,0,0,0.598495,1.29987,0,0,1.378395,0.769654,0,0,0,0,0,0,0,0.468316,0.845558,1.287534,0,0,0,0,2.002667,0.427352
"Eswatini",1968,0.98880454903767,8.89,0,0,0,0,0,0,0,0,0,0,0,0,0,0,0,0,0,0,0,0,0,0,0.01,0,0,0,0,0,0,0,0,0,0,0,0,0,0,0.04,0,8.84,0,0,0,0,0,0
"Eswatini",1969,0.973843004627982,10.6,0,0,0,0,0.02,0,0,0,0,0,0,0,0,0,0,0,0,0,0,0,0,0,0,0,0,0.03,0,0,0,0,0,0,0,0,0,0,0,0.09,0,10.46,0,0,0,0,0,0
"Eswatini",1970,0.879370996774577,5.73,0,0,0,0,0.02,0,0,0,0,0,0,0,0,0,0,0,0,0,0,0,0.01,0,0.04,0,0,0.04,0,0,0,0,0,0,0,0.11,0,0,0,0.14,0,5.37,0,0,0,0,0,0
"Eswatini",1971,0.803464558975783,3.98,0.01,0,0,0,0.01,0,0,0,0,0,0,0,0,0,0,0,0,0,0,0,0.01,0,0.03,0,0,0.07,0,0,0,0,0,0,0,0.05,0.03,0,0,0.21,0,3.56,0,0,0,0,0,0
"Eswatini",1972,0.710225393929303,13.06,0.02,0,0,0,0.03,0.01,0,0,0,0,0,0,0,0,0,0,0,0,0,0,0.03,0,1.1,0,0,0.07,0,0,0,0,0,0,0,0.05,0.01,0,0,0.82,0,10.92,0,0,0,0,0,0
"Eswatini",1973,0.623411934121643,10.83,0.02,0,0,0,0.03,0,0,0,0,0,0,0,0,0,0,0,0,0,0,0,0.01,0,1.32,0,0,0.13,0,0,0,0,0,0,0,0.11,0.12,0,0,0.66,0.01,8.42,0,0,0,0,0,0
"Eswatini",1974,0.538936229646561,11.54,0.03,0,0,0,0.02,0,0,0,0,0,0,0,0,0,0,0,0,0,0,0,0.02,0,0.61,0,0,0.5,0,0,0,0,0,0,0,0.37,0.19,0,0,1.5,0.01,8.29,0,0,0,0,0,0
"Eswatini",1975,0.396385921069596,9.11,0.02,0,0,0,0.03,0,0,0,0,0,0,0,0,0,0,0,0,0,0,0.01,0,0,0.51,0.07,0,0.77,0,0,0.02,0,0,0,0,0.19,0.05,0,0,2.25,0,5.19,0,0,0,0,0,0
"Eswatini",1976,0.280837040058531,7.86,0.06,0,0,0,0.05,0.04,0,0,0,0,0,0,0,0,0,0,0,0,0,0.02,0.02,0,0.77,0.03,0,1.13,0,0,0.02,0,0,0,0,0.46,0.26,0,0,1.34,0,3.66,0,0,0,0,0,0
"Eswatini",1977,0.594253618957744,20.66,0.12,0,0,0,0.04,0,0,0,0,0,0,0,0,0,0,0,0,0,0,0.03,0.03,0,1.83,0.01,0,1.12,0,0,0.03,0,0,0,0,0.36,0.33,0,0,1.02,0,15.74,0,0,0,0,0,0
"Eswatini",1978,0.351393005274984,31.45,0.18,0,0,0,0.06,0.01,0,0,0,0,0,0,0,0,0,0,0,0,0,0.01,0.04,0,0.68,0,0,12.82,0,0,0.08,0,0,0,0,0.94,0.39,0,0,3.13,0,13.11,0,0,0,0,0,0
"Eswatini",1979,0.404603913198533,29.88,0.34,0,0,0,0.06,0.01,0,0,0,0,0,0,0,0,0,0,0,0,0,0.02,0.07,0,0.86,0.01,0,13,0,0,0.14,0,0,0,0,0.75,0,0,0,0.79,0.04,13.79,0,0,0,0,0,0
"Eswatini",1980,0.493514148972792,21.88,0.44,0,0,0,0.13,0.01,0,0,0,0,0,0,0,0,0,0,0,0,0,0.02,0.04,0,0.58,0,0.1,2.49,0,0,0.15,0,0,0,0,1.22,0.05,0,0,1.64,0,15.01,0,0,0,0,0,0
"Eswatini",1981,0.310427428571429,17.5,0.95,0,0,0,0.08,0,0,0,0,0,0,0,0,0,0,0,0,0,0,0,0,0,0.24,0,0.05,2.28,0,0,0.18,0.02,0,0,0,1.19,0,0,0,4.11,0,8.4,0,0,0,0,0,0
"Eswatini",1982,0.307460341056298,13.02,0.96,0,0,0,0.11,0,0,0,0,0,0,0,0,0,0,0,0,0,0,0,0.11,0,0.32,0,0.1,2.79,0,0,0.11,0.05,0,0,0,0.85,0,0,0,1.15,0.05,6.42,0,0,0,0,0,0
"Eswatini",1983,0.317114683769513,10.56,0.45,0,0,0,0.13,0,0,0,0,0,0,0,0,0,0,0,0,0,0,0.01,0,0,0.15,0,0.06,3.71,0,0,0.09,0,0,0,0,0.54,0,0,0,0.78,0.12,4.52,0,0,0,0,0,0
"Eswatini",1984,0.229026308856186,11.41,0.94,0,0,0,0.3,0,0,0,0,0,0,0,0,0,0,0,0,0,0,0,0.19,0,0.14,0.02,0.14,1.84,0,0,0.02,0.09,0,0,0,0.51,0.09,0,0,3.4,0.05,3.68,0,0,0,0,0,0
"Eswatini",1985,0.194667932439381,7.95,0.75,0,0,0,0.32,0,0,0,0,0,0,0,0,0,0,0,0,0,0,0,0.09,0,0.12,0,0.7,1.75,0,0,0,0.3,0,0,0,0.43,0.18,0,0,0.55,0.03,2.73,0,0,0,0,0,0
"Eswatini",1986,0.182717494082658,17.69,0.51,0,0,0,0.16,0,0,0,0,0,0,0,0,0,0,0,0,0,0,0.02,0.62,0,2.9,0.02,0.98,2.89,0,0,0.04,0.69,0,0,0,0.78,0,0,0,2.45,0,5.63,0,0,0,0,0,0
"Eswatini",1987,0.230920020222475,19.01,0.17,0,0,0,0.61,0,0,0,0,0,0,0,0,0,0,0,0,0,0,0,0.34,0,6.63,0.03,0.32,3.74,0,0,0.07,0.74,0,0,0,0.72,0.47,0,0,0.26,0.06,4.85,0,0,0,0,0,0
"Eswatini",1988,0.178536421014802,21.1,0.04,0,1.54,0,0.31,0,0,0,0,0,0,0,0,0,0,0,0,0,0,0,0,0,4.11,0.01,0.14,3.49,0,0,0.1,4.09,0,0,0,1.9,0.12,0,0,0,0,5.25,0,0,0,0,0,0
"Eswatini",1989,0.177888663440149,24.57,0.02,0,1.82,0,0.7,0,0,0,0,0,0,0,0,0,0,0,0,0,0,0.01,0.42,0,3.44,0.06,0.2,4.32,0,0,0.08,1.66,0,0,0,5.29,0.06,0,0,0,0,6.49,0,0,0,0,0,0
"Eswatini",1990,0.20585958841741,25.84,0.09,0,0.1,0,0.83,0,0,0,0,0,0,0,0,0,0,0,0,0,0,0.01,0.01,0,4.98,0.07,0.16,5.28,0,0,0.07,5.56,0,0,0,1.41,0.04,0,0,0,0.08,7.15,0,0,0,0,0,0
"Eswatini",1991,0.154297355028987,21.04,2.42,0.24,0.1,0,0.96,0,0,0,0,0,0,0,0,0,0,0,0,0,0,0,0.54,0,2.13,0.06,0.06,4.14,0,0,0.06,1.38,0,0,0,1.65,0.54,0,0,0.96,0,5.8,0,0,0,0,0,0
"Eswatini",1992,0.171637977320214,20.43,3.29,0.21,3.31,0,0.35,0,0,0,0,0,0,0,0,0,0,0,0,0,0,0.02,0.7,0,0.39,0.06,0.06,4.38,0,0,0.08,0.47,0,0,0,1.28,0.57,0,0,0,0,5.26,0,0,0,0,0,0
"Eswatini",1993,0.244784737968053,25.27,3.33,0.22,2.49,0,0.58,0,0,0,0,0,0,0,0,0,0,0,0,0,0,0,0.36,0,0.27,0,0.16,3.92,0,0,0.07,0.44,0,0,0,1.49,0.6,0,0,0.38,0,10.96,0,0,0,0,0,0
"Eswatini",1994,0.2432837931431,23.83,7.13,0.12,1.93,0,0.57,0,0,0,0,0,0,0,0,0,0,0,0,0,0,0,0.29,0,0.27,0,0.03,8.1,0,0,0.08,0.15,0,0,0,0.93,0,0,0,0.16,0,4.07,0,0,0,0,0,0
"Eswatini",1995,0.253452594035878,44.02,5.59,0.23,2.4,0,0.51,0,0,0,0,0,0,0,0,0,0,0,0,0,0,0,0.34,0,2.01,0,0.04,11.13,0,0,0.07,0.94,0,0,0,2.03,0.34,0,0,0.49,0,17.9,0,0,0,0,0,0
"Eswatini",1996,0.230159252907404,28.42,10.22,0.17,2.6,0,0.35,0,0,0,0,0,0,0,0,0,0,0,0,0,0,0,0.09,0,0.16,0,0.08,7.04,0,0,0.17,0.28,0,0,0,2.19,0.17,0,0,0.45,0,4.45,0,0,0,0,0,0
"Eswatini",1997,0.231439785970867,23.47,9.34,0.18,1.06,0,0.22,0,0,0,0,0,0,0,0,0,0,0,0,0,0,0,0.03,0,1.07,0,0.06,3.69,0,0,0.16,0.73,0,0,0,0.9,0.8,0,0,0.12,0,4.7,0,0.41,0,0,0,0
"Eswatini",1998,0.311920211598947,15.41,6.24,0.05,0,0,0.08,0.02,0,0,0,0,0,0,0,0,0,0,0,0,0,0,0.03,0,0.05,0,0.08,2.12,0,0,0.08,0.36,0,0,0,0.41,0.07,0,0,0.09,0,5.5,0,0.23,0,0,0,0
"Eswatini",1999,0.256800359330704,18.69,4.61,0,0,0,0.11,0.03,0,0,0,0,0,0,0,0,0,0,0,0,0,0,0.11,0,3.38,0,0.08,2.36,0,0,0.12,0.52,0,0,0,0,0.12,0,0,0,0.04,7.15,0,0.06,0,0,0,0
"Eswatini",2000,0.313542246358734,12.71,5.99,0.01,0,0,0.03,0.03,0,0,0,0,0,0,0,0,0,0,0,0,0,0,0.03,0,1.22,0,0.04,0.89,0,0,0.1,0.58,0,0,0,0.03,0.1,0,0,0.02,0,3.48,0,0.03,0.13,0,0,0
"Eswatini",2001,0.23907265625,16,6.54,0,0,0,0.07,0.05,0,0,0,0,0,0,0,0,0,0,0,0,0,0,0,0,1.15,0,0.04,0.79,0,0,0.1,0.73,0,0,0,1.08,0.1,0,0,0,0,2.14,0,0.02,3.19,0,0,0
"Eswatini",2002,0.185485217036033,17.92,4.52,0.03,0,0,0.11,0.1,0,0,0,0,0,0,0,0,0,0,0,0,0,0,0,0,0.96,0,0.03,0.7,0,0,0.31,4.21,0,0,0,1.1,0.17,0,0,0.18,0,1.4,0,0.02,4.08,0,0,0
"Eswatini",2003,0.264128667041972,17.52,5.02,0.07,0,0,0.08,0.02,0,0,0,0,0,0,0,0,0,0,0,0,0,0,0,0,0.4,0,0.02,0.83,0,0,0.07,7.04,0,0,0,0.22,0.39,0,0,0.07,0.07,1.4,0,0.01,1.81,0,0,0
"Eswatini",2004,0.232115142353238,12.6,4.86,0.06,0,0,0.05,0.02,0,0,0,0,0,0,0,0,0,0,0,0,0,0,0,0,0.6,0.07,0.08,0.31,0,0,0.3,3.1,0,0,0,0.28,0.38,0,0,0.18,0,1.43,0,0.01,0.87,0,0,0
"Eswatini",2005,0.791013073353875,29.18,25.91,0.06,0,0,0.01,0,0,0,0,0,0,0,0,0,0,0,0,0,0,0,0,0,0.2,0.04,0.18,0.49,0,0,0.02,0.59,0,0,0,0.08,0.45,0,0,0,0,1.15,0,0,0,0,0,0
"Eswatini",2006,0.683771306818182,14.08,11.61,0.06,0,0.02,0.35,0,0,0,0,0,0,0,0,0,0,0,0,0,0,0,0,0,0.18,0.05,0.22,0.19,0.04,0,0.15,0.5,0,0,0,0.02,0.43,0,0,0.01,0,0.24,0,0.01,0,0,0,0
"Eswatini",2007,0.23116871241626,17.87,7.26,0.34,0,0,0.71,0.01,0,0,0,0,0,0,0,0,0,0,0,0,0,0.02,0.18,0,0.42,0.3,0.3,0.74,0,0,1.68,1.28,0,0,0,0.04,0.76,0,0,0,0.02,3.81,0,0,0,0,0,0
"Eswatini",2008,0.171174300920887,12.14,3.18,0.18,0,0.01,0.25,0,0,0,0,0,0,0,0,0,0,0,0,0,0,0.01,0.02,0,0.11,0.26,0.3,1.52,0.1,0,0.33,0.93,0,0,0,0,2.31,0,0,0,0.14,2.49,0,0,0,0,0,0
"Eswatini",2009,0.182008415061286,9.21,1.19,0.1,0,0.03,0.41,0.11,0,0,0,0,0,0,0,0,0,0,0,0,0,0,0,0,0.4,0.3,0.16,1.27,0,0,0.18,0.05,0,0.38,0,0,3.22,0,1.17,0.14,0.02,0.08,0,0,0,0,0,0
"Eswatini",2010,0.238338581271714,10.07,4.36,0.18,0,0.13,0.35,0,0,0,0,0,0,0,0,0,0,0,0,0,0,0,0,0,0.35,0.19,0.16,0.28,0,0,0.05,0.38,0,0.66,0,0,1.61,0,0,0,0.11,0.02,0,0,1.24,0,0,0
"Eswatini",2011,0.347888506781569,27.23,15.11,0.17,0,0.06,1.45,0.19,0,0,0,0,0,0,0,0,0,0,0,0,0,0,0,0,0.6,0.37,0.21,1.66,0,0,0,0.35,0,0.42,0,0,1.79,0,0,0.04,0.23,0.03,0,0,4.54,0,0,0.01
"Eswatini",2012,0.270883225149209,17.32,0.99,0.32,0,0.02,1.43,0,0,0,0,0,0,0,0,0,0,0,0.04,0,0,0.04,0,0,0,0.47,0.12,0.35,0,0,0,0,0,0,0,0,1.47,0,0,0.07,0.22,7.67,0,0.01,4.09,0,0,0.01
"Eswatini",2013,0.144558497199911,12.18,1.8,0.04,0,0.03,1.53,0.05,0,0,0,0,0,0,0,0,0,0,0,0,0,0.06,0,0,0,0.56,0.12,0.37,0,0,0.05,0,0,0,0,0,1.79,0.14,0,0.74,0.02,2.01,0,0,2.75,0,0,0.12
"Eswatini",2014,0.143134619482371,9.88,0.5,0.12,0,0.01,1.02,0.05,0,0,0,0,0,0,0,0,0,0,0,0,0,0,0,0,0,0.44,0.15,0.25,0,0,0.03,0.19,0,0.17,0,0,0.69,0.12,0.02,2.43,0.12,1.57,0,0,1.85,0,0,0.15
"Eswatini",2015,0.104267862265471,5.57,0.94,0.72,0,0.02,0.8,0.04,0,0,0,0,0,0,0,0,0,0,0,0,0,0.06,0,0,0,0.49,0.1,0.12,0,0,0.18,0.02,0,0.22,0,0,0.63,0.09,0,0.25,0.55,0.26,0,0,0.06,0,0,0.02
"Eswatini",2016,0.284098051219263,19.8,1.18,0.23,0,0.02,0.49,0.08,0,0,0,0,0,0,0,0,0,0,0,0,0,0.03,0,0,0,0.23,0.12,0.21,0,0,0.04,0.06,0,0.22,0,0,0.79,0.11,0.01,0.88,0.54,0.01,0,0,8.53,0,5.92,0.1
"Eswatini",2017,0.213913851499127,17.47,3.74,0.16,0,0.03,6.36,0.05,0,0,0,0,0,0,0,0,0,0,0,0,0,0.02,0,0,0,0.15,0.14,0.57,0,0,0.03,0.22,0,0,0,0,0.46,0.15,0,0.26,0.07,0.39,0,0,2.51,0,1.89,0.27
"Eswatini",2018,0.408698917991394,25.79,7.47,0,0,0,0.48,0.03,0,0,0,0,0,0,0,0,0,0,0,0,0,0,0,0,0,0,0.27,0.53,0,0,0.02,0.15,0,0,0,0,0.53,0.07,0,0.1,1.1,0.42,0,0,14.62,0,0,0
"Eswatini",2019,0.430768743746648,10.21,6.56,0,0,0,0.6,0.07,0,0,0,0,0,0,0,0,0,0,0,0,0,0,0,0,0,0,0.61,0.6,0,0,0.02,0.03,0,0,0,0,0.64,0.09,0,0.09,0.33,0.48,0,0,0,0,0,0.09
"Eswatini",2020,0.487703359457911,9.77,6.73,0,0,0,0.4,0.06,0,0,0,0,0,0,0,0,0,0,0,0,0,0.06,0,0,0,0.03,0.27,0.36,0,0,0,0,0,0,0,0,0.63,0.05,0.01,0.15,0.34,0.59,0.03,0,0,0,0.01,0.05
"Eswatini",2021,0.395205141568725,11.98,7.34,0,0,0,0.13,0.08,0,0,0,0,0,0,0,0,0.01,0,0,0,0,0,0,0,0,0.86,0.15,0.38,0,0,0,0,0,0,0,0,0.93,0.05,0,0.47,0.66,0.55,0,0.02,0,0,0.29,0.06
"Eswatini",2022,0.224594628142842,9.37694,3.576455,0.188585,0,0.000152,0.066822,0.184326,0,0,0,0,0,0,0,0,0.007108,0,0,0,0,0.028737,0,0,0,0.846257,0.181945,0,0,0,0,0.666536,0,0,0,0,0.597718,0.071279,0,0.501608,2.245641,0.17461,0,0.005828,0,0,0,0.033333
"Eswatini",2023,0.274998922580736,16.851688,1.020516,0.318087,3.584197,0,0.09945,0.00147,0,0,0,0,0,0,0,0,0.006474,0.006508,0,0,0,0.024761,0,0,0,0.014389,7.787566,0.178216,0,0,0,0,0,0,0,0,0.671584,0.075691,0,0.693092,0.912632,0.165318,0,0.004005,1.27223,0,0,0.015502
"Eswatini",2024,0.198126432115805,10.803214,3.825989,0.385983,2.133319,0,0.072911,0.041387,0,0,0,0,0,0,0,0,0.00938,0,0,0,0,0.026008,0.004478,0,0,0,0.125841,0.342145,0,0,0,0,0,0,0,0,0.769027,0.064983,0,0.626058,0,0.199003,0,0.001392,1.481022,0,0.649356,0.044932
"Ethiopia",1951,NA,0,0,0,0,0,0,0,0,0,0,0,0,0,0,0,0,0,0,0,0,0,0,0,0,0,0,0,0,0,0,0,0,0,0,0,0,0,0,0,0,0,0,0,0,0,0,0
"Ethiopia",1952,NA,0,0,0,0,0,0,0,0,0,0,0,0,0,0,0,0,0,0,0,0,0,0,0,0,0,0,0,0,0,0,0,0,0,0,0,0,0,0,0,0,0,0,0,0,0,0,0
"Ethiopia",1953,NA,0,0,0,0,0,0,0,0,0,0,0,0,0,0,0,0,0,0,0,0,0,0,0,0,0,0,0,0,0,0,0,0,0,0,0,0,0,0,0,0,0,0,0,0,0,0,0
"Ethiopia",1954,NA,0,0,0,0,0,0,0,0,0,0,0,0,0,0,0,0,0,0,0,0,0,0,0,0,0,0,0,0,0,0,0,0,0,0,0,0,0,0,0,0,0,0,0,0,0,0,0
"Ethiopia",1955,NA,0,0,0,0,0,0,0,0,0,0,0,0,0,0,0,0,0,0,0,0,0,0,0,0,0,0,0,0,0,0,0,0,0,0,0,0,0,0,0,0,0,0,0,0,0,0,0
"Ethiopia",1956,NA,0,0,0,0,0,0,0,0,0,0,0,0,0,0,0,0,0,0,0,0,0,0,0,0,0,0,0,0,0,0,0,0,0,0,0,0,0,0,0,0,0,0,0,0,0,0,0
"Ethiopia",1957,NA,0,0,0,0,0,0,0,0,0,0,0,0,0,0,0,0,0,0,0,0,0,0,0,0,0,0,0,0,0,0,0,0,0,0,0,0,0,0,0,0,0,0,0,0,0,0,0
"Ethiopia",1958,NA,0,0,0,0,0,0,0,0,0,0,0,0,0,0,0,0,0,0,0,0,0,0,0,0,0,0,0,0,0,0,0,0,0,0,0,0,0,0,0,0,0,0,0,0,0,0,0
"Ethiopia",1959,NA,0,0,0,0,0,0,0,0,0,0,0,0,0,0,0,0,0,0,0,0,0,0,0,0,0,0,0,0,0,0,0,0,0,0,0,0,0,0,0,0,0,0,0,0,0,0,0
"Ethiopia",1960,0.838215533458748,6.71,0.01,0,0,0,0,0,0,0,0,0,0,0,0,0,0,0,0,0,0,0,0,0,0,0,0,0.3,0,0,0,6.13,0,0,0,0,0,0,0,0.27,0,0,0,0,0,0,0,0
"Ethiopia",1961,0.776037658035825,6.17,0.01,0,0,0,0,0,0,0,0,0,0,0,0,0,0,0,0,0,0,0,0,0,0,0,0,0.35,0,0,0,5.41,0,0,0,0,0,0,0,0.39,0.01,0,0,0,0,0,0,0
"Ethiopia",1962,0.379838884083045,2.72,0.01,0,0,0,0,0,0,0,0,0,0,0,0,0,0,0,0,0,0,0.01,0,0,0,0,0,0.7,0,0,0,1.4,0,0,0,0,0,0,0,0.6,0,0,0,0,0,0,0,0
"Ethiopia",1963,0.39780443639656,3.76,0.01,0,0,0,0,0,0,0,0,0,0,0,0,0,0,0,0,0,0,0.04,0,0,0,0,0,0.69,0,0,0,2.06,0,0,0,0,0,0,0,0.95,0.01,0,0,0,0,0,0,0
"Ethiopia",1964,0.315864139613436,3.65,0.02,0,0,0,0,0,0,0,0,0,0,0,0,0,0,0,0,0,0,0.04,0,0,0,0,0,0.88,0,0,0,1.58,0,0,0,0,0.1,0,0,0.96,0.01,0.06,0,0,0,0,0,0
"Ethiopia",1965,0.265072886297376,4.9,0.02,0,0,0,0,0,0,0,0,0,0,0,0,0,0,0,0,0,0,0,0,0,0,0,0,1.17,0,0,0,1.65,0,0,0,0,0.1,0,0,1.4,0.01,0.55,0,0,0,0,0,0
"Ethiopia",1966,0.463862201021231,4.88,0.05,0,0,0,0,0,0,0,0,0,0,0,0,0,0,0,0,0,0,0.01,0,0,0.01,0,0,3.13,0,0,0,1.03,0,0,0,0,0.23,0,0,0,0.06,0.36,0,0,0,0,0,0
"Ethiopia",1967,0.341350233491057,11.37,0.08,0,0,0,0,0,0,0,0,0,0,0,0,0,0,0,0,0,0,0.1,0.04,0,0.03,0,0,5.56,0,0,0,2.01,0,0,0,0,0.16,0,0,3,0.03,0.36,0,0,0,0,0,0
"Ethiopia",1968,0.331017145067222,19.08,0.08,0,0,0,0,0,0,0,0,0,0,0,0,0,0,0,0,0,0,0,0.08,0,0.02,0,0,3.63,0,0,0,7.27,0,0,0,0,0.11,0,0,7.36,0,0.53,0,0,0,0,0,0
"Ethiopia",1969,0.364280870737164,15.38,0.28,0,0,0,0.01,0,0,0,0,0,0,0,0,0,0,0,0,0,0,0,0.08,0,0.07,0,0,3.91,0,0,0,1.89,0,0,0,0,0.2,0,0,8.16,0.01,0.77,0,0,0,0,0,0
"Ethiopia",1970,0.296375807940905,22.8,0.24,0,0,0,0.01,0,0,0,0,0,0,0,0,0,0,0,0,0,0,0.03,0.09,0,0.05,0,0,5.15,0,0,0,9.03,0,0,0,0.22,0.18,0,0,6.68,0.01,1.11,0,0,0,0,0,0
"Ethiopia",1971,0.322953896569535,14.54,0.5,0,0,0,0.02,0,0,0,0,0,0,0,0,0,0,0,0,0,0,0.03,0.12,0,0.05,0.18,0,0,0,0,0,3.87,0,0,0,0.33,0.11,0,0,6.85,0.04,2.44,0,0,0,0,0,0
"Ethiopia",1972,0.252969002811397,21.37,0.56,0,0,0,0.03,0,0,0,0,0,0,0,0,0,0,0,0,0,0,0,0.13,0,0.04,0.38,0,7,0,0,0,2.82,0,0,0,0.52,0.12,0,0,7.18,0.09,2.5,0,0,0,0,0,0
"Ethiopia",1973,0.213121343345019,32.14,1.31,0,0,0,0.02,0.07,0,0,0,0,0,0,0,0,0,0,0,0,0,0,0.14,0,0.26,0.47,0,8.47,0,0,0,4.43,0,0,0,0.68,0.4,0,0,10.27,1.25,4.37,0,0,0,0,0,0
"Ethiopia",1974,0.166309066493342,48.84,5.24,0,0,0,1.22,0,0,0,0,0,0,0,0,0,0,0,0,0,0,0,0.3,0,0.48,0.52,0,12.04,0,0,0,11.2,0,0,0,3.58,0.94,0,0,7.7,0.8,4.81,0,0,0.01,0,0,0
"Ethiopia",1975,0.207995940091141,48.71,4.61,0,0,0,0.54,0,0,0,0,0,0,0,0,0,0,0,0,0,0,0,0.38,0,0.07,0.27,0.79,16.49,0,0,0.02,3.02,0,0,0,2.69,0.34,0,0,11.93,0.29,6.27,0,0,0,1,0,0
"Ethiopia",1976,0.211681311121799,44.93,1.9,0,0,0,0.03,0,0,0,0,0,0,0,0,0,0,0,0,0,0,0.08,0.39,0,0.08,2.12,0,10.88,0,0,0.01,3.22,0,0,0,5.67,0.4,0,0,15.54,0.59,4.02,0,0,0,0,0,0
"Ethiopia",1977,0.238177774242612,53.02,1.62,0,0,0,0.85,0,0,0,0,0,0,0,0,0,0,0,0,0,0,0.01,0.45,0,0.19,0.25,0.4,11.16,0,0,0.01,1.62,0,0,0,10.59,0.42,0,0,20.36,0.56,3.02,0,0,1.51,0,0,0
"Ethiopia",1978,0.251925615970086,58.03,3.05,0,0,0,1.87,0,0,0,0,0,0,0,0,0,0,0,0,0,0,0.03,0.76,0,0.25,0.19,0,14.24,0,0,0,2.5,0,0,0,4.54,0.37,0,0,23.98,0.54,5.45,0,0,0.26,0,0,0
"Ethiopia",1979,0.216456264509751,60.96,1.67,0,0,0,0.25,0,0,0,0,0,0,0,0,0,0,0,0,0,0,0.08,0.2,0,0.07,2.12,0,17.51,0,0,0,5.68,0,0,0,5.5,1.49,0,0,19.7,0.59,6.1,0,0,0,0,0,0
"Ethiopia",1980,0.258207735979839,73.23,1.67,0,0,0,1.07,0,0,0,0,0,0,0,0,0,0,0,0,0,0,0.07,0.1,0,0.06,0.25,3.2,16.71,0,0,0,8.11,0,0,0,3.82,1,0,0,31.43,1.21,4.53,0,0,0,0,0,0
"Ethiopia",1981,0.185267126818542,71.04,3.2,0,0,0,4.44,0,0,0,0,0,0,0,0,0,0,0,0,0,0,0.52,0.82,0,0.1,0.73,2.19,14.7,0,0,0,16.21,0,0,0,4.21,1.85,0,0,19.91,1.02,1.14,0,0,0,0,0,0
"Ethiopia",1982,0.154983247993575,70.81,1.28,0,0,0,6.51,0,0,0,0,0,0,0,0,0,0,0,0,0,0,0.28,0.16,0,0.61,0.68,2.74,12.48,0,0,0.01,11.79,0,0,0,3.17,1.91,0,0,17.79,1.44,9.88,0,0,0.08,0,0,0
"Ethiopia",1983,0.132435294154592,74.65,2.56,0,0,0,3.62,0,0,0,0,0,0,0,0,0,0,0,0,0,0,1.21,0.39,0,4.07,2.67,5,11.26,0,0,0.02,16.09,0,0,0,2.52,2.29,0,0,15.48,1.98,5.21,0,0,0.28,0,0,0
"Ethiopia",1984,0.163245464146957,151.96,3.61,0,0,0,11.94,0,0,0,0,0,0,0,0,0,0,0,0,0,0,0.86,0.23,0,0.47,2.68,5.19,29.45,0,0,0.09,45.87,0,0,0,9.22,8.96,0,0,17.92,5.78,9.36,0,0,0.33,0,0,0
"Ethiopia",1985,0.172567847439477,242.3,7.46,0,0,0,8.64,0,0,0,0,0,0,0,0,0,0,0,0,0,0,2,8.21,0,2.23,10.6,6.53,26.62,0,0,0.03,83,0,0,0,8.02,11.96,0,0,24.61,6.02,36.37,0,0,0,0,0,0
"Ethiopia",1986,0.304361490026931,292.65,7.27,0,0,0,8.33,0,0,0,0,0,0,0,0,0,0,0,0,0,0,0.94,5.48,0,0.01,8.99,10.29,27.22,0,0,0.28,152.9,0,0,0,8.37,9.4,0,0,35.16,3.66,14.12,0,0,0.23,0,0,0
"Ethiopia",1987,0.240593559528039,286.52,15.56,0,0,0,15.65,0,0,0,0,0,0,0,0,0,0,0,0,0,0,1.27,2.34,0,0.67,11.64,7.19,27.93,0,0,0.13,128.92,0,0,0,6.84,11.65,0,0,35.1,7.61,14.02,0,0,0,0,0,0
"Ethiopia",1988,0.273175231206716,474.5,14.4,0,0,0,7.17,0,0,0,0,0,0,0,0,0,0,0,0,0,0,13.34,6.57,0,5.1,10.53,9.44,38.91,0,0,0.14,233.27,0,0,0,22.56,16.85,0,0,53.23,8.84,34.15,0,0,0,0,0,0
"Ethiopia",1989,0.222033188821322,353.76,13.12,0.02,0.6,0,9.66,0,0,0,0,0,0,0,0,0,0,0,0,0,0,1.46,3.94,0,4.29,16.46,11.51,52.41,0,0,0.14,149.33,0,0,0,10.68,21.11,0,1.09,32.28,5.49,20.05,0,0,0.12,0,0,0
"Ethiopia",1990,0.168247170262589,506.04,11.23,0.03,0.01,0,12.52,0.04,0,0,0,0,0,0,0,0,0,0,0,0,0,1.21,4.55,0,0.94,21.19,15.41,46.69,0,0,0.85,173.71,0,0.13,0,24.92,25.47,0,6.48,48.93,7.53,35.6,0,0,68.6,0,0,0
"Ethiopia",1991,0.122659712765918,348.03,17.64,0.36,0.02,0,9.32,0.01,0,0,0,0,0,0,0,0,0,0,0,0,0,2.79,2.55,0,1.23,18.28,8.35,47.52,0,0,0.97,83.06,0,0.53,0,26.03,25.94,0,8.87,42.5,12.66,38.53,0,0,0,0.87,0,0
"Ethiopia",1992,0.246934929399049,443.19,10.5,0.46,0.03,0,7.97,0.03,0,0,0,0,0,0,0,0,0,0,0,0,0,3.1,3.86,0,6.83,7.96,10.85,203.59,0,0,0.79,42.67,0,0.1,0,28.48,26.9,0,4.52,45.45,4.54,34.12,0,0,0,0.44,0,0
"Ethiopia",1993,0.130792372924359,276.02,47.64,0.28,0,0,4.99,0,0,0,0,0,0,0,0,0,0,0,0,0,0,1.72,2.67,0,16.37,1.31,12.37,52.13,0,0,0.63,12.05,0,0.18,0,34.36,9.87,0,1.09,52.26,9.05,16.79,0,0,0.19,0.07,0,0
"Ethiopia",1994,0.194326902433014,432.35,43.89,0.33,0,0,7.6,0.14,0,0,0,0,0,0,0,0,0,0,0,0,0,2.2,4.63,0,3.94,3.81,17.77,166.71,0,0,3.11,41.11,0,0.23,0,32.51,29.08,0,0.15,25.62,5.98,43.38,0,0,0.15,0.01,0,0
"Ethiopia",1995,0.166221270517221,495.73,62.49,0.53,0,0,7.28,0.06,0,0,0,0,0,0,0,0,0,0,0,0,0,2.59,3.41,0,4.32,7.65,10.95,75.64,0,0,8.2,159.13,0,0.29,0,39.52,24.61,0,0.21,39.06,7.06,42.67,0,0,0.06,0,0,0
"Ethiopia",1996,0.120658679382723,379.56,50.15,0.53,0,0,9.23,0.15,0,0,0,0,0,0,0,0,0,0,0,0,0,2.22,8.57,0,4.53,7.24,11.17,81.43,2.82,0,13.73,40.31,0,0.32,0,60.16,21.38,0,0.52,39.3,5.83,19.97,0,0,0,0,0,0
"Ethiopia",1997,0.106635541558446,308.01,37.33,0.46,0,0,4.74,0.18,0,0,0,0,0,0,0,0,0,0,0,0,0,2.45,6.65,0,3.52,6.63,7.93,58.3,0.11,0,15.89,31.67,0,0.56,0,35.44,28.42,0,0.97,35.95,2.39,21.69,0,6.55,0.18,0,0,0
"Ethiopia",1998,0.110167193798698,318.42,26.08,0.54,0,0,3.8,0.06,0,0,0,0,0,0,0,0,0.12,0,0,0,0,3.21,7.9,0,3.11,7,10.88,65.98,0.24,0,16.71,46.22,0,0.25,0,36.84,26.72,0,0.33,32.45,4.55,13.03,0,11.89,0.46,0.05,0,0
"Ethiopia",1999,0.0983006039934571,249.19,40.38,0.64,0,0,0.75,0.21,0,0,0,0.18,0,0,0,0,0.07,0,0,0,0,4.86,2.86,0,4.09,5.94,10.87,38.42,0.16,0,16.76,18.7,0,0.46,0,31.22,23.93,0,0.69,18.88,2.96,12.04,0,8.79,5.32,0.01,0,0
"Ethiopia",2000,0.0913284918048139,255.75,34.03,0.49,0,0,1.92,0.27,0,0,0,0.02,0,0,0,0,0.05,0,0,0,0,3.76,8.9,0,2.56,5.66,9.7,38.63,1.19,0,21.63,26.16,0,0.2,0,25.72,23.57,0,0.48,20.72,3.59,11.35,0,11.91,3.07,0.13,0,0.04
"Ethiopia",2001,0.096183951013485,291.69,52.39,0.5,0,0,1.56,0.18,0,0,0,0.03,0,0,0,0,0.05,0,0,0,0,6.96,13.36,0,2.75,5.05,6.89,25.88,0.55,0,21.09,14.04,0,0.53,0,44.18,16.25,0,0.44,20.62,2.26,27.61,0,16.02,12.29,0.2,0,0.01
"Ethiopia",2002,0.0965039169504206,365.73,50.53,0.84,0,0,1.54,0.79,0,0,0,0.17,0,0,0,0,0.02,0,0,0.02,0,4.3,1.57,0,2.68,4.58,10.48,43.98,0.23,0,25.3,49.24,0,0.67,0,34.79,28.48,2.15,2.82,21.31,2.12,43.66,0,27.56,5.87,0,0,0.03
"Ethiopia",2003,0.0915936619151053,464.91,56.53,1.05,0,0,3.12,1.28,0,0,0,0.36,0,0,0,0,0.01,0,0,0.03,0,7.57,7.98,0,2.97,9.16,15.92,48.63,0.42,0,33.38,47.57,0,0.48,0,57.23,37.18,0.82,3.46,28.63,5.3,62.92,0,29.94,2.38,0,0.57,0.02
"Ethiopia",2004,0.135435758064868,603.25,33.33,2.07,0,0,1.88,0.8,0,0,0,0.69,0,0.05,0,0,8.7,0,0,0.01,0,4.3,9.44,0,2.62,9.06,26.64,126.09,1.59,0,42.44,11.21,0,0.44,0,57.52,34.04,0.01,2.45,50.76,3.24,147.13,0,25.45,1.09,0,0,0.2
"Ethiopia",2005,0.0998036170337356,544.99,34.17,2.37,0,0,1.87,1.21,0,0,0,0.77,0,0,0,0,0.01,0,0,0,0,7.64,5.34,0,4.06,11.08,15.59,50.96,1.49,0,44.1,86.93,0,0.15,0,58.66,38.07,0.08,6.05,68.37,2.65,75.48,0,24.1,1.3,0,0,2.49
"Ethiopia",2006,0.120889744875713,673.38,57.85,2.29,0,0.02,1.34,0.16,0,0,0,0.61,0,0,0,0,0.05,0,0,0,0,17.59,6.6,0,5.74,13.21,17.75,56.76,1.17,0,50.63,105.39,0,1.73,0,49.76,41.8,0.13,9.72,41.53,2.76,164.61,0,23.3,0,0,0,0.88
"Ethiopia",2007,0.167005421352938,822.24,36.03,3.3,0,0.04,1.85,0.06,0,0,0,0.5,0,0.02,0,0.02,0.16,0,0,0,0,7.18,13.13,0,6.43,9.98,20.49,96.48,2.43,0,58.94,75.47,0,0.98,0,50.76,34.14,0.13,35.75,44.72,2.43,291.07,0,23.6,4.26,0,0,1.89
"Ethiopia",2008,0.126626508412936,922.71,47.12,4.39,0,0.01,10.13,0.34,0,0,0,1.21,0,0,0,0.01,0.45,0,0,0,0,20.6,8.77,0,7.52,15.99,19.2,98.25,3.11,0,72.67,65.86,0,1.43,0,113.63,37.28,0.21,60.54,46.94,3.15,253.68,0,20.18,7.08,0,0,2.96
"Ethiopia",2009,0.153502768020625,1028.7,97.76,4.16,0,0.04,4.16,0.4,0,0,0,1.03,0,0.12,0,0,0.27,0.05,0,0.01,0,12.66,6.3,0,15.37,23.49,38.71,79.82,2.23,0.28,52.47,53.97,0,1.63,0,85.9,37.81,0.02,98.93,44.6,5.4,342.92,0,7.89,5.37,0,0.91,4.02
"Ethiopia",2010,0.101240348691117,541.12,93.89,10.2,0,0,2.33,0,0,0,0,1.22,0,0.13,0,0,0.1,0,0,0.06,0.03,9.71,4.18,0,7.96,25.64,13.72,96.45,1.39,0.28,49.23,18.31,0,0.74,0,54.25,32.56,0,39.46,39.42,6.23,0.16,0,15.28,15.51,0,0.23,2.45
"Ethiopia",2011,0.100124567193496,626.17,120.57,11.61,0,0.01,18.82,0.19,0,0,0,2.93,0,0.17,0,0,0.16,0.02,2,0.03,0.06,12.05,8.5,0,21.95,23.65,13.64,101.21,1.1,0.19,49.52,34.96,0,1.4,0,67.9,29.09,0.02,38.82,40.67,11.34,0.2,0,0.86,10.16,0,0.94,1.43
"Ethiopia",2012,0.109735760332268,599.54,108.67,20.44,0,0.03,27.92,0.02,0,0,0,3.1,0,0.13,0,0,0.39,0.01,0.06,0.02,0.01,8.42,3.26,0,8.43,31.13,21.09,116.84,0.85,0.18,42.66,15.83,0,0.77,0,79.34,39.77,0.04,14.74,27.23,9.54,0,0,0.66,14.03,0,0.1,3.83
"Ethiopia",2013,0.117379355194504,632.03,150.12,27.34,0,0.02,13.63,0.04,0,0,0,3.59,0.01,0.13,0,0,0.27,0,3,0.02,0,10.63,2.52,0,12.31,20.64,47.04,85.99,0.09,0.19,45.77,11.04,0,0.78,0,76.65,62.29,0.04,8.22,30.2,9.95,0,0,0.78,5.71,0,0.04,2.98
"Ethiopia",2014,0.0820924748728168,654.89,82.77,42.91,0,0.04,9.94,0.21,0,0,0,3.62,0.03,0.03,0,0,23.48,0,0,0.02,0,9.67,3.36,0,16.87,40.89,61.09,59.56,0.09,0.42,48.27,30.09,0,0.88,0.05,89.95,60.09,0.05,7.96,35.27,14.26,0,0,0.35,6.6,0,2.42,3.65
"Ethiopia",2015,0.0820608949573706,526.68,54.2,46.02,0,0.03,3.88,0.24,0,0,0,3.23,0.1,0.06,0,0.01,27.29,0.01,0.18,0.01,0,8.1,1.78,0,6.08,24.75,21.61,49.12,0.07,0.42,38.78,34.93,0,0.59,0.04,80.48,48.67,0.04,6.84,35.14,19.78,0,0,0.13,9.34,1.77,2.25,0.71
"Ethiopia",2016,0.0961699442778467,683.17,62.61,61.59,0,0.01,5.25,0.48,0,0,0,3.23,0,0.09,0,0,42.29,0.01,1.5,0,0,8.61,2.01,0,17.49,22.04,27.09,141.73,0.01,0.36,39.23,35.28,0,1.32,0.04,73.85,52.87,0.04,7.63,47.95,14.17,0.2,0,0.26,5.78,1.68,2.49,3.98
"Ethiopia",2017,0.100216607093627,730.79,38.9,46.95,0,0.05,3.65,0.74,0,0,0,3.8,0.02,0.07,0,0,8.62,0,0,0.21,0,11.37,3.73,0,31.3,22.56,60.7,155.14,0.05,0.48,40.62,37.54,0,0.72,0.02,82.37,60.19,0.04,8.25,79.95,16.81,0.03,0,0,8.38,0.52,1.18,5.83
"Ethiopia",2018,0.180147083732817,1228.8,70.31,0,0,0,1.77,1.57,0,0,0,5.66,0.01,0.52,0,0,0.24,0,0,0.01,0,14.35,4.1,0,27.16,25.35,26.33,188.01,0.07,0.8,45.46,50.37,0,1.2,0,84.98,68.39,0.05,8.5,87.33,16.87,451.49,0,1.6,25.51,0,20.06,0.73
"Ethiopia",2019,0.146189518130486,1373.85,64.05,0,0,0,1.32,5.03,0,0,0,6.05,0,3.35,0,0,0.64,0,0,0.21,0,12.9,5.91,0,109.04,25.2,76.54,156.99,0.08,0.38,46.95,38.8,0,1.92,0.09,107.66,91.58,0.05,7.94,93.17,17.31,438.74,0,1.03,0,0,57.25,3.67
"Ethiopia",2020,0.174799823970109,1514.66,72.54,0,0,0,2.16,3.07,0,0,0,5.85,0.11,0.92,0,0.01,1.29,0,0,0.29,0,12.56,3.98,0,57.69,27.49,87.56,478.51,0,0.26,47.13,32.5,0,2.26,0,115.47,101.88,0.04,8.26,65.71,20.15,350.52,0,1.27,0.04,0,12.46,2.68
"Ethiopia",2021,0.0946441444278727,1016.96,60.96,0,0,0,8.5,3.56,0,0,0,4.45,0.05,1.79,0,0.13,2.2,0,0,0.13,0,16.24,10.63,0,65.86,37.21,55.88,175.01,0.02,1.17,47.97,53.22,0.22,3.01,0,75.66,88.63,1.25,11.96,85.65,25.45,164.88,0,1.05,0.03,0,12.74,1.45
"Ethiopia",2022,0.0958978115867149,1415.064833,55.555054,135.897544,0,0.007294,3.186562,1.906061,0,0,0,4.755984,0.005853,2.774798,0,0.015962,0,0.05501,0,0.23507,0.065449,14.736408,4.490022,0,66.792281,30.551148,111.709666,275.597038,9.77896,1.308287,46.305886,43.782158,0.10978,3.255656,0.062887,107.554899,74.639029,0.084569,10.664586,78.329829,24.17201,121.013555,0.0336,1.204013,0,0,183.233129,1.194796
"Ethiopia",2023,0.101654545255993,1406.912198,84.047319,82.964756,0,0,10.64893,4.075229,0.010742,0,0.1075,5.759045,0.035683,1.516678,0,0,0.270015,0.049072,0,0.043767,0.054066,19.695843,4.469909,0,96.242056,25.39041,95.9539,279.797163,0.043253,0.095544,42.924849,87.270629,0.111297,3.825337,0.054905,141.176147,81.736639,0.356401,15.979315,77.987035,18.891243,215.54451,0.015,0.905593,0,0,7.171693,1.690725
"Ethiopia",2024,0.103767801172683,1275.28229,59.831793,104.330415,0,0.008677,4.753862,2.655207,0.011553,0,0.102161,6.026133,0.041841,1.463193,0,0.001742,2.150518,0.10562,0,0.059003,0,19.210724,3.56964,0,42.044125,22.548982,75.904302,220.511767,0.00564,0.080495,43.388265,150.326207,0,2.406623,0.184282,120.089967,65.512653,0.112684,16.489257,69.714485,11.700624,220.598769,0.01468,0.841998,0,0,6.549589,1.934814
"Gabon",1960,NA,0,0,0,0,0,0,0,0,0,0,0,0,0,0,0,0,0,0,0,0,0,0,0,0,0,0,0,0,0,0,0,0,0,0,0,0,0,0,0,0,0,0,0,0,0,0,0
"Gabon",1961,NA,0,0,0,0,0,0,0,0,0,0,0,0,0,0,0,0,0,0,0,0,0,0,0,0,0,0,0,0,0,0,0,0,0,0,0,0,0,0,0,0,0,0,0,0,0,0,0
"Gabon",1962,1,0.02,0,0,0,0,0,0,0,0,0,0,0,0,0,0,0,0,0,0,0,0,0,0,0,0,0,0.02,0,0,0,0,0,0,0,0,0,0,0,0,0,0,0,0,0,0,0,0
"Gabon",1963,1,0.01,0,0,0,0,0,0,0,0,0,0,0,0,0,0,0,0,0,0,0,0,0,0,0,0,0,0.01,0,0,0,0,0,0,0,0,0,0,0,0,0,0,0,0,0,0,0,0
"Gabon",1964,0.914166003015848,10.47,0,0,0,0,0,0,0,0,0,0,0,0,0,0,0,0,0,0,0,0,0,0,0,0,10,0.46,0,0,0,0,0,0,0,0,0,0,0,0,0.01,0,0,0,0,0,0,0
"Gabon",1965,0.797092013888889,9.6,0,0,0,0,0,0,0,0,0,0,0,0,0,0,0,0,0,0,0,0,0,0,0,0,8.5,1.1,0,0,0,0,0,0,0,0,0,0,0,0,0,0,0,0,0,0,0,0
"Gabon",1966,0.897735573411249,10.36,0,0,0,0,0,0,0,0,0,0,0,0,0,0,0,0,0,0,0,0,0,0,0,0,9.8,0.56,0,0,0,0,0,0,0,0,0,0,0,0,0,0,0,0,0,0,0,0
"Gabon",1967,0.697112455323773,11.97,0,0,0,0,0,0,0,0,0,0,0,0,0,0,0,0,0,0,0,0,0,0,0,0,9.8,1.95,0,0,0,0.02,0,0,0,0,0,0,0,0,0,0.2,0,0,0,0,0,0
"Gabon",1968,0.930118062611894,9.96,0,0,0,0,0,0,0,0,0,0,0,0,0,0,0,0,0,0,0,0,0.01,0,0,0,9.6,0.33,0,0,0,0,0,0,0,0,0,0,0,0,0.01,0.01,0,0,0,0,0,0
"Gabon",1969,0.872559623121236,15.02,0.01,0,0,0,0,0,0,0,0,0,0,0,0,0,0,0,0,0,0,0,0.04,0,0,0,14,0.92,0,0,0,0,0,0,0,0,0,0,0,0,0.04,0.01,0,0,0,0,0,0
"Gabon",1970,0.880330997749605,19.86,0,0,0,0,0,0,0,0,0,0,0,0,0,0,0,0,0,0,0,0,0.05,0,0,0,18.6,1.12,0,0,0,0.04,0,0,0,0,0,0,0,0,0.02,0.03,0,0,0,0,0,0
"Gabon",1971,0.900468722717696,19.19,0,0,0,0,0,0,0,0,0,0,0,0,0,0,0,0,0,0,0,0,0.08,0,0,0,18.2,0.51,0,0,0,0.08,0,0,0,0.01,0,0,0,0,0.01,0.3,0,0,0,0,0,0
"Gabon",1972,0.940197288410432,29.8,0,0,0,0,0,0,0,0,0,0,0,0,0,0,0,0,0,0,0,0,0.09,0,0,0,28.89,0.51,0,0,0,0.05,0,0,0,0.02,0,0,0,0,0.14,0.1,0,0,0,0,0,0
"Gabon",1973,0.457508459246517,25.48,0,0,0,0,0,0,0,0,0,0,0,0,0,0,0,0,0,0,0,0,0.3,0,0,0,15.99,4.03,0,0,0,0.13,0,0,0,0.01,0,0,0,0,0.02,0,0,0,0,5,0,0
"Gabon",1974,0.84969916032974,29.62,0.01,0,0,0,0,0,0,0,0,0,0,0,0,0,0,0,0,0,0,0,0.27,0,0,0,27.23,1.98,0,0,0,0.11,0,0,0,0,0,0,0,0,0.02,0,0,0,0,0,0,0
"Gabon",1975,0.643518967953861,53.83,0.01,0,0,0,0,0,0,0,0,0,0,0,0,0,0,0,0,0,0,0,0.27,0,0,0,41.98,1.52,0,0,0,0.03,0,0,0,0.01,0,0,0,0,0.01,0,0,0,0,10,0,0
"Gabon",1976,0.597855859873246,35.84,7.91,0,0,0,0,0,0,0,0,0,0,0,0,0,0,0,0,0,0,0,0.31,0,0,0,26.54,0.95,0,0,0,0.03,0,0,0,0.1,0,0,0,0,0,0,0,0,0,0,0,0
"Gabon",1977,0.750080519964064,29.49,2.45,0,0,0,0,0,0,0,0,0,0,0,0,0,0,0,0,0,0,0,0.19,0,0,0,25.4,0.96,0,0,0,0.03,0,0,0,0.44,0,0,0,0,0.02,0,0,0,0,0,0,0
"Gabon",1978,0.69189358498545,43.32,0.08,0,0,0,0,0,0,0,0,0,0,0,0,0,0,0,0,0,0,0,0.2,0,0,0,35.22,7.61,0,0,0,0.1,0,0,0,0.06,0,0,0,0,0.05,0,0,0,0,0,0,0
"Gabon",1979,0.70049993239589,34.4,0.08,0,0,0,0,0,0,0,0,0,0,0,0,0,0,0,0,0,0,0,0.17,0,0,0,28.43,4.39,0,0,0,0.16,0,0,0,1.16,0,0,0,0,0.01,0,0,0,0,0,0,0
"Gabon",1980,0.733218169047358,52.76,0.14,0,0,0,0,0,0,0,0,0,0,0,0,0,0,0,0,0,0,0,0.3,0,0,0,44.6,7.18,0,0,0,0.13,0,0,0,0.4,0,0,0,0,0.01,0,0,0,0,0,0,0
"Gabon",1981,0.795369000657245,43.49,0.27,0,0,0,0,0,0,0,0,0,0,0,0,0,0,0,0,0,0,0,0.36,0,0,0,38.64,0.48,0,0,0,0.28,0,0,0,0.16,0,0,0,0,0.01,0.01,0,0,0,3.28,0,0
"Gabon",1982,0.887437757009176,59.36,0.31,0,0,0,0,0,0,0,0,0,0,0,0,0,0,0,0,0,0,0,1.6,0,0,0,55.89,0.35,0,0,0,0.34,0,0,0,0.14,0,0,0,0,0.05,0.01,0,0,0.06,0.61,0,0
"Gabon",1983,0.812675812905968,60.24,0.39,0,0,0,0,0,0,0,0,0,0,0,0,0,0,0,0,0,0,0,1.4,0,0,0,54.22,0.84,0,0,0,0.86,0,0,0,0.05,0,0,0,0,0.06,0.03,0,0,0,2.39,0,0
"Gabon",1984,0.815887029250492,70.43,0.08,0,0,0,0,0,0,0,0,0,0,0,0,0,0,0,0,0,0,0,2.03,0,0,0,63.47,0.48,0,0,0,0.57,0,0,0,0,0,0,0,0,0.05,0.01,0,0,0,3.74,0,0
"Gabon",1985,0.688509567561442,56.58,0.07,0,0,0,0,0,0,0,0,0,0,0,0,0,0,0,0,0,0,0,2.41,0,0,0,46.48,0.78,0,0,0,0.68,0,0,0,0.01,0,0,0,0,0.06,0.02,0,0,0,6.07,0,0
"Gabon",1986,0.561099866482601,71.27,0.83,0,0,0,0,0,0,0,0,0,0,0,0,0,0,0,0,0,0,0,1.69,0,0,0,51.25,1,0,0,0,0.31,0,0,0,1.37,0,0,0,0,0.06,0.03,0,0,0,14.73,0,0
"Gabon",1987,0.711748320383303,79.96,0.12,0,0,0,0,0,0,0,0,0,0,0,0,0,0,0,0,0,0,0,3.14,0,0,0.56,67,1.34,0,0,0,0.06,0,0,0,0.08,0,0,0,0,0.6,0.04,0,0,0,7.02,0,0
"Gabon",1988,0.904978387731745,98.28,0.25,0.02,0,0,0,0,0,0,0,0,0,0,0,0,0,0,0,0,0,0,2.88,0,0,0,93.44,1.28,0,0,0,0,0,0,0,0.34,0,0,0,0,0.06,0.01,0,0,0,0,0,0
"Gabon",1989,0.815149255199027,116.56,5.07,0,0,0,0,0,0,0,0,0,0,0,0,0,0,0,0,0,0,0,2.69,0,0,0,105.06,1.75,0,0,0,0.76,0,0,0,0.35,0,0,0.07,0,0.05,0.06,0,0,0,0.7,0,0
"Gabon",1990,0.940174372449846,142.1,0.14,0,0,0,0,0,0,0,0,0,0,0,0,0,0,0,0,0,0,0,1.89,0,0,0,137.76,1.67,0,0,0,0.03,0,0,0,0.42,0,0,0.05,0.02,0.04,0.08,0,0,0,0,0,0
"Gabon",1991,0.936548489551323,131.12,0.42,0,0,0,0,0,0,0,0,0,0,0,0,0,0,0,0,0,0,0,2.63,0,0,0,126.86,1,0,0,0,0.07,0,0,0,0,0,0,0.03,0,0.02,0.09,0,0,0,0,0,0
"Gabon",1992,0.872648584145027,83.85,0.54,0.05,0,0,0,0,0,0,0,0,0,0,0,0,0,0,0,0,0,0,3.37,0,0,0,78.24,1.51,0,0,0,0,0,0,0,0,0,0,0.06,0,0,0.07,0,0,0,0.01,0,0
"Gabon",1993,0.906846116255159,130.19,0.54,0,0,0,0,0,0,0,0,0,0,0,0,0,0,0,0,0,0,0,3.5,0,0,0,123.91,2.07,0,0,0,0,0,0,0,0,0,0,0.06,0,0,0,0,0,0,0.11,0,0
"Gabon",1994,0.932043339852616,215.49,0.23,0.07,0,0,0,0,0,0,0,0,0,0,0,0,0,0,0,0,0,0,2.71,0,0,0,207.98,4.14,0,0,0,0.01,0,0,0,0,0,0,0.05,0,0,0.01,0,0,0,0.29,0,0
"Gabon",1995,0.749867353069215,187.15,0.26,0.1,0,0,0,0,0,0,0,0,0,0,0,0,0,0,0,0,0,0,3.32,0,0,0,160.74,1.99,0,0,0,20.29,0,0,0,0.01,0,0.28,0,0,0,0,0,0,0,0.16,0,0
"Gabon",1996,0.938671371820983,194.66,0.24,0.07,0,0,0,0,0,0,0,0,0,0,0,0,0,0,0,0,0,0,1.9,0,0,0,188.56,3.13,0,0,0,0.46,0,0,0,0.05,0,0,0.25,0,0,0,0,0,0,0,0,0
"Gabon",1997,0.894857412666986,92.77,0.83,0.05,0,0,0,0,0,0,0,0,0,0,0,0,0,0,0,0,0,0,1.59,0,0,0,87.72,1.74,0,0,0,0.56,0,0,0,0.1,0,0,0.12,0,0,0,0,0,0,0.06,0,0
"Gabon",1998,0.926966585580124,78.32,0.5,0.02,0,0,0,0,0,0,0,0,0,0,0,0,0,0,0,0,0,0,0.17,0,0,0,75.39,1.3,0,0,0,0.56,0,0,0,0,0.01,0,0.31,0,0,0,0,0.01,0,0.05,0,0
"Gabon",1999,0.899245106031507,56.99,0.33,0.03,0,0,0,0,0,0,0,0,0,0,0,0,0,0,0,0,0,0,0.13,0,0,0,54.02,1.26,0.01,0,0,0.77,0,0,0,0,0,0,0.39,0,0,0,0,0.05,0,0,0,0
"Gabon",2000,0.876317486043664,44.01,0.99,0.06,0,0,0,0,0,0,0,0,0,0,0,0,0,0,0,0,0,0.03,0.09,0,0,0,41.17,1.06,0,0,0,0.02,0,0,0,0.03,0,0,0.48,0.07,0,0,0,0.01,0,0,0,0
"Gabon",2001,0.776366356296308,64.69,3.28,0.05,0,0,0,0,0,0,0,0,0,0,0,0,0,0,0,0,0,0.01,0.22,0,0,0,56.82,2.96,0,0,0,0.02,0,0,0,0.78,0,0.05,0.49,0,0,0,0,0.01,0,0,0,0
"Gabon",2002,0.84328640974178,71.99,4.02,0.07,0,0,0,0,0,0,0,0,0,0,0,0,0,0,0,0,0,0,0.04,0,0,0,65.98,0.65,0,0,0,0.54,0,0,0,0.27,0,0.07,0.1,0,0,0.23,0,0.02,0,0,0,0
"Gabon",2003,0.941187181123872,119.49,2.07,0.02,0,0,0,0,0,0,0,0,0,0,0,0,0,0,0,0,0,0,0.07,0,0,0,115.9,0.97,0,0,0,0.01,0,0,0,0.2,0,0,0.24,0,0,0,0,0.01,0,0,0,0
"Gabon",2004,0.838410568572619,69.18,2.79,0.04,0,0,0,0,0,0,0,0,0,0,0,0,0,0,0,0,0,0.01,0.52,0,0,0,63.26,1.42,0,0,0,0.1,0,0,0,0.75,0.07,0,0.22,0,0,0,0,0,0,0,0,0
"Gabon",2005,0.725238695227092,73.07,6.8,0.05,0,0,0,0,0,0,0,0,0,0,0,0,0,0,0,0,0,0.02,0.05,0,0,0,61.74,3.74,0,0,0,0.14,0,0,0,0.03,0.17,0,0.32,0,0,0,0,0,0,0,0,0.01
"Gabon",2006,0.826878861338469,65.64,1.92,0,0,0.02,0,0,0,0,0,0,0,0,0,0,0,0,0,0,0,0,0.37,0,0,0,59.58,2.97,0,0,0,0.12,0,0,0,0,0,0,0.18,0,0,0,0,0,0.48,0,0,0
"Gabon",2007,0.823460244063689,74.01,2.35,0,0,0,0,0,0,0,0,0,0,0,0,0,0,0,0,0,0,0.05,0.05,0,0,0,67.05,2.67,0,0,0,0.24,0,0,0,0,0,0,0.16,0,0,0,0,0.01,1.43,0,0,0
"Gabon",2008,0.774712459131835,70.5,4.48,0.05,0,0,0,0,0,0,0,0,0,0,0,0,0,0,0,0,0,0.01,0.18,0,0,0,61.83,2.62,0,0,0,0.2,0,0,0,0,0,0,0.45,0,0,0,0,0.02,0.59,0,0,0.07
"Gabon",2009,0.816590142436879,86.08,4.97,0.13,0,0,0,0,0,0,0,0,0,0,0,0,0,0,0,0,0,0,0.23,0,0,0.02,77.58,2.67,0,0,0,0.02,0,0,0,0,0.02,0,0.43,0,0,0,0,0,0,0,0,0.01
"Gabon",2010,0.551537803591681,108.36,26.71,0.25,0,0,0,0,0,0,0,0,0,0,0,0,0,0,0,0,0,0,0.18,0,0,0.02,75.84,2.57,0,0,0,0.11,0,0,0,0,0,0,0.15,0,0.01,2,0,0,0.48,0,0.03,0.01
"Gabon",2011,0.526255555650721,98.56,13.46,0.62,0,0,0.08,0,0,0,0,0,0,0,0,0,0,0,0,0,0,0,0.22,0,0,0.03,69.55,3.01,0,0,0,0.02,0,0.08,0,0,0,0,0.1,0,0,8.82,0,0.02,2.53,0,0,0.02
"Gabon",2012,0.59456763888812,95.78,5.32,0.49,0,0,0.03,0,0,0,0,0.01,0,0,0,0,0,0,0.02,0,0,0,0.17,0,0,0.02,72.25,2.6,0,0,0.03,0.21,0,0,0,0,0,0,0,0,0,14.1,0,0,0.44,0,0.02,0.07
"Gabon",2013,0.610735456897986,96.71,4.56,0.55,0,0,0.16,0,0,0,0,0,0,0,0,0,0,0,0,0,0,0,0.19,0,0,0.02,74.32,2.32,0,0,0.06,0.09,0,0,0,0,0.05,0,0.09,0,0.01,12.67,0,0.05,1.18,0,0,0.39
"Gabon",2014,0.674027545546457,125.79,4.98,0.3,0,0,0.01,0,0,0,0,0,0,0,0,0,0,0,0,0,0,0.09,0,0,0,0.01,102.02,1.81,0,0,0.01,0.08,0,0,0,0,0.1,0,0.01,0,0.01,15.1,0,0,0.9,0,0,0.36
"Gabon",2015,0.675312550116077,106.41,2.71,0.32,0,0,0.02,0,0,0,0,0.04,0,0,0,0,0,0,0,0,0,0.37,0,0,0,0,86.16,1.68,0,0,0,0.07,0,0,0,0,0.07,0,0.01,0,0.01,14.58,0.02,0,0.28,0,0,0.07
"Gabon",2016,0.439457893025951,52.36,4.34,0.3,0,0,0,0,0,0,0,0.03,0,0,0,0,0,0,0,0,0,0.27,0,0,0,0,31.18,0.95,0,0,0.01,0.23,0,0,0,0,0.15,0,0.07,0,0.02,14.58,0,0,0,0,0,0.23
"Gabon",2017,0.69111564583364,138.07,3.58,0.1,0,0.01,0,0,0,0,0,0,0,0,0,0,0,0,0,0,0,0.14,0,0,0,0,112.97,0.75,0,0,0.01,0.01,0,0,0,0,0.08,0,0.1,0,0,19.98,0,0,0,0,0,0.34
"Gabon",2018,0.921999186762267,137.79,4.13,0,0,0,0,0,0,0,0,0.03,0,0,0,0,0,0,0,0,0,0,0,0,0,0,132.24,0.74,0,0,0,0.25,0,0,0,0,0.24,0,0.1,0,0.02,0.02,0,0.01,0,0,0.01,0
"Gabon",2019,0.901174775028492,165.24,5.54,0,0,0,0,0,0,0,0,0.01,0,0,0,0,0,0,0,0,0,0.19,0,0,0,0,156.76,0.72,0,0,0,0.44,0,0,0,0,0.25,0.53,0.64,0,0,0.03,0,0,0,0,0,0.13
"Gabon",2020,0.88613848680332,61.95,2.2,0,0,0,0,0,0,0,0,0,0,0,0,0,0,0,0,0,0,0.1,0.12,0,0,0,58.27,0.69,0,0,0,0.17,0,0,0,0,0.22,0,0.01,0.1,0.01,0,0,0,0,0,0,0.06
"Gabon",2021,0.600096031971261,103.22,6.15,0,0,0,0,0,0,0,0,0,0,0,0,0,0,0,0,0,0,0.19,0,0,0,0,77.74,0.78,0.34,0,0,0.12,0,0,0,0,17.65,0,0.07,0.09,0,0,0,0.01,0,0,0.02,0.06
"Gabon",2022,0.910606725573051,142.343575,3.174082,0.32828,0,0,0,0,0,0,0,0.024306,0,0,0,0,0,0.017211,0,0,0,0.176995,0,0,0,0,135.787364,0.675187,1.087537,0,0,0.093794,0,0,0,0,0.264752,0,0.060461,0.528293,0.023135,0,0,0,0,0,0,0.102178
"Gabon",2023,0.872442100913484,67.183299,1.949118,0.579036,0,0,0,0,0,0,0,0.022522,0,0,0,0,0,0.021181,0,0,0,0.043458,0,0,0,0,62.713037,0.574983,0,0,0,0.082426,0,0,0,0,0.318156,0,0.202233,0.547868,0.032914,0,0,0.002533,0,0,0.005001,0.088833
"Gabon",2024,0.785164023152847,57.830158,4.14255,0.560454,0,0,0.007165,0,0,0,0,0,0,0,0,0,0,0.014755,0,0,0,0.022868,0,0.02117,0,0,51.064305,0.687567,0,0,0,0.293578,0,0,0,0,0.339162,0,0.157342,0.273348,0.079685,0,0,0.004177,0,0,0,0.162032
"Gambia",1965,0.941944506324101,4.02,0,0,0,0,0.01,0,0,0,0,0,0,0,0,0,0,0,0,0,0,0,0,0,0,0,0,0.11,0,0,0,0,0,0,0,0,0,0,0,0,0,3.9,0,0,0,0,0,0
"Gambia",1966,0.5952771991668,3.16,0,0,0,0,0.01,0,0,0,0,0,0,0,0,0,0,0,0,0,0,0,0,0,0,0,0,0.14,0,0,0,0,0,0,0,0,0,0,0,0,0,2.34,0,0,0,0.67,0,0
"Gambia",1967,0.770431137104705,2.78,0,0,0,0,0.01,0,0,0,0,0,0,0,0,0,0,0,0,0,0,0,0,0,0,0,0,0.31,0,0,0,0,0,0,0,0,0.04,0,0,0,0,2.42,0,0,0,0,0,0
"Gambia",1968,0.965852899270842,2.89,0,0,0,0,0.03,0,0,0,0,0,0,0,0,0,0,0,0,0,0,0,0,0,0,0,0,0.02,0,0,0,0,0,0,0,0,0,0,0,0,0,2.84,0,0,0,0,0,0
"Gambia",1969,0.84429544300695,2.39,0,0,0,0,0.03,0,0,0,0,0,0,0,0,0,0,0,0,0,0,0,0,0,0,0,0,0.16,0,0,0,0,0,0,0,0,0,0,0,0,0.01,2.19,0,0,0,0,0,0
"Gambia",1970,0.795267489711934,1.08,0,0,0,0,0.03,0,0,0,0,0,0,0,0,0,0,0,0,0,0,0,0,0,0,0,0,0.07,0,0,0,0,0,0,0,0.01,0,0,0,0,0.01,0.96,0,0,0,0,0,0
"Gambia",1971,0.886320775404587,1.51,0,0,0,0,0.03,0,0,0,0,0,0,0,0,0,0,0,0,0,0,0,0,0,0,0,0,0.06,0,0,0,0,0,0,0,0,0,0,0,0,0,1.42,0,0,0,0,0,0
"Gambia",1972,0.933756287151349,3.24,0,0,0,0,0.04,0,0,0,0,0,0,0,0,0,0,0,0,0,0,0.01,0,0,0,0,0,0.06,0,0,0,0,0,0,0,0,0,0,0,0,0,3.13,0,0,0,0,0,0
"Gambia",1973,0.78491929374745,2.62,0,0,0,0,0.05,0,0,0,0,0,0,0,0,0,0,0,0,0,0,0,0,0,0,0,0,0.22,0,0,0,0.01,0,0,0,0,0,0,0,0,0.03,2.31,0,0,0,0,0,0
"Gambia",1974,0.777344408837915,3.08,0,0,0,0,0.03,0,0,0,0,0,0,0,0,0,0,0,0,0,0,0,0,0,0,0,0,0.28,0,0,0,0,0,0,0,0.07,0,0,0,0,0,2.7,0,0,0,0,0,0
"Gambia",1975,0.741682190573483,3.87,0,0,0,0,0.04,0,0,0,0,0,0,0,0,0,0,0,0,0,0,0,0,0,0,0,0,0.46,0,0,0,0,0,0,0,0.07,0,0,0,0,0,3.3,0,0,0,0,0,0
"Gambia",1976,0.504964449870727,4.72,0,0,0,0,0.05,0,0,0,0,0,0,0,0,0,0,0,0,0,0,0,0,0,0.16,0,0,1.24,0,0,0.02,0,0,0,0,0.1,0,0,0,0,0.04,3.11,0,0,0,0,0,0
"Gambia",1977,0.394618511487691,10.87,0.37,0,0,0,0.08,0,0,0,0,0,0,0,0,0,0,0,0,0,0,0.01,0,0,0.07,0.01,0,3.44,0,0,0.02,0,0,0,0,0.12,0,0,0,0,0,5.84,0,0,0.22,0,0.69,0
"Gambia",1978,0.242718091299654,20.38,0.03,0,0,0,0.06,0,0,0,0,0,0,0,0,0,0,0,0,0,0,0.02,0.18,0,0.41,0,0,4.64,0,0,0.03,0,0,0,0,0.47,0,0,0,0,0.07,6.95,0,0,1.68,5.23,0.61,0
"Gambia",1979,0.242793062955523,16.05,0,0,0,0,0.04,0,0,0,0,0,0,0,0,0,0,0,0,0,0,0.01,0.01,0,0.08,0,0,4.44,0,0,0.04,0,0,0,0,2.11,0,0,0,0,0.08,5.14,0,0,3.39,0.67,0.04,0
"Gambia",1980,0.285293695994995,27.7,0.03,0,0,0,0.03,0,0,0,0,0,0,0,0,0,0,0,0,0,0,0.03,0,0,0.6,0.01,1.1,12.59,0,0,0.03,0.09,0,0,0,0.61,0.2,0,0,0,0.02,5.28,0,0,5.39,0.99,0.7,0
"Gambia",1981,0.218228012409205,35.83,0.58,0,0,0,0.04,0,0,0,0,0,0,0,0,0,0,0,0,0,0,0.01,0,0,2.36,0.01,0.57,4.98,0,0,0.03,0,0,0,0,1.31,0,0,0,0.1,0.02,4.71,0,0,9.46,11.65,0,0
"Gambia",1982,0.204914017799322,21.57,3.82,0,0,0,0.05,0,0,0,0,0,0,0,0,0,0,0,0,0,0,0.02,0.14,0,0.16,0.02,0.85,7.16,0,0,0.02,0,0,0,0,0.96,0,0,0,0.19,0.02,4.34,0,0,2.81,1.01,0,0
"Gambia",1983,0.321354385122089,16.45,0.07,0,0,0,0.04,0,0,0,0,0,0,0,0,0,0,0,0,0,0,0.03,0.03,0,0.42,0.02,0.46,8.3,0,0,0.05,0,0,0,0,0.69,0.92,0,0,0,0.02,3.64,0,0,1.76,0,0,0
"Gambia",1984,0.185932999310317,25.12,3.36,0,0,0,0.03,0,0,0,0,0,0,0,0,0,0,0,0,0,0,0.04,0.06,0,0.16,0,2.88,7.84,0,0,0.04,0.04,0,0,0,2.37,0.37,0,0,0.13,0.04,4.86,0,0,2.6,0.3,0,0
"Gambia",1985,0.160782726191181,21.55,1.21,0,0,0,0.04,0,0,0,0,0,0,0,0,0,0,0,0,0,0,0.01,0,0,0.39,0,3.56,5.15,0,0,0.03,1.75,0,0,0,2.98,0.84,0,0,0.19,0.07,4.55,0,0,0.11,0.67,0,0
"Gambia",1986,0.210443741170444,51.16,1.59,0,0,0,0.03,0,0,0,0,0,0,0,0,0,0,0,0,0,0,0.02,0,0,0.12,0,5.8,5.65,0,0,0.16,15.32,0,0,0,5.98,1.13,0,0,0.17,0.05,14.51,0,0,0.03,0.6,0,0
"Gambia",1987,0.184981795715185,41.97,4.45,0,0,0,0.04,0,0,0,0,0,0,0,0,0,0,0,0,0,0,0.02,0.06,0,0.13,0,4.56,7.53,0,0,0.09,9.17,0,0,0,1.94,1.41,0,0,0.25,0,11.76,0,0,0,0.56,0,0
"Gambia",1988,0.151700822345153,48.18,3.83,0,0,0,0.03,0,0,0,0,0,0,0,0,0,0,0,0,0,0,0.02,0.02,0,6.96,0,1.1,6.61,0,0,0.01,8.21,0,0,0,5.14,3.84,0,0,0.4,0,11.63,0,0,0,0.38,0,0
"Gambia",1989,0.1204507537644,51.33,2.04,0,0,0,0.03,0,0,0,0,0,0,0,0,0,0,0,0,0,0,0.07,0,0,10.35,0,4.2,5.44,0,0,0.01,5.98,0,0,0,3.68,3.04,0,0,0.25,4.18,8.27,0,0,0,3.79,0,0
"Gambia",1990,0.1329991021343,52.05,6.44,0,0,0,0.02,0,0,0,0,0,0,0,0,0,0,0,0,0,0,3.17,0.28,0,3.34,0.04,7.97,4.36,0,0,0.04,0.85,0,0.83,0,4.69,2.33,0,0,0.49,0.04,12.98,0,0,0,4.18,0,0
"Gambia",1991,0.100737864691358,56.25,4.01,0,0,0,0,0,0,0,0,0,0,0,0,0,0,0,0,0,0,6.29,0.26,0,1.53,0.76,6.99,6.6,0,0,0.02,3.54,0,0.64,0,2.65,1.66,0,0,1.3,6.7,8.88,0,0,0,4.42,0,0
"Gambia",1992,0.134334455234798,43.82,5.08,0,0,0,0.04,0,0,0,0,0,0,0,0,0,0,0,0,0,0,3.74,0.23,0,3.17,0.47,7.14,6.28,0,0,0.15,2.19,0,0.73,0,2.05,1.32,0,0,0.42,0.51,10.28,0,0,0,0.02,0,0
"Gambia",1993,0.174026171872413,40.38,12.73,0,0,0,0.06,0,0,0,0,0,0,0,0,0,0,0,0,0,0,0.04,0.2,0,0.85,0,7.2,5.53,0,0,0.25,3.35,0,1.01,0,1.19,1.27,0,0,0.62,1.38,4.57,0,0,0.08,0.01,0,0.04
"Gambia",1994,0.196723252029543,33.05,11.5,0.1,0,0,0.08,0,0,0,0,0,0,0,0,0,0,0,0,0,0,0.04,0.14,0,0.63,0,4.6,6.06,0,0,0.18,1.08,0,1.3,0,2.85,0.73,0,0,0,0.04,3.57,0,0,0.15,0,0,0
"Gambia",1995,0.172347610083642,22.7,2.29,0.02,0,0,0.07,0,0,0,0,0,0,0,0,0,0,0,0,0,0,0.01,0.08,0,0.42,0,4.55,6.51,0,0,0.64,0.36,0,0,0,1.73,0.45,0,0,1.11,0.05,3.88,0,0,0.52,0.01,0,0
"Gambia",1996,0.178098470615468,17.24,0.1,0.05,0.72,0,0.03,0.04,0,0,0,0,0,0,0,0,0,0,0,0,0,0.03,0,0,0.25,0,3.65,4.53,0,0,0.56,0.11,0,0,0,2.06,0.37,0,0,1.24,0,3.5,0,0,0,0,0,0
"Gambia",1997,0.153936271039076,15.82,0.21,0.07,0.8,0,0,0.04,0,0,0,0,0,0,0,0,0,0,0,0,0,0,0.18,0,0.18,0.03,2.97,4,0,0,0.88,0.29,0,0,0,2.17,0.77,0,0,0.66,0,2.52,0,0.05,0,0,0,0
"Gambia",1998,0.150566486868881,15.17,0.58,0,0,0,0,0.05,0,0,0,0,0,0,0,0,0,0,0,0,0,0.01,0.09,0,0.5,0.01,3.12,4.09,0,0,0.69,0.47,0,0,0,0.46,0.27,0,0,0.66,0.03,1.49,0,0.06,1.87,0.05,0,0.67
"Gambia",1999,0.142888685478114,13.66,2.23,0.07,0,0,0,0.04,0,0,0,0,0,0,0,0,0,0,0,0,0,0.07,0.1,0,0.12,0.01,2.5,2.87,0,0,0.67,0.3,0,0,0,0.05,0.22,0,0.02,0.61,0,1.94,0,0.04,1.54,0,0,0.26
"Gambia",2000,0.150569462637775,15.62,3.28,0.02,0,0,0,0.03,0,0,0,0,0,0,0,0,0,0,0,0,0,0.28,0.18,0,0.02,0.03,0.78,2.6,0,0,0.64,1.08,0,0,0,0.15,0.19,0,0,0.74,0,2.1,0,0.04,3.45,0,0,0.01
"Gambia",2001,0.15871094772782,15.45,3.1,0.01,0,0,0,0.03,0,0,0,0,0,0,0,0,0,0,0,0,0,0.21,0.21,0,0.06,0.05,0.88,2.22,0,0,0.44,0.01,0,0,0,0.67,0.24,0,0.11,0.39,0,3.77,0,0.02,2.7,0,0,0.33
"Gambia",2002,0.243360218671308,19.41,8.2,0.08,0,0,0,0,0,0,0,0,0,0,0,0,0,0,0,0,0,0.15,0.19,0,0.16,0.05,0.98,1.79,0,0,0.46,0.02,0,0,0,0.32,0.69,0,0.06,0.49,0,1.73,0,0.02,4.02,0,0,0
"Gambia",2003,0.245253589391861,20.25,8.86,0.05,0,0,0,0.02,0,0,0,0,0,0,0,0,0,0,0,0,0,0.29,0.28,0,0.13,0.11,1.06,2.1,0.01,0,0.66,1.04,0,0,0,0.38,0.3,0,0.01,0.33,0,0.93,0,0,3.69,0,0,0
"Gambia",2004,0.141329377917698,10.93,2.66,0.07,0,0,0,0.05,0,0,0,0,0,0,0,0,0,0,0,0,0,0.77,0.27,0,0.03,0.07,0.96,1.89,0.01,0,0.48,0.01,0,0,0,0.46,0.26,0,0,0.56,0,0.49,0,0,1.89,0,0,0
"Gambia",2005,0.163966510515522,13.39,4.38,0.08,0,0,0,0.05,0,0,0,0,0,0,0,0,0,0,0,0.01,0,0.89,0.4,0.01,0,0.12,0.73,1.39,0.03,0,0.16,0.25,0,0,0,0.29,0.26,0,0.23,0.66,0,1.51,0,0,1.94,0,0,0
"Gambia",2006,0.244194759504306,27.6,10.99,0.04,0,0.02,0.03,0,0,0,0,0,0,0,0,0,0.03,0,0,0,0,0.01,0.52,0.04,0.26,0.07,1.14,1.33,0.02,0,0.3,0.3,0,0,0,0.08,0.25,0,0.3,0.75,0,4.1,0,0,6.63,0,0,0.39
"Gambia",2007,0.169210991483207,35.56,6.39,0.1,0,0,0,0,0,0,0,0.01,0,0,0,0,0.02,0,0,0,0,0.02,1.29,0.03,0.3,0.05,1.08,0.9,0.01,0,0.09,0,0,0,0,10.07,0.12,0,4.81,0.83,0,5.03,0,0.01,4.34,0,0,0.06
"Gambia",2008,0.141210617881002,22.78,1.08,0.03,0,0.03,0,0.03,0,0,0,0,0,0,0,0,0,0,0,0,0,0,0.53,0.04,0.26,0.16,1.77,0.81,0.09,0,0.07,1.44,0,0,0,3.89,0.07,0,2.2,0.93,0,3.77,0,0.01,5.55,0,0,0.02
"Gambia",2009,0.237242822955939,26.06,11.39,0.02,0,0.04,0,0.03,0,0,0,0.01,0,0,0,0,0,0,0,0,0,0.08,0.54,0.02,0.34,0.16,0.67,0.33,0.02,0,0.23,1.39,0,0,0,0.71,0.11,0,2.98,0.92,0,3.73,0,0.02,2.05,0,0.09,0.18
"Gambia",2010,0.743446276815325,196.32,17.22,0.11,0,0.02,0,0.04,0,0,0,0.02,0.01,0,0,0,0,0,0,0,0,0.1,0.41,0.04,0.36,0.18,0.56,0.6,0.02,0,0.05,0,0,0.12,0,0,0.13,0,3.97,0.85,0,168.32,0,0.03,2.79,0,0.1,0.27
"Gambia",2011,0.709610663876834,155.87,11.45,0.06,0,0.03,1.3,0.01,0,0,0,0,0.01,0,0,0,0.01,0,0,0,0,0.04,0.33,0.04,0.3,0.19,0.68,0.47,0.02,0,0.25,0.15,0,0.16,0,0,0.29,0,5.72,0.68,0,130.65,0,0.04,1.33,0,1.4,0.26
"Gambia",2012,0.775413423013351,145.29,7.46,0.05,0,0.02,1.37,0,0,0,0,0.01,0,0,0,0,0,0,0,0,0,0.03,0.29,0,0,0.11,0.76,0.24,0.02,0,0.17,0.13,0,0.16,0,0,0.05,0,2.56,0.64,0,127.66,0,0,0.9,0,2.23,0.43
"Gambia",2013,0.79414896433959,191.1,7.04,0.04,0,0.02,2,0,0,0,0,0,0,0,0,0,0,0,0,0,0,0.12,0.3,0,0,0.23,0.92,0.23,0.01,0,0.09,0,0,0.26,0,0,0.13,0.01,1.93,0.44,0,170.02,0,0,0.28,0,5.91,1.12
"Gambia",2014,0.851642294372739,118.63,0.35,0.04,0,0.09,0.42,0,0,0,0,0,0,0.01,0,0,0,0,0,0,0,0.08,0.27,0,0,0.32,0.35,0.36,0.02,0,0.07,0.02,0,0.29,0,0,0.2,0,0.26,0.63,0,109.42,0,0.01,2.62,0,0.97,1.83
"Gambia",2015,0.619808727362577,124.56,2.64,0.08,0,0.08,0.4,0,0,0,0,0.04,0,0.03,0,0,0,0,0,0,0,0.12,0.18,0,0,0.45,0.96,0.26,0,0.03,0.18,0,0,0.07,0,0,0.14,0,0.05,0.7,0.02,96.83,0,0,8.42,0,0.21,12.67
"Gambia",2016,0.754045796282364,91.39,1.78,0.3,0,0.05,0.23,0.05,0,0,0,0,0,0.02,0,0,0,0,0,0,0,0.1,0.19,0,0,0.26,0.3,0.27,0,0,0.08,0.2,0,0,0,0,0.15,0.04,0.48,0.44,0,79.17,0,0.06,4.82,0.09,1.13,1.18
"Gambia",2017,0.722180015817567,85.91,0.41,0.02,0,0.09,0.41,0.01,0,0,0.01,0.01,0,0.02,0,0,0,0,0,0,0,0.1,0.07,0,0,0.25,0.29,1.36,0,0,0.11,0.02,0,0,0,0,0.13,0.02,3.24,0.57,0.05,72.84,0,0,1.97,0.11,1.7,2.1
"Gambia",2018,0.237018238187806,88.55,3.51,0,0,0,0.34,0,0,0,0,0.02,0,0.02,0,0,0.01,0,0,0,0.01,0.15,0.23,0,0,0.01,6.31,3.23,0,0,0.04,4.92,0,0,0.04,0.06,0.31,0,2.24,0.83,0.07,24.09,0,0.03,33.94,0,4.47,3.67
"Gambia",2019,0.260478754945402,57.97,4.22,0,0,0,0.33,0,0,0,0.01,0.02,0,0.02,0,0,0.01,0,0,0,0.02,0.13,0.08,0,0,0.35,3.24,1.75,0,0,0.3,0.09,0,0,0,0.01,0.28,0.07,1.46,1.12,0.13,25.34,0,0.01,13.44,0,3.78,1.76
"Gambia",2020,0.330880661010742,51.2,3.01,0,0,0,0.2,0,0,0,0.01,0,0,0.02,0,0,0.05,0,0,0,0,0.12,0.03,0,0,0.39,1.16,2.99,0,0,0,0.02,0,0,0,0,0.29,0,1.53,1.08,0.2,27.77,0.11,0.07,7.73,0,3.53,0.89
"Gambia",2021,0.306124179808549,48.9,5.89,0,0,0,0.05,0,0,0,0.01,0,0.45,0.01,0,0,0.02,0,0,0,0,0.12,0.06,0,0,0.35,1.04,2.15,0,0,0,0.91,0,0,0,0.05,0.24,0,0.44,1.12,1.04,25.5,0,0.03,4.56,0,0.85,4.01
"Gambia",2022,0.209987791495184,52.620146,6.285813,0.98719,0,0.026177,0,0,0,0,0,0.017676,0,0.016212,0.006503,0,0.033938,0.002243,0,0,0.0357,0.181669,0.117333,0,0,0.463093,4.994315,1.476518,0,0,0.00499,0.342563,0,0,0.001521,0.152783,0.21552,0,0.487738,1.292989,0.955312,19.147169,0,0,11.459581,0,0.385354,3.530246
"Gambia",2023,0.23164460724294,43.13208,11.890864,0.417308,0,0,0,0,0,0,0,0.054044,0.005407,0.003885,0.000762,0,0.058269,0,0,0,0,0.169331,0.052913,0,0,0.291788,5.369567,3.031559,0,0,0.305307,1.472561,0,0,0,0.013947,0,0.000585,0.395175,1.794155,0.974422,15.610928,0,0,0,0,0.291173,0.92813
"Gambia",2024,0.189890967657775,38.90686,3.104335,2.989605,0,0.007959,0.126151,0,0.006799,0,0,0,0,0.01475,0,0,0.043774,0.001199,0,0.103008,0,0.247175,0.050729,0.02117,0.012324,0.202574,9.086398,1.73956,0,0,0.425165,0.243596,0,0,0.003138,0.005738,0,0,0.895672,1.357114,0.190028,12.819295,0.031755,0,3.814855,0,0.228017,1.134977
"Ghana",1957,NA,0,0,0,0,0,0,0,0,0,0,0,0,0,0,0,0,0,0,0,0,0,0,0,0,0,0,0,0,0,0,0,0,0,0,0,0,0,0,0,0,0,0,0,0,0,0,0
"Ghana",1958,NA,0,0,0,0,0,0,0,0,0,0,0,0,0,0,0,0,0,0,0,0,0,0,0,0,0,0,0,0,0,0,0,0,0,0,0,0,0,0,0,0,0,0,0,0,0,0,0
"Ghana",1959,NA,0,0,0,0,0,0,0,0,0,0,0,0,0,0,0,0,0,0,0,0,0,0,0,0,0,0,0,0,0,0,0,0,0,0,0,0,0,0,0,0,0,0,0,0,0,0,0
"Ghana",1960,0.703747769185009,0.41,0,0,0,0,0,0,0,0,0,0,0,0,0,0,0,0,0,0,0,0,0,0,0,0,0,0.05,0,0,0,0.01,0,0,0,0,0,0,0,0.01,0,0.34,0,0,0,0,0,0
"Ghana",1961,0.697959183673469,0.35,0,0,0,0,0,0,0,0,0,0,0,0,0,0,0,0,0,0,0,0,0,0,0.02,0,0,0.03,0,0,0,0,0,0,0,0,0,0,0,0.01,0,0.29,0,0,0,0,0,0
"Ghana",1962,0.578767796031886,3.11,0.03,0,0,0,0,0,0,0,0,0,0,0,0,0,0,0,0,0,0,0,0,0,0,0,0,2.2,0,0,0,0,0,0,0,0,0,0,0,0.01,0,0.87,0,0,0,0,0,0
"Ghana",1963,0.565116151654613,4.68,0.05,0,0,0,0,0,0,0,0,0,0,0,0,0,0,0,0,0,0,0,0,0,0,0,0,1.37,0,0,0,0,0,0,0,0,0,0,0,0,0.02,3.24,0,0,0,0,0,0
"Ghana",1964,0.512184240428879,10.48,0.23,0,0,0,0,0,0,0,0,0,0,0,0,0,0,0,0,0,0,0,0,0,0,0,0,3.42,0,0,0,0.02,0,0,0,0,0.02,0,0,0,0.12,6.67,0,0,0,0,0,0
"Ghana",1965,0.37079494107011,10.71,0.11,0,0,0,0.07,0,0,0,0,0,0,0,0,0,0,0,0,0,0,0,0,0,0,0,0,3.81,0,0,0,5.04,0,0,0,0,0.07,0,0,0,0,1.61,0,0,0,0,0,0
"Ghana",1966,0.410073566555378,20.75,0.14,0,0,0,0.11,0,0,0,0,0,0,0,0,0,0,0,0,0,0,0.43,0,0,0,0,0,10.08,0,0,0,0,0,0,0,0,0.11,0,0,0,0,1.34,0,0,0,8.54,0,0
"Ghana",1967,0.225634861314267,20.26,0.15,0,0,0,0.13,0,0,0,0,0,0,0,0,0,0,0,0,0,0,0.38,0,0,0,0,2.8,3.92,0,0,0,6.6,0,0,0,4.88,0,0,0,0,0.04,1.36,0,0,0,0,0,0
"Ghana",1968,0.368911468178954,27.6,0.16,0,0,0,0.12,0,0,0,0,0,0,0,0,0,0,0,0,0,0,0,0,0,0.19,0,2.6,5.03,0,0,0,4.26,0,0,0,0,0.03,0,0,0,0.02,15.19,0,0,0,0,0,0
"Ghana",1969,0.354100891566014,26.85,0.29,0,0,0,0.12,0,0,0,0,0,0,0,0,0,0,0,0,0,0,0,0,0,1.98,0,2.7,7.38,0,0,0,0.08,0,0,0,0,0.36,0,0,0,0.18,13.76,0,0,0,0,0,0
"Ghana",1970,0.421781804537668,23.34,0.23,0,0,0,0.14,0,0,0,0,0,0,0,0,0,0,0,0,0,0,0,0.02,0,0.39,0,1.3,7.36,0,0,0,0.09,0,0,0,0.44,0.18,0,0,0,0.02,13.17,0,0,0,0,0,0
"Ghana",1971,0.478858761222749,26.14,0.34,0,0,0,0.16,0,0,0,0,0,0,0,0,0,0,0,0,0,0,0,0,0,0.25,0.01,1.3,6.73,0,0,0,0.1,0,0,0,0.3,0.12,0,0,0,0.1,16.73,0,0,0,0,0,0
"Ghana",1972,0.417094315923056,19.65,0.26,0,0,0,0.16,0.01,0,0,0,0,0,0,0,0,0,0,0,0,0,0,0,0,0.34,0,1.32,11.78,0,0,0,0.12,0,0,0,0.78,0.41,0,0,0,0.05,4.42,0,0,0,0,0,0
"Ghana",1973,0.359656612573594,18.81,0.41,0,0,0,0.2,0.01,0,0,0,0,0,0,0,0,0,0,0,0,0,0,0.01,0,1.39,0.04,0,10.2,0,0,0,0.32,0,0,0,0.99,0.65,0,0,0,0.17,4.42,0,0,0,0,0,0
"Ghana",1974,0.361363052328884,15.67,0.43,0,0,0,0.23,0.02,0,0,0,0,0,0,0,0,0,0,0,0,0,0,0.04,0,2.38,0.05,0,8.68,0,0,0,0.37,0,0,0,0.47,0.2,0,0,0.07,0.07,2.66,0,0,0,0,0,0
"Ghana",1975,0.59971874808244,86.62,1.99,0,0,0,0.26,0.01,0,0,0,0,0,0,0,0,0,0,0,0,0,0.07,0.07,0,0.6,0,0,65.75,0,0,0,12.68,0,0,0,0.97,1.13,0,0,0,0.05,3.04,0,0,0,0,0,0
"Ghana",1976,0.272998018594726,16.2,0.99,0,0,0,0.7,0,0,0,0,0,0,0,0,0,0,0,0,0,0,0.05,0.1,0,0.12,0.02,0,5.94,0,0,0,0.3,0,0,0,1.88,0.46,0,0,0,0.06,5.57,0,0,0.01,0,0,0
"Ghana",1977,0.21227035655671,29.24,3.02,0,0,0,1.49,0,0,0,0,0,0,0,0,0,0,0,0,0,0,0.15,0.11,0,0.05,0.02,2,9.62,0,0,0,0.31,0,0,0,7.01,0.46,0,0,0,0.09,4.91,0,0,0,0,0,0
"Ghana",1978,0.160940072791738,56.43,8.03,0,0,0,1.31,0,0,0,0,0,0,0,0,0,0,0,0,0,0,0.34,0.1,0,0.13,0.03,1.3,13.8,0,0,0,0.61,0,0,0,3.29,0.39,0,0,0,0.14,8.56,0,0,8.98,9.42,0,0
"Ghana",1979,0.199362628287167,75.22,5.6,0,0,0,1.92,0,0,0,0,0,0,0,0,0,0,0,0,0,0,0.24,0.17,0,0.02,0.03,0,18.6,0,0,0,0.53,0,0,0,6.41,0.68,0,0,0.5,0.09,23.8,0,0,8.09,8.54,0,0
"Ghana",1980,0.233470300718917,106.28,2.54,0,0,0,0.65,0,0,0,0,0,0,0,0,0,0,0,0,0,0,0.14,0.05,0,0.01,0.03,3.25,31.01,0,0,0,0.5,0,0,0,4.84,1.15,0,0,0.43,0.19,36.25,0,0,12.26,12.98,0,0
"Ghana",1981,0.293561620878382,79.09,5.33,0,0,0,0.72,0,0,0,0,0,0,0,0,0,0,0,0,0,0,0.12,0.08,0,0.06,0.02,2.18,37.8,0,0,0,0.26,0,0,0,2.33,0.2,0,0,0.22,0.15,15.3,0,0,11.13,3.19,0,0
"Ghana",1982,0.331247013678028,62.01,5.16,0,0,0,0.52,0,0,0,0,0,0,0,0,0,0,0,0,0,0,0.05,0.2,0,0,0.1,2.34,32.35,0,0,0.01,0.2,0,0,0,1.93,0.21,0,0,0.11,0.16,12.22,0,0,6.45,0,0,0
"Ghana",1983,0.263103745384757,56.7,7.37,0,0,0,1.77,0.02,0,0,0,0,0,0,0,0,0,0,0,0,0,0.11,0.03,0,0.28,0.24,1.9,25.44,0,0,0.04,1.88,0,0,0,5.37,1.43,0,0,0,0.64,10.13,0,0,0.05,0,0,0
"Ghana",1984,0.217793256453053,47.42,12.67,0,0,0,1.91,0,0,0,0,0,0,0,0,0,0,0,0,0,0,0.12,0.05,0,0,0.05,1.25,16.04,0,0,0.02,0.81,0,0,0,4.22,0.41,0,0,0.01,4.75,5.05,0,0,0.06,0,0,0
"Ghana",1985,0.23114113335736,77.36,24.04,0,0,0,0.33,0,0,0,0,0,0,0,0,0,0,0,0,0,0,0.14,0.11,0,0.08,0.02,1.4,21.67,0,0,0.02,0.59,0,0,0,3.72,0.45,0,0,0,9.74,14.98,0,0,0.07,0,0,0
"Ghana",1986,0.199549640309983,116.99,29.44,0,0,0,0.39,0,0,0,0,0,0,0,0,0,0,0,0,0,0,0.2,0.2,0,0.08,0.07,1.94,28.9,0,0,0.1,4.8,0,0,0,10.82,0.49,0,0,0,3.14,28.52,0,0,0.05,7.85,0,0
"Ghana",1987,0.177238870087821,121.34,20.82,0.01,0,0,0.25,0,0,0,0,0,0,0,0,0,0,0,0,0,0,0.25,0.2,0,0.31,0.06,8.07,27.46,0,0,0.08,10.38,0,0,0,13.31,4.11,0,0,0,3.76,32.26,0,0,0.01,0,0,0
"Ghana",1988,0.182709865022435,226.25,63.21,0,0,0,0.67,0,0,0,0,0,0,0,0,0,0,0,0,0,0,0.27,0.17,0,11.28,0.09,16.12,35.04,0,0,0.02,8.5,0,0,0,20.74,0.91,0,0,0.51,10.64,55.86,0,0,0.04,2.18,0,0
"Ghana",1989,0.20223819002222,305.01,97.94,0.02,0,0,0.68,0.01,0,0,0,0,0,0,0,0,0,0,0,0,0,8.09,0.08,0,5.02,0.1,12.12,47.22,0,0,0.01,14.45,0,0,0,20.73,0.5,0,1.51,6.47,5.4,77.49,0,0,1.14,6.03,0,0
"Ghana",1990,0.436121249104653,468.15,71.9,0.01,0.01,0,0.79,0.03,0,0,0,0,0,0,0,0,0,0,0,0,0,2.03,0.21,0,3.19,0.51,12.39,297.75,0,0,0.02,10.54,0,0,0,24.81,0.64,0,3.21,1.98,3.7,28.36,0,0,0.67,5.4,0,0
"Ghana",1991,0.233962234877634,450.69,116.06,0.2,0,0,0.6,0.01,0,0,0,0,0,0,0,0,0,0,0,0,0,2.3,2.16,0,3.46,2.25,25.92,170.3,0,0,0.02,12.36,0,0,0,15.07,12.75,0,0.53,2.53,11.57,59.86,0,0,7.81,4.93,0,0
"Ghana",1992,0.169292826219341,287.38,71.29,2.71,0.02,0,0.4,0.03,0,0,0,0,0,0,0,0,0,0,0,0,0,1.36,0.74,0,6.14,0.61,46.88,28.62,0,0,0.14,17.03,0,0,0,41.71,1.61,0,0.04,2.13,0.68,61.55,0,0,0.9,2.79,0,0
"Ghana",1993,0.194853719627809,263.03,85.65,6.79,0,0,0.36,0,0,0,0,0,0,0,0,0,0,0,0,0,0,0.48,0.54,0,13.24,0.19,27,55.64,0,0,0.14,4.19,0,0,0,17.98,0.63,0,0.06,3.62,1.18,41.63,0,0,0.76,2.95,0,0
"Ghana",1994,0.28075505988915,284.47,137.56,2.3,0.03,0,0.37,0.06,0,0,0,0,0,0,0,0,0,0,0,0,0,0.35,0.12,0,16.69,0.25,32.74,28.46,0,0,0.12,5.7,0,0,0,22.06,0.61,0,0.13,0.43,0.9,33.28,0,0,1.24,1.07,0,0
"Ghana",1995,0.229904181795533,315.27,126.65,0.28,0,0,0.24,0.13,0,0,0,0,0,0,0,0,0,0,0,0,0,1.97,0.08,0,36.28,0.74,28.74,48.75,0,0,0.53,1.65,0,0,0,40.53,0.44,0,0.03,1.17,0.48,25.27,0,0,0,1.31,0,0
"Ghana",1996,0.184153404816868,331.48,115.3,1.84,0,0,0.17,0.09,0,0,0,0,0,0,0,0,0,0,0,0,0,23.83,0.04,0,42.25,0.8,20.98,44.48,0,0,0.55,1.09,0,0.28,0,26.4,1.58,0,3.73,3.85,0.6,37.59,0,0,1.68,4.35,0,0
"Ghana",1997,0.162528029325874,271.45,77.17,5.08,0,0,0.05,0.17,0,0,0,0,0,0,0,0,0,0,0,0,0,6.32,0.14,0,38.98,0.72,17.05,44.36,0,0,0.51,0.88,0,0,0,19.7,1.13,0,1.83,3.76,0.28,40.4,0,0.09,11.61,1.22,0,0
"Ghana",1998,0.256009927400962,374.76,159.81,0.62,0,0,0.05,0.07,0,0,0,0,0,0,0,0,0.02,0,0,0,0,4.59,0.3,0,35.27,0.71,10.78,38.99,0.03,0,0.21,0.86,0,0,0,24.07,1.11,0,8.54,0.65,0.47,82.74,0,0.06,3.18,1.63,0,0
"Ghana",1999,0.220700867654521,346.44,119.55,0.15,0,0,0.18,0.19,0,0,0,0,0,0,0,0,0.02,0,0,0,0,3.78,0.38,0,38.01,0.56,10.5,40.23,0,0,0.57,0.56,0,0.42,0,15.91,0.76,0,14.73,0.58,0.64,92.24,0,0.08,5.1,1.3,0,0
"Ghana",2000,0.223231204227563,334.53,122.73,0.17,0,0,0.2,0.11,0,0,0,0,0,0,0,0,0.03,0,0,0,0,1.04,0.23,0,37.15,0.64,9.06,33.2,0,0,0.41,0.26,0,0,0,28.59,3.22,0,5.63,5.93,0.66,80.21,0,0.05,4.92,0.09,0,0
"Ghana",2001,0.229911280969572,345.23,42.98,0.2,0,0,0.06,0.02,0,0,0,0.01,0,0,0,0,0.03,0,0,0,0,1.56,0.19,0,40.95,0.6,7.97,23.83,0,0,0.27,0.19,0,0,0,116.67,0.54,0,3.75,2.01,0.37,97.95,0,0.12,4.24,0.72,0,0
"Ghana",2002,0.209623241279368,374.01,29.27,0.24,0,0,0.05,0.08,0,0,0,0.04,0,0,0,0,0.01,0,0,0,0,0.38,0.17,0,51.48,0.51,11.4,34.82,0.04,0,1.14,2.7,0,0.21,0,96.31,0.7,0,9,1.35,7.42,122.62,0,0.24,3.83,0,0,0
"Ghana",2003,0.186477152096456,389.79,29.75,12.38,0,0,0.06,0.06,0,0,0,0.03,0,0,0,0,0.01,0,0,0,0,1.57,0.19,0,56.7,0.27,20.03,49.13,0,0,1.32,0.43,0,0.05,0,65.81,0.61,0,13.06,0.42,7.72,129.22,0,0.43,0.54,0,0,0
"Ghana",2004,0.382543607724963,1741.07,1020.69,15.22,0,0,0.26,0.07,0,0,0,0.06,0,0,0,0,0.02,0,0,0,0,24.58,2.68,0,59.72,0.18,74.96,71,0.03,0,1.13,2.74,0,0.05,0,152.58,1.73,0,19.09,0.46,7.63,281.06,0,0.01,5.12,0,0,0
"Ghana",2005,0.19812067860562,856.42,44.22,13.7,0,0,0.2,0.12,0,0,0,0.06,0,0,0,0,0.02,0,0,0,0,0.51,3.31,0.01,56.71,0.26,105.13,322,0.37,0,1.24,3.52,0,0.05,0,70.49,1.09,0,68.06,26.68,12.26,121.25,0,0.06,5.09,0,0,0.01
"Ghana",2006,0.189321455616959,511.8,43.66,0.27,0,0,0.19,0.17,0,0,0,0.12,0,0,0,0,0.05,0,0,0,0,0.09,18.45,0.01,66.15,0.11,31.86,59.91,0.01,0,2.31,2.88,0,0.05,0,96.96,1.02,0,2.18,0.76,13.94,169.55,0,0.02,1.04,0,0,0.04
"Ghana",2007,0.172857805787181,572.88,46.48,1.56,0,0,0.35,0.12,0,0,0,0.22,0,0,0,0,0.02,0,0,0,0,0.15,13.14,0,72.13,0.56,52.04,52.71,0.16,0,3.74,11.08,0,0.06,0,142.23,1.21,0,6.19,1.65,13.83,152,0,0.09,1.13,0,0,0.03
"Ghana",2008,0.157673377749801,598.57,54.03,2.51,0,0,0.16,0.19,0,0,0,0.11,0,0,0,0,0.23,0,0,0,0.01,0.18,20.11,0.02,85.41,0.15,56.03,71.69,0.14,0,0.93,3.45,0,0.06,0,120.22,0.99,0,17.54,1.34,8.32,150.77,0,0.16,3.35,0,0,0.47
"Ghana",2009,0.145198155798659,634.59,64.8,2.47,0,0.01,0.47,0.17,0,0,0,0.18,0,0,0,0,0.13,0,0,0,0.02,2.11,5.12,0.01,88.38,0.18,62.93,61.16,0.12,0,2.31,1.14,0,0.19,0,98.33,2.46,0,65.8,1.29,11.95,156.67,0,0.57,4.67,0,0.89,0.06
"Ghana",2010,0.146904005803858,434.54,70,6.73,0,0,0.52,0.16,0,0,0,0.15,0,0.01,0,0,0.16,0.01,0,0,0,2.27,30.07,0.01,102.04,0.31,47,58.16,0.06,0,1.33,1.19,0,0.22,0,72.87,3.64,0,18.73,0.32,13.74,0,0,0.63,3.68,0,0.32,0.21
"Ghana",2011,0.146492281993116,410.95,46.46,5.06,0,0.01,3.31,0.4,0,0,0,0.19,0,0.01,0,0,0.12,0.03,0,0,0,4,14.29,0.01,72.53,0.9,50.54,99.32,0.08,0,0.6,16.25,0,0.17,0,63.14,8.05,0,6,0.07,17.05,0.28,0,0.31,0.58,0,0.8,0.39
"Ghana",2012,0.152345260318137,471.45,115.39,23.44,0,0,5.31,0.2,0,0,0,0.14,0,0.01,0,0,0.02,0.03,0.27,0,0,3.96,14.34,0.01,88.46,1.22,60.31,78.63,0.08,0,0.9,0.69,0,0.16,0,40.72,8.27,0.01,0.7,0.37,18.41,2.61,0,4.99,0.85,0,0.16,0.79
"Ghana",2013,0.138196707149934,384.68,65.79,9.85,0,0.02,8,0.18,0,0,0,0.16,0.06,0.02,0,0,0.05,0,0,0,0,4.59,7.56,0.01,81.04,1.61,67.33,57.01,0,0,0.18,14.56,0,0.16,0,21.51,6.56,0,1.23,0.46,27.76,5.83,0,0.56,0.33,0,0.15,2.11
"Ghana",2014,0.140077641238675,295.33,41.25,19.04,0,0,3.09,0.11,0,0,0,0.11,0,0,0,0,0.04,0.01,3.04,0,0,3.26,2.72,0,47.94,1.64,71.54,36.7,0,0,1.05,1.4,0,0.25,0,31.04,6.49,0,0.14,0.83,18.16,0.46,0,0.61,0,0,1.4,3.01
"Ghana",2015,0.1350634212295,290.42,25.22,41.84,0,0.01,2.98,0.32,0,0,0,0.02,0.02,0.02,0,0,0.02,0.02,0,0,0,1.46,4.08,0,39.15,1.47,51.1,58.31,0,0,0.43,2.46,0,0.15,0,32.48,4.1,0.01,1.1,0.85,18.51,0.48,0,0.74,0,0,2.79,0.28
"Ghana",2016,0.158456683622594,286.54,33.42,24.16,0,0.02,1.17,0.47,0,0,0,0.09,0,0.22,0,0,0.02,0,0,0,0,2.75,8.57,0,50.56,1.06,82.29,27.91,0,0,0.4,1.33,0,0.25,0.04,30.64,3.36,0,0.46,0.64,12.64,0.15,0,0.32,0,0.09,1.88,1.63
"Ghana",2017,0.143532565039464,274.76,51.2,47.99,0,0.07,2.41,0.38,0,0,0,0.09,0.01,0.27,0,0,0.01,0,0,0,0,1.15,5.13,0,17.43,1.04,37.67,57.92,0.01,0,0.32,1.75,0,0,0,19.74,2.89,0.01,0.58,1.58,19.34,0.55,0,0,0,0.11,0.62,4.49
"Ghana",2018,0.148673515393345,373.16,71.04,0,0,0,1.91,0.24,0,0,0,0.14,0.01,1.07,0,0,0.09,0.01,0,0,0,3.08,5.76,0,45.07,0.8,57.83,79.15,0.02,0,0.05,1.77,0,0,0.02,20.19,4.4,0.01,1.38,1.02,19.04,56.28,0,0.7,0,0,1.95,0.13
"Ghana",2019,0.175933344262725,337.66,47.8,0,0,0,1.63,0.26,0,0,0,0.2,0.02,1.49,0,0,0.37,0.01,0,0,0,3.42,2.61,0,21.28,1,28.8,103.18,0.01,0,0.31,2.34,0,0.07,0.09,20.02,4.59,0,1.47,1.01,19.57,70.7,0,0.3,2.01,0,1.61,1.49
"Ghana",2020,0.178749732604008,337.02,49.49,0,0,0,1.46,0.49,0,0,0,0.1,0.12,1.47,0,0,0.52,0,0,0,0.05,4.04,0.51,0,8.29,1.03,70.95,98.8,0,0.01,0.2,1.01,0,0.07,0,13.09,3.37,0,0.64,2.03,21.31,47.76,0,0.26,5.63,0,3.28,1.04
"Ghana",2021,0.343400204815695,484.79,31.75,0,0,0,1.69,0.3,0,0,0,0.76,0.82,3.61,0,0,0.54,0,0,0.01,0.09,2.99,1.02,0,9.31,0.98,77.32,267.95,1.04,0,0.51,1.17,0,0.08,0.77,9.26,6,0.12,0.81,4.35,20.65,34.88,0,0.36,4.35,0,0.67,0.63
"Ghana",2022,0.193650394635541,310.892563,60.186829,38.07761,0,0.043816,0.688484,0.076852,0,0,0,0.695398,0.009366,4.333777,0.001337,0.028611,0.386583,0.007624,0,0,0,5.354572,4.903965,0,3.307054,0.663038,24.529735,110.61261,0,0,0.268268,2.191107,0,0.043597,0.058638,3.001552,7.599656,0.290529,0,3.405432,13.068814,21.016449,0,0.255988,5.278372,0,0.099987,0.406913
"Ghana",2023,0.270049744013451,291.790937,48.773765,27.713628,0,0,1.669125,0.024753,0.275731,0,0,0.691671,0.008651,2.068228,0,0.005388,0.338244,0.036924,0,0,0,1.541042,5.200879,0,3.845463,1.06137,11.644437,138.142785,0.027033,0.007249,0.182572,1.58993,0,0.011129,0.024645,2.070667,14.307575,0,0,3.562182,10.369669,15.534341,0,0.317763,0,0,0.181766,0.562332
"Ghana",2024,0.176638983632911,307.809926,19.358343,56.296891,0,0,0.679319,0.152679,0.279785,0,0,0.55616,0.008368,1.958197,0.097042,0.007507,0.315152,0.043625,0,0,0,1.042842,12.542435,0,1.344757,0.361159,58.661777,92.489878,0,0,0.173366,1.409714,0,0,0.046538,2.864781,13.68314,0,0.12035,3.396225,13.314588,25.384972,0,0.389559,0,0,0.361413,0.469364
"Guinea",1958,NA,0,0,0,0,0,0,0,0,0,0,0,0,0,0,0,0,0,0,0,0,0,0,0,0,0,0,0,0,0,0,0,0,0,0,0,0,0,0,0,0,0,0,0,0,0,0,0
"Guinea",1959,NA,0,0,0,0,0,0,0,0,0,0,0,0,0,0,0,0,0,0,0,0,0,0,0,0,0,0,0,0,0,0,0,0,0,0,0,0,0,0,0,0,0,0,0,0,0,0,0
"Guinea",1960,0.722222222222222,0.06,0,0,0,0,0,0,0,0,0,0,0,0,0,0,0,0,0,0,0,0,0,0,0,0,0,0.05,0,0,0,0.01,0,0,0,0,0,0,0,0,0,0,0,0,0,0,0,0
"Guinea",1961,0.984375968751938,1.27,0,0,0,0,0,0,0,0,0,0,0,0,0,0,0,0,0,0,0,0,0,0,0,0,0,1.26,0,0,0,0,0,0,0,0,0,0,0,0,0.01,0,0,0,0,0,0,0
"Guinea",1962,1,3.85,0,0,0,0,0,0,0,0,0,0,0,0,0,0,0,0,0,0,0,0,0,0,0,0,0,3.85,0,0,0,0,0,0,0,0,0,0,0,0,0,0,0,0,0,0,0,0
"Guinea",1963,0.992805849157424,8.31,0,0,0,0,0,0,0,0,0,0,0,0,0,0,0,0,0,0,0,0,0,0,0,0,0,8.28,0,0,0,0,0,0,0,0,0,0,0,0,0.03,0,0,0,0,0,0,0
"Guinea",1964,0.482926258812523,3.46,0,0,0,0,0,0,0,0,0,0,0,0,0,0,0,0,0,0,0,0,0,0,0,0,1.7,1.7,0,0,0,0.03,0,0,0,0,0,0,0,0,0.02,0.01,0,0,0,0,0,0
"Guinea",1965,0.390811772416591,3.58,0,0,0,0,0,0,0,0,0,0,0,0,0,0,0,0,0,0,0,0,0,0,0,0,0.7,1.93,0,0,0,0.89,0,0,0,0,0,0,0,0,0.03,0.03,0,0,0,0,0,0
"Guinea",1966,0.690079625977062,2.34,0,0,0,0,0,0,0,0,0,0,0,0,0,0,0,0,0,0,0,0,0,0,0,0,0,1.9,0,0,0,0,0,0,0,0,0,0,0,0,0.01,0.02,0,0,0,0.41,0,0
"Guinea",1967,0.945257638650479,1.79,0,0,0,0,0,0,0,0,0,0,0,0,0,0,0,0,0,0,0,0,0.03,0,0,0,0,1.74,0,0,0,0.01,0,0,0,0,0,0,0,0,0.01,0,0,0,0,0,0,0
"Guinea",1968,0.914116327511617,1.58,0,0,0,0,0,0,0,0,0,0,0,0,0,0,0,0,0,0,0,0,0.03,0,0,0,0,1.51,0,0,0,0.01,0,0,0,0,0,0,0,0,0.03,0,0,0,0,0,0,0
"Guinea",1969,0.553649923712294,4.81,0,0,0,0,0,0,0,0,0,0,0,0,0,0,0,0,0,0,0,0,0.02,0,0,0,0,1.52,0,0,0,3.24,0,0,0,0,0,0,0,0,0.03,0,0,0,0,0,0,0
"Guinea",1970,0.685320635577869,6.95,0.01,0,0,0,0,0,0,0,0,0,0,0,0,0,0,0,0,0,0,0,0.01,0,0,0,0,1.32,0,0,0,5.6,0,0,0,0,0,0,0,0,0.01,0,0,0,0,0,0,0
"Guinea",1971,0.7049170716836,4.13,0,0,0,0,0,0,0,0,0,0,0,0,0,0,0,0,0,0,0,0,0.01,0,0,0,0,0.49,0,0,0,3.43,0,0,0,0.01,0,0,0,0.08,0.11,0,0,0,0,0,0,0
"Guinea",1972,0.925766669652722,1.83,0,0,0,0,0,0,0,0,0,0,0,0,0,0,0,0,0,0,0,0,0,0,0,0,1.76,0,0,0,0,0.05,0,0,0,0.01,0,0,0,0,0.01,0,0,0,0,0,0,0
"Guinea",1973,0.980127777777778,6,0.01,0,0,0,0,0,0,0,0,0,0,0,0,0,0,0,0,0,0,0,0.02,0,0,0,0,0.02,0,0,0,5.94,0,0,0,0,0,0,0,0,0.01,0,0,0,0,0,0,0
"Guinea",1974,0.796417971805395,11.29,1.23,0,0,0,0,0,0,0,0,0,0,0,0,0,0,0,0,0,0,0,0.03,0,0,0,0,0,0,0,0,0.03,0,0,0,0,0,0,0,0,0,0,0,0,0,10,0,0
"Guinea",1975,0.548729939419704,1.94,0.46,0,0,0,0,0,0,0,0,0,0,0,0,0,0,0,0,0,0,0,0.02,0,0,0,0,0.01,0,0,0,0.05,0,0,0,0.03,0,0,0,0,0.01,0,0,0,0,1.36,0,0
"Guinea",1976,0.2575,0.8,0.08,0,0,0,0,0,0,0,0,0,0,0,0,0,0,0,0,0,0,0,0.04,0,0,0,0.31,0.02,0,0,0,0.05,0,0,0,0.07,0,0,0,0,0,0,0,0,0.23,0,0,0
"Guinea",1977,0.346779881197627,6.83,0.46,0,0,0,0,0,0,0,0,0,0,0,0,0,0,0,0,0,0,0,0.05,0,0.33,0,0.2,0.04,0,0,0,0.13,0,0,0,2.77,0,0,0,0,0,0,0,0,2.85,0,0,0
"Guinea",1978,0.289681267867726,10.07,1.47,0,0,0,0,0,0,0,0,0,0,0,0,0,0,0,0,0,0,0,0.06,0,0,0,0,0.47,0,0,0,0.13,0,0,0,0.82,0,0,0,0,0.01,0,0,0,4.73,0.45,1.93,0
"Guinea",1979,0.583645315883403,51.25,2.99,0,0,0,0,0,0,0,0,0,0,0,0,0,0,0,0,0,0,0.01,0.18,0,0,0.25,4.5,38.71,0,0,0,0.35,0,0,0,1.47,0,0,0,0,0.03,0,0,0,1.08,0.41,1.27,0
"Guinea",1980,0.387397191144171,26.59,2.07,0,0,0,0,0,0,0,0,0,0,0,0,0,0,0,0,0,0,0.02,0.1,0,0,0.01,10.2,12.85,0,0,0,0.15,0,0,0,0.29,0,0,0,0,0.11,0,0,0,0.15,0.1,0.54,0
"Guinea",1981,0.3372351149703,54.14,3.15,0,0,0,0,0,0,0,0,0,0,0,0,0,0,0,0,0,0,0,0.13,0,0.04,0.05,18.1,3.61,0,0,0,3.58,0,0,0,0.07,0,0,0,0,0.01,0.01,0,0,0.19,25,0.2,0
"Guinea",1982,0.328294495802974,52.9,2.43,0,0,0,0,0,0,0,0,0,0,0,0,0,0,0,0,0,0,0,0.2,0,0.02,0,12.32,6.88,0,0,0,1.44,0,0,0,0.22,0,0,0,0,0.06,0.12,0,0,2.67,26.54,0,0
"Guinea",1983,0.29935913198905,22.21,3.32,0,0,0,0,0,0,0,0,0,0,0,0,0,0,0,0,0,0,0,0.04,0,0.5,0,9.46,6.73,0,0,0,0.96,0,0,0,0.07,0,0,0,0,0.26,0.09,0,0,0.78,0,0,0
"Guinea",1984,0.314077353274673,58.69,2.86,0,0,0,0,0,0,0,0,0,0,0,0,0,0,0,0,0,0,0.01,0.22,0,3.42,0.14,9.42,8.46,0,0,0,3.49,0,0,0,0.11,0.11,0,0,0,0.33,0.12,0,0,0.18,29.82,0,0
"Guinea",1985,0.263374056928492,47.92,5.82,0,0,0,0,0,0,0,0,0,0,0,0,0,0,0,0,0,0,0.02,1.1,0,0.66,0.01,21.78,8.01,0,0,0,3.2,0,0,0,3.03,0.2,0,0,0,0.34,0.38,0,0,3.32,0.05,0,0
"Guinea",1986,0.313630067250019,88.07,3.7,0,0,0,0,0,0,0,0,0,0,0,0,0,0,0,0,0,0,0.02,0.47,0,3.6,0,46.07,12.98,0,0,0,6.82,0,0,0,0.36,2.64,0,0,0,5.92,0.39,0,0,0,5.1,0,0
"Guinea",1987,0.253217259171513,122.69,22.75,0,0,0,0,0,0,0,0,0,0,0,0,0,0,0,0,0,0,0.04,0.51,0,2.92,0.04,50.78,24.16,0,0,0,5.15,0,0,0,0.42,1.18,0,0,0,0.4,0.74,0,0,5.88,7.72,0,0
"Guinea",1988,0.329857124279916,158.15,26.82,0,0,0,0,0,0,0,0,0,0,0,0,0,0,0,0,0,0,0.05,0.37,0,1.07,0.08,83.56,15.46,0,0,0,12.81,0,0,0,0.56,0.49,0,0,0.16,0.58,1.17,0,0,3.62,11.35,0,0
"Guinea",1989,0.293747254797358,214.93,8.83,0,0,0,0.03,0,0,0,0,0,0,0,0,0,0,0,0,0,0,0.03,0.55,0,7.62,0.04,100.42,50.96,0,0,0,21.23,0,0,0,0.59,0.04,0,0.01,0,0.63,0.75,0,0,7.66,15.54,0,0
"Guinea",1990,0.411005776966117,152.32,9.4,0,0,0,0,0,0,0,0,0,0,0,0,0,0,0,0,0,0,0.12,0.52,0,1.01,0.04,93.57,20.34,0,0,0,13.17,0,0.08,0,1.18,0.75,0,0,0.33,1,0.81,0,0,0,10,0,0
"Guinea",1991,0.417074899913596,163.49,22.48,0.07,0,0,0,0,0,0,0,0,0,0,0,0,0,0,0,0,0,0.15,0.66,0,3.87,0.6,100.76,17.9,0,0,0,12.09,0,0.37,0,0.01,0,0,0,0.83,1.92,1.78,0,0,0,0,0,0
"Guinea",1992,0.506756939249597,228.33,28.94,0,0,0,0,0,0,0,0,0,0,0,0,0,0,0,0,0,0,0.18,0.85,0,7,0.2,158.77,13.39,0,0,0,11.4,0,0.34,0,0.35,0.01,0,0,1.03,3.12,1.01,0,0,0,1.74,0,0
"Guinea",1993,0.381916283972636,181.51,32.74,0,0,0,0,0,0,0,0,0,0,0,0,0,0,0,0,0,0,0.96,3.01,0,2.89,0.07,104.34,23.86,0,0,0.01,3.01,0,0.01,0,2.84,3.6,0,0,0.53,2.17,0.88,0,0,0,0.58,0,0.01
"Guinea",1994,0.261151305992751,172.53,33.8,0,0.06,0,0,0,0,0,0,0,0,0,0,0,0,0,0,0,0,0.62,3.92,0,1.94,0.04,73.97,25.12,0,0,0.02,21.79,0,0.01,0,2.23,0,0,0,0.41,2.64,0.43,0,0,0.94,4.59,0,0
"Guinea",1995,0.382676931363409,216.62,50.74,0,0,0,0,0,0,0,0,0,0,0,0,0,0,0,0,0,0,0.92,5.69,0,3.23,0.05,122.55,15.23,0,0,0.07,0.69,0,0.6,0,0.21,0.16,0,4.62,0.42,1.21,0.62,0,0,1.83,7.78,0,0
"Guinea",1996,0.296668464396162,148.14,18.3,0,0,0,0,0,0,0,0,0,0,0,0,0,0,0,0,0,0,0.75,1.66,0,3.82,0.03,74.04,17.84,0,0,0.13,1.3,0,0,0,0.25,2.97,0,0.01,0.27,0.85,0.73,0,0,8.83,16.36,0,0
"Guinea",1997,0.247985362811337,151.68,6.45,0,0,0,0,0,0,0,0,0,0,0,0,0,0,0,0,0,0,0.65,1.77,0,2.02,0,66.75,15.86,0,0,0.11,14.83,0,0.76,0,0.22,1,0,0.88,0.23,1.58,0.74,0,0.02,21,16.81,0,0
"Guinea",1998,0.264318286672818,173.2,44.16,0,0,0,0,0,0,0,0,0,0,0,0,0,0.03,0,0,0,0,0.64,1.13,0,0.2,0.5,71.88,18.1,0,0,0.1,3.58,0,0.69,0,0.09,0.07,0,0.02,0.92,0.36,0.48,0,0.09,12.5,17.66,0,0
"Guinea",1999,0.295045581716111,132.06,19.11,0.01,0,0,0,0,0,0,0,0,0,0,0,0,0,0,0,0,0,0.54,0.91,0,0,0.08,62.51,25.94,0,0,0.13,0.24,0,0.36,0,0,0.06,0,0.46,0.57,0.4,0.87,0,0.02,9.63,10.22,0,0
"Guinea",2000,0.306873333523978,93.5,23.59,0,0,0,0,0,0,0,0,0,0,0,0,0,0.02,0,0,0,0,0.64,2.44,0,0,0.42,42.52,17.35,0,0,0.14,0.42,0,0.35,0,0.02,0,0,0.01,0.07,0.68,0.4,0,0.03,1.94,2.46,0,0
"Guinea",2001,0.214340228651928,103.19,21.34,0,0,0,0,0,0,0,0,0.02,0,0,0,0,0.01,0,0,0,0,2.38,1.03,0,0,0.9,36.86,17.9,0,0,0.33,10.94,0,0.57,0,2.28,3.02,0,0.45,0.59,0.85,1.09,0,0.01,1.34,1.28,0,0
"Guinea",2002,0.243699218627061,98.33,20.98,0,0,0,0,0,0,0,0,0.03,0,0,0,0,0.01,0,0,0,0,0.53,4.81,0,0,0.17,39.87,16.06,0,0,0.13,0.75,0,0.87,0,3.99,0.55,0,0.95,0.49,1.17,2.66,0,0.07,4.24,0,0,0
"Guinea",2003,0.268064229921615,104.57,23.64,0,0,0,0,0,0,0,0,0.04,0,0,0,0,0.01,0,0,0,0,0.7,1.21,0,0,0.07,44.73,17.76,0,0,0.78,0.01,0,0.12,0,4.2,3.38,0,0.01,0.9,0.54,2.11,0,0,4.36,0,0,0
"Guinea",2004,0.355912028424285,145.93,25.17,0,0,0,0.22,0,0,0,0,0.06,0,0,0,0,0.02,0,0,0,0,0.67,1.77,0,0,0.07,80.42,20.21,0,0,0.15,0.12,0,0.63,0,3.23,1.62,0,0,1.4,0.64,3.17,0,0,6.36,0,0,0
"Guinea",2005,0.265701818941882,98.55,12.17,0.05,0,0,0,0,0,0,0,0.07,0,0,0,0,0.04,0,0,0,0,0.63,1.23,0.03,0,0,43,19.3,0,0,0.19,0,0,0.36,0,0.95,1.13,0,0.55,1.26,2.02,1.47,0,0,14.09,0,0,0.01
"Guinea",2006,0.287457077305205,99.6,25.12,0.05,0,0,0,0,0,0,0,0.14,0,0,0,0,0,0,0,0,0,0.5,1.53,0,0,0,44.39,13.98,0,0,1.13,0.03,0,0.6,0,0.05,0.61,0.01,1.17,1.47,1.12,0.96,0,0,6.66,0,0,0.08
"Guinea",2007,0.336008229932195,113.35,16.1,2.23,0,0,0,0,0,0,0,0.13,0,0,0,0,0.02,0,0,0,0,0.58,0.92,0,0.04,0,60.69,15.75,0,0,0.54,0.1,0,0.21,0,0,0.14,0.08,2.31,0.41,1.15,1.08,0,0,10.58,0,0,0.29
"Guinea",2008,0.382386750370766,236.26,17.09,1.01,0,0,0,0,0,0,0,0.17,0,0,0,0,0.02,0,0,0,0,7.76,2.24,0,0.01,0.07,137.68,23.74,0,0,0.55,38.12,0,0.74,0,0,0,0.04,2.89,0.74,1.48,1.16,0,0.12,0.28,0,0,0.35
"Guinea",2009,0.45453381510969,141.48,18.2,0.1,0,0.04,0,0,0,0,0,0.21,0,0,0,0,0.01,0,0,0,0.02,0.26,1.15,0,0,0,91.38,19.46,0.01,0,0.14,0.21,0,0.24,0,0,0,0.02,5.29,0.6,2.67,0.87,0,0.14,0,0,0.06,0.4
"Guinea",2010,0.387049484423177,82.82,10.8,0.16,0,0,0,0,0,0,0,0.05,0,0,0,0,0.03,0,0,0,0,0.15,1.05,0.17,0.01,0,48.44,13.29,0,0,0.68,0.37,0,0.35,0,0,0,0.04,2.07,1,1.77,0.07,0,0.06,2.19,0,0,0.07
"Guinea",2011,0.437208009765601,87.71,2.19,0.25,0,0,0.2,0,0,0,0,0.05,0,0,0,0,0.01,0.01,4.87,0,0,0.19,1.47,0.17,0.1,0.02,55.88,13.92,0.01,0,0.35,0.14,0,0.6,0,0.09,0,0.13,2.59,1.13,2.76,0.07,0,0,0.27,0,0,0.24
"Guinea",2012,0.498502501614511,137.74,22.56,0.14,0,0.01,0.24,0,0,0,0,0.17,0,0,0,0,0,0.02,0.97,0,0,2.15,1.37,0,0,0.02,94.14,7.87,0.01,0,0.31,0.08,0,0.4,0,0,0,0.18,3.2,1.24,2.19,0.09,0,0,0.03,0,0.06,0.29
"Guinea",2013,0.33960811968903,320.14,122.02,0.05,0,0.03,0.29,0,0,0,0,0.05,0.02,0,0,0,0.01,0,0,0,0,6.84,5.12,0,0,0.22,138.79,4.89,0,0,0.8,1.16,0,0.81,0,0,0,0.12,10.84,0.8,2.21,0,0,0,3.91,0,20.4,0.76
"Guinea",2014,0.349088473103988,183.34,22.99,0.31,0,0.01,0.07,0,0,0,0,0.24,0.01,0,0,0,0,0,16.79,0,0,0.03,3.74,0,0,0.04,103.08,14.63,0.01,0,0.48,2.2,0,0.7,0,0,0.66,0.02,4.26,2.17,5.35,0.12,0,0,1.42,0,3.11,0.9
"Guinea",2015,0.263171898422367,115.18,26.25,0.09,0,0.03,0.06,0,0,0,0,0,0,0,0,0,0,0.01,6.25,0,0,0.04,6.84,0,0,0.03,50.05,12.76,0,0,0.38,0.12,0,0.72,0,0,0.14,0,0.87,1.01,2.72,0.03,0,0,6.2,0,0.04,0.54
"Guinea",2016,0.197156654166602,145.07,18.06,0.02,0,0.08,0.04,0,0,0,0,0.04,0,0.01,0,0,0,0,6.32,0,0,0.07,6.76,0,0,0.03,51.51,23.25,0,0,0.31,21.41,0,0.63,0,0,0.08,0.07,2.53,0.14,1.77,0.03,0,0,7.53,0,0.09,4.29
"Guinea",2017,0.258142296373075,134.49,30.08,0.08,0,0.05,0.01,0,0,0,0,0.05,0,0.01,0,0,0,0,3.72,0,0,0.02,4.9,0,0,0.22,58.86,12.18,0,0,0.27,1.58,0,0.54,0,0,0.12,0.03,5.69,0.05,1.71,0.03,0,0,6.4,0.75,5.62,1.52
"Guinea",2018,0.226814419858028,164.86,18.21,0,0,0,0.07,0,0,0,0,0.04,0,0,0,0,0,0,0,0,0,0.01,11.29,0,0,0.05,68.65,19.92,0,0,0.46,0.67,0,0.63,0,0,0.19,0.03,16.89,0.11,0.98,0.51,0,0.88,16.28,0,5.5,3.49
"Guinea",2019,0.258399738124388,152.54,16.24,0,0,0,0.06,0,0,0,0,0.02,0,0.01,0,0,0.01,0,0,0,0,0,10.2,0,0,0.04,70.35,19.75,0,0,0.39,1.22,0,0.58,0,0,0.18,0,12.3,0.11,0.69,0.96,0,0.03,4.71,0,10.57,4.12
"Guinea",2020,0.320511985123952,117.08,12.5,0,0,0,0,0,0,0,0,0.01,0,0.01,0,0,0.01,0.02,0,0,0,0,10.2,0,0.58,0,62.55,12.41,0,0,0.39,1.43,0,0.42,0,0,0.19,0,4.15,0.24,1.19,0.78,0,0.03,1.25,0,5.95,2.77
"Guinea",2021,0.334636139214271,141.74,9.84,0,0,0,0,0,0,0,0,0.01,0,0.01,0,0,0.01,0.02,0,0,0,0,12.49,0,0.56,0.04,77.62,11.89,0,0,0.42,1.61,0,0.34,0,0,0.16,0.06,0.29,1.05,1.75,1.04,0,0.14,4.11,0,16.6,1.68
"Guinea",2022,0.2813099767528,152.530994,23.611636,0.761134,0,0.000197,0.022665,0,0,0,0,0.010644,0,0,0.001337,0,0.007108,0.025385,0,0,0,0,18.290063,0,0,0,73.291728,12.872857,0,0,0.443461,2.770228,0,0.827039,0,6.811032,0.117863,0,0.58453,0.878911,1.575969,0.15879,0,0,7.349206,0,0.932783,1.186428
"Guinea",2023,0.414464323403656,181.684355,14.315886,2.292559,0,0,0.043882,0,0,0,0,0,0,0,0,0,0.003237,0.052352,0,0,0,0,19.99198,0,0,0,112.128632,21.794372,0,0,0.381682,1.588177,0,0.790217,0,0,0,0,0.669601,0.826937,0.990301,0.042372,0,0,0.369796,0,3.984143,1.418229
"Guinea",2024,0.502632073695056,167.710873,11.070736,5.788106,0,0,0.01704,0,0,0,0,0,0,0,0,0,0.006253,0.055028,0,0,0,0,9.269354,0.02117,0,0,117.198454,10.46955,0,0,0.49955,0.210301,0,0.653161,0,0.018835,0,0,1.01495,0.764775,1.695793,0.103889,0,0,6.476399,0,0.724485,1.653044
"Guinea-Bissau",1974,0.834710743801653,0.55,0,0,0,0,0,0,0,0,0,0,0,0,0,0,0,0,0,0,0,0,0,0,0,0,0,0.05,0,0,0,0,0,0,0,0,0,0,0,0,0,0,0,0,0.5,0,0,0
"Guinea-Bissau",1975,0.329528153527101,10.57,0,0,0,0,0,0,0,0,0,0,0,0,0,0,0,0,0,0,0,0,0,0,0.26,0,0,0.46,0,0,0,0,0,0,0,0.59,1.16,0,0,5.53,0.05,0.01,0,0,0.51,0,2,0
"Guinea-Bissau",1976,0.48807030433018,11.62,0,0,0,0,0,0,0,0,0,0,0,0,0,0,0,0,0,0,0,0,0,0,0.08,0.03,0,0.09,0,0,0,0.12,0,0,0,1,1.61,0,0,7.85,0,0.03,0,0,0.81,0,0,0
"Guinea-Bissau",1977,0.281116953236923,24.19,0,0,0,0,0,0,0,0,0,0,0,0,0,0,0,0,0,0,0,0,0,0,1.98,0,1.1,2.39,0,0,0,0.3,0,0,0,3.85,2.92,0,0,11.41,0.14,0.01,0,0,0.09,0,0,0
"Guinea-Bissau",1978,0.190582053444239,33.63,0,0,0,0,0,0,0,0,0,0,0,0,0,0,0,0,0,0,0,0.02,0.09,0,2.95,0.02,1.43,2.45,0,0,0,0.06,0,0,0,6.72,2.98,0,0,11.31,0.07,3.64,0,0,0,1.89,0,0
"Guinea-Bissau",1979,0.259488846917539,34.72,0,0,0,0,0,0,0,0,0,0,0,0,0,0,0,0,0,0,0,0.01,0.17,0,2.11,0,2.46,1.61,0,0,0,0.08,0,0,0,8.24,2.83,0,0,14.86,0.1,0.37,0,0,0.22,1.66,0,0
"Guinea-Bissau",1980,0.300545682482813,33.73,0.04,0,0,0,0,0,0,0,0,0,0,0,0,0,0,0,0,0,0,0.02,0.2,0,1.33,0.01,3.15,1.38,0,0,0,0.06,0,0,0,14.09,0.34,0,0,11.32,0.27,0.13,0,0,1.17,0.22,0,0
"Guinea-Bissau",1981,0.284243739820203,33.39,0.92,0,0,0,0,0,0,0,0,0,0,0,0,0,0,0,0,0,0,0.11,0.39,0,0.75,0,2.88,0.84,0,0,0,0.64,0,0,0,12.56,0.27,0,0,12.07,0.39,1.5,0,0,0.07,0,0,0
"Guinea-Bissau",1982,0.204981498687792,34.32,1.1,0,0,0,0,0,0,0,0,0,0,0,0,0,0,0,0,0,0,0.14,0.34,0,0.37,0,5.5,0.27,0,0,0,1.15,0,0,0,8.43,0.29,0,0,11.14,0.43,0.43,0,0,3.28,1.39,0.06,0
"Guinea-Bissau",1983,0.172804062004258,36.06,1.23,0,0,0,0,0,0,0,0,0,0,0,0,0,0,0,0,0,0,0.08,0.1,0,1.46,0,2.76,0.64,0,0,0,6.58,0,0,0,7.22,0.16,0,0,8.91,0.57,0.16,0,0,6.15,0,0.04,0
"Guinea-Bissau",1984,0.193900470724891,29.54,1.33,0,0,0,0,0,0,0,0,0,0,0,0,0,0,0,0,0,0,0.05,0.2,0,0.36,0.17,2.71,0.74,0,0,0,2.7,0,0,0,9.55,0,0,0,7.08,2.33,0.02,0,0,2.3,0,0,0
"Guinea-Bissau",1985,0.20900846854791,31.83,1.33,0,0,0,0,0,0,0,0,0,0,0,0,0,0,0,0,0,0,0.04,0.5,0,0.17,0,2.69,0.59,0,0,0,2.52,0,0,0,10.44,0.01,0,0,8.76,0.77,0,0,0,2.87,1.1,0.04,0
"Guinea-Bissau",1986,0.189090449854744,42.04,1.48,0,0,0,0,0,0,0,0,0,0,0,0,0,0,0,0,0,0,0.09,0.24,0,0.32,0,3.72,1.18,0,0,0,10.9,0,0,0,8.18,0.11,0,0,11.06,0.78,0.09,0,0,2.37,1.52,0,0
"Guinea-Bissau",1987,0.161349576251964,47.88,1.18,0,0,0,0,0,0,0,0,0,0,0,0,0,0,0,0,0,0,0.2,0.65,0,1.42,0,5.07,1.62,0,0,0,7.16,0,0,0,9.61,0,0,0,12.65,4.03,0.05,0,0,4.22,0.02,0,0
"Guinea-Bissau",1988,0.137301264468217,55.7,1.99,0,0,0,0,0,0,0,0,0,0,0,0,0,0,0,0,0,0,0.21,0.49,0,1.1,0,5.87,2.38,0,0,0,6.05,0,0,0,8.67,0.01,0,3.81,14.76,4.12,0.09,0,0,2.65,3.5,0,0
"Guinea-Bissau",1989,0.153626465320402,67.42,1.26,0,0,0,0,0,0,0,0,0,0,0,0,0,0,0,0,0,0,0.49,0.22,0,1,0,8.3,1.67,0,0,0,16.45,0,0,0,8.43,0.01,12.34,0.42,10.72,1.86,0.07,0,0,0.97,3.21,0,0
"Guinea-Bissau",1990,0.163680234164566,68.36,3.07,0,0,0,0,0,0,0,0,0,0,0,0,0,0,0,0,0,0,0.16,0.09,0,1.75,0,9.45,2.73,0,0,0,16.12,0,0.03,0,6.31,0,13.28,0,13.24,2.07,0.06,0,0,0,0,0,0
"Guinea-Bissau",1991,0.162397542087821,59.38,2.85,0.08,0.04,0,0,0,0,0,0,0,0,0,0,0,0,0,0,0,0,1.14,0.12,0,1.59,0,7.22,1.62,0,0,0,6.35,0,0.03,0,3.66,2.31,13.86,0.18,15.87,1.15,0.08,0,0,0,1.23,0,0
"Guinea-Bissau",1992,0.12923930621266,59.67,2.7,0.05,3.24,0,0,0,0,0,0,0,0,0,0,0,0,0,0,0,0,0.18,0.36,0,1.84,0.01,6.23,2.93,0,0,0,1.97,0,0,0,8.19,0,14.03,1.52,10.21,2.12,0.02,0,0,3.5,0.57,0,0
"Guinea-Bissau",1993,0.143359260640142,57.57,6.51,0.05,2.87,0,0,0,0,0,0,0,0,0,0,0,0,0,0,0,0,0.34,0.26,0,1.82,0,5.85,4.69,0,0,0,0.99,0,0.04,0,4.41,0,13.83,0,12.16,1.39,0.09,0,0,1.74,0.52,0,0.01
"Guinea-Bissau",1994,0.484009852243101,121.83,3.66,0.05,2.63,0,0,0,0,0,0,0,0,0,0,0,0,0,0,0,0,0.34,0.39,0,1.45,0,7.06,2.66,0,0,0,0.45,0,0.05,0,4.22,0.09,83.37,0,11.36,1.97,0.04,0,0,1.63,0.41,0,0
"Guinea-Bissau",1995,0.133895240938345,74.85,11.42,0.05,2.96,0,0,0,0,0,0,0,0,0,0,0,0,0,0,0,0,0.25,0.27,0,1.67,0,8.33,1.87,0,0,0,0.37,0,0.03,0,11.21,0,13.25,1.34,7.52,13.2,0.01,0,0,1.1,0,0,0
"Guinea-Bissau",1996,0.214069766614057,122.94,10.88,0.08,2.78,0,0,0,0,0,0,0,0,0,0,0,0,0,0,0,0,0.04,2.77,0,1.53,0,11.32,2.55,0,0,0,44,0,0.04,0,6.72,0.03,30.66,0.18,6.26,1.44,0.02,0,0,0.15,1.49,0,0
"Guinea-Bissau",1997,0.199646014600585,47.8,7.46,0.03,0,0,0,0,0,0,0,0,0,0,0,0,0,0,0,0,0,0.04,0.06,0,1.13,0,6.14,1.3,0,0,0.02,0.27,0,0,0,7.97,0.02,16.28,0.27,5.49,0.97,0.11,0,0.06,0.18,0,0,0
"Guinea-Bissau",1998,0.152157901900265,54.32,11.6,0.01,0,0,0,0,0,0,0,0,0,0,0,0,0.01,0,0,0,0,0.03,0.39,0,0.7,0,4.44,3.03,0.04,0,0.02,0.18,0,0,0,7.13,0.31,10.82,0.75,9.19,5.64,0,0,0.03,0,0,0,0
"Guinea-Bissau",1999,0.29902345236897,27.98,1.53,0,0,0,0,0,0,0,0,0,0,0,0,0,0,0,0,0,0,0.05,0.17,0,0.28,0.36,1.98,0.65,0,0,0,0.07,0,0,0,2.15,0.02,13.81,0.14,5.5,1.25,0.02,0,0,0,0,0,0
"Guinea-Bissau",2000,0.244079307212592,40.97,0,0,0,0,0,0,0,0,0,0,0,0,0,0,0.01,0,0,0,0,0.03,1.17,0,0.31,0,6.79,0.66,0,0,0,0.01,0,0,0,11.09,0.01,15.03,0.76,2.46,2.48,0.15,0,0.01,0,0,0,0
"Guinea-Bissau",2001,0.288620018880214,30.26,0.18,0.04,0,0,0,0,0,0,0,0,0,0,0,0,0,0,0,0,0,0.02,0.24,0,0.17,0,3.92,0.66,0,0,0,0.07,0,0,0,8,0.02,13.38,0.77,2.06,0.7,0.03,0,0,0,0,0,0
"Guinea-Bissau",2002,0.177634949496096,21.81,0.12,0.03,0,0,0,0,0,0,0,0,0,0,0,0,0,0,0,0,0,0.03,2.18,0,0.33,0,4,1.4,0,0,0,0.01,0,0,0,3.6,0.03,6.64,0.86,1.81,0.77,0,0,0,0,0,0,0
"Guinea-Bissau",2003,0.558616112206221,94.94,0.06,0,0,0,0,0,0,0,0,0,0,0,0,0,0.01,0,0,0,0,0.11,1.68,0,0.15,0,3.67,0.34,0,0,0,70.1,0,0.05,0,5.11,0.05,8.25,2.01,2.33,1.02,0,0,0,0,0,0,0
"Guinea-Bissau",2004,0.255562625924825,27.84,0.01,0.03,0,0,0,0,0,0,0,0,0,0,0,0,0.01,0,0,0,0,0.11,0.27,0,0,0,5.45,0.8,0,0,0,1.29,0,0.04,0,3.29,0.06,12.13,1.46,2.37,0.52,0,0,0,0,0,0,0
"Guinea-Bissau",2005,0.368284460674181,23.58,0.03,0.07,0,0,0,0,0,0,0,0,0,0,0,0,0,0,0,0,0,0.35,0.29,0,0,0,3.03,0.65,0,0,0,0.24,0,0.05,0,2.62,0.05,13.52,2.25,0,0.42,0,0,0.01,0,0,0,0
"Guinea-Bissau",2006,0.31283704141566,33.27,0.04,0.03,0,0,0,0,0,0,0,0.02,0,0,0,0,0,0,0,0,0,0.02,0.66,0,0.2,0,9.99,0.32,0.01,0,0,1.16,0,0.05,0,0,0.35,14.76,5.13,0,0.5,0.02,0,0.01,0,0,0,0
"Guinea-Bissau",2007,0.310728588157783,36.82,1.08,0.03,0,0,0,0,0,0,0,0.01,0,0,0,0,0.01,0,0,0,0,0,0.27,0,0.39,0.27,3.4,0.36,0.04,0,0.35,0.71,0,0.05,0,0,0.69,15.77,12.57,0,0.39,0.05,0,0,0,0,0,0.38
"Guinea-Bissau",2008,0.241702446576855,52.17,5.83,0.25,0,0,0,0,0,0,0,0.03,0,0,0,0,0.01,0,0,0,0,0.02,0.51,0,0.88,0.33,5.58,0.61,0.02,0.34,0,2.24,0,0.2,0,0,0.35,17.84,16.35,0.12,0.47,0.13,0,0.01,0,0,0,0.05
"Guinea-Bissau",2009,0.210533576439596,49.33,9.43,0.08,0,0,0,0,0,0,0,0.02,0,0,0,0,0.01,0,0,0,0,0.02,0.74,0,0.29,0.88,6.1,0.42,0.01,0.99,0,2.22,0,0.15,0,0,0,14.43,13.05,0,0.35,0.13,0,0,0,0,0,0.01
"Guinea-Bissau",2010,0.53161950084999,166.63,16.11,0.12,0,0,0.16,0,0,0,0,0,0,0,0,0,0,0,0,0,0,0,0.73,0,0.74,0.79,1.84,1.34,0.01,0.53,0,0.27,0,0.05,0,0,0,15.72,8.29,0,0.53,119.07,0,0,0,0,0,0.33
"Guinea-Bissau",2011,0.56402619603964,192.75,9.78,0.12,0,0,0.38,0,0,0,0,0,0,0,0,0,0,0,0,0,0,0,0.79,0,0,0.83,14.39,1.31,0.01,0,0,0.78,0,0.42,0,0,0,13.67,6.35,0.03,0.84,142.9,0,0,0,0,0.02,0.13
"Guinea-Bissau",2012,0.768881503596776,206.43,6.62,0.4,0,0,0,0,0,0,0,0,0,0,0,0,0,0,0.15,0,0,0,0.47,0,0.22,0.04,1.35,0.96,0.01,0.1,0.26,0.31,0,0.02,0,0,0.17,9.51,4.15,0.02,0.49,180.58,0,0,0,0,0.01,0.59
"Guinea-Bissau",2013,0.774832331103197,291.03,5.65,0,0,0,0.55,0,0,0,0,0,0,0,0,0,0,0,0,0,0,0,10.91,0,0,0.15,0.99,0.44,0,0.12,0.33,0.41,0,0.02,0,0,0,8.04,4.97,0.12,0.47,255.7,0,0.05,0.87,0,0,1.24
"Guinea-Bissau",2014,0.801473876214756,259.29,8.03,0.15,0,0,0,0.05,0,0,0,0,0,0,0,0,0,0,0,0,0,0,0.47,0,0.13,0,3.37,0.3,0.02,0.09,0.31,0.99,0,0.01,0,0,0.02,11.16,0.47,0.21,0.65,231.69,0,0,0,0,0,1.17
"Guinea-Bissau",2015,0.842694286484225,260.26,3.49,0.14,0,0,0.01,0,0,0,0,0,0,0,0,0,0,0,0,0,0,0,0.36,0,0,0,0.54,0.01,0,0.12,0.27,0.52,0,0,0,0,0.17,13.85,1.53,0.11,0.42,238.48,0,0,0,0,0.01,0.23
"Guinea-Bissau",2016,0.467895999905245,304.29,1.28,0,0,0,0,0.21,0,0,0,0,0,0,0,0,0,0,0,0,0,0.4,0.36,0,0,0,0.57,2.88,0,0,0.25,101.89,0,0,0,0,0.08,12.97,1.31,0.11,0.52,181,0,0.06,0,0,0,0.4
"Guinea-Bissau",2017,0.817394453429509,220.75,2.82,0.04,0,0,0.01,0,0,0,0,0,0,0,0,0,0,0,0,0,0,0,0,0,0,0,0.91,0.12,0,0,0.24,1.37,0,0,0,0.04,0.14,10.64,1.13,0.09,0.81,199.25,0,0,0,0,2.16,0.98
"Guinea-Bissau",2018,0.394462722720973,22.64,0.42,0,0,0,0.04,0,0,0,0,0,0,0,0,0,0,0,0,0,0,0,0.03,0,0,0,1.11,0.29,0,0,0.43,2.04,0,0,0,0,0.1,13.6,3.29,0.21,0.56,0.03,0,0.01,0,0,0.04,0.44
"Guinea-Bissau",2019,0.422182375031565,32.85,5.11,0,0,0,0.05,0,0,0,0,0,0,0,0,0,0,0,0,0,0,0,0,0,0,0,2.08,0.32,0,0,0.26,1.13,0,0,0,0.01,0.09,20.46,2.13,0.06,0.57,0.1,0,0,0,0,0.03,0.45
"Guinea-Bissau",2020,0.416229817427541,29.53,5.13,0,0,0,0.02,0,0,0,0,0,0,0,0,0,0,0,0,0,0,0,0,0,0,0,0.99,0.43,0,0,0.4,0.66,0,0,0,0,0.1,18.15,2.16,0,0.69,0.12,0.11,0,0,0,0.04,0.53
"Guinea-Bissau",2021,0.325475101245551,37.51,6.03,0,0,0,0.02,0,0,0,0,0,0,0,0,0,0,0,0,0,0,0.01,0,0,0,0,2.3,0.31,0,0.01,0.31,0.57,0,0,0,0,0.08,19.65,5.27,0.92,0.58,0.43,0,0.03,0,0,0.41,0.58
"Guinea-Bissau",2022,0.36738722179184,40.419138,3.757062,0.174383,0,0,0.023062,0,0,0,0,0,0,0,0,0,0,0.003531,0,0,0.0357,0,0,0,0,0,7.837651,0.194189,0,0,0.319882,1.558183,0,0,0,0,0.058931,22.746689,1.87022,0.762805,0.63178,0.035348,0,0.005828,0,0,0,0.403894
"Guinea-Bissau",2023,0.307698097750012,32.383186,0.191758,0.679037,0,0,0.058239,0,0,0,0,0,0,0.021798,0,0,0,0.011293,0,0,0,0,0,0,0,0,2.059025,0.321697,0,0,0.439772,0.672065,0,0,0,0,0,16.311288,3.76196,0.934924,0.617055,0.074008,0,0,0,0,0.258821,5.970446
"Guinea-Bissau",2024,0.267531856618074,31.662435,3.029335,0.011565,0,0,0.023062,0,0,0,0,0,0,0.063215,0,0,0,0.007436,0,0,0,0,0.00159,0.02117,0,0,10.962672,0.255928,0,0,0.617513,0.502964,0,0,0,0,0,11.260512,3.216993,0.680206,0.621065,0,0,0,0,0,0.006851,0.380358
"Kenya",1963,0.874136435950583,52.42,0.02,0,0,0,0,0,0,0,0,0,0,0,0,0,0,0,0,0,0,0,0,0,0,0,0,3.43,0,0,0,0,0,0,0,0,0,0,0,0.06,0.02,48.89,0,0,0,0,0,0
"Kenya",1964,0.835674380853568,54.64,0.22,0,0,0,0,0,0,0,0,0,0,0,0,0,0,0,0,0,0,0.02,0,0,0,0,0,4.45,0,0,0,0.04,0,0,0,0,0.02,0,0,0.12,0.02,49.75,0,0,0,0,0,0
"Kenya",1965,0.926693893486279,57.58,0.16,0,0,0,0.08,0,0,0,0,0,0,0,0,0,0,0,0,0,0,0.02,0,0,0.22,0,0,0.87,0,0,0,0.13,0,0,0,0.14,0.16,0,0,0.37,0.01,55.42,0,0,0,0,0,0
"Kenya",1966,0.771993754284489,38.92,0.19,0,0,0,0.09,0,0,0,0,0,0,0,0,0,0,0,0,0,0,0.01,0,0,0.12,0,0,4.24,0,0,0,0,0,0,0,0,0.33,0,0,0,0.01,33.93,0,0,0,0,0,0
"Kenya",1967,0.576766697445368,34.2,0.33,0,0,0,0.18,0,0,0,0,0,0,0,0,0,0,0,0,0,0,0.03,0.03,0,0.27,0,0,2.44,0,0,0,0.4,0,0,0,1.46,0.69,0,0,2.69,0.02,25.66,0,0,0,0,0,0
"Kenya",1968,0.520785328818225,37.38,0.4,0,0,0,0.14,0,0,0,0,0,0,0,0,0,0,0,0,0,0,0,0.03,0,0.73,0,0,4.34,0,0,0,0.12,0,0,0,0.07,1.64,0,0,3.56,0.03,26.32,0,0,0,0,0,0
"Kenya",1969,0.471947985356657,38.56,0.78,0,0,0,0.1,0,0,0,0,0,0,0,0,0,0,0,0,0,0,0.22,0.03,0,1.14,0,0,2.81,0,0,0,0.21,0,0,0,0.21,3.42,0,0,3.73,0.1,25.81,0,0,0,0,0,0
"Kenya",1970,0.421473945592621,42.54,1.07,0,0,0,0.11,0,0,0,0,0,0,0,0,0,0,0,0,0,0,0.2,0.01,0,1.38,0,0,5.69,0,0,0,0.18,0,0,0,1.81,2.55,0,0,2.78,0.12,26.64,0,0,0,0,0,0
"Kenya",1971,0.260982756022508,51.34,1.71,0,0,0,0.12,0,0,0,0,0,0,0,0,0,0,0,0,0,0,0.06,0.01,0,3.29,0.23,0,6.46,0,0,0,5.28,0,0,0,3.49,2.98,0,0,3.55,0.27,23.89,0,0,0,0,0,0
"Kenya",1972,0.466012732013569,91.59,0.87,0,0,0,0.12,0.02,0,0,0,0,0,0,0,0,0,0,0,0,0,0.07,0.02,0,5.51,0.3,0,6.03,0,0,0,0.15,0,0,0,5.65,3.73,0,0,7.67,0.32,61.13,0,0,0,0,0,0
"Kenya",1973,0.199727010191154,78.05,2.27,0,0,0,0.17,0.01,0,0,0,0,0,0,0,0,0,0,0,0,0,0.09,0.05,0,4.16,0.3,0,10.55,0,0,0,2.82,0,0,0,9.72,5.98,0,0,12.14,1.6,28.19,0,0,0,0,0,0
"Kenya",1974,0.202054072780288,94.9,2.79,0,0,0,0.13,0,0,0,0,0,0,0,0,0,0,0,0,0,0,0.55,0.04,0,5.14,0.34,0,17.06,0,0,0.02,0.34,0,0,0,9.41,5.95,0,0,17.5,3.17,32.46,0,0,0,0,0,0
"Kenya",1975,0.15315873390812,100.19,7.19,0,0,0,0.64,0.01,0,0,0,0,0,0,0,0,0,0,0,0,0,0.57,0.04,0,9.08,0.29,0,21.93,0,0,0.05,0.34,0,0,0,10.71,9.26,0,0,18.87,2.24,18.97,0,0,0,0,0,0
"Kenya",1976,0.172685036515701,125.89,12.94,0,0,0,0.32,0.03,0,0,0,0,0,0,0,0,0,0,0,0,0,0.42,0.07,0,9.7,1.29,0,15.34,0,0,0.03,0.47,0,0,0,14.55,8.85,0,0,22.29,1.52,38.06,0,0,0.01,0,0,0
"Kenya",1977,0.129597770213092,116.93,4.99,0,0,0,1.64,0.03,0,0,0,0,0,0,0,0,0,0,0,0,0,0.34,2.97,0,12.3,2.08,0,18.86,0,0,0.03,0.4,0,0,0,13.94,12.57,0,0,17.99,6.21,22.57,0,0,0.01,0,0,0
"Kenya",1978,0.161076437404219,210.27,11.72,0,0,0,1.9,0.01,0,0,0,0,0,0,0,0,0,0,0,0,0,1.54,0.34,0,14.82,1.29,5.15,41.2,0,0,0.06,0.35,0,0,0,24.32,13.17,0,0,43.67,2.19,48.54,0,0,0,0,0,0
"Kenya",1979,0.152011846039163,277.51,36.28,0,0,0,4.06,0,0,0,0,0,0,0,0,0,0,0,0,0,0,4.57,3.97,0,17.05,6,3.5,69.71,0,0,0.1,0.31,0,0,0,27.9,19.22,0,0,24.4,2.21,58.23,0,0,0,0,0,0
"Kenya",1980,0.143456018886282,243.69,28.16,0,0,0,1.78,0,0,0,0,0,0,0,0,0,0,0,0,0,0,0.76,2.59,0,18.33,2.62,4.05,35.67,0,0,0.13,0.28,0,0,0,47.91,21.05,0,0,28.35,1.62,50.39,0,0,0,0,0,0
"Kenya",1981,0.14723666515545,266.31,27.13,0,0,0,6.33,0,0,0,0,0,0,0,0,0,0,0,0,0,0,0.72,0.57,0,16,3.93,18.06,42.29,0,0,0.12,1.71,0,0,0,38.21,20.57,0,0,14.51,2.18,71.93,0,0,0,1.97,0.08,0
"Kenya",1982,0.134255261184751,261.89,21.31,0,0,0,5.36,0,0,0,0,0,0,0,0,0,0,0,0,0,0,0.85,1.34,0,21.35,5.29,14.75,31.25,0,0,0.2,1.13,0,0,0,55.35,23.68,0,0,14.65,3.51,56.22,0,0,0.03,5.61,0.01,0
"Kenya",1983,0.135592646508767,260.83,54.77,0,0,0,6.2,0,0,0,0,0,0,0,0,0,0,0,0,0,0,0.44,1.08,0,16.62,6.59,6.02,44.24,0,0,0.23,1.53,0,0,0,31.5,22.23,0,0,15.2,2.54,45.98,0,0,0.04,5.62,0,0
"Kenya",1984,0.108178684676301,270.38,32.23,0,0,0,2.6,0.01,0,0,0,0,0,0,0,0,0,0,0,0,0,0.33,3.17,0,20.19,13.36,9.1,38.95,0,0,0.15,2.48,0,0,0,26.29,20.55,0,0,14.17,6.81,47.16,0,0,0.03,32.8,0,0
"Kenya",1985,0.0955392217568557,273.11,33.37,0,0,0,4.76,0.01,0,0,0,0,0,0,0,0,0,0,0,0,0,2.37,2.86,0,25.08,13.34,17.4,36.4,0,0,0.2,6.63,0,0,0,21.62,21.12,0,0,19.65,4.23,40.46,0,0,0.31,23.3,0,0
"Kenya",1986,0.105735312302866,360.29,54.88,0,0,0,2.89,0.01,0,0,0,0,0,0,0,0,0,0,0,0,0,0.47,2.13,0,26.62,8.99,32.34,46.23,0,0,0.35,31.79,0,0,0,47.78,31.68,0,0,14.46,5.85,46.33,0,0,0.17,6.31,1.01,0
"Kenya",1987,0.106377588627361,415.62,69.62,0.04,0,0,1.04,0.02,0,0,0,0,0,0,0,0,0,0,0,0,0,8.37,2.34,0,27.87,14.45,29.81,57.19,0,0,0.29,33.07,0,0,0,60.68,30.18,0,0,26.78,3.89,43.16,0,0,0.05,4.53,2.24,0
"Kenya",1988,0.135933732675576,570.19,150.38,0,0,0,1.13,0.16,0,0,0,0,0,0,0,0,0,0,0,0,0,0.49,3.11,0,36.23,27.66,32.61,61.5,0,0,0.02,37.6,0,0,0,62.19,31.34,0,0,27.32,5.2,87.09,0,0,0,4.66,1.5,0
"Kenya",1989,0.136973154923769,567.84,153.66,0.01,0,0,2.02,0.4,0,0,0,0,0,0,0,0,0,0,0,0,0,1.14,3.22,0,34.69,25.19,31.2,59.74,0,0,0.46,56.1,0,0,0,54.84,27.15,0,0.14,29.45,4.89,79.79,0,0,0,2.8,0.95,0
"Kenya",1990,0.28192204474125,1029.02,101.25,0.01,0,0,2.66,0.48,0,0,0,0,0,0,0,0,0,0,0,0,0,2.07,7.58,0,39.95,30.23,59.32,516.4,0,0,0.35,53.59,0,0,0,73.68,22.5,0,0.01,31.19,4.04,75.06,0,0,0,8.59,0.06,0
"Kenya",1991,0.181052351599971,564.21,205.82,0.28,0,0,1.96,0.3,0,0,0,0,0,0,0,0,0,0,0,0,0,4.28,17,0,33.45,34.8,40.15,55.98,0,0,0.36,18.89,0,0,0,35.11,5.2,0,0,27.36,5.57,74,0,0,0,3.7,0,0
"Kenya",1992,0.150672928998785,474.6,139.76,0.27,0,0,1.7,0.15,0,0,0,0,0,0,0,0,0,0,0,0,0,1.96,11.42,0,19.68,20.73,40.02,68,0,0,0.61,20.51,0,0.08,0,54.24,2.6,0,0.02,28.39,5.03,54.84,0,0,0.36,4.12,0.11,0
"Kenya",1993,0.2042809493455,409.17,157.67,0.26,0,0,2.03,0.22,0,0,0,0,0,0,0,0,0,0,0,0,0,2.69,9.01,0,18.92,7.69,20.57,55.76,0,0,0.89,7.17,0,0.02,0,54.13,2.36,0,0,17.97,2.92,44.27,0,0,0.16,4.44,0,0.02
"Kenya",1994,0.177205896771157,421.54,146.11,2.36,0.05,0,3.6,0.35,0,0,0,0,0,0,0,0,0,0,0,0,0,2.34,4.31,0,24.2,6.02,22.63,50.62,0,0,1.54,22.49,0,0.03,0,54.52,2.93,0,0.01,17.43,4.1,50.78,0,0,0.49,3.36,1.27,0
"Kenya",1995,0.251140718657639,468.63,216.7,3.37,0,0,1.86,0.32,0,0,0,0,0,0,0,0,0,0,0,0,0,1.22,5.58,0,23.51,6.38,21.55,53.99,0,0,2.03,17.25,0,0.05,0,45.3,2.29,0,0.32,19.77,3.66,37.09,0,0,0,5.97,0.42,0
"Kenya",1996,0.148291215870611,393,113.85,5.94,0,0,1.59,0.38,0,0,0,0,0,0,0,0,0,0,0,0,0,3.04,5.8,0,25.03,3.94,30.1,55.17,0.04,0,2.28,16.02,0,0.03,0,48.87,2.69,0,0.62,23.31,3.95,45.05,0,0,0.23,4.76,0.31,0
"Kenya",1997,0.139269202189477,327.72,87.6,2.09,0,0,1.77,0.43,0,0,0,0,0,0,0,0,0,0,0,0,0,2.81,7.25,0,21.63,4.52,16.16,45.16,0.02,0,2.22,18.78,0,0.2,0,38.66,2.81,0,3.56,17.32,2.24,47.27,0,0.68,0.53,3.7,0.31,0
"Kenya",1998,0.137363043715604,298.58,71.06,0.39,0,0,1.11,0.54,0,0,0,0,0,0,0,0,0.08,0,0,0,0,2.06,8.4,0,14.64,5.41,19.54,43.77,0.47,0,1.72,6.77,0,0,0,36.01,2.54,0,4.36,15.94,3.84,54.1,0,2.05,0.79,2.63,0.33,0.03
"Kenya",1999,0.182851752070995,276.71,92.48,0.1,0,0,0.31,0.38,0,0,0,0,0,0,0,0,0.03,0,0,0,0,4.14,6.07,0,14.19,4.2,17.04,38.45,0.07,0,1.92,2.93,0,0,0,17.97,1.98,0,5.67,11.32,0.75,53.87,0,1.77,0.05,1.02,0,0
"Kenya",2000,0.192853107834423,303.32,99.36,0.34,0,0,1.21,0.36,0,0,0,0,0,0,0,0,0.06,0,0,0,0,0.95,8.88,0,10.49,4.21,14.97,39.1,0.02,0,3.78,3.27,0,0,0,17.39,2.89,0,2.56,14.2,0.83,73.11,0,0.6,4.27,0.47,0,0
"Kenya",2001,0.141871830691784,286.24,67.42,0.08,0,0,1.58,0.43,0,0,0,0,0,0,0,0,0.07,0,0,0,0,0.69,4.31,0,15.24,6.57,31.09,32.61,0.09,0,3.25,3.26,0,0,0,24.85,4.04,0,8.56,13.56,0.95,61.81,0,0.69,4.03,1.06,0,0
"Kenya",2002,0.142801059490874,265.15,63.25,0.43,0,0,1.84,0.36,0,0,0,0.08,0,0,0,0,0.07,0,0,0.09,0,1.54,8.19,0,11.85,5.26,32.95,29.19,0.18,0,3.82,1.49,0,0.08,0,19.95,2.96,0.01,3.79,14.42,0.6,56.41,0,0.77,5.57,0,0,0
"Kenya",2003,0.143867865281527,303.82,44.92,0.26,0,0,0.89,0.37,0,0,0,0.07,0,0,0,0,0.07,0,0,0.28,0,0.99,6.68,0,17.34,5.64,39.13,37.98,0.25,0,6.44,2.29,0,0.12,0,14.13,10.26,0,2.41,25.56,1.03,82.99,0,0.6,3.12,0,0,0
"Kenya",2004,0.123636534549154,361.95,77.17,0.18,0,0,1.01,0.54,0,0,0,0.15,0,0,0,0,0.11,0,0,0.22,0,1.7,10.02,0,26.17,7.84,44.32,44.19,0.18,0,8.99,6.06,0,0.18,0,35.13,7.95,0,2.37,29.92,0.9,56.19,0,0.44,0,0,0,0.02
"Kenya",2005,0.125301863431838,407.28,69.55,11.65,0,0,0.07,0.94,0,0,0,0.31,0,0,0,0,0.09,0,0,0.69,0,1.7,8.29,0.04,33.15,7.6,36.69,50.95,0.17,0,6.86,0.44,0,0.44,0,34.86,9.85,0,1.46,42.12,0.8,86.6,0,1.95,0,0,0,0.01
"Kenya",2006,0.135534078476394,528.88,113.68,16.25,0,0.06,1.26,1.31,0,0,0,0.35,0,0,0,0,0.19,0,0,0.4,0,2.74,6.06,0.03,44.1,11.2,32.15,46.95,0.18,0,15.15,5.52,0,0.91,0,31.55,12.33,0,8.19,51.94,2.47,123.24,0,0.36,0,0,0,0.31
"Kenya",2007,0.130425309402504,621.29,111.79,3.39,0,0.08,1.6,0.78,0,0,0,0.1,0,0.05,0,0,0.21,0,0,0.06,0,3.31,4.16,0.03,49.69,13.53,76.57,65.8,0.47,0,13.52,9.68,0,0.27,0,17.47,13.02,0.02,45.05,45.51,2.28,141.78,0,0.35,0,0,0,0.72
"Kenya",2008,0.100951645588687,637.45,74.79,2.46,0,0.08,4.28,0.75,0,0,0,0.24,0,0.03,0,0,0.5,0,0,0.36,0,15.69,9.78,0.03,62.13,16.34,79.65,91.02,1.2,0.36,20.06,10.41,0,0.66,0,20.01,21.28,0,39.08,65.85,3.48,95.19,0,0.7,0,0,0,1.04
"Kenya",2009,0.105367669298998,724.92,106.65,5.08,0,0.11,9.41,0.88,0,0,0,0.32,0,0.09,0,0,0.33,0,0,0.06,0,2.55,28.71,0,61.47,18.16,65.64,94.06,0.94,0.06,11.62,10.36,0,1.77,0,28.17,15.53,0.01,51.41,66.82,7.33,131.66,0,0.56,1.13,0,1.65,2.38
"Kenya",2010,0.142603895221809,593.97,116.54,3.44,0,0.03,7.3,0.41,0,0,0,0.35,0,0.08,0,0,0.22,0.04,0,1.14,0.12,1.65,7.52,0.03,65.92,25.76,142.36,89.3,0.39,0,13.36,13.44,0,0.22,0,20.2,13.37,0,9.03,47.69,4.57,4.82,0,0.73,1.44,0,2.07,0.43
"Kenya",2011,0.130260852815158,801.73,162.51,9.96,0,0.08,15.28,1.47,0,0,0,0.11,0,0.09,0,0,0.4,0.05,1.5,1.51,0.03,2.77,20.91,0.02,75.75,21.83,113.94,168.6,0.32,0,11.42,31.67,0,0.54,0,34.82,19.74,0,11.37,76.85,11.26,1.85,0,0.83,0,0,2.2,2.05
"Kenya",2012,0.206422779745057,995.21,225.87,9.63,0,0.14,21.31,1,0,0,0,0.25,0,0.07,0,0,0.55,0.05,2.88,1.77,0.02,1.17,7.11,0,60.55,25.73,115.46,357.13,0.33,0.22,9.47,4.33,0,0.28,0,29.76,20.73,0,1.13,77.6,11.99,4.96,0,0.66,0.29,0,1.65,1.12
"Kenya",2013,0.187249545708157,976.26,337.77,5.96,0,0.1,40.16,1.52,0,0,0,0.1,0.03,0.14,0,0,0.3,0.02,2.19,1.63,0,1.59,17.98,0,54.36,29.52,192.43,113.46,0.02,0,9.25,5.03,0,0.66,0,33.84,24.8,0,0.81,81.6,9.29,4.26,0,0.5,0.6,0,1.29,5.05
"Kenya",2014,0.130088085980554,662.61,112.06,4.08,0,0.08,8.67,1.03,0,0,0,0.05,0,0.02,0,0,1.12,0.02,2,1.24,0,2.06,11.75,0,53.96,56.87,127.69,122.2,0.04,0,8.63,7.56,0,0.43,0.04,32.53,16.93,0,0.65,73.11,9.53,0.38,0,0.59,1.67,0,2.3,3.32
"Kenya",2015,0.172094903468073,662.44,223.55,5.92,0,0.08,7.71,1.25,0,0,0,0.1,0.03,0.03,0,0,0.65,0.03,0,1.32,0.07,2.84,12.72,0,58.24,31.08,102.62,70.67,0.03,0,7.95,20.91,0,0.57,0.06,19.19,13.93,0,0.36,64.69,11.86,0.66,0,0.44,0.56,0,2.13,0.19
"Kenya",2016,0.14760240478281,579.09,164.95,9.24,0,0.07,2.6,0.84,0,0,0,0.19,0.01,0.15,0,0,8.8,0.01,0,2.11,0,2.2,19.6,0,49.63,17.33,88.18,86.45,0.01,0.1,8.04,6.71,0,0.6,0.05,20.64,10.53,0.01,0.7,53.8,9.55,7.68,0,0.64,2.68,0,3.04,1.95
"Kenya",2017,0.145023973948577,620.98,162.69,11.52,0,0.17,7.66,1.65,0,0,0,0.06,0.03,0.2,0,0,1.87,0.01,1,1.48,0.03,6.71,24.71,0,38.27,16.14,78.13,125.21,0.01,0.07,7.6,13.87,0,0.24,0.01,22.1,11.94,0.05,0.6,63.38,12.24,0.46,0,0,4.27,0,4.63,1.97
"Kenya",2018,0.143556532654578,899.83,227.01,0,0,0,2.96,1.23,0,0,0,0.07,0.04,2.16,0,0,8.43,0,0,1.9,0,8.49,19.8,0,44,17.21,121.68,104.09,0.01,0.25,7.97,15.79,0,0.21,0.02,18.31,15.85,0.08,0.66,60.33,13.76,175.97,0,1.5,23.32,0,5.97,0.76
"Kenya",2019,0.173986056039747,958.19,288.29,0,0,0,2.31,0.8,0,0,0,0.04,0.01,2.25,0,0,6.45,0,0,2.86,0,3.91,14.49,0,51.52,10.1,142,101.53,0.02,0.26,8.43,17.53,0,0.48,0.21,12.34,15.27,0.07,0.72,56.82,12.38,197.32,0,0.25,3.51,0,4.33,1.69
"Kenya",2020,0.168965462976681,935.48,213.79,0,0,0,3.37,0.76,0,0,0,0.02,0.13,3.66,0,0,2.22,0.04,0,1.16,0.07,1.61,9.39,0,67.21,12.75,254.1,111.97,0,0.14,9.57,9.73,0,0.54,0,7.73,13.19,0.08,1.09,58.49,12.58,127.06,0,0.74,0.95,0,10.27,1.07
"Kenya",2021,0.15981754399646,778.04,242.81,0,0,0,5.76,0.71,0,0,0,0.27,1.26,3.02,0,0,3.96,0.04,0,2.32,0.63,2.53,13.02,0,54.29,11.19,88.61,110.65,3.77,0.28,10.37,24.48,0,0.26,0,10.62,10.75,0.07,2.37,57.36,13.64,99.72,0,0.83,0.31,0,1.32,0.82
"Kenya",2022,0.142013823157691,1449.454668,417.381468,76.221745,0,0.282346,13.999732,1.572362,0,0,0,0.542238,2.221976,10.635354,0.009174,0.010822,4.404036,0.102016,0,3.373962,0,3.891944,32.757392,0,109.949082,22.966713,172.009304,215.988226,0.034456,1.13376,25.70989,46.873331,0,0.891178,0.055872,20.497616,19.092634,0.261968,0,96.134565,24.545221,120.646568,0,1.5736,0.914063,0,1.7092,1.060854
"Kenya",2023,0.104311301498044,1071.947884,174.839893,66.594453,0.664992,0,22.46314,0.25523,0.009208,0,0.274176,0.522106,1.613322,6.864312,0,0.556224,3.009889,0.254198,0,2.177472,0.735294,5.28306,19.146162,0.216262,108.943167,40.089356,75.178091,195.866663,0.033944,0.657632,17.240866,36.130746,0,0.672074,0.014136,21.519316,29.236218,0.360794,2.854591,92.079547,20.974518,120.619658,0,1.02805,0.569404,0,0.959668,1.440052
"Kenya",2024,0.113703661616664,1189.082257,101.354482,88.239079,0.33988,0.243216,12.757682,0.597838,0.021124,0,0.204322,0.532946,1.311714,12.22681,0,0.72502,2.544245,0.140484,0,2.470064,0.528858,5.71956,14.575074,0.2334,107.642427,35.23627,112.734782,265.542444,0.045116,0.765344,17.879102,27.169863,0,0.451428,0.054274,26.59511,24.726781,0.251996,2.030009,105.814371,18.931244,178.923267,0.04639,2.014564,2.657224,0,10.040229,4.764224
"Lesotho",1966,0.994476858975232,10.84,0,0,0,0,0.01,0,0,0,0,0,0,0,0,0,0,0,0,0,0,0,0,0,0,0,0,0.02,0,0,0,0,0,0,0,0,0,0,0,0,0,10.81,0,0,0,0,0,0
"Lesotho",1967,0.941572318500262,11.35,0,0,0,0,0.01,0,0,0,0,0,0,0,0,0,0,0,0,0,0,0,0,0,0,0,0,0.05,0,0,0,0,0,0,0,0,0,0,0,0.27,0.01,11.01,0,0,0,0,0,0
"Lesotho",1968,0.93323311451647,10.74,0,0,0,0,0.01,0,0,0,0,0,0,0,0,0,0,0,0,0,0,0.01,0,0,0,0,0,0.01,0,0,0,0,0,0,0,0,0,0,0,0.33,0.01,10.37,0,0,0,0,0,0
"Lesotho",1969,0.936458044146225,9.22,0,0,0,0,0.01,0,0,0,0,0,0,0,0,0,0,0,0,0,0,0,0,0,0.01,0,0,0.05,0,0,0,0,0,0,0,0,0,0,0,0.19,0.04,8.92,0,0,0,0,0,0
"Lesotho",1970,0.644106622240733,1.96,0,0,0,0,0.02,0,0,0,0,0,0,0,0,0,0,0,0,0,0,0,0,0,0.01,0,0,0.09,0,0,0,0,0,0,0,0.04,0.01,0,0,0.16,0.07,1.56,0,0,0,0,0,0
"Lesotho",1971,0.861967172744431,8.01,0,0,0,0,0.03,0,0,0,0,0,0,0,0,0,0,0,0,0,0,0,0,0,0,0,0,0.1,0,0,0,0,0,0,0,0.24,0,0,0,0.17,0.04,7.43,0,0,0,0,0,0
"Lesotho",1972,0.853360770158758,7.89,0,0,0,0,0.04,0,0,0,0,0,0,0,0,0,0,0,0,0,0,0,0,0,0.01,0.01,0,0.02,0,0,0,0,0,0,0,0.22,0,0,0,0.27,0.04,7.28,0,0,0,0,0,0
"Lesotho",1973,0.566742492203853,6.12,0,0,0,0,0.07,0,0,0,0,0,0,0,0,0,0,0,0,0,0,0,0.3,0,0.09,0,0,0.43,0,0,0,0.01,0,0,0,0.45,0,0,0,0.18,0.04,4.55,0,0,0,0,0,0
"Lesotho",1974,0.44330758273066,9.36,0,0,0,0,0.07,0,0,0,0,0,0,0,0,0,0,0,0,0,0,0,0.08,0,0.28,0,0,1.65,0,0,0,0,0,0,0,0.41,0.02,0,0,0.9,0.03,5.92,0,0,0,0,0,0
"Lesotho",1975,0.594093607940302,11.43,0,0,0,0,0.09,0,0,0,0,0,0,0,0,0,0,0,0,0,0,0.06,0,0,0.72,0,0,0.61,0,0,0.05,0,0,0,0,0.44,0,0,0,0.69,0.05,8.72,0,0,0,0,0,0
"Lesotho",1976,0.232586972595538,10.33,0.01,0,0,0,0.13,0,0,0,0,0,0,0,0,0,0,0,0,0,0,0.27,0.06,0,1.63,0.06,0,0.85,0,0,0.11,0,0,0,0,0.86,0.04,0,0,2.54,0.01,3.76,0,0,0,0,0,0
"Lesotho",1977,0.174415479709755,12.2,0.03,0,0,0,0.17,0,0,0,0,0,0,0,0,0,0,0,0,0,0,0.28,0.06,0,1.31,0.01,0,1.31,0,0,0.43,0,0,0,0,0.83,1.3,0,0,2.26,0.39,3.82,0,0,0,0,0,0
"Lesotho",1978,0.263207562738366,21.46,0.52,0,0,0,0.09,0,0,0,0,0,0,0,0,0,0,0,0,0,0,0.04,0.19,0,1.27,0.05,0,3.65,0,0,1.23,0,0,0,0,1.18,1.1,0,0,1.41,0.67,9.97,0,0,0,0,0.09,0
"Lesotho",1979,0.234370332394186,33.05,0.02,0,0,0,0.11,0,0,0,0,0,0,0,0,0,0,0,0,0,0,0.04,0.16,0,4.08,0.02,0,4.12,0,0,2.03,0,0,0,0,2.16,1.95,0,0,3.46,0.52,14.05,0,0,0,0,0.33,0
"Lesotho",1980,0.268648456393902,42.31,0,0,0,0,0.11,0.01,0,0,0,0,0,0,0,0,0,0,0,0,0,0.35,0.15,0,1.1,0,0.2,18.25,0,0,3.59,0,0,0,0,3.92,0.13,0,0,3.84,0.45,10.16,0,0,0,0,0.05,0
"Lesotho",1981,0.229667510527106,35.73,0.11,0,0,0,0.19,0,0,0,0,0,0,0,0,0,0,0,0,0,0,0.01,0.01,0,1.48,0.07,0.12,11.83,0,0,3.14,0,0,0,0,3.74,0,0,0,3.82,0.37,10.6,0,0,0,0,0.24,0
"Lesotho",1982,0.208757976989029,28.23,0.18,0,0,0,0.38,0,0,0,0,0,0,0,0,0,0,0,0,0,0,0.01,0.04,0,1.89,0.1,0.12,9.76,0,0,3.84,0.02,0,0,0,2.02,0.37,0,0,2.05,0.86,6.59,0,0,0,0,0,0
"Lesotho",1983,0.196716995315424,39.63,0.02,0,0,0,0.35,0,0,0,0,0,0,0,0,0,0,0,0,0,0,0.02,0.02,0,1.96,0.95,0.2,14.82,0,0,3.43,1.01,0,0,0,2.37,0.66,0,0,3.41,0.65,7.12,0,0,1.35,0.94,0.35,0
"Lesotho",1984,0.179680873880008,34.65,0.34,0,0,0,0.26,0,0,0,0,0,0,0,0,0,0,0,0,0,0,0.01,0.07,0,1.36,1.53,0.29,11.73,0,0,3.33,0.62,0,0,0,1.67,0.47,0,0,2.55,0.41,6.99,0,0,1.4,1.25,0.37,0
"Lesotho",1985,0.151143003515977,30.67,0.67,0,0,0,0.27,0,0,0,0,0,0,0,0,0,0,0,0,0,0,0.04,0.05,0,1.72,0.47,0.21,8.15,0,0,2.94,0.73,0,0,0,0.85,0.77,0,0,6.89,0.67,3.09,0,0,1.3,1.49,0.36,0
"Lesotho",1986,0.179490052154031,37.53,0.63,0,0,0,0.23,0.01,0,0,0,0,0,0,0,0,0,0,0,0,0,0.06,0.06,0,3.99,0.42,0.4,11.98,0,0,3.63,1.26,0,0,0,0.98,0.72,0,0,6.69,0.88,5.55,0,0,0,0.04,0,0
"Lesotho",1987,0.153850994988012,41.04,2.16,0,0,0,0.04,0,0,0,0,0,0,0,0,0,0,0,0,0,0,0.03,0.01,0,1.61,0.3,2.66,10.54,0,0,4.43,1.38,0,0,0,1.7,0.26,0,0,8.14,1.38,6.4,0,0,0,0,0,0
"Lesotho",1988,0.139413805174554,46.9,1.2,0,0,0,0.2,0,0,0,0,0,0,0,0,0,0,0,0,0,0,0.03,0.01,0,4.67,0.17,4.19,10.6,0,0,3.47,0.34,0,0,0,0.74,4.49,0,0,6.48,1.59,8.72,0,0,0,0,0,0
"Lesotho",1989,0.13901100532523,53.41,0.63,0,0,0,2.43,0,0,0,0,0,0,0,0,0,0,0,0,0,0,0.01,0.01,0,3.28,0.3,3.8,12.6,0,0,3.21,1.24,0,0,0,0.49,1.11,0,4.79,8.49,0.86,9.85,0,0,0.31,0,0,0
"Lesotho",1990,0.158356381854909,69.11,0.75,0,0,0,0.97,0,0,0,0,0,0,0,0,0,0,0,0,0,0,0,0.01,0,8.16,0.2,16.69,14.42,0,0,3.36,0.44,0,0,0,1.33,1.53,0,0.15,8.73,2,10.29,0,0,0.08,0,0,0
"Lesotho",1991,0.142825794189697,62.23,0.83,0.16,0.15,0,0.83,0,0,0,0,0,0,0,0,0,0,0,0,0,0,0.02,0.21,0,4.08,0.46,10.04,13.28,0,0,3.14,1.03,0,0,0,1.75,3.11,0,0.05,8.44,1.99,12.6,0,0,0.06,0,0,0
"Lesotho",1992,0.135731966230848,59.28,1.65,0.14,1.93,0,0.67,0,0,0,0,0,0,0,0,0,0,0,0,0,0,0,0.35,0,3.43,0.01,7.12,14.76,0,0,4.27,0.24,0,0,0,1.32,2.06,0,0,6.41,2.06,10.75,0,0,2.11,0,0,0
"Lesotho",1993,0.172829457134323,71.1,0.13,0.13,1.54,0,0.8,0,0,0,0,0,0,0,0,0,0,0,0,0,0,0.02,0.22,0,2.82,0,3.59,11.86,0,0,4.85,1.47,0,0,0,0.58,6.24,0,0,23.29,2.02,9.71,0,0,1.83,0,0,0
"Lesotho",1994,0.154780113526405,41.45,1.38,0.13,0.35,0,0.73,0,0,0,0,0,0,0,0,0,0,0,0,0,0,0,0.13,0,2.07,0,1.28,12.12,0,0,5.43,0.04,0,0,0,0.76,2.67,0,0,3.25,2.56,7.41,0,0,1.14,0,0,0
"Lesotho",1995,0.171778551941989,50.92,1.8,0.21,0,0,0.57,0.02,0,0,0,0,0,0,0,0,0,0,0,0,0,0,0.11,0,1.87,0,3.46,15.78,0,0,7.66,0,0,0,0,1.78,2.18,0,0,3.6,1.69,9.73,0,0,0.46,0,0,0
"Lesotho",1996,0.149471121820517,50.43,7.91,0.05,0,0,0.39,0.01,0,0,0,0,0,0,0,0,0,0,0,0,0,0,0.15,0,0.74,0,3.03,12.25,0,0,8.1,0.03,0,0,0,0.5,0.54,0,0,2.57,2.02,7.95,0,0,4.19,0,0,0
"Lesotho",1997,0.117670412798485,50.55,5.74,0.05,0,0,0.25,0,0,0,0,0,0,0,0,0,0,0,0,0,0,0,0.21,0,1.07,0.01,2.36,5.83,0,0,7.17,0.15,0,0,0,0.37,3.99,0,0,6.47,1.71,7.43,0,0.03,7.71,0,0,0
"Lesotho",1998,0.18846531763156,31.21,3.63,0,0,0,0.06,0,0,0,0,0,0,0,0,0,0,0,0,0,0,0,0,0,1.41,0.01,1.77,5.67,0,0,7.41,0,0,0,0,0.52,0.38,0,0,0.23,1.15,8.74,0,0.03,0.2,0,0,0
"Lesotho",1999,0.18461594516799,24.85,2.67,0.03,0,0,0.07,0.07,0,0,0,0,0,0,0,0,0,0,0,0,0,0.02,0,0,2.16,0,0.65,4.96,0,0,7.47,0.83,0,0,0,0,0.22,0,0,0.11,1.2,4.38,0,0.01,0,0,0,0
"Lesotho",2000,0.24469859465929,21.17,0.87,0,0,0,0.1,0.05,0,0,0,0,0,0,0,0,0,0,0,0,0,0,0.09,0,1.71,0,0.28,3.2,0,0,8.59,0,0,0,0,0.28,0.19,0,0,0.07,1.22,4.5,0,0.02,0,0,0,0
"Lesotho",2001,0.206330030371478,28.96,5.22,0,0,0,0.09,0.05,0,0,0,0,0,0,0,0,0,0,0,0,0,0,0,0,3.18,0,0.46,4.44,0,0,9.9,0,0,0,0,0.74,0.26,0,0,0,0.48,4.11,0,0.03,0,0,0,0
"Lesotho",2002,0.229401711508739,27.32,3.93,0,0,0,0.09,0.03,0,0,0,0.02,0,0,0,0,0,0,0,0,0,0,0,0,0.81,0,0.49,4.66,0,0,10.7,0.48,0,0,0,0.69,0.37,0,0,0.27,0.6,4.17,0,0.01,0,0,0,0
"Lesotho",2003,0.246165972868898,31.09,4.01,0.05,0,0,0.51,0.15,0,0,0,0.01,0,0,0,0,0,0,0,0,0,0.1,0,0,0.49,0,0.71,6.24,0,0,12.44,0,0,0,0,0.08,0.29,0,0,0.02,0.85,5.13,0,0.01,0,0,0,0
"Lesotho",2004,0.294339349006544,32.01,1.22,0.03,0,0,0.19,0.08,0,0,0,0.02,0,0,0,0,0,0,0,0,0,0,0,0,0.75,0,0.53,5.26,0,0,14.74,0,0,0,0,0.14,1.25,0,0,0.02,0.53,7.24,0,0.01,0,0,0,0
"Lesotho",2005,0.24831795202151,35.35,6.68,0,0,0,0.03,0.05,0,0,0,0.01,0,0,0,0,0,0,0,0,0,0,0,0,0.27,0,0.59,5,0,0,13.45,0,0,0,0,0.1,0.73,0,0,0.04,0.77,7.63,0,0,0,0,0,0
"Lesotho",2006,0.243450138884649,36.2,4.76,0,0,0,0.26,0.01,0,0,0,0.01,0,0,0,0,0,0,0,0,0,0,0,0.21,0.34,0,0.51,6.55,0,0,13.91,0,0,0,0,0.09,1.25,0,0,0.04,0.68,7.58,0,0,0,0,0,0
"Lesotho",2007,0.265930525761488,43.39,4.88,0,0,0.07,0.32,0.03,0,0,0,0,0,0,0,0,0,0,0,0,0,0.14,0.12,0.25,0.07,0,0.51,6.76,0,0,19.03,0,0,0,0,0,1.36,0,1.18,0.17,0.38,8.07,0,0,0,0,0,0.05
"Lesotho",2008,0.245958095962675,54.57,13.16,0,0,0.19,0.59,0.02,0,0,0,0.02,0,0,0,0,0,0,0,0,0,0,0.01,0.25,0,0.07,0.56,7.41,0.06,0,20.91,0.02,0,0,0,0,1.06,0,1.53,0.16,0.52,7.91,0,0,0.12,0,0,0
"Lesotho",2009,0.18990057043222,52.55,2.56,0.09,0,0.16,0.68,0,0,0,0,0.01,0,0,0,0,0,0,0,0,0,0,0,0.52,0.13,0.12,0.46,5.4,0,0,17.35,0,0,0.31,0,0,1.04,0,9.77,0.45,0.55,8.16,0,0,4.79,0,0,0
"Lesotho",2010,0.274437764892021,65.72,8.84,0.14,0,0.05,0.63,0,0,0,0,0.01,0,0,0,0,0,0,0,0,0,0,0,0.28,0.34,0.08,0.48,4.97,0,0,15.71,0,0,0,0,0,1.1,0,0,0.36,0.63,28.66,0,0.01,3.42,0,0,0.01
"Lesotho",2011,0.266148388898743,79.55,20.23,0.18,0,0.08,1.34,0,0,0,0,0,0,0,0,0,0,0,0,0,0,0,0.01,0.41,0.12,0.06,0.48,3.86,0,0,15.85,0,0,0.28,0,0,1.03,0,0,0.07,0.52,31.51,0,0,3.51,0,0,0.01
"Lesotho",2012,0.20189313172181,44.62,3.23,0.25,0,0.02,1.14,0,0,0,0,0,0,0,0,0,0,0,0.01,0,0,0.04,0,0.01,0,0,0.43,6.47,0,0,11.23,0,0,0.26,0,0,0.84,0,0,0.32,0.88,13.66,0,0,5.81,0,0,0.02
"Lesotho",2013,0.212937454778451,34.49,2.57,0.08,0,0.03,1.27,0,0,0,0,0,0,0,0,0,0,0,2,0.01,0,0.05,0,0,0,0.13,0.33,4.3,0,0,2.64,0,0,0,0,0,1.08,0,0,0.16,0.62,13.68,0,0,5.16,0,0,0.38
"Lesotho",2014,0.174847958361497,36.74,2.29,0.23,0,0,1.15,0,0,0,0,0,0,0,0,0,0,0,0,0.02,0,0,0,0,0,0.12,0.14,4.3,0,0,1.75,0,0,0,0,0,1.12,0,0,0.12,0.79,9.54,0,0,6.62,0,8.43,0.12
"Lesotho",2015,0.267779636409544,35.6,1.9,0.21,0,0.02,1.04,0,0,0,0,0,0,0,0,0,0,0,0,0.02,0,0.06,0,0,0,0,0.16,4.74,0,0,0.46,0,0,0.22,0,0,0.73,0,0,0.1,0.47,16.3,0,0,3.24,0,5.91,0.02
"Lesotho",2016,0.189341739674461,13.78,0.4,0.2,0,0.05,0.74,0.01,0,0,0,0,0,0,0,0,0,0,0,0.02,0,0.03,0,0,0,0.14,0.19,2.86,0,0.14,0.11,0.04,0,0,0,0,0.51,0,0,0.13,1.66,2.11,0,0,0,0,4.41,0.03
"Lesotho",2017,0.164430932738907,12.68,1.64,0.1,0,0.05,1.39,0.08,0,0,0,0,0,0,0,0,0,0,0,0.05,0,0.32,0,0,0,0.1,0.2,1.2,0,0.05,0,0.03,0,0,0,0,0.23,0,0,0.17,0.66,4.04,0,0,0,0,1.71,0.66
"Lesotho",2018,0.195387755501606,9.04,3.52,0,0,0,0.48,0.05,0,0,0,0,0,0,0,0,0,0,0,0.01,0,0.15,0,0,0,0.01,0.25,1.23,0,0,0.04,0.26,0,0,0,0,0.4,0,0,0.27,0.68,0.39,0,0.02,0,0,0.57,0.71
"Lesotho",2019,0.315844086590463,8.53,4.56,0,0,0,0.51,0.05,0,0,0,0,0,0,0,0,0,0,0,0.03,0,0.11,0,0,0,0,0.28,0.9,0,0,0,0.2,0,0,0,0,0.35,0,0,0.14,0.81,0.37,0,0,0,0,0,0.22
"Lesotho",2020,0.261757240291103,8.47,3.95,0,0,0,0.29,0.02,0,0,0,0,0,0,0,0,0,0.01,0,0,0,0.23,0,0,0,0,0.28,1.31,0,0,0.15,0.15,0,0,0,0,0.36,0,0,0.14,0.71,0.73,0.11,0,0,0,0,0.03
"Lesotho",2021,0.249461894132653,8.96,4.04,0,0,0,0.09,0.02,0,0,0,0,0,0,0,0,0,0,0,0.03,0,0.23,0,0,0,0,0.61,1.1,0,0,0,0,0,0,0,0,0.23,0,0,0.27,0.42,1.24,0,0.02,0,0,0.29,0.37
"Lesotho",2022,0.33350633933794,15.852516,8.74354,0.19389,0,0.003072,0.146771,0,0,0,0,0,0,0,0,0,0.007108,0,0,0.047542,0.0714,0.347852,0.004182,0,0,0,0.223921,1.754212,0,0,0.1828,1.01478,0,0,0.01208,0,0.458194,0,0,0.176112,1.32729,0.977038,0,0,0,0,0,0.160732
"Lesotho",2023,0.235692374150708,13.131487,4.98549,3.224856,0,0,0.242321,0,0,0,0,0,0,0,0,0,0.006474,0.005746,0,0,0,0.330252,0.005514,0,0,0,0.529126,2.028288,0,0,0,0.097318,0,0,0.001044,0,0.40422,0,0,0.272844,0.732894,0.185616,0,0,0,0,0,0.079484
"Lesotho",2024,0.443989688151938,15.660367,10.228432,1.017994,0,0,0.259086,0,0,0,0,0,0,0,0,0,0.00607,0.013416,0,0.007416,0,0.210186,0.005088,0.008468,0.019458,0,0.438247,0.922956,0,0,0.235768,0.02415,0,0,0,0,0.438764,0,0,0.224092,1.317062,0.15386,0,0,0,0,0,0.129854
"Liberia",1951,NA,0,0,0,0,0,0,0,0,0,0,0,0,0,0,0,0,0,0,0,0,0,0,0,0,0,0,0,0,0,0,0,0,0,0,0,0,0,0,0,0,0,0,0,0,0,0,0
"Liberia",1952,NA,0,0,0,0,0,0,0,0,0,0,0,0,0,0,0,0,0,0,0,0,0,0,0,0,0,0,0,0,0,0,0,0,0,0,0,0,0,0,0,0,0,0,0,0,0,0,0
"Liberia",1953,NA,0,0,0,0,0,0,0,0,0,0,0,0,0,0,0,0,0,0,0,0,0,0,0,0,0,0,0,0,0,0,0,0,0,0,0,0,0,0,0,0,0,0,0,0,0,0,0
"Liberia",1954,NA,0,0,0,0,0,0,0,0,0,0,0,0,0,0,0,0,0,0,0,0,0,0,0,0,0,0,0,0,0,0,0,0,0,0,0,0,0,0,0,0,0,0,0,0,0,0,0
"Liberia",1955,NA,0,0,0,0,0,0,0,0,0,0,0,0,0,0,0,0,0,0,0,0,0,0,0,0,0,0,0,0,0,0,0,0,0,0,0,0,0,0,0,0,0,0,0,0,0,0,0
"Liberia",1956,NA,0,0,0,0,0,0,0,0,0,0,0,0,0,0,0,0,0,0,0,0,0,0,0,0,0,0,0,0,0,0,0,0,0,0,0,0,0,0,0,0,0,0,0,0,0,0,0
"Liberia",1957,NA,0,0,0,0,0,0,0,0,0,0,0,0,0,0,0,0,0,0,0,0,0,0,0,0,0,0,0,0,0,0,0,0,0,0,0,0,0,0,0,0,0,0,0,0,0,0,0
"Liberia",1958,NA,0,0,0,0,0,0,0,0,0,0,0,0,0,0,0,0,0,0,0,0,0,0,0,0,0,0,0,0,0,0,0,0,0,0,0,0,0,0,0,0,0,0,0,0,0,0,0
"Liberia",1959,NA,0,0,0,0,0,0,0,0,0,0,0,0,0,0,0,0,0,0,0,0,0,0,0,0,0,0,0,0,0,0,0,0,0,0,0,0,0,0,0,0,0,0,0,0,0,0,0
"Liberia",1960,0.802469135802469,0.09,0,0,0,0,0,0,0,0,0,0,0,0,0,0,0,0,0,0,0,0,0,0,0,0,0,0.08,0,0,0,0.01,0,0,0,0,0,0,0,0,0,0,0,0,0,0,0,0
"Liberia",1961,1,9.52,0,0,0,0,0,0,0,0,0,0,0,0,0,0,0,0,0,0,0,0,0,0,0,0,0,9.52,0,0,0,0,0,0,0,0,0,0,0,0,0,0,0,0,0,0,0,0
"Liberia",1962,0.969439650294251,45.12,0,0,0,0,0,0,0,0,0,0,0,0,0,0,0,0,0,0,0,0,0,0,0,0,0,44.42,0,0,0,0.68,0,0,0,0,0,0,0,0.02,0,0,0,0,0,0,0,0
"Liberia",1963,0.948318943445015,22.71,0,0,0,0,0,0,0,0,0,0,0,0,0,0,0,0,0,0,0,0,0,0,0,0,0,22.11,0,0,0,0.13,0,0,0,0,0,0,0,0.47,0,0,0,0,0,0,0,0
"Liberia",1964,0.638321608269016,3.63,0,0,0,0,0,0,0,0,0,0,0,0,0,0,0,0,0,0,0,0.09,0,0,0,0,0,2.82,0,0,0,0.01,0,0,0,0,0,0,0,0.67,0,0.04,0,0,0,0,0,0
"Liberia",1965,0.88886684370644,10.86,0,0,0,0,0,0,0,0,0,0,0,0,0,0,0,0,0,0,0,0,0,0,0.04,0,0,10.23,0,0,0,0.01,0,0,0,0,0,0,0,0.22,0,0.36,0,0,0,0,0,0
"Liberia",1966,0.561102788964583,16.3,0,0,0,0,0,0,0,0,0,0,0,0,0,0,0,0,0,0,0,0,0,0,0.01,0,0,4.76,0,0,0,0,0,0,0,0,0,0,0,0,0,0.29,0,0,0,11.24,0,0
"Liberia",1967,0.835838502836874,3.53,0,0,0,0,0,0,0,0,0,0,0,0,0,0,0,0,0,0,0,0,0,0,0,0,0,3.22,0,0,0,0.01,0,0,0,0,0,0,0,0.18,0,0.12,0,0,0,0,0,0
"Liberia",1968,0.632433208848032,1.18,0,0,0,0,0,0,0,0,0,0,0,0,0,0,0,0,0,0,0,0,0,0,0,0,0,0.92,0,0,0,0.02,0,0,0,0,0,0,0,0.17,0,0.07,0,0,0,0,0,0
"Liberia",1969,0.718471074380165,2.2,0,0,0,0,0,0,0,0,0,0,0,0,0,0,0,0,0,0,0,0,0,0,0.01,0,0,1.85,0,0,0,0.02,0,0,0,0,0,0,0,0.2,0,0.12,0,0,0,0,0,0
"Liberia",1970,0.832922419460881,1.56,0,0,0,0,0,0,0,0,0,0,0,0,0,0,0,0,0,0,0,0,0,0,0,0,0,1.42,0,0,0,0.01,0,0,0,0.02,0,0,0,0.01,0,0.1,0,0,0,0,0,0
"Liberia",1971,0.533278463648834,1.35,0,0,0,0,0,0,0,0,0,0,0,0,0,0,0,0,0,0,0,0,0.01,0,0,0,0,0.96,0,0,0,0.01,0,0,0,0.07,0,0,0,0.16,0,0.14,0,0,0,0,0,0
"Liberia",1972,0.555213319458897,1.55,0.01,0,0,0,0,0,0,0,0,0,0,0,0,0,0,0,0,0,0,0,0,0,0,0,0,1.13,0,0,0,0,0,0,0,0.13,0,0,0,0.16,0,0.12,0,0,0,0,0,0
"Liberia",1973,0.455634740386875,2.26,0,0,0,0,0,0,0,0,0,0,0,0,0,0,0,0,0,0,0,0,0,0,0,0.01,0,1.47,0,0,0,0.06,0,0,0,0.27,0.14,0,0,0.05,0,0.26,0,0,0,0,0,0
"Liberia",1974,0.421170714477273,3.91,0.06,0,0,0,0,0,0,0,0,0,0,0,0,0,0,0,0,0,0,0.31,0,0,0,0.03,0,2.43,0,0,0,0.14,0,0,0,0.61,0.16,0,0,0.04,0.01,0.12,0,0,0,0,0,0
"Liberia",1975,0.637991060398464,4.22,0.18,0,0,0,0.02,0,0,0,0,0,0,0,0,0,0,0,0,0,0,0.12,0,0,0,0.05,0,3.35,0,0,0,0.05,0,0,0,0.23,0.04,0,0,0,0,0.18,0,0,0,0,0,0
"Liberia",1976,0.553606036034482,8.34,1.15,0,0,0,0,0,0,0,0,0,0,0,0,0,0,0,0,0,0,0,0,0,0,0.01,0,6.06,0,0,0,0.12,0,0,0,0.55,0.08,0,0,0,0,0.37,0,0,0,0,0,0
"Liberia",1977,0.357140463925576,13.27,4.81,0,0,0,0.01,0,0,0,0,0,0,0,0,0,0,0,0,0,0,0,0.02,0,0,0.01,0,6.01,0,0,0.01,0.13,0,0,0,1.87,0.06,0,0,0,0,0.34,0,0,0,0,0,0
"Liberia",1978,0.575956213017752,13,1.78,0,0,0,0,0,0,0,0,0,0,0,0,0,0,0,0,0,0,0,0.05,0,0.02,0,0,9.65,0,0,0,0.17,0,0,0,0.95,0,0,0,0,0.05,0.33,0,0,0,0,0,0
"Liberia",1979,0.346227117776734,37.39,1.66,0,0,0,0,0,0,0,0,0,0,0,0,0,0,0,0,0,0,0.01,0.06,0,0.03,0,0,18.44,0,0,0.05,0.08,0,0,0,1.01,0,0,0,0.23,0,1,0,0,3.58,11.24,0,0
"Liberia",1980,0.268725169017692,39.38,13.85,0,0,0,0,0,0,0,0,0,0,0,0,0,0,0,0,0,0,0,0.06,0,0.02,0.01,0.75,13.3,0,0,0.06,0.02,0,0,0,1,0.05,0,0,0.3,0.02,0.76,0,0,3.24,5.94,0,0
"Liberia",1981,0.36257918855786,29.47,2.47,0,0,0,0,0,0,0,0,0,0,0,0,0,0,0,0,0,0,0,0.05,0,0,1.24,0.82,16.96,0,0,0.02,0.02,0,0,0,1.92,0,0,0,0.11,0,3.46,0,0,0.76,1.64,0,0
"Liberia",1982,0.308671579132402,24.81,7.12,0,0,0,0,0,0,0,0,0,0,0,0,0,0,0,0,0,0,0,0.05,0,0,0.6,1.1,11.46,0,0,0.01,0,0,0,0,1.14,0,0,0,0.12,0,1.71,0,0,0.03,1.47,0,0
"Liberia",1983,0.374165677626739,36.91,6.13,0,0,0,0,0,0,0,0,0,0,0,0,0,0,0,0,0,0,0,0,0,0.06,0,3.57,20.95,0,0,0.03,0,0,0,0,1.27,0.19,0,0,0,0,4.33,0,0,0.04,0.34,0,0
"Liberia",1984,0.307799770959051,23.78,3.76,0,0,0,0,0,0,0,0,0,0,0,0,0,0,0,0,0,0,0.01,1.47,0,1.56,0,1.58,12.17,0,0,0.01,0.34,0,0,0,0.62,0.11,0,0,0.05,0,2.05,0,0,0.05,0,0,0
"Liberia",1985,0.389531188300813,13.55,1.55,0,0,0,0.02,0,0,0,0,0,0,0,0,0,0,0,0,0,0,0,0,0,0.2,0,1.08,8.1,0,0,0.02,0.29,0,0,0,0.52,0.13,0,0,0.22,0,1.37,0,0,0.05,0,0,0
"Liberia",1986,0.415121789703819,23.98,7.79,0,0,0,0,0,0,0,0,0,0,0,0,0,0,0,0,0,0,0.01,0,0,0.15,0.01,0.71,13.25,0,0,0.05,0.22,0,0,0,0.33,0.09,0,0,0,0,1.33,0,0,0.04,0,0,0
"Liberia",1987,0.287559367410355,26.46,10.24,0.01,0,0,0,0,0,0,0,0,0,0,0,0,0,0,0,0,0,0,0.04,0,4.51,0,0.83,8.54,0,0,0.08,0.07,0,0,0,0.48,0.13,0,0,0,0.03,1.5,0,0,0,0,0,0
"Liberia",1988,0.234833986699556,27.56,8.82,0,0,0,0,0,0,0,0,0,0,0,0,0,0,0,0,0,0,0,0.18,0,5.12,0,0.71,7.95,0,0,0.02,0,0,0,0,2.87,0.16,0,0,0.13,0.03,1.53,0,0,0.04,0,0,0
"Liberia",1989,0.275886095753486,26.57,10.08,0.02,2,0,0,0,0,0,0,0,0,0,0,0,0,0,0,0,0,0,0.02,0,1.14,0,1.92,9.04,0,0,0.01,0,0,0,0,1.19,0.12,0,0.02,0,0,1.01,0,0,0,0,0,0
"Liberia",1990,0.206492120983203,28.22,6.42,0,2.3,0,0,0,0,0,0,0,0,0,0,0,0,0,0,0,0,0.03,0.02,0,0.64,0.45,1.79,7.31,0,0,0.06,0,0,0,0,7.72,0.16,0,0.1,0.06,0.15,1.01,0,0,0,0,0,0
"Liberia",1991,0.157290931098861,12.13,0.55,0.01,0,0,0,0,0,0,0,0,0,0,0,0,0,0,0,0,0,0.12,0.08,0,0.56,1.34,1.45,3.29,0,0,0.09,0,0,0,0,2.21,0.15,0,0,0.3,0.35,1.63,0,0,0,0,0,0
"Liberia",1992,0.145100932224742,15.75,0.2,0.03,0.44,0,0,0,0,0,0,0,0,0,0,0,0,0,0,0,0,0.23,1.18,0,0.47,0.51,1.43,3.55,0,0,0.04,0,0,0,0,1.59,0.14,0,0,3.76,1.45,0.62,0,0,0,0.11,0,0
"Liberia",1993,0.126013391108756,13.82,0.06,0.05,1.23,0,0,0,0,0,0,0,0,0,0,0,0,0,0,0,0,0.02,0.05,0,0,0.44,1.85,2.3,0,0,0.03,1.71,0,0,0,2.42,0.82,0,0,0.76,0.19,1.89,0,0,0,0,0,0
"Liberia",1994,0.162869076302582,19.11,0.03,0,1.07,0,0,0,0,0,0,0,0,0,0,0,0,0,0,0,0,0.21,0.04,0,0,0.67,2.1,2.26,0,0,0.07,0,0,0,0,6.08,1.04,0.01,0,1.6,1.85,2.07,0,0,0.01,0,0,0
"Liberia",1995,0.154940680518571,19.18,0,0,1.27,0,0,0,0,0,0,0,0,0,0,0,0,0,0,0,0,0.28,0.1,0,0,0.23,0.93,2.57,0,0,0.27,0.08,0,0,0,5.52,1.89,0,0,1.35,2.99,1.7,0,0,0,0,0,0
"Liberia",1996,0.542986428336639,101.32,0,0,2,0,0,0.1,0,0,0,0,0,0,0,0,0,0,0,0,0,0.26,0.96,0,0,0.74,0.95,73.84,0,0,0.78,0,0,0,0,6.61,2.8,0,0.45,2.67,1.94,7.22,0,0,0,0,0,0
"Liberia",1997,0.171959999769957,27.66,0.45,0,1,0,0,0,0,0,0,0,0,0,0,0,0,0,0,0,0,0.27,0.61,0,0.14,0.27,1.34,1.49,0,0,0.33,0,0,0,0,8.26,2.18,0,0.15,5.77,1.12,4.26,0,0.02,0,0,0,0
"Liberia",1998,0.175485307297725,27.48,0,0.01,0,0,0,0,0,0,0,0,0,0,0,0,0,0,0,0,0,0.02,0.49,0,0.41,0.57,1.8,2.26,0,0,0.31,0,0,0,0,6.42,4.47,0,0.33,7.57,2.03,0.78,0,0.01,0,0,0,0
"Liberia",1999,0.138567878847703,15.69,1.47,0,0,0,0,0.05,0,0,0,0,0,0,0,0,0.01,0,0,0,0,0.02,0.05,0,0.29,0.81,0.03,0.69,0,0,0.25,0,0,0,0,3.16,1.51,0,0.71,3.59,1.96,1.08,0,0.01,0,0,0,0
"Liberia",2000,0.183445250254511,10.39,0.02,0,0,0,0,0,0,0,0,0,0,0,0,0,0,0,0,0,0,0.04,0,0,0.09,0.55,0.8,1.33,0,0,0.19,0,0,0,0,2,0.29,0,0,1.44,0.36,3.28,0,0,0,0,0,0
"Liberia",2001,0.124570263788523,10.37,0.05,0,0,0,0.13,0,0,0,0,0,0,0,0,0,0,0,0,0,0,0.01,0,0,0.03,0.9,1.49,1.18,0,0,0.68,0,0,0,0,2.25,0.65,0,0.11,1.14,0.57,1.17,0,0.01,0,0,0,0
"Liberia",2002,0.226382922616458,23.85,0.02,0,0,0,0,0,0,0,0,0,0,0,0,0,0,0,0,0,0,0.08,0,0,0.06,0.46,10.02,1.89,0,0,0.62,0,0,0.28,0,2.88,1.94,0,0,1.07,1.67,2.85,0,0.01,0,0,0,0
"Liberia",2003,0.137097736728432,45.39,0,0,0,0,0,0.18,0,0,0,0.04,0,0,0,0,0,0,0,0,0,0.43,0.23,0,0.25,1.47,1.29,3.84,0.16,0,3.04,0,0,0.45,0,8.98,8.98,0,0.46,5.14,2.82,7.63,0,0,0,0,0,0
"Liberia",2004,0.147418946706632,70.12,0,0,0,0,0,0.05,0,0,0,0.13,0,0,0,0,0,0,0,0,0,0.73,0,0,0.09,2.76,0.82,7.5,0.16,0,2.74,1.95,0,0.65,0,8.62,11.64,0.08,0,12.53,3.2,16.46,0,0.01,0,0,0,0
"Liberia",2005,0.132893633123419,58.29,0,0,0,0,0,0.09,0,0,0,0.11,0,0,0,0,0,0,0,0,0,0.33,0.51,0,3.81,1.71,0.55,4.84,0.03,0,4.34,0.02,0,0,0,7.2,7.14,0.58,1.53,14.79,3.17,7.54,0,0,0,0,0,0
"Liberia",2006,0.114712047451821,97.89,17.4,0.01,0,0,0,0,0,0,0,0.28,0,0,0,0,0.01,0,0,0,0,0,1.23,0,5.67,1.34,2.05,8.96,0.07,0,7.27,0,0,0.11,0,6.53,8.94,0.18,1.26,15.18,5.98,15.27,0,0,0,0,0,0.15
"Liberia",2007,0.126650730940002,124.08,12.46,0.2,0,0,0,0,0,0,0,0.41,0,0,0,0,0,0,0,0,0,0,0.29,0,6.45,2.05,1.13,10.03,0,0.1,13.24,0.01,0,0,0,2.85,28.17,0.24,3.55,19.78,10.63,12.36,0,0.01,0,0,0,0.12
"Liberia",2008,0.394378218386563,741.52,13.98,10.33,0,0,0,0,0,0,0,0.38,0,0,0,0,0.01,0,0,25.07,0.01,0,0,0.35,42.39,5.02,27.21,457.45,0.09,0.53,12.94,0.81,0,0.08,0,19.99,33.84,0.21,24.29,26.27,7.23,32.4,0,0.04,0,0,0,0.6
"Liberia",2009,0.170741541649022,242.62,14.71,0.01,0,0,0.01,0,0,0,0,0.56,0,0,0,0,0,0,0,0,0.01,0,0.01,0,8.81,2.12,0.3,28.07,0.03,0.21,9.81,75.41,0,0.08,0,0,15.37,0,5.75,41.98,5.8,33.4,0,0.05,0,0,0.04,0.08
"Liberia",2010,0.259882416435626,551.38,134.31,0.04,0,0,0.26,0,0,0,0,0.33,0,0,0,0,0,0,0,0,0,7.85,0.13,0,9.88,0.67,235.18,50.14,0.01,0.35,10.6,1.94,0,0.41,0,40.01,22.84,0,1.83,26.79,4.71,1.58,0,0.04,0,0,1.45,0.03
"Liberia",2011,0.256543072927623,551.41,242.82,0.1,0,0,3.03,0,0,0,0,0,0,0,0,0,0,0.01,0,0,0,0.42,50.34,0,11.72,1.99,1.31,110,0.01,0,10.38,0.19,0,0.3,0,1.39,35.11,0,0.84,49.84,11.53,16.88,0,0.01,3.08,0,0.01,0.1
"Liberia",2012,0.164327559153009,159.37,24.96,0.06,0,0,1.59,0,0,0,0,0.14,0,0,0,0,0,0,0,0,0,0.67,0.03,0,3.34,1.78,1.78,15.74,0.01,0,8.36,0,0,0.46,0,0,34.9,0,0.38,40.94,8.52,15.67,0,0.01,0,0,0,0.03
"Liberia",2013,0.155127051908308,171.92,22.75,0.05,0,0,7.24,0,0,0,0,0,0,0,0,0,0.01,0,0,0,0,0,0.01,0,0.18,1.86,1.5,24.18,0,0,9.67,0.37,0,0.25,0,0,34.44,0,0.07,38,4.44,26.09,0,0,0.58,0,0.01,0.22
"Liberia",2014,0.138251986755311,245.16,30.26,0.07,0,0,1.99,0,0,0,0,0.28,0,0,0,0,0,0,2.07,0.05,0,0,7,0,0.2,0.29,1.48,41,0,0,8.56,0,0,0.25,0,6.79,38.53,0,2.54,39.5,14.02,47.79,0,0.13,0.59,0,1,0.77
"Liberia",2015,0.158586696503526,136.08,17.2,1.31,0,0,1.56,0,0,0,0,0,0,0,0,0,0.01,0,2.48,0,0,0,1.48,0,0.59,0.55,1.02,14.65,0,0,7.66,0,0,0,0,0.02,36.08,0,0.7,27.59,5.53,16.05,0,0.02,0.3,0,0.01,1.27
"Liberia",2016,0.17250879740616,158.49,26.27,1.45,0,0.03,1.51,0,0,0,0,0,0,0,0,0,0,0,0,0,0,0,1.44,0,0,0.48,0.92,44.73,0,0,3.71,0.11,0,0,0,0,20.6,0,0.03,27.55,2.22,19.37,0,0,7.58,0,0.27,0.22
"Liberia",2017,0.181702118672997,134.37,25.47,0.02,0,0.09,1.14,0,0,0,0,0,0,0,0,0,0,0,0,0,0,0,0,0,0,0.79,0.08,33.07,0,0,4.43,0.44,0,0,0,0,22.96,0,0.34,25.06,0.13,18.99,0,0,0.47,0,0.29,0.6
"Liberia",2018,0.224527964185146,129.77,19.11,0,0,0,0.7,0,0,0,0,0,0,0,0,0,0,0,0,0,0,0,0.02,0,0,0.16,6.37,35.73,0,0.82,5.74,0.74,0,0,0,0,11.53,0,0.3,43.84,0.02,1.04,0,0.31,2.74,0,0.6,0
"Liberia",2019,0.235992650802203,155.36,25.43,0,0,0,0.39,0,0,0,0,0,0,0,0,0,0,0,0,0,0,0,0.01,0,0.28,0.02,0.13,56.23,0,0.56,4.75,0.55,0,0,0,0,5.61,0,1.45,40.22,0.09,13.74,0,0.12,0.49,0,4.87,0.42
"Liberia",2020,0.204670817431256,132.03,21.17,0,0,0,0.2,0,0,0,0,0,0,0,0,0,0.03,0,0,0,0,0.02,0,0,0.93,0.18,4.77,33.95,0,0.36,5.58,0.66,0,0,0,0,18.29,0,0.09,39.48,0.03,4.06,0,0.08,1.15,0,0.75,0.25
"Liberia",2021,0.241180781604585,124.28,17.86,0,0,0,0.02,0,0,0,0,0,0,0,0,0,0.04,0,0,0,0,0.03,0,0,0.91,0.1,6.34,35.11,0,0.37,6.95,0,0,0,0,0.06,3.17,0,0.07,45.28,0.04,4.03,0,0.04,1.35,0,2.36,0.15
"Liberia",2022,0.188509300456234,233.552091,11.61634,0.54272,0,0.005154,0,0,0,0,0,0,0,0.001508,0,0.01167,0.021324,0.00983,0,0,0,0.053178,0.001582,0,0.64337,0.404506,14.812736,55.558358,0,0.192382,14.749162,0.438838,0,0,0,0,13.038582,0,0.13834,65.588821,0.137898,9.773244,0,0.070814,0,0,45.334128,0.407606
"Liberia",2023,0.219311287428485,190.621624,18.261652,1.380764,0,0,0,0,0,0,0,0,0,0.222142,0,0,0.01942,0.020514,0,0,0,0.083804,0,0,0.551736,0.279892,10.909278,50.907476,0,0.010442,15.243222,0.172904,0,0,0,0.03243,14.211613,0,0.391282,66.545137,0.058988,5.880444,0,0.01019,0,0,5.008478,0.419816
"Liberia",2024,0.266664756551708,142.012454,12.247974,0.251664,0,0,0.113359,0,0,0,0,0,0,0.376866,0,0,0.025014,0.005792,0,0,0,0.086162,0.050546,0.04234,0.508948,0.366942,17.35696,20.799828,0,0.002796,16.335488,0.761002,0,0,0.00146,0,3.893306,0,0.039584,64.850635,0.076712,1.860212,0,0.09867,0,0,1.070716,0.789478
"Libya",1951,NA,0,0,0,0,0,0,0,0,0,0,0,0,0,0,0,0,0,0,0,0,0,0,0,0,0,0,0,0,0,0,0,0,0,0,0,0,0,0,0,0,0,0,0,0,0,0,0
"Libya",1952,NA,0,0,0,0,0,0,0,0,0,0,0,0,0,0,0,0,0,0,0,0,0,0,0,0,0,0,0,0,0,0,0,0,0,0,0,0,0,0,0,0,0,0,0,0,0,0,0
"Libya",1953,NA,0,0,0,0,0,0,0,0,0,0,0,0,0,0,0,0,0,0,0,0,0,0,0,0,0,0,0,0,0,0,0,0,0,0,0,0,0,0,0,0,0,0,0,0,0,0,0
"Libya",1954,NA,0,0,0,0,0,0,0,0,0,0,0,0,0,0,0,0,0,0,0,0,0,0,0,0,0,0,0,0,0,0,0,0,0,0,0,0,0,0,0,0,0,0,0,0,0,0,0
"Libya",1955,NA,0,0,0,0,0,0,0,0,0,0,0,0,0,0,0,0,0,0,0,0,0,0,0,0,0,0,0,0,0,0,0,0,0,0,0,0,0,0,0,0,0,0,0,0,0,0,0
"Libya",1956,NA,0,0,0,0,0,0,0,0,0,0,0,0,0,0,0,0,0,0,0,0,0,0,0,0,0,0,0,0,0,0,0,0,0,0,0,0,0,0,0,0,0,0,0,0,0,0,0
"Libya",1957,NA,0,0,0,0,0,0,0,0,0,0,0,0,0,0,0,0,0,0,0,0,0,0,0,0,0,0,0,0,0,0,0,0,0,0,0,0,0,0,0,0,0,0,0,0,0,0,0
"Libya",1958,NA,0,0,0,0,0,0,0,0,0,0,0,0,0,0,0,0,0,0,0,0,0,0,0,0,0,0,0,0,0,0,0,0,0,0,0,0,0,0,0,0,0,0,0,0,0,0,0
"Libya",1959,NA,0,0,0,0,0,0,0,0,0,0,0,0,0,0,0,0,0,0,0,0,0,0,0,0,0,0,0,0,0,0,0,0,0,0,0,0,0,0,0,0,0,0,0,0,0,0,0
"Libya",1960,0.991278387734679,9.14,0,0,0,0,0,0,0,0,0,0,0,0,0,0,0,0,0,0,0,0,0,0,0,0,0,0.01,0,0,0,0.03,0,0,0,0,0,0,0,0,0,9.1,0,0,0,0,0,0
"Libya",1961,0.6020424828262,12.52,0,0,0,0,0,0,0,0,0,0,0,0,0,0,0,0,0,0,0,0,0,0,0,0,0,0.02,0,0,0,3.4,0,0,0,0,0,0,0,0,0,9.1,0,0,0,0,0,0
"Libya",1962,0.672428446453931,11.33,0,0,0,0,0,0,0,0,0,0,0,0,0,0,0,0,0,0,0,0,0,0,0,0,0,0.4,0,0,0,1.83,0,0,0,0,0,0,0,0,0,9.1,0,0,0,0,0,0
"Libya",1963,0.867731540146311,9.94,0,0,0,0,0,0,0,0,0,0,0,0,0,0,0,0,0,0,0,0.11,0.02,0,0,0,0,0.32,0,0,0,0.24,0,0,0,0,0,0,0,0,0,9.25,0,0,0,0,0,0
"Libya",1964,0.676448505893032,11.29,0,0,0,0,0,0,0,0,0,0,0,0,0,0,0,0,0,0,0,0.06,0,0,0,0,0,0.36,0,0,0,1.76,0,0,0,0,0,0,0,0,0,9.11,0,0,0,0,0,0
"Libya",1965,0.399292639466842,4.31,0,0,0,0,0,0,0,0,0,0,0,0,0,0,0,0,0,0,0,0,0,0,0,0,0,0.69,0,0,0,1.32,0,0,0,0,0,0,0,0.02,0,2.28,0,0,0,0,0,0
"Libya",1966,0.927754915409236,0.81,0.01,0,0,0,0,0,0,0,0,0,0,0,0,0,0,0,0,0,0,0.01,0,0,0,0,0,0.78,0,0,0,0,0,0,0,0,0,0,0,0,0,0.01,0,0,0,0,0,0
"Libya",1967,0.425299567248356,2.53,0,0,0,0,0,0,0,0,0,0,0,0,0,0,0,0,0,0,0,0.31,0.05,0,0,0,0,0.68,0,0,0,1.47,0,0,0,0,0,0,0,0,0,0.02,0,0,0,0,0,0
"Libya",1968,0.418726530612245,3.5,0,0,0,0,0,0,0,0,0,0,0,0,0,0,0,0,0,0,0,0,0.01,0,0,0,1.5,0.3,0,0,0,1.67,0,0,0,0,0,0,0,0,0,0.02,0,0,0,0,0,0
"Libya",1969,0.515622184424843,4.77,0,0,0,0,0,0,0,0,0,0,0,0,0,0,0,0,0,0,0,0,0,0,0.03,0,1.3,0.23,0,0,0,3.16,0,0,0,0,0,0,0,0,0,0.05,0,0,0,0,0,0
"Libya",1970,0.451224027025776,2.94,0.01,0,0,0,0,0,0,0,0,0,0,0,0,0,0,0,0,0,0,0,0,0,0,0,1.3,0.14,0,0,0,1.48,0,0,0,0,0,0,0,0,0,0.01,0,0,0,0,0,0
"Libya",1971,0.797592592592593,1.8,0,0,0,0,0,0,0,0,0,0,0,0,0,0,0,0,0,0,0,0,0,0,0,0,1.6,0.15,0,0,0,0.04,0,0,0,0,0,0,0,0,0,0.01,0,0,0,0,0,0
"Libya",1972,0.497137573964497,5.2,0.02,0,0,0,0,0,0,0,0,0,0,0,0,0,0,0,0,0,0,0,0,0,0,0,1.8,0.16,0,0,0,3.19,0,0,0,0.02,0,0,0,0,0,0.01,0,0,0,0,0,0
"Libya",1973,0.958378340547136,10.89,0.01,0,0,0,0,0,0,0,0,0,0,0,0,0,0,0,0,0,0,0,0.05,0,0.01,0,0,0.13,0,0,0,10.66,0,0,0,0.03,0,0,0,0,0,0,0,0,0,0,0,0
"Libya",1974,0.939638043169146,10.39,0.08,0,0,0,0,0,0,0,0,0,0,0,0,0,0,0,0,0,0,0,0.05,0,0,0,0,0.14,0,0,0,10.07,0,0,0,0.05,0,0,0,0,0,0,0,0,0,0,0,0
"Libya",1975,0.333570665717337,0.53,0.06,0,0,0,0,0,0,0,0,0,0,0,0,0,0,0,0,0,0,0,0.05,0,0,0,0,0.14,0,0,0,0.26,0,0,0,0.02,0,0,0,0,0,0,0,0,0,0,0,0
"Libya",1976,0.909467704761233,6.41,0.16,0,0,0,0,0,0,0,0,0,0,0,0,0,0,0,0,0,0,0,0.05,0,0,0,0,0.09,0,0,0,6.11,0,0,0,0,0,0,0,0,0,0,0,0,0,0,0,0
"Libya",1977,0.911795511937558,5.28,0.06,0,0,0,0,0,0,0,0,0,0,0,0,0,0,0,0,0,0,0.01,0.04,0,0,0,0,0.11,0,0,0,5.04,0,0,0,0.02,0,0,0,0,0,0,0,0,0,0,0,0
"Libya",1978,0.857949060666815,4.02,0.13,0,0,0,0,0,0,0,0,0,0,0,0,0,0,0,0,0,0,0.01,0.07,0,0,0,0,0.06,0,0,0,3.72,0,0,0,0.03,0,0,0,0,0,0,0,0,0,0,0,0
"Libya",1979,0.612104924274236,1.89,0.12,0,0,0,0,0,0,0,0,0,0,0,0,0,0,0,0,0,0,0.02,0.04,0,0,0,0,0.26,0,0,0,1.45,0,0,0,0,0,0,0,0,0,0,0,0,0,0,0,0
"Libya",1980,0.559151725725598,9.93,0.13,0,0,0,0,0,0,0,0,0,0,0,0,0,0,0,0,0,0,0.01,0,0,0,0,2.45,0.34,0,0,0,7,0,0,0,0,0,0,0,0,0,0,0,0,0,0,0,0
"Libya",1981,0.4149576573819,1.98,0.28,0,0,0,0,0,0,0,0,0,0,0,0,0,0,0,0,0,0,0.01,0,0,0,0,1.19,0.31,0,0,0,0.19,0,0,0,0,0,0,0,0,0,0,0,0,0,0,0,0
"Libya",1982,0.301856896152682,2.37,0.36,0,0,0,0,0,0,0,0,0,0,0,0,0,0,0,0,0,0,0.01,0,0,0,0,1.09,0.32,0,0,0,0.52,0,0,0,0.07,0,0,0,0,0,0,0,0,0,0,0,0
"Libya",1983,0.345102123085192,2.44,0.17,0,0,0,0,0,0,0,0,0,0,0,0,0,0,0,0,0,0,0.02,0,0,0.02,0,1.2,0.35,0,0,0,0.68,0,0,0,0,0,0,0,0,0,0,0,0,0,0,0,0
"Libya",1984,0.348307828430091,2.23,0.11,0,0,0,0,0,0,0,0,0,0,0,0,0,0,0,0,0,0,0.02,0.02,0,0,0,1.04,0.3,0,0,0,0.74,0,0,0,0,0,0,0,0,0,0,0,0,0,0,0,0
"Libya",1985,0.326166212989259,3.19,0.04,0,0,0,0,0,0,0,0,0,0,0,0,0,0,0,0,0,0,0.01,0.02,0,0.07,0,1,1.36,0,0,0,0.68,0,0,0,0,0,0,0,0,0,0,0,0,0.01,0,0,0
"Libya",1986,0.506791383219955,8.4,0.03,0,0,0,0,0,0,0,0,0,0,0,0,0,0,0,0,0,0,0.02,0.01,0,5.76,0,1.35,0.64,0,0,0,0.59,0,0,0,0,0,0,0,0,0,0,0,0,0,0,0,0
"Libya",1987,0.302386836628512,2.48,0.04,0,0,0,0.02,0,0,0,0,0,0,0,0,0,0,0,0,0,0,0.04,0.03,0,0,0,0.88,0.72,0,0,0,0.75,0,0,0,0,0,0,0,0,0,0,0,0,0,0,0,0
"Libya",1988,0.296492259455223,1.89,0.04,0,0,0,0.01,0,0,0,0,0,0,0,0,0,0,0,0,0,0,0.04,0.08,0,0,0,0.7,0.37,0,0,0,0.65,0,0,0,0,0,0,0,0,0,0,0,0,0,0,0,0
"Libya",1989,0.701194057598702,6.88,0.02,0,0,0,0,0,0,0,0,0,0,0,0,0,0,0,0,0,0,0.04,0,0,0,0,0.86,0.27,0,0,0,5.69,0,0,0,0,0,0,0,0,0,0,0,0,0,0,0,0
"Libya",1990,0.709831684720736,7.66,0.03,0.03,0,0,0,0,0,0,0,0,0,0,0,0,0,0,0,0,0,0.08,0,0,0,0.04,0.76,0.32,0,0,0,6.4,0,0,0,0,0,0,0,0,0,0,0,0,0,0,0,0
"Libya",1991,0.264560154947975,2.98,0.03,0,0,0,0,0,0,0,0,0,0,0,0,0,0,0,0,0,0,0.09,0,0,0,0.55,0.77,0.41,0,0,0,1.13,0,0,0,0,0,0,0,0,0,0,0,0,0,0,0,0
"Libya",1992,0.342046401473619,1.51,0.03,0,0.04,0,0,0,0,0,0,0,0,0,0,0,0,0,0,0,0,0.1,0,0,0,0,0.76,0.42,0,0,0,0.11,0,0,0,0,0,0,0.02,0.03,0,0,0,0,0,0,0,0
"Libya",1993,0.268846314035818,1.96,0.1,0,0,0,0,0,0,0,0,0,0,0,0,0,0,0,0,0,0,0.15,0,0,0,0,0.65,0.64,0,0,0,0.41,0,0,0,0,0,0,0.01,0,0,0,0,0,0,0,0,0
"Libya",1994,0.215130510963952,1.97,0.07,0.05,0.16,0,0,0,0,0,0,0,0,0,0,0,0,0,0,0,0,0.17,0.01,0,0,0,0.64,0.51,0,0,0,0.32,0,0,0,0,0.02,0,0,0.02,0,0,0,0,0,0,0,0
"Libya",1995,0.374161713153483,3.24,0.08,0.06,0,0,0,0,0,0,0,0,0,0,0,0,0,0,0,0,0,0.17,0.02,0,0,0,1.67,1.04,0,0,0,0.13,0,0,0,0.01,0.02,0,0.02,0.01,0,0,0,0,0,0,0,0.01
"Libya",1996,0.306834441545324,2.18,0.05,0.13,0,0,0,0,0,0,0,0,0,0,0,0,0,0,0,0,0,0.17,0,0,0,0,0.37,1.1,0,0,0,0.06,0,0,0,0,0.03,0,0.03,0.24,0,0,0,0,0,0,0,0
"Libya",1997,0.332503395201449,1.88,0.02,0.08,0,0,0,0,0,0,0,0,0,0,0,0,0,0,0,0,0,0.16,0,0,0,0,0.38,0.99,0.01,0,0,0.08,0,0,0,0.03,0,0,0.03,0.1,0,0,0,0,0,0,0,0
"Libya",1998,0.403605333333333,3.75,0.02,0.1,0,0,0,0,0,0,0,0,0,0,0,0,0.02,0,0,0,0,0.17,0,0,0,0,0.88,2.19,0.02,0,0,0.23,0,0,0,0,0.01,0,0.11,0,0,0,0,0,0,0,0,0
"Libya",1999,0.43742828243334,3.43,0.03,0.07,0,0,0,0,0,0,0,0,0,0,0,0,0.02,0,0,0,0,0.14,0,0,0,0,0.88,2.08,0.02,0,0,0.07,0,0,0,0,0,0,0.12,0,0,0,0,0,0,0,0,0
"Libya",2000,NA,0,0,0,0,0,0,0,0,0,0,0,0,0,0,0,0,0,0,0,0,0,0,0,0,0,0,0,0,0,0,0,0,0,0,0,0,0,0,0,0,0,0,0,0,0,0,0
"Libya",2001,NA,0,0,0,0,0,0,0,0,0,0,0,0,0,0,0,0,0,0,0,0,0,0,0,0,0,0,0,0,0,0,0,0,0,0,0,0,0,0,0,0,0,0,0,0,0,0,0
"Libya",2002,NA,0,0,0,0,0,0,0,0,0,0,0,0,0,0,0,0,0,0,0,0,0,0,0,0,0,0,0,0,0,0,0,0,0,0,0,0,0,0,0,0,0,0,0,0,0,0,0
"Libya",2003,NA,0,0,0,0,0,0,0,0,0,0,0,0,0,0,0,0,0,0,0,0,0,0,0,0,0,0,0,0,0,0,0,0,0,0,0,0,0,0,0,0,0,0,0,0,0,0,0
"Libya",2004,NA,0,0,0,0,0,0,0,0,0,0,0,0,0,0,0,0,0,0,0,0,0,0,0,0,0,0,0,0,0,0,0,0,0,0,0,0,0,0,0,0,0,0,0,0,0,0,0
"Libya",2005,0.280985354442624,20.57,0.33,0.08,0,0,0,0,0,0,0,0,0,0,0,0,0.13,0,0,0,0,0.2,0,0,0,0,2.33,3.65,0.32,0,0,9.25,0,0,0,0.2,0.19,0,0.12,0,0,0,0,0,0,0,0,3.77
"Libya",2006,0.268565067509336,9.44,0.04,0.06,0,0,0,0,0,0,0,0.01,0,0,0,0,0.01,0,0,0,0,0.11,0,0,0,0,2.42,3.86,0.38,0,0,1.38,0,0,0,0,0.08,0,0.04,0,0,0,0,0,0,0,0,1.05
"Libya",2007,0.21472897229071,12.63,0.43,0.42,0,0,0,0,0,0,0,0,0,0.01,0,0,0.01,0,0,0,0,0.53,0,0,0,0,1.09,3.9,0.53,0,0,3.95,0,0,0,0,0,0,0.1,0,0.3,0.29,0,0,0,0,0,1.07
"Libya",2008,0.545333678353238,39.81,0.19,0.52,0,0,0,0,0,0,0,0.02,0,0,0,0,0,0.06,0,0.09,0,0.1,0,0,0.05,0.01,29.01,3.4,0.99,0,0,2.36,0,0,0,0,0,0,0.01,0,0.14,1.14,0,0.01,0,0,0,1.71
"Libya",2009,0.50446377628585,27.58,0.08,0.17,0,0,0,0,0,0,0,0,0,0,0,0,0.02,0,0,0,0,0.19,0,0,0,0,19.11,3.59,0.66,0,0.01,0.92,0,0,0,0,0,0.01,0.04,0,0,1.86,0,0.01,0,0,0,0.91
"Libya",2010,0.217087151943615,12.18,0.13,0.24,0,0,0,0,0,0,0,0,0,0.01,0,0,0.02,0.01,0,0,0,0.1,0,0,0,0,3.8,3.52,0.43,0,0.01,0.53,0,0,0,0.06,0,0,0.23,0,0.15,1.93,0,0,0,0,0,1.01
"Libya",2011,0.121251610091154,273.12,8.41,2.3,0,0,40.95,0.79,0,0,0,0.81,0.14,0.08,0,0.02,0.38,0.02,7.85,0,0.1,2.03,4.52,0.01,3,2.29,14.3,15.25,1.53,0.15,1.56,6.99,0,0,0,4.09,14.51,0,9.83,14.56,5.15,0.81,0,0,0,0,57.58,53.11
"Libya",2012,0.102453831389816,49.8,0.43,1.19,0,0,1.04,0.81,0,0,0,0.8,0,0.01,0,0,0.11,0.03,0.03,0,0,0.6,0.16,0.01,5.7,0.32,4.25,7.4,0.17,0,0,6.73,0,0.14,0,0.15,2.19,0,0.03,8.03,3.23,3.1,0,0,0,0,0.04,3.1
"Libya",2013,0.13462226762901,39.77,5.48,0.21,0,0.01,0.05,0,0,0,0,0.04,0.01,0.03,0,0,0.15,0.03,0,0,0.09,0.2,0.11,0,1.55,0.35,6.24,6.4,0.05,0,0,1.82,0,0,0,0.64,0.88,0,0.14,8.73,1.57,0.95,0,0,0,0,0.01,4.03
"Libya",2014,0.295300031743367,99.54,5.6,1.21,0,0,0,0,0,0,0,0,0,0,0,0,0.01,0.01,0,0,0,0.26,0.1,0,2.13,1.13,4.49,5.8,0.05,0,0,0.73,0,0.27,0,0.38,0,0,0,7.22,4.55,1.83,0,0,0,0,50.9,12.87
"Libya",2015,0.486017429830039,91.53,0,0.85,0,0,0,0,0,0,0,0,0,0.02,0,0,0,0.02,0,0,0,0.26,0.08,0,0.16,0.77,2.51,9.44,0.04,0,1.22,1.71,0,0,0,0.51,0.03,0,0.01,2.78,5.47,2.04,0,0,0,0,62.67,0.94
"Libya",2016,0.260964178436365,107.34,0,1,0,0,0,0,0,0,0,0,0,0.02,0,0,0.01,0.02,0,0,0,0.32,0.17,0,2.97,0.3,4.8,30.99,0,0.11,0.07,6.02,0,0.01,0.64,2.05,2.01,0,0.38,5.73,4.61,0.87,0,0,0,0,43.74,0.5
"Libya",2017,0.398151153890315,290.63,2.64,1.5,0,0,0.01,0,0,0,0,1.24,0.12,0.02,0,0,2.67,0.02,0,0,0,1.97,0.1,0,1.55,0.34,5.06,172.07,0,0,0.16,60.37,0,1.15,0.28,6.61,2.54,0,0.36,4.31,5.29,2.79,0,0,0,0,14.61,2.85
"Libya",2018,0.186943634077502,166.08,1.34,0,0,0,0,0,0,0,0,0.26,0.06,0,0,0,0,0.03,0,0,0,1.74,4.17,0,3.39,0.31,6.81,58.36,0,0,0.12,26.46,0,0,0.06,4.59,3.92,0,1.21,6,5.76,19.67,0,0,0,0,0,21.82
"Libya",2019,0.14645337292649,131.69,3.22,0,0,0,0,0,0,0,0,1.24,0.06,0.02,0,0.09,0,0.03,0,0,0,2.87,1.64,0,5.03,0.86,5.7,36.29,0,0,0.05,18.93,0,1.4,0.04,8.46,4.72,0,0.79,5.89,8.54,24.03,0,0,0,0,1.04,0.75
"Libya",2020,0.183086661817634,163.47,9.15,0,0,0,0,0,0,0,0.02,0.48,0.06,0.02,0,0.11,0,0.05,0,0,0,2.75,0.09,0,1.04,0.71,11.45,49.88,0,0,0,41.02,0,0.76,1.57,3.27,4.01,0,0.52,7.25,8.57,18.38,0,0,0,0,0.43,1.88
"Libya",2021,0.155986234177121,160.71,14.71,0,0,0,0,0,0,0,0.01,0.71,0,0.05,0,0.1,0,0.07,0,0,0,3.57,0.31,0,2.84,0.82,6.74,50.87,1.83,0,0.07,24.07,0.11,0.25,2.88,2.39,3.43,0,0.14,5.89,8.05,17.61,0,0,0,0,1.5,11.69
"Libya",2022,0.201136319646146,278.026371,5.934702,0.896584,0,0,0,0,0,0,0,3.313616,0,0.003242,0,0,0.074634,0.133822,0,0,0,14.84646,0,0,2.208444,1.795548,12.693618,84.376512,0.83035,0,0.194394,84.920385,0.197604,0.81433,0.118794,6.22131,6.53547,0,0.954168,12.57056,17.295422,13.949294,0,0,0,0,0.49286,6.654248
"Libya",2023,0.122389805211276,333.214109,10.88567,5.471892,0,0,1.328816,0.613948,0,0,0.5375,0.914232,0.129758,0.039632,0.108132,0.108132,0.304786,3.625108,0,0.560954,1.297578,5.968618,2.766842,0.216262,2.717086,1.643706,14.49331,73.265486,1.169592,0,2.332122,58.240177,0.222594,0.400952,0.23789,14.495432,10.633452,0.22774,5.391186,5.591838,18.330404,20.537128,0.061176,0,0,0,55.561706,12.783272
"Libya",2024,0.258416728353054,229.835397,1.762168,0.10289,0,0,0,0,0,0,0,0.276698,0,0,0,0,0.087548,0.082912,0,0,0,2.867032,0.049458,0,2.360393,0.489864,3.809204,52.209238,0,0,0.02662,99.18219,0,1.12968,0.10816,9.551196,5.965625,0,0.10705,0.555338,11.834447,25.677924,0,0,0,0,0.281112,11.31865
"Madagascar",1960,1,0.01,0,0,0,0,0,0,0,0,0,0,0,0,0,0,0,0,0,0,0,0,0,0,0,0,0,0.01,0,0,0,0,0,0,0,0,0,0,0,0,0,0,0,0,0,0,0,0
"Madagascar",1961,1,0.05,0,0,0,0,0,0,0,0,0,0,0,0,0,0,0,0,0,0,0,0,0,0,0,0,0,0.05,0,0,0,0,0,0,0,0,0,0,0,0,0,0,0,0,0,0,0,0
"Madagascar",1962,1,0.03,0,0,0,0,0,0,0,0,0,0,0,0,0,0,0,0,0,0,0,0,0,0,0,0,0,0.03,0,0,0,0,0,0,0,0,0,0,0,0,0,0,0,0,0,0,0,0
"Madagascar",1963,0.68,0.1,0,0,0,0,0,0,0,0,0,0,0,0,0,0,0,0,0,0,0,0,0,0,0,0,0,0.08,0,0,0,0,0,0,0,0,0,0,0,0,0.02,0,0,0,0,0,0,0
"Madagascar",1964,0.890678864481338,37.04,0.03,0,0,0,0,0,0,0,0,0,0,0,0,0,0,0,0,0,0,0,0,0,0,0,34.9,1.99,0,0,0,0,0,0,0,0,0.06,0,0,0,0.05,0.01,0,0,0,0,0,0
"Madagascar",1965,0.75344042617417,39.66,0.04,0,0,0,0,0,0,0,0,0,0,0,0,0,0,0,0,0,0,0,0,0,0,0,34,5.39,0,0,0,0,0,0,0,0,0.21,0,0,0,0.02,0,0,0,0,0,0,0
"Madagascar",1966,0.575134242149899,38.34,0.02,0,0,0,0,0,0,0,0,0,0,0,0,0,0,0,0,0,0,0,0,0,0,0,28.2,5.2,0,0,0,0,0,0,0,0,0.06,0,0,0,0.04,0.01,0,0,0,4.81,0,0
"Madagascar",1967,0.889513344512738,33.23,0,0,0,0,0,0,0,0,0,0,0,0,0,0,0,0,0,0,0,0.01,0.14,0,0,0,31.3,1.58,0,0,0,0,0,0,0,0,0.15,0,0,0,0.03,0.02,0,0,0,0,0,0
"Madagascar",1968,0.899573384844605,31.65,0,0,0,0,0,0,0,0,0,0,0,0,0,0,0,0,0,0,0,0,0.15,0,0,0,30,1.01,0,0,0,0.23,0,0,0,0,0.03,0,0,0,0.11,0.12,0,0,0,0,0,0
"Madagascar",1969,0.905251989086151,29.55,0.01,0,0,0,0,0,0,0,0,0,0,0,0,0,0,0,0,0,0,0,0.13,0,0,0,28.1,0.89,0,0,0,0.06,0,0,0,0,0.1,0,0,0,0.16,0.1,0,0,0,0,0,0
"Madagascar",1970,0.700742046756851,29.65,0.08,0,0,0,0,0,0,0,0,0,0,0,0,0,0,0,0,0,0,0.01,0.08,0,0,0,24.6,2.97,0,0,0,1.4,0,0,0,0.01,0.19,0,0,0,0.16,0.15,0,0,0,0,0,0
"Madagascar",1971,0.728242907874705,30.48,0.04,0,0,0,0,0,0,0,0,0,0,0,0,0,0,0,0,0,0,0.01,0.11,0,0,0,25.9,1.45,0,0,0,1.77,0,0,0,0.13,0.57,0,0,0,0.38,0.12,0,0,0,0,0,0
"Madagascar",1972,0.848524411158239,66.34,0.04,0,0,0,0,0,0,0,0,0,0,0,0,0,0,0,0,0,0,0,0.05,0,0,0,61.04,1.3,0,0,0,2.45,0,0,0,0.14,0.7,0,0,0,0.5,0.12,0,0,0,0,0,0
"Madagascar",1973,0.592294303947674,36.72,0.42,0,0,0,0,0,0,0,0,0,0,0,0,0,0,0,0,0,0,0,0.06,0,0,0,27.75,4.95,0,0,0,1.34,0,0,0,0.23,1.33,0,0,0,0.49,0.15,0,0,0,0,0,0
"Madagascar",1974,0.420191567801407,37.11,5.53,0,0,0,0,0,0,0,0,0,0,0,0,0,0,0,0,0,0,0,0.04,0,0,0,22.77,4.94,0,0,0,0.17,0,0,0,0.38,1.97,0,0,0,1.04,0.27,0,0,0,0,0,0
"Madagascar",1975,0.505081053912516,38.67,3.45,0,0,0,0,0,0,0,0,0,0,0,0,0,0,0,0,0,0,0,0.11,0,0,0,26.78,4.72,0,0,0,0.23,0,0,0,0.8,1.47,0,0,0,1.03,0.08,0,0,0,0,0,0
"Madagascar",1976,0.592517626197201,34.72,0.51,0,0,0,0.01,0,0,0,0,0,0,0,0,0,0,0,0,0,0,0,0.13,0,0,0,26.29,4.37,0,0,0,0.13,0,0,0,0.31,1.22,0,0,0.21,1.44,0.1,0,0,0,0,0,0
"Madagascar",1977,0.561144123670847,32.7,1.99,0,0,0,0,0,0,0,0,0,0,0,0,0,0,0,0,0,0,0.01,0.22,0,0,0,24.2,1.81,0,0,0,0.1,0,0,0,0.47,1.75,0,0,0,1.94,0.21,0,0,0,0,0,0
"Madagascar",1978,0.374623765885762,43.58,5.84,0,0,0,0,0,0,0,0,0,0,0,0,0,0,0,0,0,0,0,0.23,0,0,0,24.73,2.01,0,0,0,0.45,0,0,0,0.24,2.26,0,0,0,7.5,0.32,0,0,0,0,0,0
"Madagascar",1979,0.274700543051559,87.08,20.97,0,0,0,0,0,0,0,0,0,0,0,0,0,0,0,0,0,0,0.02,0.34,0,0.05,0,38.44,2.08,0,0,0,0.18,0,0,0,0.36,4.82,0,0,0,5.8,0.21,0,0,9,4.81,0,0
"Madagascar",1980,0.391239944478947,95.26,18.56,0,0,0,0,0,0,0,0,0,0,0,0,0,0,0,0,0,0,0,0.35,0,0.04,0,56.05,1.88,0,0,0,0.11,0,0,0,0.79,5.09,0,0,0,2.54,1.26,0,0,3.55,3.1,1.94,0
"Madagascar",1981,0.394186500328884,89.06,10.22,0,0,0,0,0,0,0,0,0,0,0,0,0,0,0,0,0,0,1.58,2.33,0,0.03,0,54.29,5.49,0,0,0,1.84,0,0,0,0.56,3.38,0,0,0,3,0.61,0,0,2.76,1.73,1.24,0
"Madagascar",1982,0.427261266630449,155.32,28.27,0,0,0,0.02,0,0,0,0,0,0,0,0,0,0,0,0,0,0,0.02,0.29,0,0.05,0,96.35,12.61,0,0,0,1.55,0,0,0,1.06,2.22,0,0,0,6.84,0.98,0,0,2.05,2.15,0.86,0
"Madagascar",1983,0.323657244629991,108.52,27.99,0,0,0,1.06,0,0,0,0,0,0,0,0,0,0,0,0,0,0,0.01,0.04,0,0.02,0,52.85,10.6,0,0,0,2.57,0,0,0,0.78,1.71,0,0,0,10.55,0.3,0,0,0.01,0.02,0.01,0
"Madagascar",1984,0.492904292336269,86.91,8.61,0,0,0,0.56,0,0,0,0,0,0,0,0,0,0,0,0,0,0,1.76,0.13,0,0.16,0.03,59.88,4.68,0,0,0,2.31,0,0,0,0.29,2.91,0,0,0.05,4.88,0.49,0,0,0.17,0,0,0
"Madagascar",1985,0.348669393068842,87.86,11.59,0,0,0,0.49,0,0,0,0,0,0,0,0,0,0,0,0,0,0,0.02,0.12,0,0.06,0,47.41,16.29,0,0,0,2.64,0,0,0,0.17,3.64,0,0,0,4.82,0.61,0,0,0,0,0,0
"Madagascar",1986,0.41219140695017,163.71,16.33,0,0,0,0,0,0,0,0,0,0,0,0,0,0,0,0,0,0,0.01,0.34,0,0.01,0.02,100.29,23.2,0,0,0,4.16,0,0,0,1.95,4.88,0,0,0,11.77,0.75,0,0,0,0,0,0
"Madagascar",1987,0.455350974665596,171.63,13.63,0,0,0,0,0,0,0,0,0,0,0,0,0,0,0,0,0,0,0.01,0.41,0,0.02,0.09,111.69,23.42,0,0,0,2.15,0,0,0,0.53,6.07,0,0,0,12.71,0.9,0,0,0,0,0,0
"Madagascar",1988,0.343785975917963,205.53,42.84,0,0,0,0,0,0,0,0,0,0,0,0,0,0,0,0,0,0,0.01,0.35,0,0.6,0,108.47,14.29,0,0,0,3.67,0,0,0,0.49,5.58,0,0,0,25.77,0.77,0,0,0.01,2.68,0,0
"Madagascar",1989,0.424565281101204,201.73,28.66,0,0,0,0,0,0,0,0,0,0,0,0,0,0,0,0,0,0,0.01,0.16,0,2.07,0.09,126.17,12.62,0,0,0,13.62,0,0,0,0.46,4.25,0,0.01,0.06,13.03,0.52,0,0,0,0,0,0
"Madagascar",1990,0.35460690317925,375.5,16.75,0,0,0,0,0,0,0,0,0,0,0,0,0,0,0,0,0,0,0.77,0.46,0,0.06,0,161.17,150.47,0,0,0,5.7,0,0,0,0.91,5.39,0,0,0,32.21,1.08,0,0,0,0.53,0,0
"Madagascar",1991,0.342419901118279,293.76,56.83,0,0.03,0,0.01,0,0,0,0,0,0,0,0,0,0,0,0,0,0,0.7,1.47,0,0,0,157.02,30.31,0,0,0,21.59,0,0,0,0.44,3.27,0,0,5.64,15.25,1.2,0,0,0,0,0,0
"Madagascar",1992,0.485583311042275,230.95,16.47,0,0.05,0,0.01,0,0,0,0,0,0,0,0,0,0,0,0,0,0,0.78,0.85,0,0,0,156.59,26.76,0,0,0,4.54,0,0.03,0,0.78,4.18,0,0,0,18.73,1.17,0,0,0,0.01,0,0
"Madagascar",1993,0.450902901933045,235.86,48.91,0.11,0.04,0,0.01,0,0,0,0,0,0,0,0,0,0,0,0,0,0,0.7,0.62,0,0.06,0.02,148.98,14.55,0,0,0,0.89,0,0,0,0.97,1.72,0,0,0.13,16.64,1.51,0,0,0,0,0,0
"Madagascar",1994,0.445454686089036,212.78,36.99,0.1,0.06,0,0.04,0,0,0,0,0,0,0,0,0,0,0,0,0,0,0.64,0.84,0,0.01,0.01,135.31,15.76,0,0,0.07,2.02,0,0,0,0.8,3.85,0,0.06,0.17,14.85,1.2,0,0,0,0,0,0
"Madagascar",1995,0.438873320395891,218.25,30.01,0.13,0,0,0,0,0,0,0,0,0,0,0,0,0,0,0,0,0,0.68,1.06,0,0,0.01,139.04,17.76,0,0,0.04,2.14,0,0.03,0,1.9,6.75,0,0,0.07,17.31,1.32,0,0,0,0,0,0
"Madagascar",1996,0.414869243824049,240.56,51.93,0.09,0,0,0,0,0,0,0,0,0,0,0,0,0,0,0,0,0,0.57,0.77,0,0.04,0.02,144.23,16.26,0,0,0.03,0.88,0,0.03,0,4.01,7.8,0,0.02,0.05,12.85,0.98,0,0,0,0,0,0
"Madagascar",1997,0.429173879734455,555.23,30.2,0.09,0,0,0,0,0,0,0,0,0,0,0,0,0,0,0,0,0,2.08,24.69,0,0.78,0,349.37,47.54,0,0,0,0.78,0,0.29,0,2.85,6.24,0.02,79.5,0,9.51,1.18,0,0.11,0,0,0,0
"Madagascar",1998,0.275047465775447,339.39,52.26,0,0,0,0,0,0,0,0,0,0,0,0,0,0.01,0,0,0,0,1.86,0.93,0,1.12,0.05,100.08,28.65,0.55,0,0,134.23,0,0.2,0,3.64,3.55,0,0.22,4.57,6.51,0.88,0,0.08,0,0,0,0
"Madagascar",1999,0.362943330492184,197.06,50.35,0,0,0,0,0,0,0,0,0,0,0,0,0,0,0,0,0,0,7.52,2.24,0,0.19,0.04,105.4,18.2,0,0,0,0.65,0,0.04,0,1.35,3.41,0,0.22,0,6.5,0.86,0,0.09,0,0,0,0
"Madagascar",2000,0.333848882677709,131.07,27.63,0.03,0,0,0.01,0,0,0,0,0,0,0,0,0,0,0,0,0,0,2,3.08,0,0.16,0.04,68.56,14.47,0,0,0.09,0.59,0,0.21,0,1.26,4.51,0.01,1.06,0.22,4.51,2.12,0,0.09,0.42,0,0,0
"Madagascar",2001,0.285146663728666,130.27,26.7,0.02,0,0,0,0,0,0,0,0,0,0,0,0,0,0,0,0,0,10.06,0.44,0,0.09,0.14,61.82,9.96,0,0,0,0.86,0,0,0,1.5,4.22,0,7.73,0,4.12,2.5,0,0.11,0,0,0,0
"Madagascar",2002,0.380602146804087,93.84,8.81,0.15,0,0,0,0,0,0,0,0,0,0,0,0,0,0,0,0,0,1.57,0.76,0,0.01,0.1,55.71,8.62,0.02,0,0,0.09,0,0.08,0,0.44,5.7,0.05,4.86,0.13,6.01,0.71,0,0.02,0,0,0,0
"Madagascar",2003,0.422340607812143,238.89,11.01,0.08,0,0,0,0,0,0,0,0,0,0,0,0,0,0,0,0,0,1.53,1.39,0,0,0.19,142.6,59.36,0.02,0,0,0.08,0,0.16,0,0.63,6.16,0,5.26,0.19,5.17,5.06,0,0,0,0,0,0
"Madagascar",2004,0.611250130482481,639.58,29.36,0.08,0,0,0,0.05,0,0,0,0.02,0,0,0,0,0,0,0,0,0,1.56,1.8,0,0.1,0.09,496.13,7.57,0,0,0.12,43.31,0,0.15,0,0.85,8.51,0,7.95,0.21,14.24,27.47,0,0.01,0,0,0,0
"Madagascar",2005,0.217339486574872,613.47,187.12,0.02,0,0,0,0,0,0,0,0,0,0,0,0,0,0,0,0,0,56.03,0.53,0,0,0.14,99.56,10.95,0,0,0,51,0,0.1,0,0.98,11.73,0,175.05,0.01,6.79,13.45,0,0,0,0,0,0.01
"Madagascar",2006,0.337960330112333,214.64,40.13,0.05,0,0.2,0,0,0,0,0,0,0,0,0,0,0.02,0,0,0,0,0.09,1.21,0,0.03,0.04,115.36,11.16,0,0,0.07,0.48,0,0.1,0,0.16,16.1,0,0.16,13.07,7.49,5.12,0,0.01,3.59,0,0,0
"Madagascar",2007,0.32988940718485,335.36,112.09,0.52,0,0.09,0.01,0,0,0,0,0,0,0,0,0,0.05,0,0,0,0,0.09,2.02,0,0,0.07,153.88,14.01,0.12,0,0,0.43,0,0.34,0,11.88,20.22,0,5.39,0.5,6.63,1.28,0,0,5.69,0,0,0.05
"Madagascar",2008,0.281182603474299,204.64,20.85,0.31,0,0.22,0,0,0,0,0,0,0,0,0,0,0.02,0,0,0,0.04,0.17,1.9,0.01,0.01,0.05,100.86,17.7,0.2,0,0.04,5.44,0,0.64,0,4.19,22.52,0,14.57,0.55,8.18,2.42,0,0.01,3.21,0,0,0.53
"Madagascar",2009,0.393875576366925,170.48,19.29,0.56,0,0.19,0.09,0,0,0,0,0,0,0,0,0,0,0,0,0,0.08,0.51,2.15,0,0.05,0.31,103.01,17.83,0.11,0,0.01,2.19,0,0.65,0,0.33,8.35,0,4.05,1.34,6.67,1.3,0,0.02,1.22,0,0,0.17
"Madagascar",2010,0.340598958204816,303.44,9.62,0.51,0,0.12,0.07,0,0,0,0,0,0,0,0,0,0,0,0,0,0.05,0.23,2.26,0,0.05,0.3,94.11,13.14,0.08,0,0,3.39,0,0.28,0,0,12.96,0,0.34,0.95,7.73,148.03,0,0.02,8.96,0,0.1,0.14
"Madagascar",2011,0.28081523860607,277.72,11.18,7.6,0,0.07,0.78,0,0,0,0,0,0,0,0,0,0,0.04,0,0,0,0.5,1.87,0,0.06,0.39,99.89,20.26,0.08,0,0.11,4.82,0,0.62,0,0,12.76,0,0.16,1.64,6.75,104.1,0,0,3.33,0,0.04,0.67
"Madagascar",2012,0.395152625181685,343,13.72,4.01,0,0.09,0.53,0,0,0,0,0,0,0,0,0,0,0.02,0.06,0,0.01,0.36,1.7,0,0,0.42,83.87,14.85,0.07,0,0,1.76,0,0.39,0,0,14.34,0,0.22,0.89,5.59,196.92,0,0.01,2.88,0,0.11,0.18
"Madagascar",2013,0.305992470255458,494.7,190.73,0.52,0,0.12,1.18,0,0,0,0,0,0,0,0,0,0.01,0.01,0,0,0,0.04,2.08,0,0,0.31,78.98,14,0,0,0.03,3.31,0,0.41,0,0,13.77,0,0.04,1.47,7.6,178.34,0,0.01,0.99,0,0.36,0.39
"Madagascar",2014,0.324241026501681,249.17,10.28,0.5,0,0.01,0.2,0,0,0,0,0,0,0,0,0,0.03,0,0,0.01,0,0.04,3.19,0,0,0.15,69.52,18.18,0,0,0,4.53,0,0.28,0.03,0,11.38,0,0.81,1.02,6.93,121.04,0,0,0.32,0,0.09,0.63
"Madagascar",2015,0.334427530156784,298.49,17.17,0.45,0,0.04,0.45,0,0,0,0,0,0,0,0,0,0,0,0,0,0,0.06,2.08,0.01,0,0.23,102.21,19.98,0,0,0,3.37,0,0.28,0,0,6.55,0,0.04,1.14,8.14,136.12,0,0.02,0,0,0.1,0.05
"Madagascar",2016,0.289241966379366,297.74,8.48,9.37,0,0.09,0.18,0,0,0,0,0,0,0,0,0,0,0.02,9.89,0,0,0.03,2.32,0,0,0.16,53.49,51.3,0,0,0.14,3.86,0,0.17,0,0,7.72,0,0.07,0.81,8.67,140.48,0,0,0,0,0.05,0.44
"Madagascar",2017,0.236790569958692,284.62,13.88,19.56,0,0.21,0.68,0,0,0,0,0,0,0.01,0,0,0.03,0.03,8.89,0.02,0.03,0.04,2.4,0,0,0.21,57.47,41.51,0,0,0.03,3.34,0,0.27,0,0,10.06,0,0.07,2.15,6.78,115.46,0,0,0,0,0.28,1.21
"Madagascar",2018,0.266020641205355,205.48,42.88,0,0,0,0.4,0,0,0,0,0,0,0.01,0,0,0.02,0.01,0,0,0,0.04,3.23,0,0,0.1,78.09,55.83,0,0,0.1,4.41,0,0.62,0,0,10.72,0,0.11,0.8,4.44,3.53,0,0.02,0,0,0.06,0.06
"Madagascar",2019,0.291821680767119,187.65,32.34,0,0,0,0.42,0,0,0,0,0,0,0.01,0,0,0.04,0.01,0,0,0,0.05,2.52,0,0,0.23,86.9,38.87,0,0,0.03,3.42,0,0.53,0.09,0,10.49,0,0.15,0.75,3.41,4.65,0,0.03,0,0,2.16,0.55
"Madagascar",2020,0.270697528991383,223.19,62.15,0,0,0,0.31,0,0,0,0,0,0,0.01,0,0,0.03,0,0,0,0,0.05,6,0,0,0.23,89.14,38.2,0,0,0.08,3.69,0,0.89,0,0,11.69,0,0.24,1.01,3.22,2.27,0,0.01,0,0,3.56,0.41
"Madagascar",2021,0.273592334238208,277.27,41.68,0,0,0,0.23,0,0,0,0,0,0,0,0,0,0.06,0.02,0,0,0.34,0.1,4.66,0,0,1.33,109.49,84,0,0,0.76,3,0.05,1.16,0,0,9,0,0.1,4.65,6.04,8.72,0,0.12,0,0,1.52,0.24
"Madagascar",2022,0.24636551900143,558.016883,158.99103,20.75822,0,0.01167,0.033377,0,0,0,0,0,0,0.161666,0,0.002122,0.138068,0.020374,0,0,0.130898,0.138028,3.403446,0,0.923708,0.887244,176.948469,138.377582,0,0,0.3903,5.194482,0.21956,2.488562,0,0,13.022933,0,0.332269,9.44133,8.833594,12.278674,0,0.01698,1.505157,0,3.01894,0.3482
"Madagascar",2023,0.276186448464484,536.884164,200.598488,12.031369,0.007792,0,0.259762,0,0,0,0,0,0,0.1646,0,0,0.103482,0.054452,0,0,0,0.90342,3.061218,0,0.730404,0.62959,165.053472,107.37403,0,0,0.250966,6.03399,0.111296,2.597818,0,0,17.192194,0,0.264227,4.05073,7.487454,4.870944,0,0.064666,0,0,2.531152,0.456648
"Madagascar",2024,0.26184593816581,440.038227,101.362596,11.465889,0,0,0.454097,0,0,0,0,0,0,0.090924,0,0,0.064296,0.069006,0,0,0.679368,0.30205,2.432584,0.10585,3.045102,0.914124,187.690623,65.861396,0,0,0.440596,6.295964,0,2.9415,0.002508,0,13.596611,0,1.862622,2.564866,6.852882,7.05637,0,0.047032,4.55512,0,18.785023,0.499228
"Malawi",1964,0.993483288932139,30.59,0,0,0,0,0,0,0,0,0,0,0,0,0,0,0,0,0,0,0,0,0,0,0,0,0,0.1,0,0,0,0,0,0,0,0,0,0,0,0,0,30.49,0,0,0,0,0,0
"Malawi",1965,0.967772949504662,31.17,0,0,0,0,0.04,0,0,0,0,0,0,0,0,0,0,0,0,0,0,0,0,0,0,0,0,0.47,0,0,0,0,0,0,0,0,0,0,0,0,0,30.66,0,0,0,0,0,0
"Malawi",1966,0.823791574357347,27.71,0,0,0,0,0.06,0,0,0,0,0,0,0,0,0,0,0,0,0,0,0.01,0,0,0.25,0,0,2.34,0,0,0,0,0,0,0,0,0.01,0,0,0,0,25.04,0,0,0,0,0,0
"Malawi",1967,0.821572561905116,26.24,0,0,0,0,0.05,0,0,0,0,0,0,0,0,0,0,0,0,0,0,0,0,0,0.77,0,0,1.71,0,0,0,0,0,0,0,0,0,0,0,0,0,23.71,0,0,0,0,0,0
"Malawi",1968,0.807860498127501,20.98,0,0,0,0,0.06,0,0,0,0,0,0,0,0,0,0,0,0,0,0,0,0,0,1.42,0,0,0.71,0,0,0,0,0,0,0,0,0,0,0,0,0,18.79,0,0,0,0,0,0
"Malawi",1969,0.70459139859693,20.67,0,0,0,0,0.06,0,0,0,0,0,0,0,0,0,0,0,0,0,0,0,0,0,1.15,0,0,2.29,0,0,0,0,0,0,0,0,0,0,0,0,0.01,17.16,0,0,0,0,0,0
"Malawi",1970,0.662626450623427,23.11,0,0,0,0,0.11,0,0,0,0,0,0,0,0,0,0,0,0,0,0,0,0,0,1.2,0,0,3.19,0,0,0,0,0,0,0,0.11,0,0,0,0,0,18.5,0,0,0,0,0,0
"Malawi",1971,0.669026540485936,30.49,0.06,0,0,0,0.13,0,0,0,0,0,0,0,0,0,0,0,0,0,0,0.01,0,0,0.8,0,0,4.79,0,0,0,0,0,0,0,0.24,0,0,0,0,0,24.46,0,0,0,0,0,0
"Malawi",1972,0.680737131156648,25.1,0.11,0,0,0,0.11,0,0,0,0,0,0,0,0,0,0,0,0,0,0,0.01,0,0,1.36,0,0,2.56,0,0,0,0,0,0,0,0.44,0,0,0,0,0.01,20.5,0,0,0,0,0,0
"Malawi",1973,0.54011253652301,23.68,0.12,0,0,0,0.1,0.01,0,0,0,0,0,0,0,0,0,0,0,0,0,0.01,0.01,0,2.56,0,0,3.04,0,0,0,0,0,0,0,0.87,0.02,0,0,0,0.02,16.92,0,0,0,0,0,0
"Malawi",1974,0.506341582443213,27.52,0.44,0,0,0,0.09,0,0,0,0,0,0,0,0,0,0,0,0,0,0,0.01,0.01,0,4.48,0,0,2.39,0,0,0,0,0,0,0,1.19,0.01,0,0,0.02,0.01,18.87,0,0,0,0,0,0
"Malawi",1975,0.548830119375574,33,0.5,0,0,0,0.09,0,0,0,0,0,0,0,0,0,0,0,0,0,0,0.02,0.03,0,4.96,0,0,2.31,0,0,0,0.03,0,0,0,1.23,0.03,0,0,0,0.01,23.79,0,0,0,0,0,0
"Malawi",1976,0.518465632078166,34.23,0.71,0,0,0,0.05,0,0,0,0,0,0,0,0,0,0,0,0,0,0,0.07,0,0,4.39,0.01,0,1.69,0,0,0,0.01,0,0,0,3.28,0.05,0,0,0,0.01,23.96,0,0,0,0,0,0
"Malawi",1977,0.376887287288989,38.81,1.13,0,0,0,0.11,0,0,0,0,0,0,0,0,0,0,0,0,0,0,0.03,0.05,0,4.41,0.01,0,8.8,0,0,0,0,0,0,0,2.77,0,0,0,0,0.01,21.49,0,0,0,0,0,0
"Malawi",1978,0.382029739641395,42.09,2.73,0,0,0,0.08,0.04,0,0,0,0,0,0,0,0,0,0,0,0,0,0.02,0.04,0,2.05,0.02,0,12.32,0,0,0,0.01,0,0,0,2.2,0,0,0,0,0.03,22.55,0,0,0,0,0,0
"Malawi",1979,0.327275802246928,124.66,6.86,0,0,0,0.1,0.05,0,0,0,0,0,0,0,0,0,0,0,0,0,0.01,0.04,0,17.94,0.04,0,57.21,0,0,0,0.02,0,0,0,4.52,0,0,0,0.13,0.01,37.73,0,0,0,0,0,0
"Malawi",1980,0.274687229029123,67.78,11.55,0,0,0,0.07,0.04,0,0,0,0,0,0,0,0,0,0,0,0,0,0.01,0.03,0,5.98,0.05,0.35,13.18,0,0,0,0,0,0,0,7.02,0,0,0,0,0.01,29.49,0,0,0,0,0,0
"Malawi",1981,0.313283521101941,77.66,9.9,0,0,0,0.03,0.02,0,0,0,0,0,0,0,0,0,0,0,0,0,0.01,0.03,0,1.62,0.12,3.89,29.88,0,0,0,0.05,0,0,0,2.54,0,0,0,0,0,29.57,0,0,0,0,0,0
"Malawi",1982,0.322460464536532,58.11,5.66,0,0,0,0.15,0.01,0,0,0,0,0,0,0,0,0,0,0,0,0,0.02,0.03,0,3.33,0.16,0.59,21.71,0,0,0,0.06,0,0,0,2.48,0,0,0,0,0,23.83,0,0,0.08,0,0,0
"Malawi",1983,0.281717708547065,45.41,5.11,0,0,0,0.24,0,0,0,0,0,0,0,0,0,0,0,0,0,0,0.01,0.02,0,0.94,0.05,3.31,14.54,0,0,0.01,0.02,0,0,0,2.3,0.21,0,0,0,0.6,18.05,0,0,0,0,0,0
"Malawi",1984,0.265096835646457,46.25,6.54,0,0,0,0.27,0.01,0,0,0,0,0,0,0,0,0,0,0,0,0,0,0.02,0,3.02,0.2,2.96,14.65,0,0,0.04,0.07,0,0,0,1.27,0,0,0,0,0.17,17.03,0,0,0,0,0,0
"Malawi",1985,0.21172527239931,49.77,4.93,0,0,0,0.45,0.01,0,0,0,0,0,0,0,0,0,0,0,0,0,0,0.02,0,5.12,0.02,3.23,11.86,0,0,0,0.05,0,0,0,7.06,0.46,0,0,0,0.04,16.51,0,0,0.01,0,0,0
"Malawi",1986,0.237160716879682,80.46,16.1,0,0,0,0.38,0,0,0,0,0,0,0,0,0,0,0,0,0,0,0,0.03,0,3.58,0.15,3.81,29.08,0,0,0.01,2.31,0,0,0,5.66,0.04,0,0,0,0.02,19.12,0,0,0.17,0,0,0
"Malawi",1987,0.206356500072035,173.37,51.69,0,0,0,0.13,0,0,0,0,0,0,0,0,0,0,0,0,0,0,0,0.04,0,34.89,0.23,4.97,29.58,0,0,0.01,3.91,0,0,0,10.84,0.15,0,0,0.32,0.64,35.78,0,0,0.19,0,0,0
"Malawi",1988,0.251217216177035,153.28,38.13,0,1.26,0,0.42,0,0,0,0,0,0,0,0,0,0,0,0,0,0,0.01,0.11,0,4.54,0.07,3.53,27.21,0,0,0.05,5.29,0,0,0,10.82,2.38,0,0,0.08,0.03,59.35,0,0,0,0,0,0
"Malawi",1989,0.227920603379483,148.98,22.57,0,1.49,0,6.62,0,0,0,0,0,0,0,0,0,0,0,0,0,0,0.55,0.07,0,7.51,0.26,5.23,33,0,0,0.01,1.65,0,0,0,8.36,3.03,0,0,0,1.66,56.97,0,0,0,0,0,0
"Malawi",1990,0.210908147866386,197.31,46.75,0,0.6,0,5.15,0,0,0,0,0,0,0,0,0,0,0,0,0,0,0.88,4.51,0,6.28,0.06,9.5,51.77,0,0,0.11,0.47,0,0.18,0,9.86,3.63,0,0,0.25,2.06,55.25,0,0,0,0,0,0
"Malawi",1991,0.169103132367978,197.04,19.7,0.14,27.03,0,3.31,0,0,0,0,0,0,0,0,0,0,0,0,0,0,1.14,1.45,0,4.31,5.66,9.82,44.38,0,0,0.11,1.45,0,0.15,0,6.11,3.73,0,9.46,0.29,2.53,56.27,0,0,0,0,0,0
"Malawi",1992,0.158407120656659,183.38,25.79,0.11,4.98,0,3.18,0,0,0,0,0,0,0,0,0,0,0,0,0,0,20.24,2.3,0,3.58,0.28,15.3,43.63,0,0.75,0.12,0.83,0,0.41,0,10.31,4.51,0.02,0.94,0.35,1.83,43.92,0,0,0,0,0,0
"Malawi",1993,0.231036732748056,132.88,26.29,0.11,2.93,0,1.69,0,0,0,0,0,0,0,0,0,0,0,0,0,0,8.96,0.46,0,1.41,0.3,6.92,51.13,0,0,0.11,1.91,0,0.08,0,2.43,2.98,0,0,0.22,0.18,24.77,0,0,0,0,0,0
"Malawi",1994,0.303578620006069,224.01,101.43,0.09,3.76,0,1.43,0,0,0,0,0,0,0,0,0,0,0,0,0,0,3.12,0.46,0,1.59,0.37,1.58,36.8,0,0.34,0.1,0,0,0.1,0,3.7,7.44,0,0.01,0.13,2.53,59.03,0,0,0,0,0,0
"Malawi",1995,0.24457133836551,166,51.15,0.08,2.63,0,0.79,0.1,0,0,0,0,0,0,0,0,0,0,0,0,0,1.46,0.41,0,0.53,0.23,2.2,36.65,0,0,0.39,2.01,0,0.4,0,9.11,5.67,0,0,0.43,0.33,51.43,0,0,0,0,0,0
"Malawi",1996,0.24596784809047,234.03,68.25,0.04,1.69,0,0.61,0.12,0,0,0,0,0,0,0,0,0,0,0,0,0,1.42,0.9,0,15.16,0.32,3.35,32.43,0.04,0,0.35,0,0,0,0,10.15,4.49,0,0.28,8.08,0.19,85.59,0,0,0.57,0,0,0
"Malawi",1997,0.182425512300531,151.38,41.45,0.05,0.25,0,0.7,0.25,0,0,0,0,0,0,0,0,0,0,0,0,0,0.01,0.06,0,17.7,0.21,2.96,32.79,0,0.6,0.94,0.26,0,0.62,0,12.37,4.55,0,0.26,5.34,0.07,29.33,0,0.35,0.26,0,0,0
"Malawi",1998,0.218194480345206,186.7,53.66,0.03,0,0,0.7,0.13,0,0,0,0,0,0,0,0,0,0,0,0,0,0.08,0.07,0,22.63,1.34,2.2,25.52,0.11,0.44,1.53,0.56,0,0.2,0,4.59,14.3,0,0.29,0.19,0.05,57.68,0,0.2,0.2,0,0,0
"Malawi",1999,0.220755265199106,208.22,41.68,0,0,0,0.12,0.22,0,0,0,0,0,0,0,0,0,0,0,0,0,0.04,0.06,0,28.36,0.73,1.91,28.66,0.03,0.77,0.7,0,0,0.46,0,6.95,12.43,0,0.18,3.62,0.02,77.27,0,0.02,3.99,0,0,0
"Malawi",2000,0.268992071928232,220.76,48.46,0.02,0,0,0.7,0.2,0,0,0,0,0,0,0,0,0,0,0,0,0,0.04,0.04,0,24.86,1,1.4,25.45,0.06,1.02,0.61,0.05,0,1.23,0,1.6,6.8,0,0.06,5.11,0,96.89,0,0.04,5.12,0,0,0
"Malawi",2001,0.214137341095349,178.76,26.67,0.02,0,0,0.55,0.14,0,0,0,0,0,0,0,0,0,0,0,0,0,0.05,0.81,0,21.55,0.49,1.48,19.82,0.05,1.74,0.46,0,0,0.16,0,13.07,9.64,0,0.12,2.27,0.24,70.14,0,0.05,8.88,0.36,0,0
"Malawi",2002,0.153444772800897,173.03,27.36,0.07,0,0,1.24,0.14,0,0,0,0,0,0,0,0,0,0,0,0,0,0.07,0.07,0,7.78,0.74,5.05,24.09,0.02,1.57,3.08,1.64,0,1.29,0,16.86,15.56,0,0.42,7.65,0.57,50.19,0,0.07,7.5,0,0,0
"Malawi",2003,0.248726137282092,242.92,34.95,0.02,0,0,1.1,0.08,0,0,0,0,0,0,0,0,0,0,0,0,0,0.02,1.96,0,4.17,1.02,3.96,29.4,0.07,1.96,4.23,0.01,0,1.43,0,7.33,28.16,0,0.27,13.93,0.15,107.17,0,0.02,1.51,0,0,0
"Malawi",2004,0.258777279710047,259.66,38.49,0.09,0,0,0.94,0.09,0,0,0,0.07,0,0,0,0,0,0,0,0,0,0.01,0.13,0,4.72,1.06,2.55,24.63,0.3,2.28,4.61,0.77,0,1.24,0,15.76,27.17,0,0.08,15.88,0.03,118.58,0,0.03,0.15,0,0,0
"Malawi",2005,0.205688071037548,275.42,32.64,0.14,0,0,0.27,0.31,0,0,0,0.07,0,0,0,0,0,0,0,0,0,0.09,0.56,0,3.38,0.59,7.95,26.14,0.13,2.21,7.56,0.01,0,1.04,0,19.41,49.09,0,1.19,19.28,0.21,102.74,0,0.02,0.39,0,0,0
"Malawi",2006,0.282229747822316,346.66,28.16,0.12,0,0.01,2.86,0.33,0,0,0,0.08,0,0,0,0,0.09,0,0,0,0,8.41,2.54,0,5.04,1.01,1.79,23.83,0.02,3.73,7.86,0.19,0,0.53,0,10.44,50.26,0,1.44,17.39,0.03,171.29,0,0.01,9.2,0,0,0
"Malawi",2007,0.259380151200404,526.57,221.82,0.21,0,0.01,2.24,0.14,0,0,0,0,0,0,0,0,0.03,0,0,0,0,22.86,3.28,0,5.06,0.86,4.54,24.36,0.4,4.37,10.73,1.49,0,0.1,0,6.8,54.83,0,1.27,20.42,0.06,133.72,0,0.03,6.94,0,0,0
"Malawi",2008,0.229713993590633,352.8,30.79,0.19,0,0.02,1.84,0.15,0,0,0,0,0,0,0,0,0.09,0,0,0,0.03,0.17,3.13,0,5.85,1.78,5.72,29.63,0.48,5.13,22.95,0.76,0,0.52,0,0.13,64.45,0,13.66,14.45,0,146.85,0,0.01,3.79,0,0,0.23
"Malawi",2009,0.203603101359094,309.57,35.8,0.01,0,0.06,4.39,0.2,0,0,0,0,0,0,0,0,0.07,0,0,0,0.03,0.39,9.39,0,7.36,1.57,1.3,30.2,0.03,3.6,22.15,1.35,0,0.09,0,0.86,63.63,0,9.81,4.9,0.13,111.7,0,0.02,0.53,0,0,0
"Malawi",2010,0.213161415201981,231.45,69.46,0.39,0,0.01,3.94,0.1,0,0,0,0.05,0,0,0,0,0.05,0,0,0,0.03,0.09,12.04,0.17,6.45,1.69,1.07,41.93,0.02,2.63,20.58,2.3,0,0.31,0,0.02,64.71,0,0.63,2.47,0.16,0.05,0,0.04,0,0,0,0.06
"Malawi",2011,0.208435061663775,180.48,28.87,1.2,0,0.02,6.81,0.15,0,0,0,0,0,0,0,0,0.04,0,0,0,0.03,0.05,8.33,0.17,7.27,1.97,0.9,26.31,0.02,2.35,24.66,1.54,0,0.11,0,0.03,66.85,0,0.7,1.84,0.2,0.01,0,0.01,0,0,0,0.04
"Malawi",2012,0.197227604421072,235.26,54.94,1.9,0,0.03,7.19,0.1,0,0,0,0,0,0,0,0,0.02,0,0,0,0,0.05,14.28,0,4.6,1.49,0.58,46.66,0.01,3.38,24.14,0.89,0,0.4,0,0.03,69.52,0,0.2,2.65,0.2,0.65,0,0,1.35,0,0,0
"Malawi",2013,0.2269824555383,257.77,34.42,1.54,0,0.08,22.51,0.04,0,0,0,0,0,0,0,0,0,0,1,0,0,0.11,12.19,0,0.39,2.17,8.49,27.55,0,5.66,26.99,0.69,0,0.8,0,0.01,107.86,0,0.17,1.96,0.63,1.61,0,0.22,0.48,0,0.01,0.19
"Malawi",2014,0.211678852066186,228.26,42.45,2.02,0,0.08,5.62,0.06,0,0,0,0,0,0,0,0,0,0,0,0,0,0.08,8.34,0,0.08,1.83,3.89,33.98,0,5.29,25.81,0.34,0,0.26,0,0,84.96,0,0.32,2.41,0.84,3.46,0,0.11,3.65,0,2.02,0.36
"Malawi",2015,0.207957992673234,201.93,26.63,3.35,0,0.11,5.44,0.07,0,0,0,0.07,0,0,0,0.01,0.02,0,0,0,0,0.06,9.49,0.01,0,1.64,2.49,41.38,0,4.59,21.94,0.66,0,0.51,0.02,0,73.39,0,0.1,3.07,0.49,2.86,0,0.03,0.14,0,3.36,0
"Malawi",2016,0.210188754170798,188.7,20.52,3.01,0,0.08,3.02,0.1,0,0,0,0,0,0,0,0.01,0,0,0,0,0,0.1,3.57,0,0,0.84,0.02,50.18,0,4.54,21.59,0.81,0,0.55,0.01,0,62.94,0,0.05,3.85,0.7,3.39,0,0,4.02,0,4.63,0.17
"Malawi",2017,0.199573541401067,228.24,41.1,5.73,0,0.08,4.07,0.2,0,0,0,0,0,0,0,0,0,0,0,0,0,0.07,8.81,0,0,0.99,0.3,67.38,0,3.81,22.76,1.19,0,0.2,0,0,58.86,0,0.05,3.01,0.65,3.45,0,0,4.29,0,0.73,0.51
"Malawi",2018,0.197934508714983,365.64,21.26,0,0,0,2.1,0.13,0,0,0,0.02,0,0,0,0,0,0,0,0,0,0.07,8.13,0,0,0.83,0.17,61.14,0,8.99,25.56,0.85,0,0.88,0,0,62.51,0,0.08,3.09,0.9,125.19,0,0.1,43.3,0,0.34,0
"Malawi",2019,0.20238603041785,366.33,50.53,0,0,0,1.62,0.34,0,0,0,0,0,0,0,0,0.03,0.02,0,0,0,0.07,8.08,0,0,1.07,0.09,73.27,0,9.37,26.11,0.46,0,1.12,0,0,65.3,0.06,0.16,4.45,0.89,118.76,0,0,2.22,0,2.03,0.28
"Malawi",2020,0.210852690569566,347.9,27.21,0,0,0,1.45,0.49,0,0,0,0.03,0,0,0,0,0.03,0.02,0,0,0,0.05,6.14,0,3.01,1.06,0.27,103.92,0,8.53,24.76,1.01,0,1.2,0,0,68.54,0,0.35,3.15,0.74,92.34,0.11,0.38,2.61,0,0.3,0.2
"Malawi",2021,0.204088138923327,282.38,19.67,0,0,0,1.82,0.24,0,0,0,0.02,0,0,0,0,0.03,0,0,0,0,0.06,2.88,0,2.76,1.18,2.97,93.3,0,6.6,20.6,1.67,0,0.82,0,0,53.76,0,0.54,5.12,0.66,61.11,0,0.35,5.37,0,0.71,0.14
"Malawi",2022,0.174117732872207,512.775248,52.921458,7.949212,0,0.047062,1.807772,0.124662,0,0,0,0.04206,0,0,0,0.003608,0.049756,0.010762,0,0,0.0714,0.214368,15.386862,0,4.460555,1.582892,0.93355,160.272364,0,19.112114,50.674094,5.51544,0,1.511128,0,0,81.518189,0,1.220624,8.997772,4.65932,84.748863,0,0.423878,8.365981,0,0,0.149502
"Malawi",2023,0.160717758361527,522.579072,87.953998,10.352176,0,0,4.77738,0.114412,0,0,0,0.04258,0,0,0,0.00106,0.042078,0.015962,0,0,0.064878,0.478132,7.279988,0,3.641817,1.31049,4.434222,123.798874,0,19.702514,51.388466,2.995783,0,1.883362,0.0133,0,104.493632,0,0.728548,12.646709,2.960304,80.500649,0.06,0.182972,0.346138,0,0,0.368648
"Malawi",2024,0.161333892140024,495.867015,45.344342,8.84599,0,0.027326,2.411009,0.227382,0,0,0,0.040656,0,0,0,0,0.06934,0.019422,0,0,0,0.397494,19.843014,0.008468,2.414731,1.078866,3.474154,106.6937,0,22.663136,52.960868,3.010685,0,1.388192,0.000876,0,93.406422,0,0.8255,9.724615,3.686962,116.487782,0.391478,0.151612,0,0,0.068415,0.204578
"Mali",1960,NA,0,0,0,0,0,0,0,0,0,0,0,0,0,0,0,0,0,0,0,0,0,0,0,0,0,0,0,0,0,0,0,0,0,0,0,0,0,0,0,0,0,0,0,0,0,0,0
"Mali",1961,NA,0,0,0,0,0,0,0,0,0,0,0,0,0,0,0,0,0,0,0,0,0,0,0,0,0,0,0,0,0,0,0,0,0,0,0,0,0,0,0,0,0,0,0,0,0,0,0
"Mali",1962,1,0.91,0,0,0,0,0,0,0,0,0,0,0,0,0,0,0,0,0,0,0,0,0,0,0,0,0,0.91,0,0,0,0,0,0,0,0,0,0,0,0,0,0,0,0,0,0,0,0
"Mali",1963,0.988439697133586,1.72,0,0,0,0,0,0,0,0,0,0,0,0,0,0,0,0,0,0,0,0,0,0,0,0,0,1.71,0,0,0,0,0,0,0,0,0,0,0,0,0.01,0,0,0,0,0,0,0
"Mali",1964,0.809235030330449,7.61,0,0,0,0,0,0,0,0,0,0,0,0,0,0,0,0,0,0,0,0,0,0,0,0,6.8,0.79,0,0,0,0,0,0,0,0,0,0,0,0,0.02,0,0,0,0,0,0,0
"Mali",1965,0.888900339841944,8.92,0,0,0,0,0,0,0,0,0,0,0,0,0,0,0,0,0,0,0,0.01,0,0,0,0,8.4,0.4,0,0,0,0,0,0,0,0,0,0,0,0,0.04,0.07,0,0,0,0,0,0
"Mali",1966,0.453850576091799,9.79,0,0,0,0,0,0,0,0,0,0,0,0,0,0,0,0,0,0,0,0,0,0,0,0,5.3,0.52,0,0,0,0,0,0,0,0,0,0,0,0,0,0.08,0,0,0,3.89,0,0
"Mali",1967,0.881908244897959,8.75,0,0,0,0,0,0,0,0,0,0,0,0,0,0,0,0,0,0,0,0,0.01,0,0,0,8.2,0.53,0,0,0,0,0,0,0,0,0,0,0,0,0,0.01,0,0,0,0,0,0
"Mali",1968,0.89281294575502,11.13,0,0,0,0,0,0,0,0,0,0,0,0,0,0,0,0,0,0,0,0,0.02,0,0,0,10.5,0.59,0,0,0,0,0,0,0,0,0,0,0,0,0.02,0,0,0,0,0,0,0
"Mali",1969,0.842177053963445,13.35,0,0,0,0,0,0,0,0,0,0,0,0,0,0,0,0,0,0,0,0,0.02,0,0,0,12.2,1.12,0,0,0,0,0,0,0,0,0,0,0,0,0.01,0,0,0,0,0,0,0
"Mali",1970,0.661534040677094,9.29,0,0,0,0,0,0,0,0,0,0,0,0,0,0,0,0,0,0,0,0,0.02,0,0,0,7.3,1.95,0,0,0,0,0,0,0,0.01,0,0,0,0,0,0.01,0,0,0,0,0,0
"Mali",1971,0.58217948853095,12.32,0,0,0,0,0,0,0,0,0,0,0,0,0,0,0,0,0,0,0,0,0.01,0,0,0,8.7,3.56,0,0,0,0.02,0,0,0,0,0,0,0,0,0.01,0.02,0,0,0,0,0,0
"Mali",1972,0.846112591656518,35.44,0,0,0,0,0,0,0,0,0,0,0,0,0,0,0,0,0,0,0,0,0.02,0,0,0,32.49,2.66,0,0,0,0.05,0,0,0,0.03,0,0,0,0,0.01,0.18,0,0,0,0,0,0
"Mali",1973,0.567707986279286,26.53,0,0,0,0,0,0,0,0,0,0,0,0,0,0,0,0,0,0,0,0,0.19,0,0.34,0,18.67,7.13,0,0,0,0.01,0,0,0,0.11,0,0,0,0,0,0.08,0,0,0,0,0,0
"Mali",1974,0.429352065700421,39.54,0,0,0,0,0,0,0,0,0,0,0,0,0,0,0,0,0,0,0,0,0.24,0,0,0,22,13.52,0,0,0,0.3,0,0,0,0.24,0,0,0,0.02,0.48,1.74,0,0,0,1,0,0
"Mali",1975,0.271156298645179,62.14,0.01,0,0,0,0,0,0,0,0,0,0,0,0,0,0,0,0,0,0,0,1.29,0,0,0.04,24.92,11.85,0,0,0,0.04,0,0,0,0.21,0,0,0,0,0.16,3.67,0,0,0,15.95,4,0
"Mali",1976,0.390827533065759,48.6,0.11,0,0,0,0,0,0,0,0,0,0,0,0,0,0,0,0,0,0,0,0.45,0,0,0,24.27,18.02,0,0,0,0.07,0,0,0,2.3,1.47,0,0,0,0.08,0.83,0,0,0,0,1,0
"Mali",1977,0.259244594396559,63.58,0.16,0,0,0,0,0,0,0,0,0,0,0,0,0,0,0,0,0,0,0.39,1.85,0,0,0,25.9,16.39,0,0,0,0.06,0,0,0,5.9,0.04,0,0,0,1.25,0.46,0,0,3.05,7.67,0.46,0
"Mali",1978,0.273023541147403,79.33,6.07,0,0,0,0,0,0,0,0,0,0,0,0,0,0,0,0,0,0,0.02,1.47,0,0,0,33.11,22.35,0,0,0,0.04,0,0,0,8.35,1.65,0,0,0,1.32,0.28,0,0,2.55,1.5,0.62,0
"Mali",1979,0.439164429049343,144.09,1.9,0,0,0,0,0,0,0,0,0,0,0,0,0,0,0,0,0,0,0.02,2.93,0,0,0,31.43,89.71,0,0,0,0.03,0,0,0,5.37,0.51,0,0,0,1.86,1.04,0,0,4.52,3.89,0.88,0
"Mali",1980,0.238925113752353,113.21,4.12,0,0,0,0,0,0,0,0,0,0,0,0,0,0,0,0,0,0,0.01,1.82,0,0,0,45,27.03,0,0,0,0.13,0,0,0,12.54,0.61,0,0,0,4.14,0.54,0,0,3.79,8.47,5.01,0
"Mali",1981,0.358524225181783,126.34,5.05,0,0,0,0,0,0,0,0,0,0,0,0,0,0,0,0,0,0,0.19,1.44,0,0.01,0,65.71,36.08,0,0,0,0,0,0,0,6.35,0.52,0,0,0,3.84,0.57,0,0,2.19,3.84,0.55,0
"Mali",1982,0.201783497758676,98.94,4.68,0,0,0,0,0,0,0,0,0,0,0,0,0,0,0,0,0,0,0.03,1.54,0,0,0,28.4,28.88,0,0,0,0.3,0,0,0,3.59,0,0,0,0,6.41,0.19,0,0,12.9,8.98,3.04,0
"Mali",1983,0.148517190500103,107.14,8.55,0,0,0,0,0,0,0,0,0,0,0,0,0,0,0,0,0,0,0.28,2.71,0,0.02,0.01,27.93,17.13,0,0,0,1.97,0,0,0,7.96,0.29,0,0,0,7.27,0.29,0,0,9.5,17.55,5.68,0
"Mali",1984,0.434244022782219,202.27,1.5,0,0,0,0.29,0,0,0,0,0,0,0,0,0,0,0,0,0,0,0.13,1.29,0,3.13,0.46,129.94,19.3,0,0,0,10.4,0,0,0,15.57,2.75,0,0,0,6.27,0.71,0,0,0.06,9.85,0.62,0
"Mali",1985,0.321041939678587,224.81,3.7,0,0,0,0,0,0,0,0,0,0,0,0,0,0,0,0,0,0,0.02,4.32,0,0.96,0,121.03,28.05,0,0,0,9.52,0,0,0,15.45,2.69,0,0,0,5.61,0.96,0,0,11.14,14.91,6.45,0
"Mali",1986,0.17718018264599,195.39,5.32,0,0,0,0.02,0,0,0,0,0,0,0,0,0,0,0,0,0,0,0.03,2.36,0,0.61,0.31,66.99,24.21,0,0,0,26.38,0,0,0,19.97,4.54,0,0,0,8.21,1.74,0,0,6.86,9.69,18.15,0
"Mali",1987,0.199338950787607,181.86,8.9,0,0,0,0,0,0,0,0,0,0,0,0,0,0,0,0,0,0,0.25,4.2,0,0.24,0,66.19,31.61,0,0,0.01,20.89,0,0,0,22.4,2.41,0,0,0,10.07,1.61,0,0,3.57,6.94,2.57,0
"Mali",1988,0.196009734980103,223.43,9.81,0,0,0,0,0,0,0,0,0,0,0,0,0,0,0,0,0,0,0.23,2.1,0,3.74,0,78.64,39.06,0,0,0.01,34.39,0,0,0,23.23,10.32,0,0,0,8.98,2.13,0,0,3.08,5.75,1.96,0
"Mali",1989,0.229670280722775,267.61,27.62,0,0,0,0.02,0,0,0,0,0,0,0,0,0,0,0,0,0,0,0.22,0.86,0,2.19,0,110.48,39.91,0,0,0,27.8,0,0,0,29.2,13.55,0,0.01,0,5,1.9,0,0,2.28,6.14,0.43,0
"Mali",1990,0.261239650186195,286.38,12.28,0,0,0,0.04,0,0,0,0,0,0,0,0,0,0,0,0,0,0,0.23,4.41,0,2.94,0,134.15,31.01,0,0,0,16.3,0,0.28,0,35.45,10.97,0,0,0,16.83,1.74,0,0,0.76,18.94,0.05,0
"Mali",1991,0.242158031561774,234.01,16.47,0.1,0,0,0,0,0,0,0,0,0,0,0,0,0,0,0,0,0,0.65,2.88,0,2.27,0.03,99.18,44.39,0,0,0,8.8,0,0.26,0,28.31,9.15,0,0,0.11,13.38,2.6,0,0,0.8,4.39,0.24,0
"Mali",1992,0.26700426901473,207.52,9.98,0.1,0,0,0,0,0,0,0,0,0,0,0,0,0,0,0,0,0,0.41,2.16,0,3.08,0.04,97.64,24.09,0,0,0,7.07,0,0.36,0,30.8,7.5,0,0.02,0,8.75,2.26,0,0,0.64,11.5,1.12,0
"Mali",1993,0.28478700778124,182.4,9.09,0.06,0,0,0,0,0,0,0,0,0,0,0,0,0,0,0,0,0,0.26,1.77,0,6.39,0,89.42,24.65,0,0,0,4.26,0,0.23,0,24.18,8.89,0,0.08,0.15,5.59,1.65,0,0,0.39,0,5.34,0
"Mali",1994,0.252865848306478,218.82,22.31,0.07,0,0,0,0,0,0,0,0,0,0,0,0,0,0,0,0,0,0.32,7.35,0,4.42,0,100.09,25.68,0,0,0,17.7,0,0.3,0,20.86,7.7,0,0.08,0.01,6.51,1.48,0,0,0.46,2.09,1.39,0
"Mali",1995,0.226563342789557,252.04,48.21,0.08,0,0,0,0,0,0,0,0,0,0,0,0,0,0,0,0,0,0.24,3.68,0,6.55,0,92.95,46.2,0,0,0.01,0.7,0,0.67,0,33.42,8.97,0,0.19,0.25,5.74,1.69,0,0,1.69,0.31,0.49,0
"Mali",1996,0.195839136622906,293.75,38.43,0.08,0,0,0,0.04,0,0,0,0,0,0,0,0,0,0,0,0,0,0.27,11.32,0,4.63,0,93.74,65.69,0,0,0.03,1.83,0,1,0,42.82,9.89,0,0.1,0.83,5.6,13.87,0,0,3.09,0.06,0.43,0
"Mali",1997,0.20816985446549,224.63,26.38,0.05,0,0,0,0.1,0,0,0,0,0,0,0,0,0,0,0,0,0,0.1,4.23,0,3.51,0,73.52,55.69,0,0,0.11,3.72,0,1.15,0,33.49,8.03,0,0.18,0.81,7.52,1.49,0,0.04,2.7,1.81,0,0
"Mali",1998,0.216532126628803,213.52,27.22,0.01,0,0,0,0,0,0,0,0.02,0,0,0,0,0.06,0,0,0,0,0.09,3.18,0,0.75,0,71.1,51.38,0,0,0.13,0.12,0,1.46,0,36.07,8.1,0,0.21,0.81,6.44,1.32,0,0.07,2.46,2.52,0,0
"Mali",1999,0.216968296820195,206.52,27.58,0.01,0,0,0,0.14,0,0,0,0.03,0,0,0,0,0.04,0,0,0,0,0.08,5.55,0,0.49,0,72.51,48.76,0,0,0.05,0.35,0,2.14,0,26.22,8.66,0,1.14,0.29,5.91,1.2,0,0.06,4.63,0.68,0,0
"Mali",2000,0.268015046363655,252.28,34.35,0.02,0,0,0.04,0.2,0,0,0,0,0,0,0,0,0.03,0,0,0,0,0.06,6.25,0,0.06,0.01,113.58,31.64,0,0,0,0.21,0,3.6,0,42.52,6.58,0.05,0.06,0.44,7.64,1,0,0.09,3.67,0.18,0,0
"Mali",2001,0.22420246428492,199.63,25.01,0.11,0,0,0,0.11,0,0,0,0.07,0,0,0,0,0.02,0,0,0,0,0.05,6.62,0,0.05,0.04,77.69,19.29,0,0,0,0.23,0,5.18,0,41.47,6.73,0,0.69,4.36,4.95,1.14,0,0.02,1.54,4.26,0,0
"Mali",2002,0.206696203647854,213.83,18.9,0.01,0,0,0,0,0,0,0,0.02,0,0,0,0,0.02,0,0,0.01,0,0.04,8.81,0,0.06,0.05,80.64,27.95,0,0,0,1.47,0,5.39,0,38.17,7.11,0,0.4,9.11,7.91,6.84,0,0.05,0.87,0,0,0
"Mali",2003,0.245313902039479,212.73,14.89,0.06,0,0,0,0.04,0,0,0,0.07,0,0,0,0,0.01,0,0,0.02,0,0.07,4.46,0,0.05,0.06,90.45,23.53,0,0,0.08,0.13,0,6.4,0,42.62,7.48,0,1.27,11.46,8.85,0.21,0,0.02,0.5,0,0,0
"Mali",2004,0.213705283616729,340.05,86.07,0.07,0,0,0,0.05,0,0,0,0.23,0,0,0,0,0.01,0,0,0,0,0.11,9.18,0,0.02,0.1,109.46,26.36,0.01,0,0.15,1.55,0,7.61,0,64.14,8.01,0,1.27,14.89,8.87,0.37,0,0.01,1.51,0,0,0
"Mali",2005,0.19209820652412,311.5,23.2,0.07,0,0,0,0.4,0,0,0,0.06,0,0,0,0,0,0,0,0,0,0.19,9.49,0,0,0.18,108.56,29.04,0.07,0,0.12,0,0,11.19,0,65.83,13.82,0.02,5.25,21.7,12.96,1.31,0,0,8.04,0,0,0
"Mali",2006,0.167949681106587,341.15,26.74,0.01,0,0,0,0,0,0,0,0.36,0,0,0,0,0,0,0,0,0,0.01,13.26,0.21,0.79,0.19,106.56,40.15,0.01,0,0.09,2.22,0,9.45,0,66.12,17.01,0,8.65,25.39,10.27,4.12,0,0,9.51,0,0,0.03
"Mali",2007,0.284822779022586,481.7,9.65,0,0,0,0,0,0,0,0,0.3,0,0,0,0,0.01,0,0,0,0,0.03,19.36,0.02,8.61,0.13,240.75,40.64,0.01,0,0.64,1.83,0,16.86,0,64.87,16.08,0,17.48,26.48,11.47,0,0,0.02,6.44,0,0,0.02
"Mali",2008,0.144587502254902,409.5,34.52,0.27,0,0,0,0,0,0,0,0.7,0,0,0,0,0,0,0,0,0,0.06,23.4,0.32,12.54,0.12,109.11,39.39,0.01,0,0.45,1.43,0,20.21,0,79.58,14.92,0,31.15,29.27,9.74,0,0,0.07,1.99,0,0,0.25
"Mali",2009,0.13251079212593,409.18,35.51,0.42,0,0.02,0,0,0,0,0,0.45,0,0,0,0,0,0,0,0,0,0.43,19.61,0.29,18.36,0.11,98.44,46.91,0.01,0,0,3.85,0,22.75,0,77.33,12.57,0,24.3,28.87,14.13,0.03,0,0.1,4.21,0,0.33,0.15
"Mali",2010,0.126659604335325,414.23,38.29,0.44,0,0.01,0.01,0,0,0,0,0.24,0,0,0,0,0,0,0,0,0,0.19,18.72,0.42,30.58,0.73,98.92,60.32,0.01,0,0.2,2.59,0,14.24,0,56.69,15.95,0.01,28.4,27,18.49,0,0,0.05,1.18,0,0.13,0.42
"Mali",2011,0.11059958365136,433.83,44.14,12.92,0,0,0.9,0,0,0,0,0.24,0,0,0,0,0,0,0,0,0,0.9,19.58,0.31,31.79,1.17,95.95,39.35,0,0,0,1.77,0,24.65,0,59.44,13.3,0,20.79,33.18,25.79,1.44,0,0.02,5.17,0,0.84,0.19
"Mali",2012,0.112994373428632,320.45,4.52,1.1,0,0,9.92,0,0,0,0,0.43,0.06,0,0,0,0.43,0,0.71,0,0,0.49,15.62,0,15.39,1.46,61.57,52.28,0,0,1.43,1.14,0,20.29,0,46.07,16.3,0.01,14.61,29.13,24.63,0.34,0,0.02,1.45,0,0.07,0.98
"Mali",2013,0.0984708727350656,538.7,53.56,9.32,0,0.01,6.02,0,0,0,0,0.17,0,0,0.03,0,0.32,0.03,0.96,0.05,0.04,1.08,30.95,0.02,40.85,2.73,100.94,68.08,0,0.1,4.53,2.75,0,22.74,0,60.26,22.39,0.04,21.1,44.94,29.51,0.5,0,0.01,8.56,0,0.01,6.1
"Mali",2014,0.127241074953842,453.34,24.29,7.19,0,0,0.3,0,0,0,0,0.01,0,0,0,0,0.01,0,2,0,0,0.41,19.34,0,34.96,0.93,113.99,74.66,0.07,0,1.45,2.69,0,13.36,0,44.36,20.17,0.03,12.66,33.89,37.78,0.94,0,0,6.12,0,0.2,1.53
"Mali",2015,0.167199300470072,457.3,20.96,9.15,0,0,0.22,0,0,0,0,0,0,0,0,0,0.01,0,0,0,0.03,0.27,22.09,0,26.41,0.84,163.83,43.45,0,0,1.37,4.12,0,14.1,0,37.47,17.27,0,9.04,32.37,36.16,0.18,0,0,11.9,0,5.35,0.71
"Mali",2016,0.107013207369333,399.02,9.24,15.85,0,0.06,3.36,0,0,0,0,0.03,0,0,0,0.01,0.01,0.08,0,0,0,0.05,23.01,0,39.68,0.5,73.89,68.64,0,0,0.84,2.22,0,17.93,0,34,17.28,0.04,10.93,35.2,34.44,0,0,0,9.07,0,0.13,2.53
"Mali",2017,0.123470259765768,440.33,19.99,12.11,0,0.02,0.05,0,0,0,0,0.06,0,0,0,0.04,0.01,0,0,0,0,0.88,13.64,0,26.84,0.35,108.24,74.15,0,0,0.38,1.4,0,18.84,0,37.68,21.7,0.09,10.62,39.39,32.79,0.08,0,0,2.67,0,16.57,1.74
"Mali",2018,0.134242770220171,541.27,6.55,0,0,0,3.93,0,0,0,0,1.87,0.08,0,0,0.15,0.01,0.01,0,0,0,0.1,14.14,0,33.43,0.26,99.51,135.57,0,0,0.44,6.39,0,27.59,0,52.77,32.06,0.31,20.73,51.94,42.87,9.36,0,0.03,0,0,0.85,0.32
"Mali",2019,0.165976724249302,846.91,8.54,0,0,0,4.16,0,0,0,0,1.78,0.11,0.01,0,0.15,0.04,0.01,0,0,0,1.98,19.2,0,46.82,0.23,124.38,119.12,0,0,1.57,4.66,0,28.91,0,45.03,34.2,0.26,22.7,52.61,41.29,7.6,0,0,0,0,278.6,2.95
"Mali",2020,0.129492753784842,569.57,8.56,0,0,0,0.02,0,0,0,0,2.04,0.23,0.02,0,0.2,0.38,0.01,0,0,0,0.14,18.29,0,52.47,0.73,134.36,116.09,0,0.17,1.22,11.18,0,24.82,0.02,32.22,35.98,0.52,22.41,38.31,44.6,12.37,0.11,0,0,0,11.18,0.92
"Mali",2021,0.127258774117819,616.9,16.31,0,0,0,0,0,0,0,0,1.9,0,0.1,0.01,0.12,0.02,0.01,0,0,0,1.74,21.63,0,90.6,1.14,128.68,118.36,0,0.17,1.12,8.91,0.33,21.44,0,50.49,27.77,0.27,17.33,52.93,42.58,11.66,0,0.03,0.17,0,0.48,0.6
"Mali",2022,0.115189182303421,943.472555,10.903284,0.51168,0,0.000276,7.445264,0,0,0,0,3.411074,0,3.069396,0,0,0.014216,0.010332,0,0,0,4.638826,38.97205,0,61.089723,1.191128,169.532521,194.743778,0,0.332008,1.748384,27.73095,2.451752,50.963542,0,101.562586,40.541633,1.622954,35.171666,74.525032,88.303884,21.723646,0,0,0,0,0,1.26097
"Mali",2023,0.111091993815001,867.310987,32.62834,0.65816,0,0,0.109836,0,0,0,0,0,0,0.21159,0,0,0.025894,0.014156,0,0,0,5.750772,38.698694,0,64.232798,1.639058,53.135925,204.600254,0,0.434934,2.12022,24.395872,2.856612,49.751658,0.002998,98.601262,50.469274,0.221084,40.050968,89.191083,81.910245,23.066368,0,0,0,0,0.479374,2.053558
"Mali",2024,0.102536597415455,671.785043,25.863682,5.15984,0,0,0.075393,0,0,0,0,0,0,0.502044,0,0,0.012506,0.027994,0,0,0,7.186382,43.504098,0,30.979895,1.08471,65.705133,137.88204,0,0.276996,2.044358,8.79405,2.499592,41.407158,0,93.89924,27.890427,0.012386,41.906174,54.383053,49.865495,27.075165,0,0,0,0,0,3.747232
"Mauritania",1960,NA,0,0,0,0,0,0,0,0,0,0,0,0,0,0,0,0,0,0,0,0,0,0,0,0,0,0,0,0,0,0,0,0,0,0,0,0,0,0,0,0,0,0,0,0,0,0,0
"Mauritania",1961,1,0.02,0,0,0,0,0,0,0,0,0,0,0,0,0,0,0,0,0,0,0,0,0,0,0,0,0,0.02,0,0,0,0,0,0,0,0,0,0,0,0,0,0,0,0,0,0,0,0
"Mauritania",1962,NA,0,0,0,0,0,0,0,0,0,0,0,0,0,0,0,0,0,0,0,0,0,0,0,0,0,0,0,0,0,0,0,0,0,0,0,0,0,0,0,0,0,0,0,0,0,0,0
"Mauritania",1963,1,0.01,0,0,0,0,0,0,0,0,0,0,0,0,0,0,0,0,0,0,0,0,0,0,0,0,0,0.01,0,0,0,0,0,0,0,0,0,0,0,0,0,0,0,0,0,0,0,0
"Mauritania",1964,0.977249941379882,11.33,0,0,0,0,0,0,0,0,0,0,0,0,0,0,0,0,0,0,0,0,0,0,0,0,11.2,0.06,0,0,0,0,0,0,0,0,0,0,0,0,0,0.07,0,0,0,0,0,0
"Mauritania",1965,0.989446207318703,7.54,0,0,0,0,0,0,0,0,0,0,0,0,0,0,0,0,0,0,0,0,0,0,0,0,7.5,0.04,0,0,0,0,0,0,0,0,0,0,0,0,0,0,0,0,0,0,0,0
"Mauritania",1966,0.610161682603063,20.27,0,0,0,0,0,0,0,0,0,0,0,0,0,0,0,0,0,0,0,0,0,0,0,0,5.3,0.05,0,0,0,0,0,0,0,0,0,0,0,0,0,0,0,0,0,14.92,0,0
"Mauritania",1967,0.982722694500216,9.18,0,0,0,0,0,0,0,0,0,0,0,0,0,0,0,0,0,0,0,0,0,0,0,0,9.1,0.08,0,0,0,0,0,0,0,0,0,0,0,0,0,0,0,0,0,0,0,0
"Mauritania",1968,0.891563756106842,8.17,0,0,0,0,0,0,0,0,0,0,0,0,0,0,0,0,0,0,0,0,0,0,0,0,7.7,0.47,0,0,0,0,0,0,0,0,0,0,0,0,0,0,0,0,0,0,0,0
"Mauritania",1969,0.821463457163662,7.87,0,0,0,0,0,0,0,0,0,0,0,0,0,0,0,0,0,0,0,0,0.01,0,0,0,7.1,0.68,0,0,0,0,0,0,0,0,0,0,0,0,0.08,0,0,0,0,0,0,0
"Mauritania",1970,0.761892984340551,5.32,0,0,0,0,0,0,0,0,0,0,0,0,0,0,0,0,0,0,0,0,0.01,0,0,0,4.6,0.63,0,0,0,0.08,0,0,0,0,0,0,0,0,0,0,0,0,0,0,0,0
"Mauritania",1971,0.752802832481993,5.37,0,0,0,0,0,0,0,0,0,0,0,0,0,0,0,0,0,0,0,0,0,0,0,0,4.6,0.74,0,0,0,0.03,0,0,0,0,0,0,0,0,0,0,0,0,0,0,0,0
"Mauritania",1972,0.784143999460928,8.44,0,0,0,0,0,0,0,0,0,0,0,0,0,0,0,0,0,0,0,0,0,0,0,0,7.42,0.89,0,0,0,0,0,0,0,0.05,0,0,0,0,0,0.08,0,0,0,0,0,0
"Mauritania",1973,0.573498316234631,13.56,0,0,0,0,0,0,0,0,0,0,0,0,0,0,0,0,0,0,0,0,0.15,0,0,0,9.57,3.72,0,0,0,0,0,0,0,0.05,0,0,0,0,0.02,0.05,0,0,0,0,0,0
"Mauritania",1974,0.363398405876951,41.25,1.94,0,0,0,0,0,0,0,0,0,0,0,0,0,0,0,0,0,0,0,0.05,0,0,0,11.72,6.01,0,0,0,0.22,0,0,0,0,0,0,0,0,0.11,0,0,0,0.2,21,0,0
"Mauritania",1975,0.296106118743043,40.1,0.23,0,0,0,0,0,0,0,0,0,0,0,0,0,0,0,0,0,0,0,0.5,0,0,0,9.25,2.23,0,0,0,0,0,0,0,0.02,0,0,0,0,0.2,0.02,0,0,12.6,0,15.05,0
"Mauritania",1976,0.608049500526334,154.6,0.02,0,0,0,0,0,0,0,0,0,0,0,0,0,0,0,0,0,0,0,0.25,0,0,0,14.36,2.92,0,0,0,0.14,0,0,0,0.09,0,0,0,0,0.23,0.02,0,0,7.59,119,9.98,0
"Mauritania",1977,0.406362625963866,133.26,2.25,0,0,0,0.02,0,0,0,0,0,0,0,0,0,0,0,0,0,0,0.04,0.76,0,0,0,12.9,5.27,0,0,0,0,0,0,0,0.04,0,0,0,0,0.45,0.03,0,0,23.5,80,8,0
"Mauritania",1978,0.411369334361799,163.86,0.05,0,0,0,0,0,0,0,0,0,0,0,0,0,0,0,0,0,0,0.03,0.92,0,0,0.12,15.62,16.18,0,0,0,0,0,0,0,1.85,0,0,0,0,0.52,1.01,0,0,22.56,100,5,0
"Mauritania",1979,0.207458106592809,66.93,0.2,0,0,0,0,0,0,0,0,0,0,0,0,0,0,0,0,0,0,0.07,1.04,0,0,0,18.19,9.09,0,0,0,0,0,0,0,0.56,0.28,0,0,0,0.6,0,0,0,10.15,18.53,8.22,0
"Mauritania",1980,0.252443233120088,100.39,0.32,0,0,0,0,0,0,0,0,0,0,0,0,0,0,0,0,0,0,0.06,0.27,0,0,0.05,21.9,12.06,0,0,0,0.01,0,0,0,4.69,0,0,0,0,0.53,0.1,0,0,22.2,37.46,0.74,0
"Mauritania",1981,0.212496661486313,117.09,2.69,0,0,0,0,0,0,0,0,0,0,0,0,0,0,0,0,0,0,0.05,0.2,0,0,0,31.62,8,0,0,0,0,0,0,0,4.51,0,0,0,0,0.36,0.75,0,0,14.5,35.29,19.12,0
"Mauritania",1982,0.195069430634985,100.71,8.95,0,0,0,0,0,0,0,0,0,0,0,0,0,0,0,0,0,0,0.04,0.42,0,0.83,0.09,22.93,13.73,0,0,0,0.24,0,0,0,0.95,0,0,0,0,0.29,0.08,0,0,24.23,24.09,3.84,0
"Mauritania",1983,0.184135716114237,93.77,3.64,0,0,0,0,0,0,0,0,0,0,0,0,0,0,0,0,0,0,0.05,0.04,0,1.21,0.09,22.75,16.79,0,0,0,0.49,0,0,0,2.81,0.46,0,0,0,0.72,1.56,0,0,6.35,24.56,12.25,0
"Mauritania",1984,0.212935848021718,88.03,1.51,0,0,0,0,0,0,0,0,0,0,0,0,0,0,0,0,0,0,0.06,0.14,0,0.38,0,21.12,9.03,0,0,0,2.22,0,0,0,2.66,1.58,0,0,0,1.21,0.52,0,0,12.68,30.37,4.55,0
"Mauritania",1985,0.235381914034154,128.87,3.89,0,0,0,0.04,0,0,0,0,0,0,0,0,0,0,0,0,0,0,0.67,1.18,0,0.4,0,33.21,8.02,0,0,0,10.21,0,0,0,2.5,0.09,0,0,0,0.79,1.15,0,0,12.53,49.31,4.88,0
"Mauritania",1986,0.178156157111944,120.46,10.98,0,0,0,0,0,0,0,0,0,0,0,0,0,0,0,0,0,0,0.15,0.28,0,0.49,0,36.22,15.17,0,0,0,20.03,0,0,0,3.87,0.28,0,0,0,0.03,0.31,0,0,20.22,9.36,3.07,0
"Mauritania",1987,0.193171707020365,112.31,5.19,0,0,0,0,0,0,0,0,0,0,0,0,0,0,0,0,0,0,0.18,0.59,0,11.12,0,43.05,7.64,0,0,0,10.75,0,0,0,7.19,1.9,0,0,0,0.1,0.29,0,0,10.1,7.12,7.09,0
"Mauritania",1988,0.280792682194993,126.48,4.7,0,0,0,0,0,0,0,0,0,0,0,0,0,0,0,0,0,0,0.19,0.35,0,2.19,0,61.35,15.81,0,0,0,9.33,0,0,0,5.83,0.47,0,3.2,0,0.26,0.33,0,0,3.23,17.49,1.75,0
"Mauritania",1989,0.288587931534578,166.92,9.34,0,0,0,0,0,0,0,0,0,0,0,0,0,0,0,0,0,0,0.08,0.01,0,2.22,0.05,61.99,62.3,0,0,0,11.1,0,0,0,3.89,0.58,0,1.63,0,0.4,0.25,0,0,7.41,5.28,0.39,0
"Mauritania",1990,0.315344641709018,107.19,3.2,0,0,0,0,0,0,0,0,0,0,0,0,0,0,0,0,0,0,0.25,0.39,0,1.66,0,55.57,16.53,0,0,0,8.85,0,0,0,11.95,0.87,0,0.3,0.27,0.22,0.12,0,0,2.49,4.52,0,0
"Mauritania",1991,0.480686896020219,115.55,9.04,0,0,0,0,0,0,0,0,0,0,0,0,0,0,0,0,0,0,0.13,0.41,0,1.02,0,77.5,17.26,0,0,0,4.51,0,0,0,0,0.35,0,2.86,0.26,0.35,0.5,0,0,0,1.36,0,0
"Mauritania",1992,0.417084328094432,123.84,8.13,0.08,0,0,0,0,0,0,0,0,0,0,0,0,0,0,0,0,0,0.13,0.29,0,0.55,0,76.81,19.12,0,0,0,4.2,0,0.01,0,4.49,1.94,0,3.34,0.52,0.66,0.21,0,0,0.01,3.35,0,0
"Mauritania",1993,0.390348589622723,205.15,57.27,0.01,0,0,0.03,0,0,0,0,0,0,0,0,0,0,0,0,0,0,0.13,0.15,0,1.49,0,113.44,13.23,0,0,0,3.94,0,0,0,0.47,0.27,0,7.24,0.61,0.9,0.2,0,0,0.01,5.76,0,0
"Mauritania",1994,0.379390836882817,136.01,36.22,0.19,0,0,0.12,0,0,0,0,0,0,0,0,0,0,0,0,0,0,1.24,0.03,0,1.44,0,72.96,19.38,0,0,0,1,0,0,0,0.3,0.12,0,1.05,0,0.12,0.79,0,0,0,1.05,0,0
"Mauritania",1995,0.333926793399103,135.17,50.04,0.23,0,0,0.08,0,0,0,0,0,0,0,0,0,0,0,0,0,0,0.75,0.04,0,1.01,0,58.31,12.03,0,0,0.06,2.16,0,0.03,0,0.21,0.21,0,6.5,0.07,0.37,1.17,0,0,0.44,1.42,0.04,0
"Mauritania",1996,0.354142785859014,108.18,31.84,0.17,0,0,0,0,0,0,0,0,0,0,0,0,0,0,0,0,0,0.66,0.01,0,1,0,54.38,12.26,0,0,0.05,0.39,0,0.08,0,0.18,0.38,0,4.46,0.32,0.18,0.53,0,0,0.03,0.23,1.03,0
"Mauritania",1997,0.298519410546519,103.7,37.28,0.18,0,0,0,0,0,0,0,0,0,0,0,0,0,0,0,0,0,0.51,0,0,0.92,0,38.69,17,0,0,0.13,0.5,0,0,0,1.01,0.55,0,5.6,0.2,0.27,0.42,0,0.01,0,0.2,0.23,0
"Mauritania",1998,0.292414149953601,86.65,25.38,0.12,0,0,0,0,0,0,0,0,0,0,0,0,0,0,0,0,0,0.53,2.47,0,0,0,36.53,13.97,0,0,0.02,0.66,0,0,0,0.86,0.27,0,3.52,0.25,0.17,0.72,0,0,0,0.13,1.05,0
"Mauritania",1999,0.247474909104746,100.51,34.57,0.1,0,0,0,0,0,0,0,0,0,0,0,0,0.01,0,0,0,0,0.49,0.86,0,0,0,30.44,17.48,0,0,0.06,3.66,0,0,0,0.25,0.36,0,6.48,0.2,0.03,0.32,0,0.21,1.15,0,3.84,0
"Mauritania",2000,0.2660577763128,89.44,31.98,0.05,0,0,0.23,0,0,0,0,0,0,0,0,0,0,0,0,0,0,0.55,2.22,0,0,0,31.31,7.61,0,0,0,0.64,0,0,0,4.61,0.38,0,5.82,0.2,0.12,0.99,0,0.25,0,0,2.3,0.18
"Mauritania",2001,0.252491429751637,80.74,31.4,0.07,0,0,0,0,0,0,0,0,0,0,0,0,0,0,0,0,0,0.47,1.21,0,0,0.01,22.13,9.7,0,0,0,1.42,0,0,0,3.51,0.42,0.09,7.61,0.38,0.37,1.03,0,0.06,0,0.01,0.85,0
"Mauritania",2002,0.14109568470296,149.79,14.78,0.21,0,0,0,0,0,0,0,0,0,0,0,0,0,0,0,0,0,9.72,1.87,0,0,0,26.36,25.92,0.1,0,0.07,2.1,0,0,0,27.58,0.53,0.24,18.42,0.31,0.4,19.37,0,0.11,1.55,0,0.15,0
"Mauritania",2003,0.286623047539922,114.11,23.94,0.1,0,0,0,0,0,0,0,0,0,0,0,0,0,0,0,0,0,0.1,1.42,0,0,0.11,52.22,10.33,0.12,0,0.12,2.21,0,0,0,0.56,0.82,0,17.68,1.05,0.85,1.63,0,0.5,0,0,0.35,0
"Mauritania",2004,0.367599489334289,159.88,84.68,0.62,0,0,0,0,0,0,0,0,0,0,0,0,0,0,0,0,0,0.07,0.63,0,0,0.71,44.1,11.29,0,0,0.12,2.42,0,0.1,0,0.75,0.74,0,12.02,0.41,0.45,0.51,0,0.26,0,0,0,0
"Mauritania",2005,0.25209742646447,91.06,14.72,0.12,0,0,0,0.35,0,0,0,0,0,0,0,0,0,0,0,0,0,0.03,4.15,0,0,0.03,37.85,12.48,0.01,0,0.21,1.92,0,0,0,0.6,0.83,0,16.2,0.59,0.48,0,0,0.1,0.39,0,0,0
"Mauritania",2006,0.267838136076208,87.24,12.08,0.08,0,0,0,0,0,0,0,0,0,0,0,0.02,0,0,0,0,0,0.01,2.54,0,0,0.05,38.99,13.78,0.01,0,0.76,2.07,0,0,0,0.4,0.45,0,12.97,1.12,0.41,0.98,0,0.32,0.2,0,0,0
"Mauritania",2007,0.256554722289957,130.97,23.45,0.14,0,0,0,0,0,0,0,0.01,0,0,0,0,0,0,0,0,0,0.02,1.58,0,0,0.2,44.86,12.88,0.01,0,0.18,3.58,0,0,0,0.08,0.66,0,40.68,0.82,0.76,0.07,0,0.65,0.34,0,0,0
"Mauritania",2008,0.212679939164035,171.39,14.49,0.02,0,0.01,0,0,0,0,0,0.04,0,0.01,0,0,0,0,0,0,0,0.01,2.12,0,0,0.19,36.6,17.37,0.04,0,0.2,10.69,0,0,0,0.21,0.91,0,62.15,1.14,1.03,0,0,0.14,19.85,0,0,4.17
"Mauritania",2009,0.225439942229882,134.11,9.63,0.04,0,0,0,0,0,0,0,0.01,0,0.02,0,0,0.01,0,0,0,0,0,1.13,0,0,0.24,37.59,11.61,0.03,0,0,5.56,0,0,0,0,0.65,0,44.74,0.81,0.51,0.78,0,0,19.42,0,1,0.33
"Mauritania",2010,0.21442841001552,134.47,14.56,0.08,0,0,0,0,0,0,0,0.01,0,0.01,0,0,0,0,0,0,0,0,0.54,0,0,0.23,44.19,9.93,0.05,0,0,2.12,0,0,0,0,0.59,0,34.69,0.47,0.51,6.97,0,0,18.87,0,0.19,0.46
"Mauritania",2011,0.25489098254369,153.46,10.14,0.1,0,0,0.08,0,0,0,0,0.01,0,0,0,0,0.01,0,0,0,0,0,0.37,0,0,0.24,64.24,9.3,0.02,0,0.25,2.22,0,0,0,0,0.64,0,36.24,1.41,0.23,13.74,0,0,13.28,0,0.54,0.4
"Mauritania",2012,0.273477715806772,202.73,13.38,0,0,0,0.58,0,0,0,0,0.01,0,0,0,0,0,0,0.02,0,0,0.32,0.64,0,0,0.48,90.93,24.13,0.01,0,0.38,2.09,0,0.06,0,0,2.19,0,9.06,3.72,0.61,0.66,0,0,6.49,0,45.37,1.6
"Mauritania",2013,0.197219476844104,119.55,23.6,0,0,0,0.07,0,0,0,0,0.01,0,0,0,0,0,0,0,0,0,0,0.29,0,0,0.25,40.51,16.77,0,0,0.98,3.08,0,0,0,0,1.03,0,15.91,3.8,0.29,2.52,0,0,5.67,0,0.12,4.65
"Mauritania",2014,0.177613796002725,112.18,22.46,0,0,0,0.03,0,0,0,0,0,0,0,0,0,0,0,0,0,0,0.01,0.58,0,0,0.25,30.84,14.44,0,0,0.31,1.05,0,0,0,0,0.76,0,8.27,2.63,0.32,2.81,0,0,21.53,0,1.41,4.48
"Mauritania",2015,0.161603405685417,151.44,19.92,0,0,0.01,0.05,0,0,0,0,0,0,0,0,0,0.02,0,0,0,0,0,0.65,0,0,0.23,24.31,17.06,0,0,0.26,2.07,0,0.11,0,0,0.77,0,16.09,0.69,0.68,1.19,0,0,11.39,0,43.24,12.7
"Mauritania",2016,0.208132016162733,133.7,15.58,0.01,0,0,0.01,0,0,0,0,0,0,0,0,0,0,0,0,0,0,0,0.38,0,0,0.14,26.1,16.49,0,0,0.22,1.76,0,0,0,0,0.09,0.01,5.24,0,0.44,0.26,0,0,15.6,3.22,47.32,0.83
"Mauritania",2017,0.199031076538783,89.13,12.73,0,0,0,0.11,0,0,0,0,0,0,0,0,0,0,0,0,0,0,0,0.16,0,0,0.15,27,18.65,0,0,0.37,2,0,0,0,0.04,0,0.02,5.79,0,0.3,0.41,0,0,17.22,0.55,2.47,1.16
"Mauritania",2018,0.325356445769693,203.48,14.34,0,0,0,0,0,0,0,0,0,0,0,0,0,0,0,0,0,0,0,0.18,0,0,0,29.78,28.51,0,0,0.44,2.87,0,0,0,0,0,0.02,8.79,4.42,0.36,0.05,0,0,106.87,0,6.23,0.62
"Mauritania",2019,0.26311783789705,101.26,9.07,0,0,0,0,0,0,0,0,0.25,0,0,0,0,0,0,0,0,0,0,0.17,0,0,0,42.15,24.29,0,0,0.42,0.08,0,0,0,0.01,0,0,7.59,1.67,0.05,0.04,0,0,13.66,0,1.13,0.68
"Mauritania",2020,0.219443555423834,119.75,11.29,0,0,0,0,0,0,0,0,0,0,0,0,0,0,0,0,0,0,0,0.81,0,0.03,0.23,43.36,26.83,0,0,0.34,0.05,0,0,0,0,0,0,10.12,1.53,0.32,0,0.43,0,7.99,0,15.79,0.63
"Mauritania",2021,0.407412205272006,210.62,8.13,0,0,0,0,0,0,0,0,0.25,0,0.07,0,0,0,0,0,0,0,0,0.42,0,0.02,0,26.54,22.03,0,0,0.4,1.24,0,0,0,0,0,0,16.14,0.97,0.48,0.72,0,0,4.2,0,128.59,0.42
"Mauritania",2022,0.215259702262326,180.785824,19.250822,0,0,0,0,0,0,0,0,0,0,0,0,0,0.007108,0.005492,0,0,0,0,1.659188,0,0,0.305626,57.488446,50.693036,0,0,0.907674,2.199004,0,0,0,0,0,0.319336,17.379232,2.565552,0.807756,0.268532,0,0,0,0,20.867408,6.061612
"Mauritania",2023,0.256532535773383,202.15568,37.909988,0.875256,0,0,0,0,0,0,0,0.450514,0,0,0,0,0,0.021704,0,0,0,0,1.968072,0,0,0.316904,65.616813,65.380008,0,0.059134,0.88905,2.138494,0,0.540658,0,0,0,0,21.080599,3.140824,0.976962,0.014916,0,0,0,0,0,0.775784
"Mauritania",2024,0.20665344497438,194.914589,28.092874,4.844758,0,0,0,0,0,0,0,2.174854,0,0,0,0,0,0.07973,0,0,0,0,0.018018,0,0,0.320562,66.954918,44.92386,0,0,0.949134,2.638504,0,0.524624,0.00074,1.110294,0,0.41774,19.483545,5.184948,0.966358,9.827514,0,0,3.926239,0,0.763393,1.711982
"Mauritius",1968,0.981180914218361,9.51,0,0,0,0,0.01,0,0,0,0,0,0,0,0,0,0,0,0,0,0,0,0.03,0,0.01,0,0,0.02,0,0,0,0,0,0,0,0,0,0,0,0.01,0.01,9.42,0,0,0,0,0,0
"Mauritius",1969,0.970188461093768,4.65,0,0,0,0,0.02,0,0,0,0,0,0,0,0,0,0,0,0,0,0,0,0,0,0.01,0,0,0,0,0,0,0,0,0,0,0,0,0,0,0.01,0.03,4.58,0,0,0,0,0,0
"Mauritius",1970,0.934693877551021,4.2,0,0,0,0,0.04,0,0,0,0,0,0,0,0,0,0,0,0,0,0,0,0,0,0.03,0,0,0.03,0,0,0,0,0,0,0,0,0,0,0,0.01,0.03,4.06,0,0,0,0,0,0
"Mauritius",1971,0.6472914166751,5.26,0,0,0,0,0.21,0,0,0,0,0,0,0,0,0,0,0,0,0,0,0,0.01,0,0.02,0,0.8,0.03,0,0,0,0,0,0,0,0.01,0,0,0,0,0.03,4.15,0,0,0,0,0,0
"Mauritius",1972,0.487071398998833,4.89,0,0,0,0,0.3,0.01,0,0,0,0,0,0,0,0,0,0,0,0,0,0,0,0,0.05,0,1.25,0.07,0,0,0,0,0,0,0,0.02,0,0,0,0,0.03,3.16,0,0,0,0,0,0
"Mauritius",1973,0.415034565217715,8.19,0,0,0,0,0.49,0.01,0,0,0,0,0,0,0,0,0,0,0,0,0,0,0,0,0.1,0,2.63,0.19,0,0,0,0.03,0,0,0,0.06,0,0,0,0,0.14,4.54,0,0,0,0,0,0
"Mauritius",1974,0.395319389888848,12.53,0,0,0,0,0.98,0.05,0,0,0,0,0,0,0,0,0,0,0,0,0,0,0.01,0,0.11,0,5.5,0.17,0,0,0,0.05,0,0,0,0.07,0,0,0,0,0.04,5.55,0,0,0,0,0,0
"Mauritius",1975,0.39155590040462,15.57,0,0,0,0,1.94,0.01,0,0,0,0,0,0,0,0,0,0,0,0,0,0,0.05,0,0.14,0,8.19,0.21,0,0,0,0.04,0,0,0,0.07,0,0,0,0,0.02,4.9,0,0,0,0,0,0
"Mauritius",1976,0.536232404481471,11.8,0.02,0,0,0,0.06,0,0,0,0,0,0,0,0,0,0,0,0,0,0,0,0.05,0,0.11,0,8.03,0.08,0,0,0,0,0,0,0,0.21,0,0,0,0,0.05,3.18,0,0,0,0,0.01,0
"Mauritius",1977,0.553199838933137,13.26,0.17,0,0,0,0.71,0,0,0,0,0,0,0,0,0,0,0,0,0,0,0.01,0,0,0.06,0.01,9.5,0.13,0,0,0,0,0,0,0,0.02,0,0,0,0,0.11,2.54,0,0,0,0,0,0
"Mauritius",1978,0.619318028234527,19.33,0.24,0,0,0,0.75,0,0,0,0,0,0,0,0,0,0,0,0,0,0,0,0.09,0,0.09,0.01,14.94,0.31,0,0,0,0,0,0,0,0.04,0,0,0,0,0.13,2.73,0,0,0,0,0,0
"Mauritius",1979,0.366904169869771,23.17,3.45,0,0,0,1.16,0,0,0,0,0,0,0,0,0,0,0,0,0,0,0,0.31,0,0,0.03,12.65,0.34,0,0,0.04,0,0,0,0,0.16,0,0,0,0,0.19,4.84,0,0,0,0,0,0
"Mauritius",1980,0.378735206870604,24.06,0.52,0,0,0,3.94,0,0,0,0,0,0,0,0,0,0,0,0,0,0,0,0.26,0,0.04,0,13.1,0.41,0,0,0.03,0,0,0,0,0.13,0,0,0,0,0.01,5.62,0,0,0,0,0,0
"Mauritius",1981,0.675135193101654,47.71,0.22,0,0,0,1.18,0,0,0,0,0,0,0,0,0,0,0,0,0,0,0,0.24,0,0.04,0.02,38.74,0.41,0,0,0.03,0,0,0,0,0,0,0,0,0,0.05,5.77,0,0,1.01,0,0,0
"Mauritius",1982,0.371304205421628,27.35,0.44,0,0,0,2.1,0,0,0,0,0,0,0,0,0,0,0,0,0,0,3.53,0.22,0,0.03,0.02,15.78,0.38,0,0,0,0,0,0,0,0.16,0,0,0,0,0.04,2.89,0,0,1.76,0,0,0
"Mauritius",1983,0.485583901566297,25.76,0.4,0,0,0,3.29,0,0,0,0,0,0,0,0,0,0,0,0,0,0,0.01,0.14,0,0,0,17.44,0.67,0,0,0,0,0,0,0,0.17,0,0,0,0,0.04,2.03,0,0,1.57,0,0,0
"Mauritius",1984,0.381768005933594,28.48,3.89,0,0,0,1.75,0,0,0,0,0,0,0,0,0,0,0,0,0,0,0.02,0.11,0,0,0.02,16.76,1.02,0,0,0,0.15,0,0,0,0.04,0.02,0,0,0,0.02,1.44,0,0,2.66,0.58,0,0
"Mauritius",1985,0.330162787406871,22.13,0.9,0,0,0,1.82,0,0,0,0,0,0,0,0,0,0,0,0,0,0,0.01,0.07,0,0,0,11.97,1.45,0,0,0,0.18,0,0,0,0.04,0.01,0,0,0,0.01,2.83,0,0,1.93,0.46,0.45,0
"Mauritius",1986,0.389692985525939,49.86,5.49,0,0,0,1.99,0,0,0,0,0,0,0,0,0,0,0,0,0,0,0,0.07,0,0,0,29.44,1.44,0,0,0.01,0.17,0,0,0,0.04,0.04,0,0,0.14,0.03,7.86,0,0,1.75,0.57,0.82,0
"Mauritius",1987,0.278398028010682,57.42,6.74,0,0,0,1.61,0,0,0,0,0,0,0,0,0,0,0,0,0,0,0.01,0.44,0,0,0,26.97,8.05,0,0,0,0.2,0,0,0,0.05,0.02,0,0,0.41,0.01,7.65,0,0,4.2,0,1.06,0
"Mauritius",1988,0.348042212513406,56.49,3.7,0,0.04,0,3.12,0,0,0,0,0,0,0,0,0,0,0,0,0,0,0.01,0.06,0,0,0.01,31.56,8,0,0,0,0.6,0,0,0,0.05,0.02,0,0,0.08,0.01,4.28,0,0,2.1,1.53,1.32,0
"Mauritius",1989,0.33698534181779,64.17,15.49,0,0.05,0,3.51,0,0,0,0,0,0,0,0,0,0,0,0,0,0,0.01,0,0,0,0.01,33.05,3.8,0,0,0,0,0,0,0,0.05,0.04,0,2.14,0.6,0,4.85,0,0,0.3,0,0.27,0
"Mauritius",1990,0.296672410484492,87.15,7.37,0,0,0,4.15,0,0,0,0,0,0,0,0,0,0,0,0,0,0,0.01,0,0,0,0.03,39.11,24.51,0,0,0,0,0,0.16,0,0.06,0.03,0,0,5.84,0,3.99,0,0,0.32,0.79,0.78,0
"Mauritius",1991,0.623931880170806,75.7,6.34,0.08,0.01,0,2.57,0,0,0,0,0,0,0,0,0,0,0,0,0,0,0.01,0.01,0,0,0.29,59.27,1.2,0,0,0.01,0,0,0.16,0,0.02,0.03,0,0,2.1,0.01,3.1,0,0,0,0.29,0.2,0
"Mauritius",1992,0.605283318949029,54.62,1.89,0,0.1,0,3.97,0,0,0,0,0,0,0,0,0,0,0,0,0,0,0.01,0.03,0,0,0.29,42.08,0.9,0,0,0,0.01,0,0.07,0,0,0.06,0,0,0.41,0.03,3.68,0,0,0.05,1.04,0,0
"Mauritius",1993,0.422319172171722,48.83,1.66,0.07,0.08,0,2.53,0,0,0,0,0,0,0,0,0,0,0,0,0,0,0,0.48,0,0,0.21,30.37,8.2,0,0,0.01,0,0,0.54,0,0.02,0.04,0,0,0.42,0,2.43,0,0,0.84,0.93,0,0
"Mauritius",1994,0.492073303677996,26.68,1.22,0.04,0.07,0,2.14,0,0,0,0,0,0,0,0,0,0,0,0,0,0,0,0.29,0,0,0.21,18.42,0.65,0,0,0.01,0,0,0.69,0,0.02,0,0,0,0.34,0,1.87,0,0,0.3,0.41,0,0
"Mauritius",1995,0.464368753537232,51.42,8.3,0.04,0.08,0,2.1,0.02,0,0,0,0,0,0,0,0,0,0,0,0,0,0.01,0.4,0,0,0.29,33.79,0.83,0,0,0,0.04,0,1.38,0,0.02,0,0,0,0.21,0.6,3.07,0,0,0,0.24,0,0
"Mauritius",1996,0.385733751547431,32.54,5.16,0.2,0.01,0,2.05,0.01,0,0,0,0,0,0,0,0,0,0,0,0,0,0.01,0.04,0,0,0.24,19.15,0.91,0,0,0,0,0,2.4,0,0.15,0.03,0,0,0.04,0,2.04,0,0,0.1,0,0,0
"Mauritius",1997,0.286315164676654,45.37,6.74,0.02,0,0,1.67,0.01,0,0,0,0,0,0,0,0,0,0,0,0,0,0.01,0.08,0,0,0.2,19.98,0.8,0.11,0,0,0,0,1.34,0,0.1,0.02,0,0,0.04,0,2.59,0,0.14,11.52,0,0,0
"Mauritius",1998,0.353736407133536,31.35,6.18,0.01,0,0,0.88,0,0,0,0,0,0,0,0,0,0,0,0,0,0,0.01,0.98,0,0,0.17,17.23,0.73,0.31,0,0,0,0,1.87,0,0.13,0.02,0,0,0,0,2.58,0,0.12,0.13,0,0,0
"Mauritius",1999,0.537848412339132,26.32,3.33,0,0,0,0.7,0,0,0,0,0,0,0,0,0,0,0,0,0,0,0.02,0,0,0,0.11,18.94,0.52,0.28,0,0,0,0,0.85,0,0,0.02,0,0,0,0,0.74,0,0,0.81,0,0,0
"Mauritius",2000,0.446222408021207,27.45,2.77,0,0,0,0.29,0.01,0,0,0,0,0,0,0,0,0,0,0,0,0,0.02,0.62,0,0,0.09,17.88,0.37,0.09,0,0,0.01,0,1.15,0,0.03,0.94,0,0,0,0,0.74,0,0.1,2.34,0,0,0
"Mauritius",2001,0.333209531302805,32.62,2.15,0,0,0,0.24,0,0,0,0,0,0,0,0,0,0.01,0,0,0,0,0.02,0.51,0,0,0.05,16.13,0.1,0.2,0,0,0.01,0,0.96,0,0.14,0.62,0,0,0,0,2.33,0,0.06,9.09,0,0,0
"Mauritius",2002,0.457686005769688,24.37,1.78,0.01,0,0,0.14,0.01,0,0,0,0.01,0,0,0,0,0,0,0,0,0,0.01,0.44,0,0,0.01,15.94,2.79,0.01,0,0,0,0,0,0,0.05,0.31,0,0,0,0,0.25,0,0.08,2.53,0,0,0
"Mauritius",2003,0.538931657176292,31.98,4.1,0.01,0,0,0,0.02,0,0,0,0,0,0,0,0,0,0,0,0,0,0.01,0.43,0,0,0,22.91,0.76,0,0,0,0,0,0.57,0,0.01,0,0,0,0.01,0,0.24,0,0.02,2.89,0,0,0
"Mauritius",2004,0.734601006512504,33.98,2.79,0.05,0,0,0.02,0.03,0,0,0,0,0,0,0,0,0,0,0,0,0,0,0.5,0,0,0,28.97,0.21,0.01,0,0,0.03,0,0.86,0,0.01,0.02,0,0,0.02,0,0.16,0,0,0.3,0,0,0
"Mauritius",2005,0.381160432892228,46.26,18.91,0,0,0,0.04,0,0,0,0,0,0,0,0,0,0,0,0,0,0,0,0.21,0,0,0,20.82,0.47,0.02,0,0,0,0,0.72,0,0.01,0.03,0,0,0.02,0,0.13,0,0,4.88,0,0,0
"Mauritius",2006,0.467447004268792,37.86,14.14,0.01,0,0.02,0.09,0.03,0,0,0,0,0,0,0,0,0,0,0,0,0,0.02,0.09,0,0,0,21.66,0.45,0.77,0,0.03,0,0,0.21,0,0,0,0,0,0.03,0,0.04,0,0,0.27,0,0,0
"Mauritius",2007,0.82116093928464,63.88,5.42,0,0,0.02,0,0.04,0,0,0,0,0,0.01,0,0,0,0,0,0,0,0.02,0,0,0,0,57.63,0.51,0.04,0,0,0,0,0.02,0,0,0.04,0,0.01,0,0,0.12,0,0,0,0,0,0
"Mauritius",2008,0.813003824258086,59.7,3.38,0,0,0.01,0.13,0.03,0,0,0,0,0,0,0,0,0.02,0,0,0,0,0.01,0,0,0,0,53.7,1.41,0,0,0,0,0,0,0,0,0,0,0,0.03,0,0.6,0,0,0.37,0,0,0.01
"Mauritius",2009,0.535377577323399,76.26,1.27,0,0,0,0.21,0.04,0,0,0,0,0,0,0,0,0.01,0,0,0,0,0.01,0,0,0,0,51.62,1.18,0,0,0,0,0,0.15,0,0,0.4,0,0.02,0.01,0,21.11,0,0.02,0.21,0,0,0
"Mauritius",2010,0.838139775038313,67.02,0.7,0.03,0,0.01,0.13,0.04,0,0,0,0,0,0.01,0,0,0.01,0.08,0,0,0,0.01,0,0,0,0.03,61.26,0.4,0,0,0.23,0,0,0.37,0,0,0.33,0,0.03,0,0,3.3,0,0,0.04,0,0,0.01
"Mauritius",2011,0.860868340111732,115.59,1.47,0.04,0,0,1,0.01,0,0,0,0,0,0.01,0,0,0.01,0.19,0,0,0,0.01,0,0,0,0,107.14,0.47,0,0,0,0,0,0.12,0,0,0.71,0,0.03,0,0,4.38,0,0,0,0,0,0
"Mauritius",2012,0.734300397565194,105.5,4.99,0.04,0,0,0.64,0,0,0,0,0,0,0.03,0,0,0,0.18,0.04,0,0,0.01,0,0,0,0.13,89.83,0.36,0,0,0,0,0,0.13,0,0,0.13,0,0,0.15,0,8.83,0,0,0,0,0,0.01
"Mauritius",2013,0.75284739081435,83.44,2.55,0.01,0,0,1.65,0,0,0,0,0,0,0.02,0,0,0.01,0,0,0,0,0.01,0,0,0,0,72.07,0.54,0,0,0,0,0,0.07,0,0,0.13,0,0,0,0,6.15,0,0,0,0,0,0.23
"Mauritius",2014,0.700352991345309,111.89,3.61,0.02,0,0.02,0.51,0.03,0,0,0,0,0,0,0,0,0,0.05,0,0,0,0.01,0,0,0,0.95,92.61,0.48,0,0,0,0,0,0,0,0,0.11,0,0,0,0,13.3,0,0,0,0,0,0.19
"Mauritius",2015,0.724936593678713,67.35,2.13,0.01,0,0.04,0.59,0.1,0,0,0,0,0,0.01,0,0,0,0.11,0,0,0,0.02,0,0,0,1.48,57.02,0.37,0,0,0,0,0,0,0,0,0,0,0,0.01,0,5.46,0,0,0,0,0,0
"Mauritius",2016,0.614511373824566,43.8,4.28,0,0,0.02,0.66,0.07,0,0,0,0,0,0,0,0,0,0.03,0,0,0,0,0,0,0,0,33.79,0.45,0,0,0,0,0,0,0,0,0,0,0,0,0,4.26,0,0,0,0,0.12,0.12
"Mauritius",2017,0.509131331286636,47.13,2.57,0.03,0,0.03,2.94,0.07,0,0,0.01,0,0,0.01,0,0,0,0.02,0,0,0,0.01,0,0,0,0,32.57,0.71,0,0,0,0.01,0,0,0,0,0,0,0.02,0.5,0,7.35,0,0,0,0,0.03,0.25
"Mauritius",2018,0.809301646795016,94.53,6.69,0,0,0,0.64,0.17,0,0,0,0,0,0,0,0,0.01,0.02,0,0,0,0.02,0,0,0,0,84.76,1.35,0,0,0,0.02,0,0,0,0,0,0,0.03,0,0.02,0.76,0,0.01,0,0,0.02,0.01
"Mauritius",2019,0.450982961102285,36.61,4.08,0,0,0,0.57,0.05,0,0,0.01,0,0,0,0,0,0,0.01,0,0,0,0.03,0,0,0,2.88,23.8,2.02,0,0,0,0.03,0,0,0,0,0,0,0,0,0.01,2.94,0,0.01,0,0,0.08,0.09
"Mauritius",2020,0.89815487879006,398.56,13.77,0,0,0,0.54,0.03,0,0,0.01,0,0,0.01,0,0,0.02,0.01,0,0,0,0.04,0,0,0,1.61,377.45,3,0,0,0,0.01,0,0,0,0,0,0.01,0,0,0.03,1.2,0,0.02,0,0,0.72,0.08
"Mauritius",2021,0.784465857912567,336.08,295.71,0,0,0,0.28,0.01,0,0,0,0,0.01,0.01,0,0,0.02,0.01,0,0,0,0.06,0,0,0,0.7,33.81,3.95,0,0,0,0.01,0,0,0.01,0,0,0.01,0,0.01,0,1.23,0,0.05,0,0,0.15,0.04
"Mauritius",2022,0.598794188507563,142.219747,14.187014,0.09639,0,0.031082,0.63223,0,0,0,0,0,0,0.005224,0,0,0.00622,0.037502,0,0,0,0.107988,0,0,0,0,108.454381,8.6957,0,0,0,0.026742,0,0,0.021102,0,0,0.011104,0,0.002498,0,1.492756,0,0.007778,8.342044,0,0.010388,0.051604
"Mauritius",2023,0.735111710470076,154.990506,4.621799,0.651462,0,0,0.668805,0,0,0,0,0,0,0,0,0,0.07121,0.026956,0,0,0,0.099044,0,0,0,0,132.420942,8.967142,0,0,0.027758,1.100708,0,0,0.035468,0,0,0.009954,0,0.109728,0,2.27458,0,0.01602,0,0,3.811272,0.077658
"Mauritius",2024,0.54751553273238,132.435535,4.930831,0.347382,0,0,0.423337,0,0,0,0,0,0,0,0,0,0.068788,0.043946,0,0,0,0.070636,0,0,0,0,96.381808,9.840675,0,0,0.2228,1.071914,0,0,0.059664,0,0,0.008928,0,0.27087,0,1.16394,0,0,4.387196,0,13.044714,0.098106
"Morocco",1956,NA,0,0,0,0,0,0,0,0,0,0,0,0,0,0,0,0,0,0,0,0,0,0,0,0,0,0,0,0,0,0,0,0,0,0,0,0,0,0,0,0,0,0,0,0,0,0,0
"Morocco",1957,NA,0,0,0,0,0,0,0,0,0,0,0,0,0,0,0,0,0,0,0,0,0,0,0,0,0,0,0,0,0,0,0,0,0,0,0,0,0,0,0,0,0,0,0,0,0,0,0
"Morocco",1958,NA,0,0,0,0,0,0,0,0,0,0,0,0,0,0,0,0,0,0,0,0,0,0,0,0,0,0,0,0,0,0,0,0,0,0,0,0,0,0,0,0,0,0,0,0,0,0,0
"Morocco",1959,NA,0,0,0,0,0,0,0,0,0,0,0,0,0,0,0,0,0,0,0,0,0,0,0,0,0,0,0,0,0,0,0,0,0,0,0,0,0,0,0,0,0,0,0,0,0,0,0
"Morocco",1960,0.625,0.04,0,0,0,0,0,0,0,0,0,0,0,0,0,0,0,0,0,0,0,0,0,0,0,0,0,0.01,0,0,0,0,0,0,0,0,0,0,0,0,0,0.03,0,0,0,0,0,0
"Morocco",1961,0.988905407363949,12.57,0,0,0,0,0,0,0,0,0,0,0,0,0,0,0,0,0,0,0,0,0,0,0,0,12.5,0.01,0,0,0,0.03,0,0,0,0,0,0,0,0,0,0.03,0,0,0,0,0,0
"Morocco",1962,0.967196830057063,30.1,0,0,0,0,0,0,0,0,0,0,0,0,0,0,0,0,0,0,0,0,0,0,0,0,29.6,0.2,0,0,0,0.3,0,0,0,0,0,0,0,0,0,0,0,0,0,0,0,0
"Morocco",1963,0.935536796497175,44.47,0,0,0,0,0,0,0,0,0,0,0,0,0,0,0,0,0,0,0,0,0,0,0,0,43,0.6,0,0,0,0.86,0,0,0,0,0,0,0,0,0.01,0,0,0,0,0,0,0
"Morocco",1964,0.96601542444106,66.24,0,0,0,0,0,0,0,0,0,0,0,0,0,0,0,0,0,0,0,0,0,0,0,0,65.1,0.36,0,0,0,0.69,0,0,0,0,0,0,0,0,0.01,0.08,0,0,0,0,0,0
"Morocco",1965,0.661440205059965,57.61,0,0,0,0,0,0,0,0,0,0,0,0,0,0,0,0,0,0,0,0.04,0.05,0,0,0,45.4,11.57,0,0,0,0.48,0,0,0,0,0,0,0,0.04,0.03,0,0,0,0,0,0,0
"Morocco",1966,0.515400001565921,61.9,0,0,0,0,0,0,0,0,0,0,0,0,0,0,0,0,0,0,0,0.56,0.26,0,0,0,40.3,2.18,0,0,0,0,0,0,0,0,0,0,0,0,0,0.01,0,0,0,18.59,0,0
"Morocco",1967,0.467051770633594,35.78,0.03,0,0,0,0,0,0,0,0,0,0,0,0,0,0,0,0,0,0,0.19,0.8,0,0.08,0,19.6,14.59,0,0,0,0.46,0,0,0,0,0,0,0,0,0.01,0.02,0,0,0,0,0,0
"Morocco",1968,0.453956346256393,49.36,0.08,0,0,0,0,0,0,0,0,0,0,0,0,0,0,0,0,0,0,0.06,1.63,0,0.14,0,21.6,25.23,0,0,0,0.46,0,0,0,0,0,0,0,0.01,0.05,0.1,0,0,0,0,0,0
"Morocco",1969,0.374884238131131,51.91,0.15,0,0,0,0,0,0,0,0,0,0,0,0,0,0,0,0,0,0,0,1.26,0,0.18,0,27.3,12.24,0,0,0,10.65,0,0,0,0,0,0,0,0,0.06,0.07,0,0,0,0,0,0
"Morocco",1970,0.384655622939079,53.13,0.13,0,0,0,0,0,0,0,0,0,0,0,0,0,0,0,0,0,0,0,1.79,0,0.5,0,27.2,17.82,0,0,0,0.66,0,0,0,0,0,0,0,0,0.04,0.04,0,0,4.95,0,0,0
"Morocco",1971,0.414470133697379,72.49,0.12,0,0,0,0,0,0,0,0,0,0,0,0,0,0,0,0,0,0,0,1.44,0,0.3,0,35.3,30.29,0,0,0,1.99,0,0,0,0.04,0,0,0,0.03,0.06,0.05,0,0,2.87,0,0,0
"Morocco",1972,0.489959674420784,63.25,0.1,0,0,0,0,0,0,0,0,0,0,0,0,0,0,0,0,0,0,0,2.58,0,0.11,0,41.5,14.81,0,0,0,0.52,0,0,0,0.11,0,0,0,0,0.06,0.06,0,0,3.4,0,0,0
"Morocco",1973,0.469537239568606,62.47,0.16,0,0,0,0,0,0,0,0,0,0,0,0,0,0,0,0,0,0,0,3.53,0,0.33,0,40.09,14.28,0,0,0,1.13,0,0,0,0.15,0,0,0,0,0.04,0.05,0,0,2.71,0,0,0
"Morocco",1974,0.480844505964292,73.59,0.31,0,0,0,0,0,0,0,0,0,0,0,0,0,0,0,0,0,0,0,4.94,0,0.64,0,48.25,15.66,0,0,0,1.11,0,0,0,0.53,0,0,0,0.02,0.02,0.04,0,0,2.07,0,0,0
"Morocco",1975,0.337296964532636,216.37,1.03,0,0,0,0,0,0,0,0,0,0,0,0,0,0,0,0,0,0,0,10.66,0,0.34,0,115.58,36.96,0,0,0,1.41,0,0,0,0.79,0,0,0,0,0.01,0.06,0,0,9.28,15,25.25,0
"Morocco",1976,0.342531721814884,182.69,0.84,0,0,0,0,0,0,0,0,0,0,0,0,0,0,0,0,0,0,0,9.23,0,0,0,98.44,13.83,0,0,0,8.93,0,0,0,0.89,0,0,0,0,0.09,0.06,0,0,4.88,10,35.5,0
"Morocco",1977,0.441749126665297,512.98,12.58,0,0,0,0,0,0,0,0,0,0,0,0,0,0,0,0,0,0,0.05,12.32,0,0,0,90.7,24.13,0,0,0,1.61,0,0,0,0.33,0,0,0,0,0.41,0.08,0,0,7.86,325,37.91,0
"Morocco",1978,0.322704551661859,347.33,0.78,0,0,0,0,0,0,0,0,0,0,0,0,0,0,0,0,0,0,0.04,14.25,0,0.05,0,106.78,38.66,0,0,0,1.75,0,0,0,0.52,0,0,0,0,0.05,0.06,0,0,24.67,158.8,0.92,0
"Morocco",1979,0.280836073193425,398.67,1.57,0,0,0,0,0,0,0,0,0,0,0,0,0,0,0,0,0,0,0.05,15.61,0,0.19,0,98.23,49.39,0,0,0,2.12,0,0,0,0.45,0,0,0,0,0.18,0.07,0,0,0,168.6,62.21,0
"Morocco",1980,0.311548291081889,805.59,4.05,0,0,0,0,0,0,0,0,0,0,0,0,0,0,0,0,0,0,0.08,14.16,0,0.14,0.01,150.95,23.39,0,0,0,1.87,0,0,0,0.8,0.11,0,0,0,0.04,0.16,0,0,15.77,328.1,265.96,0
"Morocco",1981,0.593441073396773,982.12,1.67,0,0,0,0,0,0,0,0,0,0,0,0,0,0,0,0,0,0,0.1,15.26,0,0.02,0,138.1,31.54,0,0,0,1.36,0,0,0,0.55,0,0,0,0,0.02,25.19,0,0,8.76,742.36,17.19,0
"Morocco",1982,0.553324121439166,665.14,17.17,0,0,0,0,0,0,0,0,0,0,0,0,0,0,0,0,0,0,1.47,9,0,0,0,92.58,47.99,0,0,0,3.66,0,0,0,0.15,0,0,0,0,0.16,6.61,0,0,2.02,483.2,1.13,0
"Morocco",1983,0.242183058965935,301.39,11.27,0,0,0,0,0,0,0,0,0,0,0,0,0,0,0,0,0,0,0.14,8.14,0,0,0,116.21,25.79,0,0,0,6.01,0,0,0,0.22,0,0,0,0,0.3,0.15,0,0,11.15,65,57.01,0
"Morocco",1984,0.269150120696614,289.17,38.47,0,0,0,0,0,0,0,0,0,0,0,0,0,0,0,0,0,0,0.13,3.85,0,0.05,0,113.05,32.57,0,0,0,4.14,0,0,0,1.64,0.05,0,0,0,1.67,0.28,0,0,5.13,84.3,3.84,0
"Morocco",1985,0.361425693088208,672.19,22.31,0,0,0,0.08,0,0,0,0,0,0,0,0,0,0,0,0,0,0,0.06,5.36,0,0,0,174.24,42.55,0,0,0,2.04,0,0,0,0.88,0.01,0,0,0,2.45,0.12,0,0,7.34,356.6,58.15,0
"Morocco",1986,0.308454838482938,332.91,15.22,0,0,0,0,0,0,0,0,0,0,0,0,0,0,0,0,0,0,0.04,4.29,0,15.91,0,146.66,102.46,0,0,0,3.12,0,0,0,0.09,0.01,0,0,0,0.64,0.23,0,0,0.02,3.57,40.65,0
"Morocco",1987,0.447759064988302,343.91,24.01,0,0,0,0,0,0,0,0,0,0,0,0,0,0,0,0,0,0,0.07,4.16,0,0,0,222.46,41.3,0,0,0,7.84,0,0,0,0.64,0,0,1.1,0,0.09,0.3,0,0,0,10.3,31.64,0
"Morocco",1988,0.280249569582186,350.16,28.26,0.03,0,0,0,0,0,0,0,0,0,0,0,0,0,0,0,0,0,0.07,6.21,0,0.01,0,160.03,81.8,0,0,0,21.81,0,0,0,1.2,0,0,2.2,0,1.17,1.17,0,0,18.85,15.9,11.45,0
"Morocco",1989,0.327423246840479,363.09,25.73,0,0,0,0,0,0,0,0,0,0,0,0,0,0,0,0,0,0,0.1,1.9,0,10.71,0.02,185.37,86.88,0,0,0,8.17,0,0,0,0.66,0,0,13.77,6.16,0.54,0.76,0,0,8.38,9.43,4.51,0
"Morocco",1990,0.252461143512327,926.01,111.64,0,0,0,0,0,0,0,0,0,0,0,0,0,0,0,0,0,0,0.17,3.08,0,12.7,0.15,243.73,71.09,0,0,0,36.13,0,0.03,0,0.54,0,0,34.44,2.3,1.62,18.66,0,0,19.92,368.98,0.83,0
"Morocco",1991,0.244025424381612,1097.27,32.48,0.1,0,0,0,0,0,0,0,0,0,0,0,0,0,0,0,0,0,0.41,7.28,0,0.75,0.74,312.72,68.67,0,0,0,72.12,0,0,0,0.14,0.21,0,99.12,2.25,8.83,1.48,0,0,11.38,413.11,65.48,0
"Morocco",1992,0.171326347145267,882.7,42.86,0.14,0.01,0,0,0,0,0,0,0,0,0,0,0,0,0,0,0,0,0.27,24.95,0,3.7,0.55,247.75,99.33,0,0,0,159.22,0,0,0,0.06,0.03,0.04,168.78,10.54,0.82,5.91,0,0,56.53,49.54,11.67,0
"Morocco",1993,0.271796653530802,576.55,66.56,0,0,0,0.01,0,0,0,0,0,0,0,0,0,0,0,0,0,0,0.37,9.43,0,2.95,0.29,272.5,66.3,0,0,0,33.83,0,0,0,0.03,0,0.09,68.35,0.64,0.05,1.18,0,0,7.76,33.64,12.57,0
"Morocco",1994,0.20615621784904,466.33,77.48,0.18,0,0,0,0,0,0,0,0,0,0,0,0,0,0,0,0,0,0.79,7.07,0,0.53,0.2,177.56,58.77,0,0,0,39.3,0,0,0,0.11,0,0.44,29.93,0.9,1.38,15.19,0,0,17.2,24.84,14.46,0
"Morocco",1995,0.269142949629277,566.15,44.82,0.46,0,0,0,0,0,0,0,0,0,0,0,0,0,0,0,0,0,0.54,6.04,0,0.39,0.3,257.79,90.79,0,0,0,84.23,0,0.02,0,0.26,0,0.38,22.23,0.94,0.43,0.95,0,0,42.94,4.33,8.31,0
"Morocco",1996,0.371934584829361,608.14,62.51,0.33,0,0,0,0,0,0,0,0,0,0,0,0,0,0,0,0,0,0.58,9.5,0,0.09,0.12,352.8,68.14,0,0,0.07,19.29,0,0.02,0,0.56,0.05,0.11,33.74,0.66,0.19,0.47,0,0,54.05,2.04,2.82,0
"Morocco",1997,0.296487595486017,433.35,38.16,0.04,0,0,0,0,0,0,0,0,0,0,0,0,0,0,0,0,0,0.69,12.05,0,0.47,0.05,214.87,65.26,0.21,0,0.05,4.95,0,0.61,0,0.85,0.08,0.01,34.3,0.34,0.07,0.58,0,0.99,48.54,0.82,9.36,0
"Morocco",1998,0.292356274327132,528.92,50.64,0.02,0,0,0,0,0,0,0,0,0,0,0,0,0.08,0,0,0,0,1.33,6.51,0,0,0.11,254.69,78.09,0.33,0,0.01,1.25,0,0.81,0,1.89,0.09,0,72.14,0.33,0.52,0.54,0,0.71,54.67,0.3,3.84,0.02
"Morocco",1999,0.338104802292362,495.93,73.25,0.08,0,0,0,0,0,0,0,0,0,0,0,0,0.03,0,0,0,0,0.51,7.18,0,0,0.07,265.62,67.65,0.14,0,0.02,3.48,0,1.06,0,2.73,0.04,0,24.97,0.59,0.6,0.42,0,0.44,44.21,0,2.83,0.01
"Morocco",2000,0.284515366118195,453.39,119.86,0.04,0,0,0,0,0,0,0,0.05,0,0,0,0,0.04,0,0,0,0,0.73,5.62,0,0,0.03,196.08,41.33,0.17,0,0.02,4.49,0,1.95,0,0.07,0.12,0.27,59.21,0.81,0.52,0.23,0,0,19.97,0.48,1.3,0
"Morocco",2001,0.301247694705734,488.04,117.33,0.14,0,0,0,0,0,0,0,0.07,0,0,0,0,0.03,0,0,0,0,0.48,3.31,0,0.22,0.21,227.77,62.54,0.02,0,0.01,4.28,0,2.77,0,1.25,0.09,0.25,38.5,0.56,1.04,0.19,0,0,25.92,0.93,0.13,0
"Morocco",2002,0.3287544859757,407.06,55.4,0.46,0,0,0,0,0,0,0,0.15,0,0,0,0,0.02,0,0,0,0,0.47,5.86,0,0.05,0.03,215.78,51.26,0.1,0,0,3.84,0,1.66,0,1.31,0.17,0.57,38.69,0.78,1.17,0,0,0,25.46,0,3.83,0
"Morocco",2003,0.260391808322333,597.79,85.52,0.68,0,0,0,0,0,0,0,0.09,0,0,0,0,0.01,0,0,0,0,0.32,11.14,0,0,0.19,275.16,64.99,0.21,0,0,35.78,0,2.03,0,2.04,0.36,0.07,35,0.74,3.4,0,0,0.75,41.28,0,38.03,0
"Morocco",2004,0.252085069601524,744.5,91.53,2.5,0,0,0,0,0,0,0,0.1,0,0.05,0,0,0.02,0,0,0,0,0.81,14.43,0,0.09,0.25,327.96,84.97,0.25,0,0.27,8.06,0,1.89,0,6.69,0.83,0.29,109.79,0.65,1.34,0.13,0,0,43.09,0,48.25,0.26
"Morocco",2005,0.237454290934667,769.51,80.51,1.4,0,0,0,0,0,0,0,0.25,0,0,0,0,0.03,0,0,0,0,0.56,17.16,0,1.07,0.33,330.73,108.45,0.1,0,0.02,39.48,0,1.76,0,1.59,0.11,0.83,53.75,0.55,1.46,0,0,0.25,67.67,0,60.39,1.06
"Morocco",2006,0.239491022457481,902.29,88.59,2.4,0,0,0,0,0,0,0,0.02,0,0,0,0,0,0,0,0,0,0.62,11.36,0,1.74,0.23,379.09,146.23,0.08,0,0.17,19.19,0,1.35,0,0.54,0.14,0.23,88.77,1.52,5.35,0,0,0.19,47.59,0,106.54,0.35
"Morocco",2007,0.207309006023703,1164.38,122.54,2.85,0,0,0,0,0,0,0,0.02,0,0,0,0,0.04,0,0,0,0,0.36,13.91,0,1.58,0.35,431.69,206.97,0.21,0,0.17,99.15,0,0.97,0,0.03,0,0.26,111.48,1.29,2.11,0.34,0,0.16,70.44,0,97.08,0.38
"Morocco",2008,0.171211353138099,1008.07,142.98,2.58,0,0.02,0,0,0,0,0,0.03,0,0,0,0,0.05,0,0,0,0,0.31,17.51,0,2.23,0.38,307.11,146.54,0.27,0,0.17,12.75,0,1.34,0,0.81,0,95.3,136.77,0.03,2.06,6.69,0,0.21,85.63,0,45.81,0.49
"Morocco",2009,0.229569642840226,1019.79,138.67,2.7,0,0.02,0,0,0,0,0,0.05,0,0.02,0,0,0.07,0,0,0,0,0.17,23.5,0,1.32,0.61,382.89,139.78,0.28,0,0.01,5.9,0,1.39,0,1.89,0.01,20.66,220.04,0.01,2.02,4.76,0,0.14,61.49,0,10.9,0.49
"Morocco",2010,0.219346794402753,1008.8,174.77,3.92,0,0.02,0,0,0,0,0,0.04,0,0,0,0,0.01,0.12,0,0,0,0.18,21.85,0,1.74,0.57,390.83,105.47,0.17,0,0.01,12.56,0,0,0,1.14,0.02,0.15,119.8,0.02,2.94,104.42,0,0.16,51.24,0,16.2,0.45
"Morocco",2011,0.295960947826615,1255.01,99.03,7.51,0,0.01,0.16,0,0,0,0,0.02,0,0,0,0.01,0.12,0.21,0,0,0,0.18,28.91,0,2.28,0.52,629.5,119.33,0.16,0,0,18.78,0,0,0,1.78,0.09,0.28,62.37,0,4.62,191.4,0,0.03,54.79,0,32.17,0.75
"Morocco",2012,0.332912042824876,1223.13,146.49,6.22,0,0.05,1.03,0,0,0,0,0.03,0,0.05,0,0,0.02,0.76,0.08,0,0,0.23,17.42,0,0.37,0.51,666.76,85.78,0.55,0,0.01,4.15,0,0,0,1.89,0.2,58.24,38.81,0.11,8.19,134.59,0,0.01,22.21,0,26.93,1.44
"Morocco",2013,0.360956576940234,1523.4,138.05,5.35,0,0.05,0.61,0.02,0,0,0,0,0,0.02,0,0,0,0.1,1.98,0,0,0.22,14.35,0,0.01,0.59,876.48,121.41,0.05,0,0,2.98,0,0,0,2.15,0.41,0.14,41.22,0.45,7.67,124.84,0,0.05,119.08,0,62.37,2.75
"Morocco",2014,0.23485698203517,2052.31,80.72,4.05,0,0,0.35,0.05,0,0,0,0,0,0.04,0,0,0,0.13,1.5,0,0,0.24,19.57,0,0.06,0.47,694.54,477.14,0.04,0,0,3.1,0,0.17,0.01,1.15,0.5,0.4,24.19,0.28,8.17,138.3,0,0.07,102.53,0,491.87,2.67
"Morocco",2015,0.220441618255331,1223.94,90.26,5.81,0,0.02,0.06,0,0,0,0,0.02,0,0.14,0,0,0.02,0.85,0.6,0,0.03,0.26,15.84,0,0.54,0.3,372.99,393.09,0.07,0,0,10.09,0,0.2,0.01,1.07,0.38,11.84,25.78,0.31,9.69,77.19,0,0.08,106.37,0,99.39,0.64
"Morocco",2016,0.208473659291008,1828.59,152.62,5.35,0,0.02,0.02,0,0,0,0,0.09,0,0.31,0,0,0.02,0.08,0,0,0.02,0.24,22.21,0,0.24,0.21,474.13,566.34,0.01,0,0,5.3,0,0.01,0.02,0.7,0.19,6.96,25.64,0.25,7.84,73.6,0,0.06,287.71,0,196.81,1.59
"Morocco",2017,0.204296235692044,1962.8,158.44,6.91,0,0.05,0.01,0,0,0,0,0.08,0,0.31,0,0,0.02,0.07,0,0,0.02,0.38,16.42,0,1.59,0.21,537.69,459.34,0,0,0.01,3.52,0,0.1,0,1.1,0,5.01,30.61,0.27,8.8,74.65,0,0,185.64,0,469.52,2.03
"Morocco",2018,0.249238764935678,1032.9,91.98,0,0,0,0.04,0.04,0,0,0,0.02,1.49,0,0,0,0.12,0.13,0,0,0.02,0.75,14.01,0,1.68,0.2,394.56,284.79,0.02,0,0,2.97,0,0.12,0,2.66,0.24,2.82,38.47,0.22,6.69,7.88,0,0.08,54.81,0,125.89,0.2
"Morocco",2019,0.35558011452279,955.79,32.51,0,0,0,0.03,0,0,0,0,0.02,2.37,0,0,0,0.27,0.11,0,0,0.02,0.65,17.29,0,2.54,0.18,489.31,281.6,0,0,0,9.54,0,0.09,0,1.33,1.31,0.37,49.73,0.22,5.96,14.15,0,0.1,1.02,0,44.02,1.05
"Morocco",2020,0.40673375766669,1423.04,58.91,0,0,0,0.01,0,0,0,0,0,2.73,0,0,0.01,0,0.15,0,0,0,0.67,12.64,0,0.1,0.32,618.16,660.52,0,0,0,3.03,0,0,0,0.28,1.71,0.33,37.4,0.34,5.44,11.31,0,0.11,5.66,0,2.22,0.99
"Morocco",2021,0.324336936558787,1388.84,233.33,0,0,0,0.01,0,0,0.01,0,1.38,3.12,0,0,0.01,0.41,0.13,0,0,0,0.98,16.95,0,2.47,0.26,597.36,461,0,0,0,3.41,0,0,0,0.42,0.83,0.29,32.42,1.26,4.51,9.69,0,0.09,0,0,17.8,0.7
"Morocco",2022,0.378326914334603,2549.321333,179.709449,13.782668,0,0.007222,0.053114,0,0,0,0,0.565312,0,10.752964,0,0.011388,0.888508,0.329958,0,0,0,2.152568,21.114804,0,6.89353,0.35915,1117.460793,1082.787117,0.00458,0,0,0,0,0,0,0.661354,2.23947,0.734804,40.969461,1.913788,5.618449,6.187444,0,0.355308,0,0,52.485388,1.282742
"Morocco",2023,0.362387694261787,1491.106022,61.160531,16.156428,0,0,1.371985,1.227898,0.00307,0.040096,1.112196,0.541968,0.108132,6.003608,0.108132,0.115486,0.928506,0.437766,0,0.086506,0.865052,2.610312,17.676772,0.216262,4.639948,2.018444,745.039064,491.292742,0,0,4.32526,3.536539,0,0.02817,0.14057,0.509164,2.68479,15.957552,59.97654,1.682408,12.852178,5.277512,0,0.581076,0,0,28.314409,1.47895
"Morocco",2024,0.320368602964695,2208.653567,345.625625,15.809564,0,0,0.043758,0,0.002922,0.062258,0.063824,0.041414,0,4.994592,0,0.001644,0.848186,0.439824,0,0,0.059772,7.843848,23.662278,0,3.508184,0.324854,788.63528,903.684581,0.165426,0,0.009306,0,0,0,0,0.305412,0.693641,5.460432,51.387769,4.96777,13.41001,3.840932,0,0.50207,0,0,30.914209,1.344182
"Mozambique",1975,0.616532353745093,11.54,0.4,0,0,0,0.31,0,0,0,0,0,0,0,0,0,0,0,0,0,0,0,0,0,0.69,0.09,0,0.23,0,0,0,0.01,0,0,0,0.49,0,0,0,9,0.26,0.06,0,0,0,0,0,0
"Mozambique",1976,0.502673794671283,22.46,0,0,0,0,0.1,0,0,0,0,0,0,0,0,0,0,0,0,0,0,0,0.01,0,1.24,0.44,0,0.16,0,0,0,0.21,0,0,0,1.15,3.6,0,0,15.41,0.11,0.03,0,0,0,0,0,0
"Mozambique",1977,0.256706716827936,57.92,2.1,0,0,0,1.1,0,0,0,0,0,0,0,0,0,0,0,0,0,0,0,0.39,0,8.57,2.76,0,0.29,0,0,0,1.38,0,0,0,3.37,6.15,0,0,26.41,0.29,5.06,0,0,0,0.05,0,0
"Mozambique",1978,0.232595401747581,64.46,0,0,0,0,0,0,0,0,0,0,0,0,0,0,0,0,0,0,0,0.04,0.19,0,7.86,1.96,0,0.35,0,0,0,2.05,0,0,0,6.61,8.36,0,0,25.64,0.2,11.2,0,0,0,0,0,0
"Mozambique",1979,0.24808714020073,93.08,0,0,0,0,0.37,0,0,0,0,0,0,0,0,0,0,0,0,0,0,0.02,0.28,0,11.95,2.91,0,1.48,0,0,0,2.15,0,0,0,10.03,8.96,0,0,40.33,1.09,13.51,0,0,0,0,0,0
"Mozambique",1980,0.186077756918948,104.53,5.07,0,0,0,0,0,0,0,0,0,0,0,0,0,0,0,0,0,0,0.01,0.83,0,11.42,3.2,0.8,2.33,0,0,0,3.18,0,0,0,18.33,10.51,0,0,35.81,2.27,10.77,0,0,0,0,0,0
"Mozambique",1981,0.167471871405778,103.12,0.12,0,0,0,0,0,0,0,0,0,0,0,0,0,0,0,0,0,0,2.04,0.11,0,9.43,3.52,2.55,2.3,0,0,0,8.18,0,0,0,18.28,12.08,0,0,31.55,1.14,10.91,0,0,0.91,0,0,0
"Mozambique",1982,0.169865878024534,157.29,7.72,0,0,0,0.75,0,0,0,0,0,0,0,0,0,0,0,0,0,0,1.66,0.41,0,5.12,4.41,5.06,2.62,0,0,0,27.41,0,0,0,29.53,16.47,0,0,46.26,1.7,3.36,0,0,1.71,0,3.1,0
"Mozambique",1983,0.155165407513073,145.83,7.49,0,0,0,3.72,0,0,0,0,0,0,0,0,0,0,0,0,0,0,0.15,0.23,0,8.24,3.58,9.76,1.65,0,0,0,32.85,0,0,0,16.84,17.98,0,0,36.73,2.65,2.74,0,0,1.22,0,0,0
"Mozambique",1984,0.129777549862373,166.06,6.3,0,0,0,2.15,0,0,0,0,0,0,0,0,0,0,0,0,0,0,2.99,0.7,0,8.96,4.82,11.86,6.51,0,0,0,34.2,0,0,0,29.15,14.87,0,0,30.64,4.35,5.62,0,0,2.94,0,0,0
"Mozambique",1985,0.123530415568217,173.56,4.35,0,0,0,1.39,0,0,0,0,0,0,0,0,0,0,0,0,0,0,2.85,1.3,0,6.05,3.15,20.3,4.82,0,0,0,28.59,0,0,0,24.83,21.23,0,0,33.96,3.52,10.85,0,0,6.37,0,0,0
"Mozambique",1986,0.137531760105474,293.07,15.5,0,0,0,3.27,0,0,0,0,0,0,0,0,0,0,0,0,0,0,1.09,0.28,0,13.74,5.34,28.56,11.41,0,0,0.01,56.31,0,0,0,36.06,31.8,0,0,68.85,3.2,10.89,0,0,6.76,0,0,0
"Mozambique",1987,0.140903798036132,462.91,18.06,0,0,0,4.74,0,0,0,0,0,0,0,0,0,0,0,0,0,0,4.22,0.97,0,14.85,9.68,39.37,29.66,0,0,0.01,135.32,0,0,0,50.96,35.31,0,0.6,54.48,23.4,37.36,0,0,3.92,0,0,0
"Mozambique",1988,0.235748308279864,678.27,15.35,0,0,0,10.96,0,0,0,0,0,0,0,0,0,0,0,0,0,0,1.34,1.68,0,16,18.35,25.73,24.58,0,0,0.08,297.98,0,0,0,66.73,44.7,0,0.9,89.35,6.44,54.35,0,0,3.75,0,0,0
"Mozambique",1989,0.101250782307331,549.65,51.64,0,0,0,12.04,0.03,0,0,0,0,0,0,0,0,0,0,0,0,0,5.19,0.77,0,15.48,30.46,45.39,21.08,0,0,0.01,81.87,0,0,0,48.73,49.44,34.76,4.44,99.5,7.38,36.77,0,0,4.67,0,0,0
"Mozambique",1990,0.105518017482158,700.91,17.47,0,0,0,8.15,0,0,0,0,0,0,0,0,0,0,0,0,0,0,4.12,0.7,0,35.16,26.54,79.01,37.39,0,0,0.13,107.39,0,0,0,64.93,52.26,43.42,16.27,136.08,26.11,45.15,0,0,0.63,0,0,0
"Mozambique",1991,0.112984701451075,783.48,16.42,0,0,0,7.55,0,0,0,0,0,0,0,0,0,0,0,0,0,0,1.52,2.11,0,21.88,25.04,91.32,139.34,0,0,0.1,58.92,0,0.03,0,37.1,68.85,99.5,9.99,134.99,27.61,39.82,0,0,1.39,0,0,0
"Mozambique",1992,0.155252590382283,1024.67,39.84,0.1,0.25,0,12.72,0.01,0,0,0,0,0,0,0,0,0,0,0,0,0,2.31,0.66,0,26.55,22.8,91.85,36.29,0,0,0.19,321.27,0,0.22,0,63.37,73.11,161.04,10.55,97.2,18.98,42.89,0,0,2.47,0,0,0
"Mozambique",1993,0.104336740411647,766.38,20.18,0.13,0,0,8.93,0.03,0,0,0,0,0,0,0,0,0,0,0,0,0,3.52,2.86,0,31.94,9.53,66.35,136.2,0,0,0.12,97.09,0,0.17,0,58.78,59.12,110.11,16.55,71.78,19.09,48.92,0,0,4.98,0,0,0
"Mozambique",1994,0.0944808847429984,685.86,44.7,0.1,0.13,0,12.63,0.09,0,0,0,0,0,0,0,0,0,0,0,0,0,4.78,3.36,0,36.35,12.55,52.05,101.31,0,0,1.15,104.99,0,0.22,0,41.7,72.17,42.51,5.78,73.53,30.08,40.64,0,0,5.04,0,0,0
"Mozambique",1995,0.114535346222395,792.67,41.26,0.11,0,0,11.64,0.12,0,0,0,0,0,0,0,0,0,0,0,0,0,4.46,1.09,0,45.49,11.85,60.46,110.9,0,0,2.27,191.74,0,0.12,0,54.45,52.23,63.95,17.28,54.15,27.02,37.54,0,0,4.54,0,0,0
"Mozambique",1996,0.0789932725542159,528.39,32.17,0.05,0,0,6.62,0.29,0,0,0,0,0,0,0,0,0,0,0,0,0,3.12,7.37,0,46.81,10.86,41.76,41.27,0,0,2.37,34.81,0,0,0,45.66,51.79,53.84,19.26,61.25,27.09,37.34,0,0,4.66,0,0,0
"Mozambique",1997,0.0943388364666332,565.53,39.98,0.03,0,0,6.99,0.16,0,0,0,0,0,0,0,0,0,0,0,0,0,5.56,1.38,0,30.07,10.06,61.76,40.49,0,0.3,6.48,20.39,0,0.15,0,42.68,54.73,90.71,9.44,52.05,18.13,73.5,0,0.03,0.46,0,0,0
"Mozambique",1998,0.0933676140253307,660.67,41.53,0.02,0,0,5.77,0.2,0,0,0,0,0,0,0,0,0,0,0,0,0,4.8,0.68,0,47.61,12.19,53.9,85.16,0.01,0.39,7.67,110.56,0,0.3,0,48.46,49.49,62.87,13.62,33.91,21.8,59.63,0,0.03,0.07,0,0,0
"Mozambique",1999,0.0980449600137428,624.61,64.27,0.01,0,0,9.81,0.18,0,0,0,0,0,0,0,0,0.01,0,0,0,0,14.78,0.96,0,51.53,21.79,48.99,51.57,0,0.56,9.34,11.56,0,0.19,0,43.9,36.67,128.92,10.11,51.42,17.64,49.43,0,0.01,0.96,0,0,0
"Mozambique",2000,0.119629399618256,674.36,20.99,0.05,0,0,9.48,0.58,0,0,0,0,0,0,0,0,0.03,0,0,0,0,5.09,2.54,0,46.85,11.6,23.27,47.76,0,1.16,15.39,13.09,0,1.45,0,61.64,38.21,178.07,41.24,46.27,25.09,82.67,0,0.01,1.42,0.34,0,0.07
"Mozambique",2001,0.132170376474043,634.47,34.27,0.06,0,0,5.8,0.42,0,0,0,0,0,0,0,0,0,0,0,0,0,2.04,9.86,0,48.35,10.55,26.46,40.7,0,1.3,18.7,13.08,0,0.29,0,86.6,32.61,34.26,11.65,42.62,23.37,185.19,0,0.01,6.1,0.18,0,0
"Mozambique",2002,0.188427145836124,1588.57,70.03,0.04,0,0,6.83,0.19,0,0,0,0,0,0,0,0,0.02,0,0,0,0,21.37,2.76,0,52.09,11.79,450.73,230.51,0,1.07,29.37,446.46,0,0.41,0,51.97,38.68,23.9,33.53,45.29,21.64,48.39,0,0,1.5,0,0,0
"Mozambique",2003,0.0791021357858305,553.26,35.67,0.1,0,0,4.59,0.61,0,0,0,0.01,0,0,0,0,0,0,0,0.18,0,3.35,8.72,0,67.26,21.99,28.44,38.31,0,1.02,39.9,15.09,0,0.73,0,47.27,54.11,19.11,22.6,56.53,20.82,63.63,0,0,3.22,0,0,0
"Mozambique",2004,0.0781100923510081,610.57,19.84,0.05,0,0,2.02,0.43,0,0,0,0.01,0,0,0,0,0,0,0,0.2,0,5.17,10.58,0,67.6,25.66,24.94,39.1,0,1.24,48.69,26.99,0,0.35,0,54.7,61.06,24.25,32.52,67.92,27.65,65.92,0,0,3.68,0,0,0
"Mozambique",2005,0.0850003374033096,632.86,15.2,0.16,0,0,0.69,0.48,0,0,0,0.01,0,0,0,0,0,0,0,0.1,0,4.31,12.22,0,65.05,24.75,24.03,43.08,0,1.56,48.31,21.56,0,1.35,0,64.46,67.94,22.56,29.35,79.25,24.61,80.84,0,0,0.99,0,0,0
"Mozambique",2006,0.0852937466780743,796.84,106.83,0.13,0,0.15,1.71,0.23,0,0,0,0.01,0,0,0,0,0,0,0,0.2,0,6.95,12.82,0,71.53,28.42,18.92,65.3,0,2.52,53.81,30.24,0,1.52,0,59.66,64.24,21.67,34.82,91.75,22.43,99.36,0,0,1.62,0,0,0
"Mozambique",2007,0.0796796556013032,898.46,27.77,0.21,0,0.02,2.83,0.21,0,0,0,0.06,0,17.72,0,0,0,0,0,0.14,0,3.81,23.41,0,92.39,32.88,36.66,64.55,0,3.33,68.72,42.58,0,0.73,0,80.66,80.13,21.63,53.75,103.57,24.23,115.72,0,0,0.7,0,0,0.05
"Mozambique",2008,0.0943360119151732,1058.12,23.72,0.98,0,0.02,2.92,0.2,0,0,0,0.01,0,0,0,0,0,0,0,0.15,0,12.69,25.89,0,87.28,40.24,23.25,79.62,0.04,3.57,74.18,34.55,0,0.19,0,105.7,96.67,25.58,78.67,119.6,23.85,197.88,0,0,0.52,0,0,0.15
"Mozambique",2009,0.0793911892629801,976.55,60.67,0.43,0,0,4.56,0.22,0,0,0,0,0,0,0,0,0,0,0,0,0,8.86,23.14,0,104.54,42.77,24.68,118.32,0.06,1.68,63.86,24.81,0,0.11,0,99.31,80.4,69.89,68.92,98.86,24.16,54.89,0,0,1.13,0,0.27,0.01
"Mozambique",2010,0.0755997754387779,935.38,62.86,0.95,0,0.01,20.88,0,0,0,0,0,0,0,0,0,0.02,0,0,0.08,0,8.75,33.98,0,87.56,47.25,47.58,81.21,0.06,1.99,56.58,35.32,0,0.11,0,81.84,73.69,116,60.93,84.54,29.36,0.56,0,0,2.93,0,0.28,0.06
"Mozambique",2011,0.103955590855611,1025.26,48.77,6.48,0,0.02,6.73,0,0,0,0,0,0,0,0,0,0.01,0,0,0,0,9.98,33.51,0,115.36,36.52,20.84,96.46,0.02,2.29,58.78,23.4,0,0.11,0,73,84.15,224.23,41.27,108.81,30.91,0.15,0,0,3.06,0,0.3,0.1
"Mozambique",2012,0.0814325414339015,821.27,70.3,25.13,0,0.02,16.09,0.1,0,0,0,0.01,0,0,0,0,0.01,0,0.09,0,0,9.09,11.88,0,80.42,39.49,30,62.47,0,2.31,52.8,22.36,0,0.1,0,53.71,86.14,87.17,17.87,114.71,36.92,0.44,0,0,1.28,0,0.31,0.05
"Mozambique",2013,0.0846351699033707,961.74,150.07,57.08,0,0.12,11.08,0.16,0,0,0,0,0,0,0,0,0,0,13.05,0,0,6.86,30.91,0,91.43,28.88,40.83,63.89,0,2.88,55.25,22.25,0,0,0,62.3,51.69,75.98,19.31,136.57,36.76,0.72,0,0,2.62,0,0.4,0.65
"Mozambique",2014,0.0788092908915008,865.97,85.28,56.51,0,0.22,4.44,0,0,0,0,0,0,0,0,0,0,0,8,0,0,7.09,21.09,0,67.64,28.49,85.51,78.1,0,2.75,53.27,23.66,0,0,0,47.67,59.29,64.74,11.51,119.78,37.24,0.48,0,0,2.15,0,0.31,0.75
"Mozambique",2015,0.0794893826276677,695.21,62.65,42.29,0,0.11,3.38,0,0,0,0,0.07,0,0,0,0,0,0,8,0,0,6.17,19.23,0,63.26,26.33,71.04,78.98,0,3.22,40.92,19.56,0,0,0,35.08,32.79,32.98,11.8,94.6,41.13,0.45,0,0,0.13,0,1,0.04
"Mozambique",2016,0.0872658624750116,606.32,89.48,46.01,0,0.08,2.17,0.04,0,0,0,0.02,0,0,0,0,0,0,8,0,0,5.74,17.1,0,37.35,16.69,43.38,81.56,0,2.96,30.1,6.69,0,0,0,33.56,28.99,41.12,9.74,76.76,27.41,0.18,0,0,0.52,0,0.48,0.19
"Mozambique",2017,0.0986305998319571,647.18,149.52,36.64,0,0.24,9.84,0.08,0,0,0,0.03,0,0,0,0,0.01,0,8,0,0,4.65,19.04,0,43.37,17.11,16.97,64.28,0,3.08,29.67,22.42,0,0,0,35.07,36.54,45.63,14.25,59.29,26.6,0.81,0,0,2.38,0,0.93,0.73
"Mozambique",2018,0.0936494036972219,796.53,145.72,0,0,0,1.74,0,0,0,0,0.01,0,0,0,0,0,0,0,0,0,7.67,13.29,0,35.15,14.76,31.46,78.14,0,3.56,25.09,34.71,0,0,0,45.23,44.67,56.92,16.65,86.71,27.42,106.41,0,0.01,19.88,0,0.92,0.41
"Mozambique",2019,0.0975090236706753,792.09,92.15,0,0,0,1.91,0.4,0,0,0,0.26,0.04,0.02,0,0,0.02,0.1,0,0,0.06,9.1,11.38,0,20.71,19.2,20.37,55.42,0,0.19,31.35,30.16,0,0.65,0.02,53.33,66.83,59.74,15.55,102.63,38.55,151.99,0,0.02,1.21,0,6.88,1.85
"Mozambique",2020,0.0916569121041047,708.96,70.11,0,0,0,1.98,0.02,0,0,0,0,0,0.01,0,0,0.03,0,0,0,0,11.45,13.31,0,6.61,20.6,20.19,104.39,0,1.52,30.63,19.17,0,0.36,0,50.7,62.83,75.84,16.31,89.63,35.28,77.11,0.11,0,0,0,0.47,0.3
"Mozambique",2021,0.08730896016284,677.33,69.7,0,0,0,1.16,0.02,0,0,0,0.02,0,0.38,0,0,0.04,0,0,0,0,12.89,16.35,0,3.77,17.26,45.72,99.88,0,0,32.06,24.19,1.74,0.09,0,30.14,60.34,60.89,16.09,91.7,33.07,51.9,0,0,0.26,0,7.46,0.21
"Mozambique",2022,0.0897277465951667,1303.247525,204.690383,33.560339,0,0.034084,2.002909,0,0,0,0,0,0,0,0,0,0.014426,0,0,0,0.166598,16.310618,43.253968,0,2.480024,33.019115,27.670703,178.680319,0,0,61.387896,90.33537,1.006126,0.363974,0,60.240416,83.191927,74.467024,35.756482,144.864048,77.255206,131.093942,0,0.053682,0,0,0.803288,0.544658
"Mozambique",2023,0.0899503762229103,1315.530074,246.004264,90.493777,0,0,3.47932,0.054806,0,0,0,0,0,0,0,0,0.148892,0.000796,0,0,0.108132,25.611208,35.197834,0,1.8547,35.6209,25.820579,122.428563,0.054066,0,55.905768,67.510179,2.465628,0.405494,0.000896,64.826806,114.867601,81.765203,36.557769,155.112063,70.869934,77.042072,0,0.00801,0,0,0,1.314814
"Mozambique",2024,0.0845053945512104,1155.913167,156.620486,51.790513,0,0.007734,2.520594,0.056698,0,0,0,0,0.062762,0.001378,0,0,0.156334,0.003898,0,0,0,17.34301,32.291878,0,1.329014,27.029848,35.713515,128.796396,0,0,55.32638,35.119773,2.57201,0,0.001022,67.8038,107.086375,65.782179,37.546228,149.125592,65.352039,114.621941,0,0,0,0,0.989062,0.862708
"Namibia",1990,0.181528857414942,38.19,0.19,0,0,0,0.98,0,0,0,0,0,0,0,0,0,0,0,0,0,0,0.2,0.06,0,1.65,6.45,1.2,9.92,0,0,0,1.79,0,0,0,0.97,10.32,0,0,1.05,0.71,2.7,0,0,0,0,0,0
"Namibia",1991,0.15268709031641,80.29,1.52,0.15,0,0,0.31,0.02,0,0,0,0,0,0,0,0,0,0,0,0,0,1.27,0.12,0,6.81,17.54,4.02,14.05,0,0,0.1,0,0,0.05,0,1.4,13.09,0.11,0.07,14.97,0.55,3.85,0,0,0,0.29,0,0
"Namibia",1992,0.135130088821424,92.24,6.13,0.2,0,0,1.18,0.03,0,0,0,0,0,0,0,0,0,0,0,0,0,0.28,0.36,0,7.37,9.73,3.73,19.66,0,0.7,0.11,0.84,0,1.21,0,2.62,12.36,0,0,19.17,1.07,5.49,0,0,0,0,0,0
"Namibia",1993,0.136791221474265,112.12,14.28,0.19,0,0,1.12,0.05,0,0,0,0,0,0,0,0,0,0,0,0,0,0.6,0.37,0,8.22,7.95,6.15,27.49,0,0,0.05,0.31,0,0.2,0,10.31,11.02,0,0.06,18.25,0.15,5.35,0,0,0,0,0,0
"Namibia",1994,0.132910983585911,106.65,9.78,0.14,0.01,0,1.14,0.11,0,0,0,0,0,0,0,0,0,0,0,0,0,0.66,0.61,0,9.29,9.26,7.52,27.57,0,0.8,0.11,0.93,0,0.26,0,6.71,11.4,0,0.21,14.97,0.22,4.95,0,0,0,0,0,0
"Namibia",1995,0.184466652327806,140.9,20.84,0.18,0,0,1.5,0.02,0,0,0,0,0,0,0,0,0,0,0,0,0,1.46,2.5,0,8.49,7.92,3.04,51.48,0,0,0.24,0.03,0,3.52,0,7.17,10.79,0.08,0.87,14.27,0.32,6.18,0,0,0,0,0,0
"Namibia",1996,0.167027944583682,127.11,4.74,0.11,0,0,1.15,0.12,0,0,0,0,0,0,0,0,0,0,0,0,0,0.89,2.42,0,6.56,7.72,3.77,43.1,0,0,0.4,1.11,0,2.3,0,5.01,16.6,3.13,1.32,16.84,0.27,9.55,0,0,0,0,0,0
"Namibia",1997,0.121263624121534,106.8,4.94,0.04,0,0,0.72,0.2,0,0,0,0,0,0,0,0,0,0,0,0,0,1.91,0.95,0,6.3,7.55,6.61,26.55,0,1.08,0.68,0,0,4.54,0,8.09,11.82,0,2.4,14.92,0.16,7.25,0,0.02,0.07,0,0,0
"Namibia",1998,0.146988386347453,116.12,3.01,0.01,0,0,0.39,0.11,0,0,0,0,0,0,0,0,0,0,0,0,0,1.33,0.96,0,8.34,6.02,10.56,36.11,0.02,1.08,0.48,0.01,0,5.65,0,9.74,10.97,0,2,12.45,0.44,6.41,0,0.03,0,0,0,0
"Namibia",1999,0.246202550339733,104.07,4.33,0,0,0,0.17,0.2,0,0,0,0,0,0,0,0,0,0,0,0,0,2.11,0.31,0,2.3,6.85,4.69,48.51,0,1.31,0.26,0.28,0,3.96,0,7.48,5.35,0,1.07,8.66,0.07,6.12,0,0.04,0,0,0,0
"Namibia",2000,0.160658734665497,88.35,5.43,0,0,0,0.1,0.28,0,0,0,0,0,0,0,0,0,0,0,0,0,0.78,0.48,0,3.71,6.59,3.12,24.69,0.07,1.05,0.31,0.02,0,4.2,0,3.15,7.16,0.02,1.13,21.05,0.23,4.76,0,0.02,0,0,0,0
"Namibia",2001,0.134027805091967,64.71,3.21,0.01,0,0,0.1,0.16,0,0,0,0.02,0,0,0,0,0,0,0,0,0,0.73,0.34,0,2.81,7.06,3.22,18.41,0,0.97,0.2,0.22,0,3.77,0,4.96,3.71,0.21,2.04,8.56,0.18,3.46,0,0.03,0.33,0,0,0
"Namibia",2002,0.123432842837043,69.46,3.15,0.25,0,0,0.14,0.1,0,0,0,0.12,0,0,0,0,0,0,0,0,0,0.56,0.57,0,1.87,7,3.23,18.26,0,1.18,0.28,0.03,0,4.35,0,4.78,3.41,0.88,5.77,9.49,0.48,3,0,0.04,0.52,0,0,0
"Namibia",2003,0.191535527604981,83.78,0.82,0.02,0,0,0.15,0.09,0,0,0,0.38,0,0,0,0,0,0,0,0,0,0.53,1.75,0,2.4,9.6,3.37,32.35,0,1,0.16,0.02,0,5.92,0,2.94,3.81,0.09,4.35,9.84,0.36,2.91,0,0.01,0.91,0,0,0
"Namibia",2004,0.152486807032175,105.81,1.2,0.01,0,0,0.1,0.32,0,0,0,0.79,0,0,0,0,0,0,0,0,0,1.64,1.11,0,2.3,5.62,4.75,33.92,0,1.27,0.05,0.66,0,7.21,0,4.15,2.72,0.08,11.11,9.82,0.66,2.73,0,0,13.59,0,0,0
"Namibia",2005,0.168872264951704,63.12,0.39,0.01,0,0,0.01,0.09,0,0,0,0.47,0,0,0,0,0,0,0,0,0,0.37,0.6,0,2.32,4,3.93,22.39,0,1.36,0.07,0.01,0,5.11,0,3.24,1.63,0.09,7.57,5.35,0.67,1.29,0,0,2.15,0,0,0
"Namibia",2006,0.138924676705125,59.26,1.01,0.03,0,0.01,0.1,0,0,0,0,0.54,0,0,0,0,0,0,0,0,0,0.35,0.51,0.02,1.08,4.47,2.92,15.86,0,2.02,1.29,0.33,0,7.48,0,0.94,1.7,0.1,7.51,8.97,0.53,1.49,0,0,0,0,0,0
"Namibia",2007,0.193728886685376,88.15,5.74,0,0,0.01,0.06,0.04,0,0,0,0.95,0,0,0,0,0,0,0,0,0,0.12,0.59,0,1.23,5.61,3.8,22.97,0.01,1.56,0,0.68,0,7.86,0,1.01,1.67,0.07,28.45,4.11,0.73,0.88,0,0,0,0,0,0
"Namibia",2008,0.166849766680844,88.52,9.66,0,0,0.06,0.15,0.03,0,0,0,1.06,0,0,0,0,0,0,0,0,0,0.26,0.45,0,0.81,6.83,2.98,27.85,0,2.64,0,0.58,0,5.87,0,0.3,10.28,0.08,15.07,2.27,0.16,1.01,0,0,0,0,0,0.12
"Namibia",2009,0.213240138278978,170.51,39.82,0.06,0,0.03,0.25,0,0,0,0,0.24,0,0,0,0,0.02,0,0,0,0,0.17,0.72,0,0,5.76,51.21,41.2,0.02,2.35,0,0.91,0,9.99,0,1.93,0,0.06,11.97,2.51,0.59,0.69,0,0,0,0,0,0.01
"Namibia",2010,0.238383184972994,107.37,40.59,0.08,0,0.04,0.09,0,0,0,0,0.14,0,0.02,0,0,0.03,0,0,0,0,0,0.57,0,0,3.81,1.44,28.77,0.02,2.04,0,0.01,0,12.46,0,1.56,0,0,8.54,3.25,0.7,3.18,0,0,0,0,0.02,0.01
"Namibia",2011,0.342617404591992,138.82,31.28,0.06,0,0.01,1.2,0,0,0,0,0.16,0,0.03,0,0,0,0,2.45,0,0,0.07,0.8,0,0,4.6,1.31,74.11,0.02,0.52,0,0.54,0,6.97,0,1.81,2.33,0.11,4.31,4.86,0.67,0.59,0,0,0,0,0,0.01
"Namibia",2012,0.47503733798046,75.6,5.38,0.01,0,0.03,0.88,0.11,0,0,0,0.13,0,0.02,0,0,0,0,0.09,0.01,0,0.02,0.85,0,0,5.4,0.96,51.18,0.06,0,0.01,0.01,0,0,0,0.65,2.65,0.1,0.95,5.08,0.94,0.06,0,0,0,0,0.01,0.01
"Namibia",2013,0.422621944781499,67.95,5.51,0.01,0,0.01,1.34,0.03,0,0,0,0.14,0,0.02,0,0,0.01,0,0.46,0.01,0,0,0.73,0,0,5.24,0.78,43.08,0,0.02,0,0.37,0,0.2,0,1.1,1.99,0.36,0.69,5.32,0.44,0,0,0,0,0,0,0.09
"Namibia",2014,0.480102895065386,59.21,5.31,0.02,0,0,0.89,0.02,0,0,0,0.11,0,0.01,0,0,0.02,0,0,0.01,0,0.04,0.2,0,0,5.5,0.74,40.19,0,0.08,0.03,0.2,0,0,0,0.12,1.49,0.36,0.04,2.17,0.76,0.18,0,0,0,0,0.57,0.15
"Namibia",2015,0.686475156896985,77.59,3.91,0.02,0,0,0.41,0.03,0,0,0,0.05,0,0.04,0,0,0,0,0.06,0,0,0.03,0.08,0,0,4.27,0.59,63.99,0,0,0,0.02,0,0.11,0,0,1.41,0.35,0.02,1.1,0.44,0,0,0,0,0,0.01,0.65
"Namibia",2016,0.794741254009817,96.44,2.99,0.27,0,0,0.26,0.23,0,0,0,0.05,0,0.09,0,0,0,0,0,0,0,0.03,0.05,0,0,2.8,0.53,85.86,0,0,0.02,0.01,0,0.09,0,0,0.66,0.35,0.02,1.09,0.27,0,0,0,0,0,0,0.77
"Namibia",2017,0.408559158684597,99.18,3.77,0.11,0,0,0.52,0.03,0,0,0.01,0.06,0,0.09,0,0,0,0,1.5,0,0,0.01,0.02,0,0,2.4,33.69,53.47,0,0,0,0.05,0,0,0,0,0.76,0.38,0.26,1,0.23,0.18,0,0,0,0,0,0.64
"Namibia",2018,0.788511782763994,79.16,1.97,0,0,0,0.33,0,0,0,0,0.11,0,0.07,0,0,0,0,0,0,0,0.05,0.04,0,0,1.68,0.6,70.22,0,0,0,0.02,0,0,0,0,0.82,0.43,0.06,1.12,0.45,0.66,0,0.01,0,0,0.01,0.51
"Namibia",2019,0.800176206951358,115.93,3.76,0,0,0,0.38,0,0,0,0.01,0.16,0,0.05,0,0,0.05,0,0,0,0,0.04,0.04,0,0,0.83,1.58,103.59,0,0,0.02,0.05,0,0,0,0,0.81,0.29,0.02,1.03,0.55,1.65,0,0.01,0,0,0.03,0.98
"Namibia",2020,0.504294447666433,90.5,2.56,0,0,0,0.29,0.03,0,0,0,0.13,0,0.06,0,0,0,0,0,0,0,0.03,0,0,0,0.52,18.56,61.4,0,0,0.06,0.03,0,0,0,0,0.89,0.27,0.02,1.56,0.36,1.87,0,0,0,0,1.3,0.56
"Namibia",2021,0.667531420534333,111.05,12.55,0,0,0,0.07,0.09,0,0.03,0,0.08,0.28,0.06,0,0,0.04,0,0,0,0,0.06,0.04,0,0,0.76,1.44,89.79,0,0.1,0.05,0.02,0,0,0.01,0,0.48,0.19,0.05,2.24,0.44,2.01,0,0,0,0,0.01,0.16
"Namibia",2022,0.786205357207858,189.371381,10.499856,0.484016,0,0,0.862822,0.061302,0,0.021606,0,0.098172,0.348866,0.306544,0.056306,0,0.063972,0.004486,0,0,0,0.098652,0,0,0,1.752588,0,167.525047,0,0,0.03503,0.061992,0,0,0.0511,0,0.099164,0.434398,0,3.191816,0.853344,2.006336,0,0.022818,0,0,0,0.431148
"Namibia",2023,0.854386071438112,316.485802,12.51502,0.276718,0,0,0.066022,0.05187,0,0.016962,0,0.058842,0.865052,0.306298,0.185116,0.023356,0.082558,0,0,0,0,0.170078,0,0,0,1.738096,2.882435,292.234469,0,0,0.084488,0.037946,0,0,0,0,0.04945,0.467326,0,2.572734,0.871746,0.712212,0,0,0,0,0.015002,0.202006
"Namibia",2024,0.767343488621991,441.088104,8.554394,1.028128,0,0,0.286783,0.130654,0,0.012686,0,0.090912,0.426778,0.369154,0.203352,0.005616,0.054166,0,0,0,0,0.116976,0.03325,0.008468,0,3.155134,36.746705,384.512839,0,0,0.144992,0.07013,0,0,0.009758,0,0.108298,0.45203,0,2.585279,0.670494,0.58471,0,0,0,0,0,0.726418
"Niger",1960,NA,0,0,0,0,0,0,0,0,0,0,0,0,0,0,0,0,0,0,0,0,0,0,0,0,0,0,0,0,0,0,0,0,0,0,0,0,0,0,0,0,0,0,0,0,0,0,0
"Niger",1961,NA,0,0,0,0,0,0,0,0,0,0,0,0,0,0,0,0,0,0,0,0,0,0,0,0,0,0,0,0,0,0,0,0,0,0,0,0,0,0,0,0,0,0,0,0,0,0,0
"Niger",1962,1,0.01,0,0,0,0,0,0,0,0,0,0,0,0,0,0,0,0,0,0,0,0,0,0,0,0,0,0.01,0,0,0,0,0,0,0,0,0,0,0,0,0,0,0,0,0,0,0,0
"Niger",1963,1,0.1,0,0,0,0,0,0,0,0,0,0,0,0,0,0,0,0,0,0,0,0,0,0,0,0,0,0.1,0,0,0,0,0,0,0,0,0,0,0,0,0,0,0,0,0,0,0,0
"Niger",1964,0.944539840464186,11.94,0,0,0,0,0,0,0,0,0,0,0,0,0,0,0,0,0,0,0,0,0,0,0,0,11.6,0.31,0,0,0,0,0,0,0,0,0,0,0,0,0,0.03,0,0,0,0,0,0
"Niger",1965,0.958445405704206,13.69,0.01,0,0,0,0,0,0,0,0,0,0,0,0,0,0,0,0,0,0,0,0,0,0,0,13.4,0.26,0,0,0,0,0,0,0,0,0,0,0,0,0,0.02,0,0,0,0,0,0
"Niger",1966,0.938087270411104,13.53,0,0,0,0,0,0,0,0,0,0,0,0,0,0,0,0,0,0,0,0,0,0,0,0,13.1,0.33,0,0,0,0,0,0,0,0,0,0,0,0,0,0.01,0,0,0,0.09,0,0
"Niger",1967,0.756277425000371,13.74,0.02,0,0,0,0,0,0,0,0,0,0,0,0,0,0,0,0,0,0,0,0.03,0,0,0,11.8,1.88,0,0,0,0,0,0,0,0,0,0,0,0,0,0.01,0,0,0,0,0,0
"Niger",1968,0.80963607031752,16.77,0,0,0,0,0,0,0,0,0,0,0,0,0,0,0,0,0,0,0,0,0.03,0,0,0,15,1.64,0,0,0,0.03,0,0,0,0,0,0,0,0,0,0.07,0,0,0,0,0,0
"Niger",1969,0.865667176340099,24.46,0,0,0,0,0,0,0,0,0,0,0,0,0,0,0,0,0,0,0,0,0.05,0,0,0,22.7,1.62,0,0,0,0.06,0,0,0,0,0,0,0,0,0,0.03,0,0,0,0,0,0
"Niger",1970,0.844943518061445,18.11,0,0,0,0,0,0,0,0,0,0,0,0,0,0,0,0,0,0,0,0,0.09,0,0,0,16.6,1.24,0,0,0,0.08,0,0,0,0.07,0,0,0,0,0,0.03,0,0,0,0,0,0
"Niger",1971,0.773293697978597,17.4,0.01,0,0,0,0,0,0,0,0,0,0,0,0,0,0,0,0,0,0,0,0.17,0,0,0,15.2,1.74,0,0,0,0.1,0,0,0,0.06,0,0,0,0,0.01,0.11,0,0,0,0,0,0
"Niger",1972,0.816141940284768,22.74,0,0,0,0,0,0,0,0,0,0,0,0,0,0,0,0,0,0,0,0,0.24,0,0,0,20.47,1.71,0,0,0,0.11,0,0,0,0.04,0,0,0,0,0.05,0.12,0,0,0,0,0,0
"Niger",1973,0.591727800460014,25.91,0,0,0,0,0,0,0,0,0,0,0,0,0,0,0,0,0,0,0,0,1.38,0,0,0,19.31,4.73,0,0,0,0,0,0,0,0.06,0,0,0,0,0.27,0.06,0,0,0,0,0.1,0
"Niger",1974,0.449063353709387,51.41,0.66,0,0,0,0,0,0,0,0,0,0,0,0,0,0,0,0,0,0,0.27,3.36,0,0.01,0,31.55,13.35,0,0,0,0,0,0,0,0.79,0.79,0,0,0,0.19,0.04,0,0,0.4,0,0,0
"Niger",1975,0.427300946880869,66.78,0,0,0,0,0,0,0,0,0,0,0,0,0,0,0,0,0,0,0,0.01,1.18,0,0.03,0,40.03,11.27,0,0,0,0.01,0,0,0,0.58,0.02,0,0,0,0.44,0.01,0,0,0,13.2,0,0
"Niger",1976,0.398125616917402,62.46,2.37,0,0,0,0,0,0,0,0,0,0,0,0,0,0,0,0,0,0,0.02,2.85,0,1.1,0,36.98,12.56,0,0,0,0.02,0,0,0,0.67,0.55,0,0,0,0.49,2.75,0,0,0,2.1,0,0
"Niger",1977,0.287947570247934,55,10.41,0,0,0,0,0,0,0,0,0,0,0,0,0,0,0,0,0,0,0.06,2.16,0,0.58,0,24.5,12.14,0,0,0,0.05,0,0,0,1.11,0.19,0,0,0,0.48,0.43,0,0,0,2.89,0,0
"Niger",1978,0.264762544802868,74.4,9.79,0,0,0,0,0,0,0,0,0,0,0,0,0,0,0,0,0,0,0.12,3.76,0,1.52,0,32.25,16.6,0,0,0,0.04,0,0,0,2.58,1.05,0,0,0,1.41,0,0,0,0,5.28,0,0
"Niger",1979,0.332291301036481,142.58,16.5,0,0,0,0,0,0,0,0,0,0,0,0,0,0,0,0,0,0,0.02,6.63,0,0.31,0,43.46,67.29,0,0,0,0.07,0,0,0,4,1.02,0,0,0.1,1.15,1.94,0,0,0,0.09,0,0
"Niger",1980,0.350876599987655,95.52,6.34,0,0,0,0,0,0,0,0,0,0,0,0,0,0,0,0,0,0,0.02,10.14,0,0.22,0,50.8,21.53,0,0,0,0.19,0,0,0,3.28,0.43,0,0,0,1.48,0.09,0,0,1,0,0,0
"Niger",1981,0.295699384817735,137.55,1.45,0,0,0,0,0,0,0,0,0,0,0,0,0,0,0,0,0,0,0.01,12.16,0,2.07,0,63.06,36.79,0,0,0,0.04,0,0,0,1.98,1.4,0,0,0,1.97,0.08,0,0,5.83,7.5,3.21,0
"Niger",1982,0.292986878743901,190.47,9.36,0,0,0,0,0,0,0,0,0,0,0,0,0,0,0,0,0,0,0.01,3.49,0,1.26,0.34,40.21,38.11,0,0,0,0.02,0,0,0,3.04,0.93,0,0,0,2.79,0.11,0,0,1.51,86.19,3.1,0
"Niger",1983,0.180889849344541,106.33,10.99,0,0,0,0,0,0,0,0,0,0,0,0,0,0,0,0,0,0,0.01,3.87,0,1.64,0.04,29.43,27.6,0,0,0,7.94,0,0,0,1.53,1.08,0,0,0,3.73,0.11,0,0,13.04,5.32,0,0
"Niger",1984,0.281980021634354,85.85,5.12,0,0,0,0,0,0,0,0,0,0,0,0,0,0,0,0,0,0,0.02,2.62,0,3.6,0.07,41.75,14.39,0,0,0,0.46,0,0,0,5.68,0.54,0,0,0.29,2.5,0.11,0,0,2.75,5.95,0,0
"Niger",1985,0.239239708448654,114.18,11.17,0,0,0,0,0,0,0,0,0,0,0,0,0,0,0,0,0,0,0.02,7.64,0,0.79,0.11,48.12,21.88,0,0,0,9.84,0,0,0,3.7,2.62,0,0,0,3.54,0.43,0,0,1.29,3.03,0,0
"Niger",1986,0.203131995297067,156.7,8.31,0,0,0,0,0,0,0,0,0,0,0,0,0,0,0,0,0,0,0.03,7.05,0,10.63,0.06,59.14,20.89,0,0,0,26.35,0,0,0,7.47,3.23,0,0,0,5.42,0.12,0,0,3.65,4.35,0,0
"Niger",1987,0.24206098523287,163.66,26.77,0,0,0,0,0,0,0,0,0,0,0,0,0,0,0,0,0,0,0.04,5.4,0,0,0,69.92,20.7,0,0,0,15.22,0,0,0,7.94,1.67,0,0,0,5.22,0.3,0,0,0.73,9.75,0,0
"Niger",1988,0.180671253270794,223.57,44.97,0,0,0,0,0,0,0,0,0,0,0,0,0,0,0,0,0,0,0.03,6.37,0,13.01,0.06,69.13,24.84,0,0,0,33.54,0,0,0,12.78,2.41,0,0,0,7.27,0.65,0,0,1.18,7.33,0,0
"Niger",1989,0.210983223074701,175.86,15.24,0,0,0,0.04,0,0,0,0,0,0,0,0,0,0,0,0,0,0,0.04,4.83,0,5.77,0.09,65.95,34.26,0,0,0,21.61,0,0,0,13.28,2.34,0,0.01,0,6.55,0.46,0,0,0.89,4.5,0,0
"Niger",1990,0.229566532805079,223.57,38.67,0,0,0,0,0,0,0,0,0,0,0,0,0,0,0,0,0,0,0.07,4.61,0,7.43,0,87.89,39.27,0,0,0,19.95,0,0.3,0,13.88,1.5,0,0,0,5.81,0.47,0,0,0.85,2.87,0,0
"Niger",1991,0.337436876499343,231.36,34.75,0.33,0,0,0,0,0,0,0,0,0,0,0,0,0,0,0,0,0,0.04,3.23,0,4.36,0.46,124.71,32.37,0,0,0,6.33,0,0.87,0,5.6,1.96,0,0,0.1,11.76,0.81,0,0,0.69,2.99,0,0
"Niger",1992,0.282064731613166,232.87,22.55,0.25,0,0,0,0,0,0,0,0,0,0,0,0,0,0,0,0,0,0.05,4.94,0,15.6,0.35,113.38,33.83,0,0,0,18.61,0,0.18,0,10.78,0.77,0,3.86,0,6.41,0.85,0,0,0.25,0.21,0,0
"Niger",1993,0.241017078671017,231.28,29.17,0.25,0,0,0,0,0,0,0,0,0,0,0,0,0,0,0,0,0,0.03,6.18,0,7.8,0,96.06,46.58,0,0,0,6.17,0,1.42,0,17.85,0.64,0,3.5,0.08,13.01,0.52,0,0,2,0.01,0,0.01
"Niger",1994,0.392740938437922,272.8,43.39,0.22,0.27,0,0,0,0,0,0,0,0,0,0,0,0,0,0,0,0,0.04,2.75,0,2.31,0,162.43,27.31,0,0,0,9.37,0,1.82,0,6.98,1.63,0,2.51,0.03,5.67,0.87,0,0,4.53,0.67,0,0
"Niger",1995,0.3085256969077,174.93,22.03,0.31,0.29,0,0.04,0,0,0,0,0,0,0,0,0,0,0,0,0,0,0.03,8.48,0,4.67,0,90.81,21.8,0,0,0,2.83,0,4.23,0,6.55,3.85,0,0,0.1,7.42,1.17,0,0,0.23,0.09,0,0
"Niger",1996,0.396723317956104,170.51,8.03,0.24,0.41,0,0,0,0,0,0,0,0,0,0,0,0,0,0,0,0,0.03,7.61,0,1.79,0,104.29,18.26,0,0,0,7,0,1.48,0,9.26,0.62,0,3.26,0.04,7.07,0.7,0,0,0.33,0.09,0,0
"Niger",1997,0.340980416290107,195.05,17.8,0.21,0,0,0,0,0,0,0,0,0,0,0,0,0,0,0,0,0,0.03,4.22,0,2.91,0,109.31,17.41,0.02,0,0,11.02,0,3.7,0,6.38,1.88,0,0.07,0.31,5.55,1.25,0,0.11,12.87,0,0,0
"Niger",1998,0.320881514307221,150.67,14.4,0.19,0,0,0,0,0,0,0,0,0,0,0,0,0.01,0,0,0,0,0.06,4.87,0,3.46,0,80.46,20.49,0,0,0,5.81,0,2.6,0,7.79,1.6,0,0.02,0,6.43,1.46,0,0.07,0.33,0.62,0,0
"Niger",1999,0.26400902401123,130.22,19.61,0.01,0,0,0.07,0,0,0,0,0,0,0,0,0,0.01,0,0,0,0,0.04,9.55,0,5.62,0,59.84,17.68,0,0,0.04,0.82,0,2.43,0,3.63,1.68,0,0.04,0.07,7.18,1.28,0,0.03,0.01,0.58,0,0
"Niger",2000,0.266996944864906,116.97,21.7,0,0,0,0.09,0,0,0,0,0,0,0,0,0,0,0,0,0,0,0.05,10.11,0,4.86,0,53.35,11.61,0,0,0,0.55,0,3.1,0,1.6,0.48,0,0.03,0.07,7.75,1.59,0,0.03,0,0,0,0
"Niger",2001,0.214741489207849,115.99,14.18,0.03,0,0,0,0,0,0,0,0,0,0,0,0,0,0,0,0,0,0.04,13,0,5.61,0,46.33,15.69,0,0,0.12,1.41,0,3.67,0,4.2,2.63,0,0.05,0,7.32,0.52,0,0.04,0.16,0.98,0,0.01
"Niger",2002,0.230984210736833,104.74,14.39,0.02,0,0,0,0,0,0,0,0,0,0,0,0,0,0,0,0,0,0.03,4.43,0,6.79,0,43.95,14.86,0,0,0,1.32,0,4.12,0,1.84,2.37,0,0.88,0.07,8.94,0.59,0,0.06,0.08,0,0,0
"Niger",2003,0.516650842023354,232.65,14.25,0.02,0,0,0,0,0,0,0,0,0,0,0,0,0,0,0,0.02,0,0.02,10.9,0,7.95,0,165.11,14.91,0,0,0.11,0.89,0,4.4,0,3.67,1.87,0,0.41,0.05,7.62,0.44,0,0.01,0,0,0,0
"Niger",2004,0.453480059657455,312.46,37.06,0.05,0,0,0,0.05,0,0,0,0,0,0,0,0,0,0,0,0,0,0.04,9.06,0,9.4,0,205.49,16.71,0,0,0.17,1.82,0,7.41,0,5.51,1.94,0,1.49,0.08,7.74,8.37,0,0.01,0,0,0,0.06
"Niger",2005,0.173316027418737,224.9,23.68,0.11,0,0,0,0.5,0,0,0,0.21,0,0,0,0,0.06,0,0,0,0,0.06,15.6,0,11.79,0.37,79.91,24.77,0.27,0,2.69,0.81,0,7.94,0,7.55,6,0,21.44,1.57,11.58,7.96,0,0.03,0,0,0,0
"Niger",2006,0.257459454922708,207.93,12.09,0.07,0,0,0.08,0,0,0,0,0,0,0,0,0,0,0,0,0,0,0.41,19.31,0.04,12.86,0,98.28,21.26,0.22,0,4.04,5.37,0,10.25,0,0,2.48,0,3.49,0.1,11.39,6.11,0,0.01,0,0,0,0.07
"Niger",2007,0.180031308543468,188.26,28.28,0.16,0,0,0.1,0,0,0,0,0,0,0,0,0,0,0,0,0,0,0.01,16.3,0.01,13.26,0,66.07,21.4,0.11,0,4.53,2.51,0,10.53,0,0.12,1.66,0,8.19,1.22,9.97,2.36,0,0.02,0,0,0,1.45
"Niger",2008,0.172542711506798,219.33,16.93,0.04,0,0,0,0,0,0,0,0.01,0,0,0,0,0,0,0,0,0,0.16,22.33,0,13.79,0,77.09,20.96,0.16,0,3.02,5.05,0,12.15,0,0.14,1.87,0,23.98,1.57,11.08,7.35,0,0.05,0,0,0,1.6
"Niger",2009,0.158663742948452,219.19,35.06,0.16,0,0,0.16,0,0,0,0,0.02,0,0,0,0,0.01,0,0,0,0,0.02,26.76,0,11.59,0,65.64,22.04,0.05,0,0.97,3.77,0,9.33,0,0.13,1.63,0,22.2,1.03,10.47,6.2,0,0.06,0,0,0.63,1.26
"Niger",2010,0.32109224012125,507.47,25.16,1.15,0,0,0.38,0,0,0,0,0.08,0,0,0,0,0,0,0,0,0.05,0.04,35.14,0,13,0.66,57.63,22.64,0.12,0,2.27,3.02,0,8.8,0,2.77,3.49,0,25.87,8.5,18.71,274.97,0,0.01,0.03,0,0.82,2.16
"Niger",2011,0.386853007015946,535.59,15.86,0.59,0,0,3.75,0,0,0,0,0.05,0,0,0,0,0,0,0,0,0.02,0.22,23.77,0,9.01,1.67,54.96,29.86,0.05,0,2.42,0.52,0,6.87,0,0.13,1.82,0,27.84,7.69,19.22,323.84,0,0.01,2,0,0.79,2.63
"Niger",2012,0.32854490655775,643.54,17.86,0.84,0,0,16.17,0.4,0,0,0,0.02,0.09,0,0,0,0,0,0,0,0,0.05,17.79,0,15.54,3.34,108.96,39.39,0.02,0,3.41,1.45,0,8.26,0,9,6.65,0,6.68,9.06,27.03,347.01,0,0.01,0.99,0,0.56,2.96
"Niger",2013,0.393636211179823,651.55,34.47,0.09,0,0,4.47,0,0,0,0,0,0,0,0,0,0,0,0,0,0,0.49,25.01,0,13.18,1.33,73.79,22.75,0,0,3.26,1.86,0,15.5,0,0,9.95,0,5.88,8.03,24.13,397.5,0,0,0,0,0.24,9.62
"Niger",2014,0.41242123203911,646.95,32.05,0.5,0,0,0.33,0,0,0,0,0,0,0,0,0,0,0,0,0,0,0.06,17.38,0,10.46,0,59.13,26.89,0,0,3.02,3.44,0,19.76,0,0,10.4,0,17.44,7.54,27.29,406.59,0,0,0.01,0,0.53,4.13
"Niger",2015,0.416722441177578,635.33,27.69,0.53,0,0,0.27,0,0,0,0,0.08,0,0,0,0,0,0,0,0,0,0.03,17.13,0,12.81,0.03,55.44,24.42,0,0,2.16,2.66,0,23.64,0,0,11.2,0,7.4,5.71,31.18,401.84,0,0,1.56,0,0.65,8.9
"Niger",2016,0.39246215707808,708.71,10.74,0.55,0,0,0.26,0,0,0,0,0,0,0,0,0,0,0.02,0,0,0,0.11,21.99,0,14.96,1.11,76.13,42.44,0,0,3.42,1.59,0,24.04,0.01,0,14.54,0,7.42,8.85,31.96,431.96,0,0,2.87,0.18,1.65,11.91
"Niger",2017,0.322780569448185,774.92,14.55,0.86,0,0.01,0.04,0,0,0,0,0,0,0,0,0,0,0,0,0,0,0.66,20.62,0,7.4,0,68.37,38.32,0,0,2.86,79.17,0,30.05,0,2.82,19.55,0.07,14.8,6.39,34.08,421.79,0,0,0.52,0.23,2.17,9.59
"Niger",2018,0.134442557284444,398.67,12.52,0,0,0,0.03,0,0,0,0,0.77,0,0,0,0,0,0,0,0,0,0.02,23.81,0,18.9,0.36,56.32,110.74,0,0,2.88,24.1,0,49.52,0,7.64,18.96,0.11,10.92,7.32,32.66,1.32,0,0.01,9.86,0,3.46,6.44
"Niger",2019,0.148505634859462,431.28,13.31,0,0,0,0.05,0,0,0,0,1.74,0,0,0,0,0,0,0,0,0,0,21.92,0,14.78,1.18,95.4,113.22,0,0,4.16,11.8,0,50,0,17.61,19.18,0.02,9.07,6.82,35.88,1.45,0,0,4.38,0,2.83,6.48
"Niger",2020,0.160874690211686,511.84,10.78,0,0,0,0.13,0,0,0,0,0.71,0,0,0,0,0.02,0.06,0,0,0,0.01,26.46,0,28.28,1.87,111.22,152.88,0,0,4.13,20.27,0,37.58,0,25.51,28.77,0,12.55,5.55,35.34,0.89,0.29,0,4.16,0,2.3,2.08
"Niger",2021,0.157297827628492,544.76,22.06,0,0,0,0.27,0,0,0,0,1.38,0,0,0,0,0.93,0.12,0,0,0,0.09,34.57,0,31.93,1.32,126.12,154.37,0.07,0.17,3.82,22.69,0,36.2,0,25.87,18.08,0,10.83,11.77,33.45,1.49,0,0.01,4.68,0,1.02,1.45
"Niger",2022,0.182172529353888,1165.853751,24.887048,0.3868,0,0,0.143319,0,0,0,0,0.487296,0,0,0,0,0.469132,0.023904,0,0,0,0,54.57456,0,39.34673,0.94349,270.619375,381.9608,0.06869,0.332008,9.475336,50.395644,0,85.770412,0.001092,76.86858,27.905596,6.641278,30.094712,20.602304,72.271853,0.953248,0,0,7.162587,0,0.013861,3.454096
"Niger",2023,0.130174244338569,809.798742,52.375806,1.20018,0,0,0.642492,0,0,0,0,0.901026,0,0.073502,0,0,0.194208,0.013542,0,0,0,0.029196,55.545652,0,60.494668,4.679314,129.026204,219.505274,0.043252,0.434934,10.05605,32.421448,0,48.00698,0,37.735954,30.98883,0,37.053044,19.65212,57.998888,0.850076,0.2,0,0,0,7.049116,2.626986
"Niger",2024,0.0847969586558858,528.792038,14.11882,5.489386,0,0,0.451941,0,0,0,0,0.432342,0,0,0,0,0.096928,0.040346,0,0,0,0.087468,59.432192,0,66.804479,0.60121,46.002726,63.156648,0,0.138498,11.333608,26.625972,0,20.10003,0.00146,36.826154,31.401283,0,31.179494,24.676776,60.185253,0.193002,0,0.12499,0,0,5.57094,23.720092
"Nigeria",1960,0.98468420378043,14.27,0,0,0,0,0,0,0,0,0,0,0,0,0,0,0,0,0,0,0,0,0,0,0,0,0,0.09,0,0,0,0.02,0,0,0,0,0,0,0,0,0,14.16,0,0,0,0,0,0
"Nigeria",1961,0.999286733329014,28.03,0,0,0,0,0,0,0,0,0,0,0,0,0,0,0,0,0,0,0,0,0,0,0,0,0,0.01,0,0,0,0,0,0,0,0,0,0,0,0,0,28.02,0,0,0,0,0,0
"Nigeria",1962,0.98220299555519,18.98,0.07,0,0,0,0,0,0,0,0,0,0,0,0,0,0,0,0,0,0,0,0,0,0,0,0,0.09,0,0,0,0,0,0,0,0,0,0,0,0.01,0,18.81,0,0,0,0,0,0
"Nigeria",1963,0.7306519154216,6.67,0.02,0,0,0,0,0,0,0,0,0,0,0,0,0,0,0,0,0,0,0.15,0,0,0,0,0,0.82,0,0,0,0,0,0,0,0,0,0,0,0.01,0.03,5.64,0,0,0,0,0,0
"Nigeria",1964,0.612017755285511,20.32,0.07,0,0,0,0,0,0,0,0,0,0,0,0,0,0,0,0,0,0,0.27,0,0,0,0,0,0.64,0,0,0,3.88,0,0,0,0,0.04,0,0,0.01,0.01,15.4,0,0,0,0,0,0
"Nigeria",1965,0.521729752381891,41.08,0.05,0,0,0,0.18,0,0,0,0,0,0,0,0,0,0,0,0,0,0,1.02,0,0,0,0,0,4.33,0,0,0,5.93,0,0,0,0.79,0.02,0,0,0,0.04,28.72,0,0,0,0,0,0
"Nigeria",1966,0.372167714044021,34.54,0.16,0,0,0,0.2,0,0,0,0,0,0,0,0,0,0,0,0,0,0,1.35,0.08,0,0.03,0,0,5.65,0,0,0,8.74,0,0,0,0,0.04,0,0,0,0.02,18.27,0,0,0,0,0,0
"Nigeria",1967,0.317656425613662,33.83,0.08,0,0,0,0.17,0,0,0,0,0,0,0,0,0,0,0,0,0,0,0.57,0.11,0,0.1,0,0,7.17,0,0,0,6.37,0,0,0,3.01,0,0,0,0,0.06,16.19,0,0,0,0,0,0
"Nigeria",1968,0.262045942206234,34.06,0.12,0,0,0,0.34,0,0,0,0,0,0,0,0,0,0,0,0,0,0,0.02,0.06,0,0.84,0,0,4.8,0,0,0,2.53,0,0,0,1.13,6.17,0,0,0.61,2.32,15.12,0,0,0,0,0,0
"Nigeria",1969,0.266987714502266,41.14,0.17,0,0,0,0.09,0,0,0,0,0,0,0,0,0,0,0,0,0,0,0,0.09,0,1.75,0,0,15.59,0,0,0,0.08,0,0,0,2.82,2.26,0,0,2.28,2.56,13.45,0,0,0,0,0,0
"Nigeria",1970,0.342211614047582,55.64,4.68,0,0,0,0.44,0,0,0,0,0,0,0,0,0,0,0,0,0,0,0,0.05,0,0.22,0,0,16.95,0,0,0,0.07,0,0,0,2.21,0.51,0,0,0.95,2.39,27.17,0,0,0,0,0,0
"Nigeria",1971,0.303656357220248,37.94,7.61,0,0,0,0.13,0,0,0,0,0,0,0,0,0,0,0,0,0,0,0.26,0.04,0,0.23,0.04,0,8.38,0,0,0,0.12,0,0,0,3.22,0.33,0,0,0.04,0.27,17.27,0,0,0,0,0,0
"Nigeria",1972,0.322236794742404,41.22,0.16,0,0,0,0.16,0.01,0,0,0,0,0,0,0,0,0,0,0,0,0,0,0.01,0,0.1,0.23,0,12.52,0,0,0,0.06,0,0,0,11.08,0.47,0,0,0,0.06,16.36,0,0,0,0,0,0
"Nigeria",1973,0.299786471188923,48.15,0.77,0,0,0,0.26,0.01,0,0,0,0,0,0,0,0,0,0,0,0,0,0,0.11,0,0.47,0.72,0,15.7,0,0,0,1.24,0,0,0,8.86,0.44,0,0,0,0.42,19.15,0,0,0,0,0,0
"Nigeria",1974,0.305531941654293,53.5,3.33,0,0,0,0.21,0.02,0,0,0,0,0,0,0,0,0,0,0,0,0,0.25,0.17,0,1.35,0.3,0,24.68,0,0,0,0.99,0,0,0,7.48,0.67,0,0,0,0.09,13.96,0,0,0,0,0,0
"Nigeria",1975,0.279089662903263,62.87,28.19,0,0,0,0.21,0.01,0,0,0,0,0,0,0,0,0,0,0,0,0,0.05,0.32,0,1.4,0.66,0,11.93,0,0,0.01,1.45,0,0,0,5.72,1.63,0,0,0,0.06,11.23,0,0,0,0,0,0
"Nigeria",1976,0.214154978139677,37.65,9.92,0,0,0,0.17,0,0,0,0,0,0,0,0,0,0,0,0,0,0,0.35,0.39,0,0.17,0.18,0,8.44,0,0,0.02,0.79,0,0,0,5.53,1.72,0,0,0,0,9.97,0,0,0,0,0,0
"Nigeria",1977,0.229146876101338,37.73,12.01,0,0,0,0.22,0,0,0,0,0,0,0,0,0,0,0,0,0,0,0.74,0.1,0,0.39,0.27,0,5.42,0,0,0.03,0.54,0,0,0,4.71,2.07,0,0,0,0.02,11.18,0,0,0.03,0,0,0
"Nigeria",1978,0.246328178326063,32.53,11.19,0,0,0,0.22,0,0,0,0,0,0,0,0,0,0,0,0,0,0,0.33,0.55,0,0.03,0.06,0,3.96,0,0,0.03,0.67,0,0,0,3.22,1.78,0,0,0.22,0.01,10.26,0,0,0,0,0,0
"Nigeria",1979,0.239740270168065,30.44,4,0,0,0,0.26,0,0,0,0,0,0,0,0,0,0,0,0,0,0,0.8,0.54,0,0.07,0.05,0,8.72,0,0,0.03,0.67,0,0,0,3.32,1.19,0,0,0,0.01,10.78,0,0,0,0,0,0
"Nigeria",1980,0.196830726616462,34.34,4.04,0,0,0,0.34,0,0,0,0,0,0,0,0,0,0,0,0,0,0,0.48,0.53,0,0.48,0.08,4.8,6.5,0,0,0.04,0.7,0,0,0,4.22,0.36,0,0,0.32,0,11.45,0,0,0,0,0,0
"Nigeria",1981,0.166848896328183,35.18,5.22,0,0,0,0.18,0,0,0,0,0,0,0,0,0,0,0,0,0,0,6.76,0.31,0,0.28,0.05,4.11,6.16,0,0,0.04,0.93,0,0,0,1.96,0.3,0,0,0.3,0,8.58,0,0,0,0,0,0
"Nigeria",1982,0.196244823736479,33.52,8.62,0,0,0,0.22,0,0,0,0,0,0,0,0,0,0,0,0,0,0,0.37,0.31,0,0.07,0.11,4.03,7.04,0,0,0.05,1.93,0,0,0,1.5,0.3,0,0,0.24,0.06,8.6,0,0,0.07,0,0,0
"Nigeria",1983,0.309723418480607,46.85,22.98,0,0,0,0.52,0,0,0,0,0,0,0,0,0,0,0,0,0,0,0.42,0.22,0,0.07,0.04,4.5,7.75,0,0,0.05,0.56,0,0,0,1.24,0,0,0,0.1,0.06,8.31,0,0,0.03,0,0,0
"Nigeria",1984,0.18402670239554,28.84,6.86,0,0,0,0.47,0.01,0,0,0,0,0,0,0,0,0,0,0,0,0,0.65,0.18,0,0.21,0.04,4.34,5.05,0,0,0.07,1.79,0,0,0,1.38,0.04,0,0,0.07,0.13,7.47,0,0,0.08,0,0,0
"Nigeria",1985,0.203020714028737,30.94,8.12,0,0,0,0.43,0.01,0,0,0,0,0,0,0,0,0,0,0,0,0,0.35,0.25,0,0.01,0.03,3.85,6.62,0,0,0.04,1.33,0,0,0,1.46,0.07,0,0,0,0.17,8.09,0,0,0.11,0,0,0
"Nigeria",1986,0.219960909795185,49.87,17.95,0,0,0,0.33,0,0,0,0,0,0,0,0,0,0,0,0,0,0,0.71,0.52,0,0,0.09,5.8,10.39,0,0,0.08,2.86,0,0,0,2.69,0.11,0,0,0.04,0.01,8.18,0,0,0.11,0,0,0
"Nigeria",1987,0.210836564672802,54.38,18.65,0,0,0,0.25,0,0,0,0,0,0,0,0,0,0,0,0,0,0,0.83,0.42,0,0,0.12,6.79,11.36,0,0,0.04,2.92,0,0,0,3.69,0.1,0,0,0.38,0,8.79,0,0,0.04,0,0,0
"Nigeria",1988,0.358207620661556,98.06,55.35,0.02,0,0,0.67,0.01,0,0,0,0,0,0,0,0,0,0,0,0,0,0.76,0.41,0,0.02,0.15,7.19,10.1,0,0,0.02,5.75,0,0,0,3.74,0.23,0,0,0.16,0.03,13.37,0,0,0.08,0,0,0
"Nigeria",1989,0.426208855793214,317.66,178.92,1.8,0,0,0.49,0.01,0,0,0,0,0,0,0,0,0,0,0,0,0,0.79,0.01,0,0.01,0.08,5.37,9.74,0,0,0.01,14.32,0,0,0,2.46,0.31,0,0.04,0.01,0.06,103.23,0,0,0,0,0,0
"Nigeria",1990,0.308395425370748,162.15,82.78,8.99,0,0,1.31,0.05,0,0,0,0,0,0,0,0,0,0,0,0,0,1.34,0.79,0,0.04,0.33,6.29,18.55,0,0,0.18,12.47,0,0.07,0,3.68,0.4,0,0,0,0.02,24.86,0,0,0,0,0,0
"Nigeria",1991,0.264242299331591,160.49,19.59,0.05,0,0,2.52,0.02,0,0,0,0,0,0,0,0,0,0,0,0,0,4.72,0.28,0,0.31,0.76,6.13,37.17,0,0,0.14,1.84,0,0.09,0,17.97,0.49,0,0,0.19,0.05,68.17,0,0,0,0,0,0
"Nigeria",1992,0.221713456054115,128.85,50.42,3.34,0.01,0,1.58,0.01,0,0,0,0,0,0,0,0,0,0,0,0,0,4.14,0.72,0,2.14,0.29,18.81,15.79,0,0,0.17,5.47,0,0.15,0,4.2,0.25,0,0,0.07,0.02,21.26,0,0,0,0.01,0,0
"Nigeria",1993,0.166693003264973,79.2,15.03,10.86,0.21,0,0.96,0.02,0,0,0,0,0,0,0,0,0,0,0,0,0,1.63,0.76,0,1.77,0.06,7.59,15.01,0,0,0.41,3.23,0,0.09,0,1.11,0.17,0.01,0,0.21,0.07,19.99,0,0,0,0.01,0,0
"Nigeria",1994,0.171135656774442,53.64,9.87,0.02,0.05,0,1.04,0.04,0,0,0,0,0,0,0,0,0,0,0,0,0,1.67,0.71,0,1.8,0.02,10.23,12.58,0,0,0.65,1.64,0,0.12,0,1.94,0.14,0,0.01,0.18,0.08,10.84,0,0,0.01,0,0,0
"Nigeria",1995,0.184296797542398,66.75,13.3,0.08,0,0,0.62,0.02,0,0,0,0,0,0,0,0,0,0,0,0,0,1.24,0.52,0,1.03,0,15.56,16.17,0,0,1.22,1.64,0,0.26,0,2.65,0.21,0,0.23,0.6,0.15,11.21,0,0,0.04,0,0,0
"Nigeria",1996,0.196542925552321,44.94,1.63,0.04,0,0,0.5,0,0,0,0,0,0,0,0,0,0,0,0,0,0,1.4,0.51,0,1.89,0,6.08,14.5,0,0,1.72,0.18,0,0.05,0,1.83,1.47,0,0.45,0.96,0.25,11.46,0,0,0.02,0,0,0
"Nigeria",1997,0.264678165783179,39.89,0.64,0.06,0,0,0.25,0.02,0,0,0,0,0,0,0,0,0,0,0,0,0,1.15,0.56,0,0,0,3.98,14.07,0.01,0,1.63,0.11,0,0.12,0,1.11,0.69,0,0.39,0.62,0.03,14.15,0,0.3,0,0,0,0
"Nigeria",1998,0.298720049487491,41.52,0.62,0.03,0,0,0.12,0,0,0,0,0,0,0,0,0,0.09,0,0,0,0,1.23,0.35,0,0.29,0.07,3.04,14.06,0.13,0,1.46,0.03,0,0.1,0,1.45,0.22,0,0.12,0.37,0.1,17.36,0,0.26,0,0,0,0.02
"Nigeria",1999,0.238913138770482,53.93,2.19,0.05,0,0,0.06,0.03,0,0,0,0,0,0,0,0,0.12,0,0,0,0,1.18,0.37,0,3.32,0.08,5.24,14.17,0.08,0,1.51,0.07,0,0,0,0.2,0.72,0,0.38,0.54,0.02,20.98,0,0.19,2.4,0,0,0.03
"Nigeria",2000,0.273094616053046,50.28,2.63,0.03,0,0,0.13,0.03,0,0,0,0,0,0,0,0,0.08,0,0,0,0,1.51,0.26,0,3.19,0.12,4.1,11.28,0.01,0,0.99,0.94,0,0,0,0.26,0.48,0,0.2,0.82,0.13,22.89,0,0.18,0,0,0,0.02
"Nigeria",2001,0.217812463360285,88.06,13.91,0.14,0,0,0.04,0,0,0,0,0.02,0,0,0,0,0.08,0,0,0,0,1.69,0.45,0,0.48,0.15,14.81,13.32,0.01,0,0.93,1.12,0,0,0,2.8,1.08,0,2.91,0.67,0.26,32.79,0,0.4,0,0,0,0
"Nigeria",2002,0.257273055152046,129.65,19.1,0.23,0,0,0,0.08,0,0,0,0.04,0,0,0,0,0.07,0,0,0,0,2.17,0.42,0,0.03,0.31,8.79,45.98,0.06,0,1.48,0.96,0,0.03,0,2.77,3.08,0.01,0.45,1.46,0.24,41.72,0,0.16,0,0,0,0.01
"Nigeria",2003,0.222040069540761,109.28,20.24,0.09,0,0,0,0.07,0,0,0,0.01,0,0,0,0,0.1,0,0,0,0,4.3,0.67,0,0.1,0.21,7.99,16.41,0.33,0,2.24,0.17,0,0,0,6.99,4.45,0,0.41,1.33,0.26,42.59,0,0.31,0,0,0,0.01
"Nigeria",2004,0.446698603673857,193.08,8.67,0.11,0,0,0.25,0.09,0,0,0,0.02,0,0,0,0.01,0.14,0,0,0,0,9.9,1.16,0,0.01,0.47,10.08,20.37,0.51,0,1.78,0.89,0,0.02,0,4.93,5.48,0.01,0.56,1.16,0.04,126.1,0,0.2,0,0,0,0.12
"Nigeria",2005,0.252729030174166,5840.98,93.39,0.21,0,0,0.02,0.06,0,0,0,0.3,0,0,0,0.02,0.2,0,0,0,0,6.45,142.01,0,0,1.32,1424.31,1181.63,0.65,0,1.89,529.62,0,0,0,201.96,2.93,0.01,1.85,0.61,50.17,2201.07,0,0.26,0,0,0,0.04
"Nigeria",2006,0.200408952333277,10722.02,2120.6,1.72,0,0,0.3,0.08,0,0,0,0.31,0,0,0,0.01,0.03,0,0,0,0,0.6,197.37,0,87.38,0.2,2044.48,1858.61,0.25,0,2.32,761.74,0,0.02,0,260.97,2.91,0.11,136.54,1.01,51.11,3192.47,0,0.7,0,0,0,0.18
"Nigeria",2007,0.25036814137265,1195.31,26.84,0.91,0,0,0.74,0.07,0,0,0,0.44,0,0,0,0,0.15,0,0,0,0,321.28,0.9,0.01,95.64,0.3,11.8,26.45,1.91,0,2.08,1.69,0,0,0,344.03,3.25,0.07,0.47,1.08,0.18,354.13,0,0.48,0,0,0,0.41
"Nigeria",2008,0.297346162351952,401.5,28.96,1.93,0,0.02,0.12,0,0,0,0,0.32,0,0,0,0,0.18,0,0,0,0.1,0.59,3.7,0.01,81.56,0.52,11.87,29.86,2.23,0,3.26,3.81,0,0,0,1.65,6.27,0.08,25.42,0.97,0.07,196.65,0,0.8,0,0,0,0.55
"Nigeria",2009,0.393351531907893,340.66,28.88,2.14,0,0.03,0.34,0,0,0,0,0.62,0,0,0,0,0.12,0,0,0,0.09,0.7,0.28,0.02,31.24,0.82,9.06,30.8,1.92,0,1.71,2.36,0,0.18,0,4.54,9.17,0.04,6.97,0.7,0.12,206.48,0,1.02,0,0,0.1,0.21
"Nigeria",2010,0.25403561145646,236.19,23.87,3.74,0,0.02,0.4,0,0,0,0,0.63,0,0.24,0,0,0.12,0.12,0,0,0,0.85,0.29,0,19,0.89,8.88,39.77,1.45,0,1.78,2.08,0,0,0,9.11,14.07,0,0.49,0.34,0.5,106.17,0,0.75,0,0,0.15,0.48
"Nigeria",2011,0.312964944787885,262.98,39.2,2.87,0,0,3.31,0,0,0,0,0.3,0,0,0,0,0.08,0.14,0,0,0,0.91,0.04,0,0.42,1.28,10.56,25.91,1.45,0,1.91,1.23,0,0,0,21.49,11.83,0.11,0.2,0.2,1.91,136.71,0,0.28,0,0,0.14,0.5
"Nigeria",2012,0.213344107627221,196.62,48.12,4.31,0,0.02,5,0,0,0,0,0.36,0,0.34,0,0,0.07,0.33,0.41,0,0,0.87,0.02,0,3.34,0.95,7.15,39.09,1.38,0,1.77,0.18,0,0,0,2.78,9.34,0.06,0.01,0.68,3.47,64.67,0,0.28,0,0,0.9,0.72
"Nigeria",2013,0.282628223803601,355.84,40.13,4.68,0,0.01,3.67,0,0,0,0,0.36,0,0.45,0,0,0.08,0.06,0,0,0,0.66,0.02,0,0.09,1,45.89,74.06,0.03,0,1.34,0.57,0,0.33,0,2.7,10.19,0.06,0.57,1.18,3.53,162.54,0,0.16,0,0,0.14,1.34
"Nigeria",2014,0.221221569101976,287.34,35.15,3.04,0,0.01,2.38,0.11,0,0,0,0.04,0,0.19,0,0,0.06,0.09,0,0,0,0.86,0.15,0,0,0.94,81.86,62.2,0.03,0,0.65,0.12,0,0.33,0,2.59,12.66,0,0.15,1.03,2.34,79.17,0,0.07,0,0,0.14,0.98
"Nigeria",2015,0.262445134494639,359.79,85.33,5.53,0,0.02,2.09,0.17,0,0,0,0.02,0,0.95,0,0,0.02,0.53,0,0,0,0.78,0.34,0,0.69,0.22,32.63,34.24,0.02,0,1.3,0.72,0,0.83,0,7.44,17.68,0,0.05,5.27,7.67,154.79,0,0.06,0,0,0.34,0.06
"Nigeria",2016,0.175606711428779,326.48,16,5.31,0,0.01,1.68,0.31,0,0,0,0.04,0,1.19,0,0,0.05,0.09,0,0.01,0,0.93,3.55,0,5.2,1.94,58.98,72.3,0,0,3.57,0.09,0,0.83,0.01,7.88,15.67,0.02,0.4,24.54,11.12,92.9,0,0.15,0,0,0.97,0.74
"Nigeria",2017,0.261799402199604,617.16,23.06,8.65,0,0.09,8.78,1.92,0,0,0,0.27,0.05,1.37,0,0.02,0.19,0.08,0,0,0,0.9,10.85,0,1.32,2.51,77.04,290.39,0,0,4.15,3.99,0,0.65,0.02,20.31,34.39,0.01,1.97,29.68,16.09,76.58,0,0,0,0.46,0.27,1.1
"Nigeria",2018,0.328763350070907,915.22,13.42,0,0,0,1.61,0.68,0,0,0,0.68,0,2.25,0,0,0.73,0.09,0,0,0,1.86,5.52,0,0.14,1.74,94.44,257.77,0,0.23,3.71,1.79,0,0,0.05,13.04,23.54,0.02,4.57,26.73,14.44,445.09,0,0.64,0,0,0.43,0.01
"Nigeria",2019,0.328618603569539,739,15.08,0,0,0,1.6,0.79,0,0,0,0.14,0,3.43,0,0.01,1.96,0.04,0,0,0,1.48,6.53,0,2.19,0.69,56.09,181.09,0,0,2.61,5.15,0,0.02,0,15.97,24.25,0.29,5.13,22.61,12.87,376.36,0,0.28,0,0,1.46,0.88
"Nigeria",2020,0.27808333341133,795.77,13.06,0,0,0,1.29,0.75,0,0,0,0.04,0,2.09,0,0.13,3.14,0.07,0,0,0,1.44,7.96,0,2.75,0.21,214.34,132.19,0,0,2.22,1.9,0,0.13,0,10.11,23.23,0.04,3.09,24.46,14.91,333.07,0,0.45,0,0,1.74,0.96
"Nigeria",2021,0.210144539407337,659.22,30.91,0,0,0,2.41,0.25,0,0,0,1.14,0.04,3.73,0,0.19,4.98,0.09,0,0,2.62,1.56,5.94,0,2.89,0.17,154.46,164.25,0,0,2.97,4.1,0,1.4,0,14.12,17.81,0.16,1.71,29.69,15.57,194.32,0,0.7,0,0,0.27,0.77
"Nigeria",2022,0.183684844234338,1276.936485,54.148958,15.820446,0,0.207746,2.893424,0.118152,0,0.08314,0.072384,0.169952,0,5.60539,0,0.148632,6.292826,0.287636,0,0.16673,0.166598,4.775556,15.117424,0,15.501485,0.771192,366.173275,250.007377,13.143972,0,5.073994,12.940566,0,0.103494,0.002176,15.331062,34.65916,0.372554,66.693522,50.276102,36.938048,298.362116,0,1.642646,0,0,1.793094,1.075656
"Nigeria",2023,0.180980477193509,1029.811479,60.615065,18.000398,0,0,2.434894,3.592908,1.315342,0,0,0.083204,0,3.906198,0,0.051554,3.959064,0.266094,0,0,0.108132,9.34824,4.35466,0,6.278119,0.271002,241.085218,245.327112,0,0,5.991426,4.337546,0.166944,0.29475,0.031176,19.038038,55.81984,0.019464,1.804148,57.47195,32.855222,248.003049,0,1.398248,0,0,0.014002,1.568472
"Nigeria",2024,0.225637173621656,1162.276887,51.89593,33.181658,0,0.07709,1.775521,0.26098,1.24589,0.060212,0,0.235024,0,4.535144,0,0.063762,3.97392,0.12982,0,0.082406,0,12.037454,4.302372,0,7.030612,0.118552,395.909116,170.191551,0,0,5.369362,3.017921,0,0.32108,0.091108,13.505848,43.192816,0.056956,4.437496,40.907988,21.222048,332.823332,0,1.325844,0,0,6.755986,2.142088
"Rwanda",1962,0.997666280897895,8.56,0,0,0,0,0,0,0,0,0,0,0,0,0,0,0,0,0,0,0,0,8.55,0,0,0,0,0.01,0,0,0,0,0,0,0,0,0,0,0,0,0,0,0,0,0,0,0,0
"Rwanda",1963,0.966183363903689,6.42,0,0,0,0,0,0,0,0,0,0,0,0,0,0,0,0,0,0,0,0,6.31,0,0,0,0,0.07,0,0,0,0,0,0,0,0,0,0,0,0,0.04,0,0,0,0,0,0,0
"Rwanda",1964,0.785726373551196,5.27,0,0,0,0,0,0,0,0,0,0,0,0,0,0,0,0,0,0,0,0,4.65,0,0,0,0,0.25,0,0,0,0,0,0,0,0,0,0,0,0,0.37,0,0,0,0,0,0,0
"Rwanda",1965,0.777870427949573,5.32,0,0,0,0,0,0,0,0,0,0,0,0,0,0,0,0,0,0,0,0,4.67,0,0,0,0,0.35,0,0,0,0,0,0,0,0,0,0,0,0,0.29,0.01,0,0,0,0,0,0
"Rwanda",1966,0.628034736886678,7.37,0,0,0,0,0,0,0,0,0,0,0,0,0,0,0,0,0,0,0,0,5.76,0,0,0,0.3,0.66,0,0,0,0,0,0,0,0,0,0,0,0,0.64,0.01,0,0,0,0,0,0
"Rwanda",1967,0.737144318947042,8.93,0,0,0,0,0,0,0,0,0,0,0,0,0,0,0,0,0,0,0,0,7.61,0,0,0,0,0.65,0,0,0,0,0,0,0,0,0,0,0,0,0.67,0,0,0,0,0,0,0
"Rwanda",1968,0.616801584865415,9.77,0,0,0,0,0,0,0,0,0,0,0,0,0,0,0,0,0,0,0,0,7.57,0,0.02,0,0.8,0.73,0,0,0,0,0,0,0,0,0,0,0,0,0.63,0.02,0,0,0,0,0,0
"Rwanda",1969,0.627294806840379,12.51,0,0,0,0,0,0,0,0,0,0,0,0,0,0,0,0,0,0,0,0,9.79,0,0.01,0,0.9,0.89,0,0,0,0.05,0,0,0,0,0,0,0,0,0.85,0.02,0,0,0,0,0,0
"Rwanda",1970,0.611763268154802,14.67,0.02,0,0,0,0,0,0,0,0,0,0,0,0,0,0,0,0,0,0,0,11.34,0,0.02,0,1.2,0.99,0,0,0,0.07,0,0,0,0.27,0,0,0,0,0.75,0.01,0,0,0,0,0,0
"Rwanda",1971,0.545083743006803,17.71,0.02,0,0,0,0,0,0,0,0,0,0,0,0,0,0,0,0,0,0,0.01,12.84,0,0.02,0,1.2,1.68,0,0,0,0,0,0,0,1.02,0,0,0,0,0.89,0.03,0,0,0,0,0,0
"Rwanda",1972,0.545247993665717,20.71,0.04,0,0,0,0,0,0,0,0,0,0,0,0,0,0,0,0,0,0,0,15.01,0,0.05,0,1.64,1.84,0,0,0,0,0,0,0,0.68,0,0,0,0,1.42,0.03,0,0,0,0,0,0
"Rwanda",1973,0.50461566631885,24.82,0.01,0,0,0,0,0,0,0,0,0,0,0,0,0,0,0,0,0,0,0.08,17.13,0,0.08,0,3.05,2.11,0,0,0,0.04,0,0,0,0.44,0,0,0,0,1.86,0.02,0,0,0,0,0,0
"Rwanda",1974,0.421820499402917,27.3,0.01,0,0,0,0,0,0,0,0,0,0,0,0,0,0,0,0,0,0,0,16.56,0,0.05,0,5.11,3.43,0,0,0,0.05,0,0,0,0.79,0,0,0,0.02,1.28,0,0,0,0,0,0,0
"Rwanda",1975,0.327960510832043,51.16,0.72,0,0,0,0,0,0,0,0,0,0,0,0,0,0,0,0,0,0,0.09,25.64,0,0,0.01,11.95,5.44,0,0,0,0.04,0,0,0,0.54,0,0,0,0,1.66,0.07,0,0,0,5,0,0
"Rwanda",1976,0.353701516569681,48.38,2.78,0,0,0,0,0,0,0,0,0,0,0,0,0,0,0,0,0,0,0.13,26.26,0,0,0,7.5,8.29,0,0,0,0.02,0,0,0,0.96,0,0,0,0,2.14,0.03,0,0,0.27,0,0,0
"Rwanda",1977,0.319890484845055,56.91,0.37,0,0,0,0,0,0,0,0,0,0,0,0,0,0,0,0,0,0,0.56,28.58,0,0.22,0,6.9,12.21,0,0,0,0.05,0,0,0,1.6,0.03,0,0,0,1.93,0.05,0,0,0.47,3.94,0,0
"Rwanda",1978,0.329790841356747,69.67,2.02,0,0,0,0,0,0,0,0,0,0,0,0,0,0,0,0,0,0,0.18,36.31,0,0.26,0,9.18,12.31,0,0,0,0.04,0,0,0,1.98,0,0,0,0,6.14,0.06,0,0,0.73,0.46,0,0
"Rwanda",1979,0.281644696441443,94.37,5.17,0,0,0,0,0,0,0,0,0,0,0,0,0,0,0,0,0,0,0.05,35.48,0,0,0,11.69,32.42,0,0,0,0.03,0,0,0,3.83,0,0,0,0.74,4.41,0,0,0,0.55,0,0,0
"Rwanda",1980,0.264227161297775,85.23,5.14,0,0,0,0,0,0,0,0,0,0,0,0,0,0,0,0,0,0,0.08,36.2,0,0,0,15.8,16.83,0,0,0.11,0,0,0,0,4.61,0,0,0,0,5.17,0.01,0,0,1.28,0,0,0
"Rwanda",1981,0.226572402030752,89.59,4.41,0,0,0,0,0,0,0,0,0,0,0,0,0,0,0,0,0,0,0.09,28.87,0,0,0,21.51,20.68,0,0,0.11,0.04,0,0,0,3.22,2.25,0,0,0.03,7.72,0,0,0,0.24,0.42,0,0
"Rwanda",1982,0.2270066819014,83.58,3.2,0,0,0,0,0,0,0,0,0,0,0,0,0,0,0,0,0,0,0.15,26.26,0,0.06,0.01,11.84,25.26,0,0,0.09,0.03,0,0,0,4.27,1.43,0,0,1.17,9.26,0.03,0,0,0.52,0,0,0
"Rwanda",1983,0.203711895037939,76.04,5.85,0,0,0,0.04,0,0,0,0,0,0,0,0,0,0,0,0,0,0,0.15,20.16,0,0.04,0.02,9.17,23.75,0,0,0.2,0.69,0,0,0,5.48,0.76,0,0,0,7.39,0.13,0,0,1.76,0,0.45,0
"Rwanda",1984,0.194817659727804,72.74,3.07,0,0,0,0,0,0,0,0,0,0,0,0,0,0,0,0,0,0,0.27,20.59,0,0.02,0.03,9.52,20.12,0,0,0.07,0.8,0,0,0,4.17,0.25,0,0,0,7.3,0.04,0,0,5.42,0,1.07,0
"Rwanda",1985,0.18739759720052,84.68,1.87,0,0,0,0,0,0,0,0,0,0,0,0,0,0,0,0,0,0,0.57,20.22,0,0.07,0.04,15.95,23.59,0,0,0.67,3.73,0,0,0,3.04,0,0,0,0,8.41,0.12,0,0,4.84,0,1.56,0
"Rwanda",1986,0.151252726312458,106.66,9.58,0,0,0,0,0,0,0,0,0,0,0,0,0,0,0,0,0,0,1.78,24.63,0,0.07,0.01,20.92,19.3,0,0,0.22,6.21,0,0,0,6.01,0,0,0,0,10.32,0.17,0,0,4.69,2.36,0.39,0
"Rwanda",1987,0.182156726205805,127.11,7.95,0,0,0,0,0,0,0,0,0,0,0,0,0,0,0,0,0,0,2.4,33.49,0,0.03,1.06,33.18,22.03,0,0,0.21,2.18,0,0,0,6.6,0.16,0,0,0.6,9.38,0.31,0,0,3.25,4.22,0.06,0
"Rwanda",1988,0.167487539139859,119.38,10.4,0,0,0,0,0,0,0,0,0,0,0,0,0,0,0,0,0,0,2.73,29.05,0,0.61,1.08,23.68,25,0,0,0.19,0.92,0,0,0,7.23,0.07,0,0,0.42,12.85,0.52,0,0,0,4.63,0,0
"Rwanda",1989,0.156961732870834,120.65,17.08,0,0,0,0,0,0,0,0,0,0,0,0,0,0,0,0,0,0,2.35,26.71,0,0.95,1.73,19.57,27.15,0,0,0.13,1.45,0,0,0,5.57,0,0,0.09,0,9.07,0.52,0,0,4.81,3.36,0.11,0
"Rwanda",1990,0.161997265265035,172.81,14.36,0,0,0,0,0,0,0,0,0,0,0,0,0,0,0,0,0,0,7.19,43.39,0,1.8,0.21,37.17,31.82,0,0,0.08,1.32,0,0.83,0,10.71,0.02,0,0.12,0.13,10.16,0.85,0,0,5.75,6.75,0.15,0
"Rwanda",1991,0.190015017789848,193.71,9.21,0.13,0,0,0,0,0,0,0,0,0,0,0,0,0,0,0,0,0,11.28,55.8,0,1.71,0.17,43.06,40.05,0,0,0.05,1.93,0,1.29,0,3.86,0.39,0,0.02,1.79,17.05,0.58,0,0,0,5.34,0,0
"Rwanda",1992,0.185805441643737,171.96,16.81,0.07,0,0,0,0,0,0,0,0,0,0,0,0,0,0,0,0,0,8.54,45.65,0,1.53,0.46,30.16,43.59,0,0,0.07,1.87,0,0.59,0,6.88,0.34,0,0,0.3,13.79,0.34,0,0,0,0.97,0,0
"Rwanda",1993,0.162545846919631,172.38,14.94,0.07,0,0,0,0,0,0,0,0,0,0,0,0,0,0,0,0,0,4.36,36.66,0,0.76,0.29,35.53,38.56,0,0,0.01,2.97,0,1.27,0,7.18,1.26,0,0.82,3.35,20.21,1.2,0,0,0.01,2.93,0,0
"Rwanda",1994,0.101893969960636,284.15,16.47,0.1,2,0,7.67,1.3,0,0,0,0,0,0,0,0,0,0,0,0,0,2.29,29.1,0,0.34,2.31,29.8,46.57,0,0,4.04,12.44,0,1.63,0,32.22,8.78,0.11,6.53,12.11,22.57,44.59,0,0,0.99,0,0,0.19
"Rwanda",1995,0.137568148974126,228.39,1.5,0.1,0,0,0.48,0.8,0,0,0,0,0,0,0,0,0,0,0,0,0,3.49,14.04,0,0.89,2.77,11.75,52.06,0,0,6.31,3.85,0,1.15,0,46.67,16.33,0,8.11,5.81,17.78,34.5,0,0,0,0,0,0
"Rwanda",1996,0.122701368609233,229.21,0.55,0.15,0,0,5.44,0.17,0,0,0,0,0,0,0,0,0,0,0,0,0,2.84,31.29,0,0.42,1.02,16.56,45.64,0,0,5.46,4.18,0,1.83,0,41.11,24.49,0.14,4.49,5.43,17.54,19.28,0,0,1.18,0,0,0
"Rwanda",1997,0.114552483276747,154.26,8.13,0,0,0,3.18,0.21,0,0,0,0,0,0,0,0,0,0,0,0,0,1.44,21.09,0,1.75,0.85,16.07,26,0,0,4,4.06,0,2.06,0,29.21,11.07,0.06,0.47,1.9,12.14,10.04,0,0.03,0,0.5,0,0
"Rwanda",1998,0.112454919613982,181.45,9.03,0,0,0,1.57,0.09,0,0,0,0,0,0,0,0,0.05,0,0,0,0,5.09,23.17,0,2.08,0.56,33.17,20.55,0,0,3.4,3.86,0,3.05,0,29.01,8.8,0,0.22,9.93,7.15,20.59,0,0.08,0,0,0,0
"Rwanda",1999,0.111409800102169,150.96,7.95,0,0,0,0.02,0,0,0,0,0,0,0,0,0,0.03,0,0,0,0,6.17,21.04,0,1.43,0.53,16.22,18.76,0.02,0,2.48,2.46,0,1.8,0,20.34,4.84,0,0.15,13.11,7.02,26.53,0,0.06,0,0,0,0
"Rwanda",2000,0.178392216993087,151.23,3.36,0.03,0,0,0.02,0.04,0,0,0,0,0,0,0,0,0.02,0,0,0,0,1.19,16.03,0,1.2,0.56,12.69,13.77,0.01,0,1.79,0.81,0,2.26,0,20.42,4.27,0,0.3,14.63,5.04,52.67,0,0.12,0,0,0,0
"Rwanda",2001,0.168850836771693,116.19,1.03,0.02,0,0,0,0.11,0,0,0,0,0,0,0,0,0.01,0,0,0,0,0.41,11.55,0,2.68,0.41,10.61,14.59,0.01,0,1.05,1.18,0,1.79,0,19.16,2.03,0,0.77,8.43,3.49,36.76,0,0.1,0,0,0,0
"Rwanda",2002,0.183088693930538,150.41,0.4,0.08,0,0,0,0.09,0,0,0,0,0,0,0,0,0.03,0,0,0,0,1.87,21.61,0,0.49,0.87,9.27,10.75,0,0,1.39,1,0,3.99,0,19.61,6.09,0,0.73,15.58,3.9,52.63,0,0.03,0,0,0,0
"Rwanda",2003,0.145112488458964,153.79,0.69,0.04,0,0,0,0.12,0,0,0,0,0,0,0,0,0.01,0,0,0,0,3.01,20.81,0,1.78,0.89,10.94,13.87,0,0,1.95,0.19,0,3.87,0,23.05,7.97,0.98,0.68,13.14,6.86,42.88,0,0.06,0,0,0,0
"Rwanda",2004,0.183307666234078,164.59,0.86,0.06,0,0,0,0.1,0,0,0,0,0,0,0,0,0.03,0,0,0,0,1.25,18.96,0,1.81,0.76,10.7,16.6,0.01,0,2.89,1.3,0,3.6,0,25.5,6.24,0.53,0.35,8.47,6.39,58.18,0,0,0,0,0,0
"Rwanda",2005,0.185548886653177,227.06,4.25,0.1,0,0,0,0.11,0,0,0,0,0,0,0,0,0.02,0,0,0,0,12.42,27.4,0,0,1.72,12.78,18.5,0.02,0,2.63,0.19,0,1.38,0,28.41,4.5,0.61,0.85,23.4,5.82,81.95,0,0,0,0,0,0
"Rwanda",2006,0.206957495118899,330.85,12.74,0.34,0,0,0.07,0.06,0,0,0,0.01,0,0,0,0,0.08,0,0,0,0,0.42,36.24,0,1.53,0.42,103.54,19.39,0.03,0,3.74,0.58,0,2.81,0,24.65,3.98,0.61,2,17.48,4.71,95.4,0,0.01,0,0,0,0.01
"Rwanda",2007,0.173711572833499,276.26,19.53,0.84,0,0,0.46,0.03,0,0,0,0.02,0,0,0,0,0.54,0,0,0,0,1.45,42.69,0,1.26,1.32,6.54,23.08,0.05,0,3.47,2.52,0,5.52,0,27.84,7.43,0.7,8.42,21.8,5.68,94.94,0,0.03,0,0,0,0.1
"Rwanda",2008,0.169271725054027,323.07,17.75,1.35,0,0.15,0.25,0,0,0,0,0.02,0,0,0,0,0.81,0,0,0,0.03,1.55,65.42,0,2.46,1.07,5.16,24.58,0.08,0,3.33,2.74,0,7.9,0,38.77,3.76,0.62,24.86,14.4,5.41,99.88,0,0.02,0,0,0,0.7
"Rwanda",2009,0.158989081200739,364.52,21.34,2.31,0,0.01,0.29,0,0,0,0,0.23,0,0,0,0,0.22,0,0,0,0.02,1.44,82.36,0,2.28,1.08,4.62,44.16,0.04,0,2.04,1.75,0,5.41,0,54.22,3.56,0.86,24.98,13.35,5.79,89.85,0,0.01,1.73,0,0.41,0.16
"Rwanda",2010,0.145183487835863,300.48,22.82,6.86,0,0,0.46,0,0,0,0,0.02,0,0,0,0,0.08,0,0,0,0.04,1.26,70.48,0,2.31,0.21,5.99,48.71,0.03,0,2.4,1.31,0,5.21,0,39.43,4.37,0.55,1.78,25.22,5.41,53.65,0,0.03,1.28,0,0.41,0.16
"Rwanda",2011,0.147136173193921,355.93,24.38,5.82,0,0.01,2.08,0,0,0,0,0.03,0,0,0,0,0.19,0,0,0,0.06,0.66,76.75,0,2.55,0.15,7.95,47.75,0.02,0,2.29,1.01,0,5.52,0,47.46,3.4,0.66,1.73,33.25,4.21,79.25,0,0.12,7.62,0,0.72,0.29
"Rwanda",2012,0.248371128278593,375.77,32.79,7.11,0,0,1.72,0,0,0,0,0.04,0,0,0,0,0.27,0,0.04,0,0.03,0.14,53.5,0,0.69,0.3,8.68,32.47,0.02,0,3.53,0.41,0,3.64,0,37.03,2.37,0,1.32,14.61,5.44,168.23,0,0.07,0.65,0,0.46,0.21
"Rwanda",2013,0.182565662757069,379.87,49.86,12.48,0,0,4.42,0,0,0,0,0.05,0,0,0,0,0.14,0,0,0.01,0.08,0.1,47.58,0,0,0.1,7.89,28.15,0,0,3.3,0.18,0,2.26,0,49.58,2.22,0.82,0.73,29.68,6.09,131,0,0.03,2.19,0,0.44,0.49
"Rwanda",2014,0.178131958211587,364.43,22.61,16.46,0,0,1.4,0.2,0,0,0,0.09,0,0,0,0,0.06,0,0,0.01,0.08,0.14,42.19,0,0,0.09,7.24,35.77,0,0,3.13,2.96,0,0.48,0,50.66,2.29,0.21,0.8,39.09,8.12,124.72,0,0.02,4.55,0,0.45,0.61
"Rwanda",2015,0.162403276069928,302.54,16.39,20.93,0,0,1.55,0.21,0,0,0,0.04,0,0,0,0,0.12,0.01,0,0.03,0.03,0.1,35.88,0,0,0.07,4.56,35.38,0,0,2.37,2.64,0,0.39,0,40.83,2.2,0.22,0.55,32.79,4.79,93.67,0,0.02,6.18,0,0.59,0
"Rwanda",2016,0.169294220066364,329.4,27.4,18.27,0,0.02,0.66,0.11,0,0,0,0.02,0,0,0,0,0.05,0,0,0.02,0.03,0.33,26.3,0,0,0.05,4.23,47.85,0,0,2.06,1.6,0,0.39,0,55.89,2.59,0.04,0.63,29.17,6.06,101.24,0,0.28,3.04,0,0.68,0.39
"Rwanda",2017,0.130120324021609,322.79,43.32,16.52,0,0.04,9.44,0.07,0,0,0,0,0,0,0,0,0.03,0.01,0,0.04,0.03,0.37,40.62,0,0,0.1,3.65,45.24,0,0,2.34,1.06,0,0.23,0,48.07,3.15,0,0.53,31.2,5.32,65.31,0,0,3.11,0,1.65,1.34
"Rwanda",2018,0.146877806894331,336.24,38.24,0,0,0,1.04,0.13,0,0,0,0,0,0,0,0,0.1,0,0,0.01,0.15,0.36,44.59,0,0,0.71,3.81,48.93,0,0.05,2.62,1.34,0,0.98,0,50.81,3.29,0,1.21,34.89,3.87,81.78,0,0.4,14.69,0,2.2,0.04
"Rwanda",2019,0.154128833420532,387.4,78.21,0,0,0,0.75,0.13,0,0,0,0,0,0.01,0,0,0.29,0,0,0.03,0.2,0.32,46.18,0,0,0.19,3.94,49.35,0,0,2.25,1.6,0,1.95,0,52.11,10.08,0,1.37,30.44,5.36,92.73,0,0.29,6.24,0,2.4,0.98
"Rwanda",2020,0.127697304266207,389.02,54,0,0,0,0.85,1.16,0,0,0,0,0,0.01,0,0,0.53,0,0,0.08,0.15,0.2,63.37,0,5.4,0.19,54.4,64.04,0,0,2.25,1.74,0,1.99,0,32.76,5.03,0,1.83,25.09,6.41,59.03,0,0.27,5.15,0,2.25,0.84
"Rwanda",2021,0.12079005421565,475.01,70.93,0,0,0,2.8,1.04,0,0,0.67,0.01,0.71,4.42,0,0,2.14,0.01,0,3.44,0.08,0.31,52.33,0,6.39,0.22,71.46,100.79,3.78,0,2.37,7.96,0,1.67,0.72,21.66,6.15,3.21,10.13,30.49,8.06,48.53,0,0.42,7.99,0,3.51,0.61
"Rwanda",2022,0.112672389238013,771.989832,131.078398,46.962932,0,0.028098,2.749976,1.810308,0,0,0,0.048556,0,0.362672,0,0.002122,1.35053,0.040844,0,0.032646,0.195158,0.902232,90.32469,0,0.525119,1.305546,90.886386,136.401328,0,0,6.120858,7.585848,0,24.434364,0.001522,54.30733,12.031394,0,2.6048,62.173445,17.517333,68.535284,0,0.199664,6.233216,0,4.530221,0.707012
"Rwanda",2023,0.135618500623463,717.045845,44.322594,51.171592,0,0,2.388297,1.719056,0,0,0,0.489246,0,1.761336,0.005108,0,1.305782,0.114568,0,0.002876,0.209776,0.65844,76.649088,0,28.05262,1.242714,166.908288,154.393044,0,0,4.87739,6.061936,0,26.18062,0.025952,5.555978,6.36466,0,3.906308,58.023301,21.446129,45.432701,0,0.090868,0,0,6.973161,0.712416
"Rwanda",2024,0.121863290538095,986.496359,190.130688,42.563782,0,0,2.227756,0.095424,0.002654,0,0,2.592448,0,1.813746,0.105994,0,1.114226,0.109388,0,0,0.310332,7.132162,77.194842,0,5.910584,1.219074,158.325086,165.245326,0,0,5.378414,109.724164,0,31.449324,0.067914,11.412726,5.027415,0,6.174042,53.258869,22.377402,74.18418,0,0.331488,0,0,10.255203,0.761706
"Sao Tome & Principe",1975,1,0.04,0,0,0,0,0,0,0,0,0,0,0,0,0,0,0,0,0,0,0,0,0.04,0,0,0,0,0,0,0,0,0,0,0,0,0,0,0,0,0,0,0,0,0,0,0,0,0
"Sao Tome & Principe",1976,0.445333333333333,0.75,0,0,0,0,0,0,0,0,0,0,0,0,0,0,0,0,0,0,0,0,0.06,0,0,0,0.44,0,0,0,0,0,0,0,0,0.23,0,0,0,0,0.02,0,0,0,0,0,0,0
"Sao Tome & Principe",1977,0.493204592478397,1.57,0,0,0,0,0,0,0,0,0,0,0,0,0,0,0,0,0,0,0,0,0.12,0,0,0,0.4,0,0,0,0,0,0,0,0,1.02,0,0,0,0,0.03,0,0,0,0,0,0,0
"Sao Tome & Principe",1978,0.31263069192597,1.79,0,0,0,0,0,0,0,0,0,0,0,0,0,0,0,0,0,0,0,0,0,0,0,0,0.82,0.03,0,0,0,0,0,0,0,0.32,0,0,0,0.44,0.18,0,0,0,0,0,0,0
"Sao Tome & Principe",1979,0.295621141975309,1.44,0,0,0,0,0,0,0,0,0,0,0,0,0,0,0,0,0,0,0,0,0.03,0,0,0,0.61,0.04,0,0,0,0,0,0,0,0.36,0,0,0,0.32,0.08,0,0,0,0,0,0,0
"Sao Tome & Principe",1980,0.454955262618674,1.21,0,0,0,0,0,0,0,0,0,0,0,0,0,0,0,0,0,0,0,0,0,0,0,0,0.55,0.06,0,0,0,0,0,0,0,0.6,0,0,0,0,0,0,0,0,0,0,0,0
"Sao Tome & Principe",1981,0.246172839506173,1.8,0.11,0,0,0,0,0,0,0,0,0,0,0,0,0,0,0,0,0,0,0,0,0,0,0,0.61,0,0,0,0,0,0,0,0,0.49,0,0,0,0.34,0.24,0.01,0,0,0,0,0,0
"Sao Tome & Principe",1982,0.277561287127422,2.77,0.8,0,0,0,0,0,0,0,0,0,0,0,0,0,0,0,0,0,0,0.07,0.06,0,0,0,1.13,0,0,0,0,0.09,0,0,0,0.41,0,0,0,0.16,0.05,0,0,0,0,0,0,0
"Sao Tome & Principe",1983,0.558208738568733,3.32,0,0,0,0,0,0,0,0,0,0,0,0,0,0,0,0,0,0,0,0,0,0,0,0,2.4,0.22,0,0,0,0.04,0,0,0,0.58,0,0,0,0,0.08,0,0,0,0,0,0,0
"Sao Tome & Principe",1984,0.275380063258851,2.97,0.34,0,0,0,0,0,0,0,0,0,0,0,0,0,0,0,0,0,0,0,0,0,0,0,1.36,0.25,0,0,0,0.38,0,0,0,0.05,0,0,0,0.5,0.06,0.03,0,0,0,0,0,0
"Sao Tome & Principe",1985,0.325994473926582,3.02,0.34,0,0,0,0,0,0,0,0,0,0,0,0,0,0,0,0,0,0,0,0,0,0,0,1.45,0.09,0,0,0,0.3,0,0,0,0,0,0,0,0.81,0.03,0,0,0,0,0,0,0
"Sao Tome & Principe",1986,0.396939820319725,6.96,3.35,0,0,0,0,0,0,0,0,0,0,0,0,0,0,0,0,0,0,0,0.02,0,0,0,2.78,0.28,0,0,0,0.44,0,0,0,0,0,0,0,0.07,0.01,0.01,0,0,0,0,0,0
"Sao Tome & Principe",1987,0.375750044002582,4.33,0.59,0,0,0,0,0,0,0,0,0,0,0,0,0,0,0,0,0,0,0,0,0,0,0,2.43,0.05,0,0,0,0.38,0,0,0,0.07,0,0,0,0.8,0.01,0,0,0,0,0,0,0
"Sao Tome & Principe",1988,0.339613778492448,8.57,0.76,0,0,0,0,0,0,0,0,0,0,0,0,0,0,0,0,0,0,0,0.07,0,0,0,4.33,0.3,0,0,0,2.24,0,0,0,0.11,0,0,0.7,0.03,0,0.03,0,0,0,0,0,0
"Sao Tome & Principe",1989,0.35721609188038,23.77,0.37,0,0,0,0,0,0,0,0,0,0,0,0,0,0,0,0,0,0,0,1.02,0,0,0,5.56,0.16,0,0,0,2.14,0,0,0,0.09,0,12.75,0.07,1.6,0.01,0,0,0,0,0,0,0
"Sao Tome & Principe",1990,0.359700840113851,30.89,2.54,0,0,0,0,0,0,0,0,0,0,0,0,0,0,0,0,0,0,0,0.03,0,0,0,9.31,1.27,0,0,0,0.74,0,0,0,0.12,0,15.72,0.31,0.84,0.01,0,0,0,0,0,0,0
"Sao Tome & Principe",1991,0.334454759620502,23.02,1.1,0.04,0,0,0,0,0,0,0,0,0,0,0,0,0,0,0,0,0,0,0.01,0,0,0,9.34,1.39,0,0,0,1.07,0,0,0,0.02,0,9.24,0.45,0.36,0,0,0,0,0,0,0,0
"Sao Tome & Principe",1992,0.449826453094181,24.96,1.03,0,0,0,0,0,0,0,0,0,0,0,0,0,0,0,0,0,0,0,0.01,0,0,0,7.8,0.96,0,0,0,0.01,0,0,0,0.01,0,14.74,0.39,0,0.01,0,0,0,0,0,0,0
"Sao Tome & Principe",1993,0.278003917966366,27.24,6.26,0.02,0,0,0,0,0,0,0,0,0,0,0,0,0,0,0,0,0,0,0.01,0,0,0,8.08,0.72,0,0,0,1.89,0,0,0,0,0.02,9.88,0.32,0.04,0,0,0,0,0,0,0,0
"Sao Tome & Principe",1994,0.30847400921062,25.22,3.17,0.02,0,0,0,0,0,0,0,0,0,0,0,0,0,0,0,0,0,0,0,0,0,0,10.58,0.92,0,0,0,0.01,0,0,0,0,0,8.34,0.23,1.94,0,0.01,0,0,0,0,0,0
"Sao Tome & Principe",1995,0.583382217949949,61.79,2.33,0.03,0,0,0,0,0,0,0,0,0,0,0,0,0,0,0,0,0,0,0.01,0,0,0,11.56,0.83,0,0,0,0.94,0,0.03,0,0.1,0,45.68,0.2,0.08,0,0,0,0,0,0,0,0
"Sao Tome & Principe",1996,0.37917624205401,27.74,2.22,0.03,0,0,0,0,0,0,0,0,0,0,0,0,0,0,0,0,0,0,0.01,0,0,0,10.55,0.58,0,0,0,0.57,0,0,0,0.22,0,13.22,0.25,0.08,0,0.01,0,0,0,0,0,0
"Sao Tome & Principe",1997,0.419725637648993,21.51,0.9,0.04,0,0,0,0,0,0,0,0,0,0,0,0,0,0,0,0,0,0,0.01,0,0,0,6.94,0.3,0,0,0.06,0,0,0,0,0.16,0,12,1.05,0.04,0,0.01,0,0,0,0,0,0
"Sao Tome & Principe",1998,0.437072940324223,18.08,1.38,0.01,0,0,0,0,0,0,0,0,0,0,0,0,0,0,0,0,0,0,0,0,0,0,4.96,0.43,0,0,0,0.02,0,0,0,0.06,0,10.77,0.43,0,0,0.02,0,0,0,0,0,0
"Sao Tome & Principe",1999,0.529988309065788,19.4,0.08,0,0,0,0,0,0,0,0,0,0,0,0,0,0,0,0,0,0,0,0,0,0,0,4.85,0.24,0.01,0,0,0.22,0,0,0,0.03,0,13.24,0.73,0,0,0,0,0,0,0,0,0
"Sao Tome & Principe",2000,0.415067190143317,17.7,1.23,0,0,0,0,0,0,0,0,0,0,0,0,0,0,0,0,0,0,0,0,0,0,0,3.58,0.16,0.01,0,0,0.01,0,0,0,0,0.1,10.58,1.93,0.1,0,0,0,0,0,0,0,0
"Sao Tome & Principe",2001,0.451110841057028,22.09,1.05,0.01,0,0,0,0,0,0,0,0,0,0,0,0,0,0,0,0,0,0,0,0,0,0,3.96,0.04,0.01,0,0,0.24,0,0.11,0,0.06,0,14.02,2.59,0,0,0,0,0,0,0,0,0
"Sao Tome & Principe",2002,0.509135055221622,19.11,1.29,0,0,0,0,0,0,0,0,0.01,0,0,0,0,0,0,0,0,0,0.01,0,0,0,0,3.79,0,0.02,0,0,0.02,0,0,0,0.02,0,13,0.95,0,0,0,0,0,0,0,0,0
"Sao Tome & Principe",2003,0.305992147158556,25.58,1.37,0,0,0,0,0,0,0,0,0.01,0,0,0,0,0,0,0,0,0,0.01,0.01,0,0,0,4.29,7.37,0.03,0,0,0.01,0,0.1,0,0,0,11.14,1.23,0,0,0,0,0.01,0,0,0,0
"Sao Tome & Principe",2004,0.445181270562367,20.86,1.46,0.06,0,0,0,0,0,0,0,0,0,0,0,0,0,0,0,0,0,0.01,0,0,0,0,5.18,0.02,0.03,0,0,0.64,0,0.14,0,0,0,12.81,0.47,0.02,0.02,0,0,0,0,0,0,0
"Sao Tome & Principe",2005,0.50252560960954,17.09,1.53,0.04,0,0,0,0,0,0,0,0.01,0,0,0,0,0,0,0,0,0,0.01,0,0,0,0,3.61,0.01,0.02,0,0,0,0,0.04,0,0,0.12,11.46,0.22,0.02,0,0,0,0,0,0,0,0
"Sao Tome & Principe",2006,0.449864560506452,17.76,0.03,0,0,0,0,0,0,0,0,0.01,0,0,0,0,0,0,0,0,0,0.01,0,0,0,0.08,3.13,2.22,0.03,0,0,0.23,0,0.1,0,0,0.09,11.26,0.55,0.02,0,0,0,0,0,0,0,0
"Sao Tome & Principe",2007,0.267705340156185,32.07,3.11,0,0,0,0,0,0,0,0,0.01,0,0,0,0,0,0,0,0,0,0.01,0,0,0,0,7.13,6.43,0.05,0,0,0.83,0,0.09,0,0,0.03,13.08,1.3,0,0,0,0,0,0,0,0,0
"Sao Tome & Principe",2008,0.249343538182689,42.75,7.22,0.12,0,0,0,0,0,0,0,0.01,0,0,0,0,0,0,0,0,0,0.01,2.43,0,0,0,13.79,0.03,0.02,0,0,0.22,0,0,0,0,0.01,13.29,5.55,0,0,0,0,0,0,0,0,0.05
"Sao Tome & Principe",2009,0.629736698049413,18.98,0.42,0,0,0,0,0,0,0,0,0.01,0,0,0,0,0,0,0,0,0,0.01,0,0,0,0,2.23,0.01,0.03,0,0,0,0,0,0,0,0,14.82,1.44,0,0,0,0,0,0,0,0,0.01
"Sao Tome & Principe",2010,0.624902874101645,33.03,3.6,0,0,0,0,0,0,0,0,0,0,0,0,0,0,0,0,0,0,0.01,0,0,0,0,2.38,0.02,0.03,0,0,0,0,0,0,0,0,25.72,1.27,0,0,0,0,0,0,0,0,0
"Sao Tome & Principe",2011,0.641106771613212,36.82,3.54,0.01,0,0,0.13,0,0,0,0,0,0,0,0,0,0,0,0,0,0,0.01,0,0,0,0,2.22,0.08,0.04,0,0,0.06,0,0,0,0,0,29.14,1.59,0,0,0,0,0,0,0,0,0
"Sao Tome & Principe",2012,0.598619190685946,28.32,3.7,0,0,0,0.12,0,0,0,0,0,0,0,0,0,0,0,0.04,0,0,0.01,0,0,0,0,2.15,0.02,0.03,0,0,0.01,0,0,0,0,0.6,21.48,0.16,0,0,0,0,0,0,0,0,0
"Sao Tome & Principe",2013,0.600690006003852,22.69,2.72,0,0,0,0.32,0,0,0,0,0,0,0,0,0,0,0,0,0,0,0.01,0,0,0,0,2.03,0.01,0,0,0,0,0,0,0,0,0.25,17.25,0.1,0,0,0,0,0,0,0,0,0
"Sao Tome & Principe",2014,0.56641649559232,18.2,2.46,0,0,0,0.06,0,0,0,0,0,0,0,0,0,0,0,0,0,0,0.01,0,0,0,0,1.53,0,0.02,0,0,0,0,0,0,0,0.34,13.38,0,0,0,0.16,0,0,0,0,0,0.24
"Sao Tome & Principe",2015,0.830476618633387,27.67,1.53,0,0,0,0.04,0,0,0,0,0,0.01,0,0,0,0,0,0,0,0,0.01,0,0,0,0,0.62,0,0.01,0,0,0.29,0,0,0,0,0,25.16,0,0,0,0,0,0,0,0,0,0
"Sao Tome & Principe",2016,0.720991850740806,18.51,2.37,0,0,0.01,0.01,0,0,0,0,0,0,0,0,0,0,0,0,0,0,0,0,0,0,0,0.47,0,0,0,0,0,0,0,0,0,0,15.53,0.01,0,0,0.08,0,0,0,0,0,0.03
"Sao Tome & Principe",2017,0.647427902254157,15.54,2.54,0,0,0,0,0,0,0,0,0,0,0,0,0,0,0,0,0,0,0,0,0,0,0,0.55,0.03,0,0,0,0,0,0,0,0,0,12.23,0,0,0,0.13,0,0,0,0,0,0.06
"Sao Tome & Principe",2018,0.660164939790358,20.42,2.9,0,0,0,0.03,0,0,0,0,0,0,0,0,0,0,0,0,0,0,0,0,0,0,0,0.63,0,0,0,0,0.01,0,0,0,0,0,16.32,0.04,0,0,0.22,0,0,0.27,0,0,0
"Sao Tome & Principe",2019,0.748033886733975,18.49,2.09,0,0,0,0.02,0,0,0,0,0,0,0,0,0,0,0,0,0,0,0,0,0,0,0,0.37,0,0,0,0,0,0,0,0,0,0,15.85,0.03,0,0,0.09,0,0,0,0,0.01,0.03
"Sao Tome & Principe",2020,0.642373424592384,18.66,2.93,0,0,0,0.01,0,0,0,0,0,0,0,0,0,0,0,0,0,0,0,0,0,0,0,0.86,0,0,0,0,0,0,0,0,0,0,14.64,0.03,0.1,0,0,0,0,0,0,0.01,0.08
"Sao Tome & Principe",2021,0.646435569903008,20.92,3.83,0,0,0,0,0,0,0,0,0,0,0.02,0,0,0,0,0,0,0,0,0,0,0,0,0.5,0,0,0.02,0,0.11,0,0,0,0,0,16.37,0.01,0.03,0,0,0,0.02,0,0,0,0.01
"Sao Tome & Principe",2022,0.854352631882633,80.180151,4.18566,0.271258,0,0,0.030808,0,0,0,0,0,0,0.186386,0,0,0,0,0,0,0,0.02247,0,0,0,0,0.623108,0,0,0,0,0.61841,0,0,0,0,0,73.987029,0.028726,0.050046,0,0.16238,0,0,0,0,0,0.01387
"Sao Tome & Principe",2023,0.72577952279466,41.600022,3.12726,0.6574,0,0,0.09561,0,0,0,0,0,0,0.223184,0,0,0,0.286648,0,0,0,0.027738,0,0,0,0,0.528742,0,0,0.015084,0,0.644546,0,0,0,0,0,35.280988,0.029454,0.38668,0,0.038086,0,0,0.238604,0,0,0.019998
"Sao Tome & Principe",2024,0.77827993151422,71.500839,3.866,0.486816,0,0,0.083633,0,0,0,0,0,0,0.32935,0,0,0,0.182148,0,0,0,0.019552,0,0.04234,0,0,0.424956,0.016718,0,0,0.02122,0.004226,0,0,0.00074,0,0,62.892916,0.111356,0,0,0,0,0,0.234328,0,0,2.78454
"Senegal",1960,NA,0,0,0,0,0,0,0,0,0,0,0,0,0,0,0,0,0,0,0,0,0,0,0,0,0,0,0,0,0,0,0,0,0,0,0,0,0,0,0,0,0,0,0,0,0,0,0
"Senegal",1961,1,0.03,0,0,0,0,0,0,0,0,0,0,0,0,0,0,0,0,0,0,0,0,0,0,0,0,0,0.03,0,0,0,0,0,0,0,0,0,0,0,0,0,0,0,0,0,0,0,0
"Senegal",1962,1,0.84,0,0,0,0,0,0,0,0,0,0,0,0,0,0,0,0,0,0,0,0,0,0,0,0,0,0.84,0,0,0,0,0,0,0,0,0,0,0,0,0,0,0,0,0,0,0,0
"Senegal",1963,0.989899250173929,1.97,0,0,0,0,0,0,0,0,0,0,0,0,0,0,0,0,0,0,0,0,0,0,0,0,0,1.96,0,0,0,0,0,0,0,0,0,0,0,0,0.01,0,0,0,0,0,0,0
"Senegal",1964,0.893891958356472,47.04,0,0,0,0,0,0,0,0,0,0,0,0,0,0,0,0,0,0,0,0,0,0,0,0,44.4,2.57,0,0,0,0,0,0,0,0,0,0,0,0,0.07,0,0,0,0,0,0,0
"Senegal",1965,0.911861189233866,35.96,0,0,0,0,0,0,0,0,0,0,0,0,0,0,0,0,0,0,0,0,0,0,0,0,34.3,1.63,0,0,0,0,0,0,0,0,0,0,0,0,0.02,0.01,0,0,0,0,0,0
"Senegal",1966,0.901161434145373,32.49,0,0,0,0,0,0,0,0,0,0,0,0,0,0,0,0,0,0,0,0.03,0,0,0,0,30.8,1.62,0,0,0,0,0,0,0,0,0.02,0,0,0,0,0.02,0,0,0,0,0,0
"Senegal",1967,0.958453553152394,33.61,0,0,0,0,0,0,0,0,0,0,0,0,0,0,0,0,0,0,0,0,0.13,0,0,0,32.9,0.52,0,0,0,0,0,0,0,0,0.01,0,0,0,0,0.05,0,0,0,0,0,0
"Senegal",1968,0.965000176700866,31.56,0,0,0,0,0,0,0,0,0,0,0,0,0,0,0,0,0,0,0,0,0.1,0,0,0,31,0.4,0,0,0,0,0,0,0,0,0,0,0,0,0.01,0.05,0,0,0,0,0,0
"Senegal",1969,0.660101037787787,40.81,0.04,0,0,0,0,0,0,0,0,0,0,0,0,0,0,0,0,0,0,0,0.23,0,0,0,32.1,8.3,0,0,0,0,0,0,0,0,0,0,0,0,0.02,0.12,0,0,0,0,0,0
"Senegal",1970,0.844266934619854,26.06,0.01,0,0,0,0,0,0,0,0,0,0,0,0,0,0,0,0,0,0,0,0.39,0,0.02,0,23.9,1.4,0,0,0,0.07,0,0,0,0.09,0,0,0,0,0.02,0.16,0,0,0,0,0,0
"Senegal",1971,0.669758005438803,21.16,0.01,0,0,0,0,0,0,0,0,0,0,0,0,0,0,0,0,0,0,0,0.46,0,0.09,0,17,3.26,0,0,0,0.05,0,0,0,0.09,0,0,0,0,0.06,0.14,0,0,0,0,0,0
"Senegal",1972,0.91052797723029,59.61,0.03,0,0,0,0,0,0,0,0,0,0,0,0,0,0,0,0,0,0,0.01,0.5,0,0.42,0,56.86,1.37,0,0,0,0,0,0,0,0.19,0,0,0,0,0.12,0.11,0,0,0,0,0,0
"Senegal",1973,0.636509455599341,43.8,0.03,0,0,0,0,0,0,0,0,0,0,0,0,0,0,0,0,0,0,0.03,1.23,0,3.81,0,34.54,3.45,0,0,0,0.07,0,0,0,0.34,0.02,0,0,0,0.13,0.15,0,0,0,0,0,0
"Senegal",1974,0.419695342859308,102.53,0.04,0,0,0,0,0,0,0,0,0,0,0,0,0,0,0,0,0,0,0.03,1.62,0,1.31,0.12,54.2,6.39,0,0,0,0.1,0,0,0,0.51,0.03,0,0,0.02,0.18,0.18,0,0,37.8,0,0,0
"Senegal",1975,0.644339874253045,81.77,1.95,0,0,0,0,0,0,0,0,0,0,0,0,0,0,0,0,0,0,0.42,1.91,0,0.08,0,65.16,5.38,0,0,0,0.29,0,0,0,0.45,0.02,0,0,0,0.12,0.3,0,0,0.69,5,0,0
"Senegal",1976,0.723493271493943,73.11,0.23,0,0,0,0,0,0,0,0,0,0,0,0,0,0,0,0,0,0,0.19,2.3,0,1.82,0,61.99,3.52,0,0,0,0.4,0,0,0,1.64,0.57,0,0,0,0.17,0.28,0,0,0,0,0,0
"Senegal",1977,0.585001398423326,76.75,1.26,0,0,0,0.02,0,0,0,0,0,0,0,0,0,0,0,0,0,0,0.16,3.53,0,1.16,0,57.9,8.55,0,0,0,1.8,0,0,0,0.81,0.31,0,0,0,1,0.25,0,0,0,0,0,0
"Senegal",1978,0.638227729572996,100.3,1.6,0,0,0,0.01,0,0,0,0,0,0,0,0,0,0,0,0,0,0,0.23,4.95,0,0.11,0,79.64,5.83,0,0,0,0.16,0,0,0,2.89,2.34,0,0,0,1.01,1.45,0,0,0.08,0,0,0
"Senegal",1979,0.533660458925557,117.26,3.49,0,0,0,0,0,0,0,0,0,0,0,0,0,0,0,0,0,0,0.13,7.7,0,0.13,0,84.33,11.69,0,0,0,0.25,0,0,0,2.26,1.5,0,0,0,2.27,2.08,0,0,0.99,0,0.44,0
"Senegal",1980,0.597458264503388,145.45,4.99,0,0,0,0,0,0,0,0,0,0,0,0,0,0,0,0,0,0,0.22,6.39,0,0.23,0.12,111.35,11.89,0,0,0,0.05,0,0,0,4.96,0.15,0,0,0,2.54,0.5,0,0,0.75,0,1.31,0
"Senegal",1981,0.392682285896292,222.3,9.01,0,0,0,0,0,0,0,0,0,0,0,0,0,0,0,0,0,0,0.41,5.54,0,0.53,0.16,128.69,13.22,0,0,0,1.23,0,0,0,5.58,0.3,0,0,0,3.13,0.52,0,0,3.77,50,0.21,0
"Senegal",1982,0.411447904973,156.84,6.27,0,0,0,0.02,0,0,0,0,0,0,0,0,0,0,0,0,0,0,0.47,7.06,0,6.8,0.26,97.89,18.08,0,0,0,0.9,0,0,0,3.36,0.36,0,0,0.15,2.77,0.91,0,0,6.53,2.78,2.23,0
"Senegal",1983,0.250144700767476,192.13,15.33,0,0,0,0.03,0,0,0,0,0,0,0,0,0,0,0,0,0,0,0.63,4.77,0,0.42,0.57,87.87,19.7,0,0,0,7.02,0,0,0,4.94,1.27,0,0,0,3.56,0.63,0,0,17.83,20.1,7.46,0
"Senegal",1984,0.244143626723719,219.46,13,0,0,0,0,0,0,0,0,0,0,0,0,0,0,0,0,0,0,0.26,4.58,0,9.13,0.32,93.44,22.87,0,0,0,8.09,0,0,0,3.97,0.76,0,0,0.02,3.65,0.48,0,0,14.11,44,0.78,0
"Senegal",1985,0.246421221844242,181.94,11.73,0,0,0,0,0,0,0,0,0,0,0,0,0,0,0,0,0,0,0.32,5.13,0,1.13,0.11,82.38,15.91,0,0,0,15.7,0,0,0,3.62,1.94,0,0,0,3.75,1.33,0,0,10.26,23.2,5.43,0
"Senegal",1986,0.270402888241959,313.54,12.75,0,0,0,0,0,0,0,0,0,0,0,0,0,0,0,0,0,0,0.58,5.01,0,13.26,0.24,153.65,26.92,0,0,0,31.01,0,0,0,14.91,0.5,0,0,0,11.45,7.24,0,0,13.9,17.39,4.73,0
"Senegal",1987,0.292396557797526,343.77,25.31,0,0,0,0,0,0,0,0,0,0,0,0,0,0,0,0,0,0,0.7,5.79,0,9.44,0.51,174.75,15.99,0,0,0,45.43,0,0,0,16.05,0.83,0,0,0,12.7,2.95,0,0,10.36,19.68,3.28,0
"Senegal",1988,0.312395750817612,356.92,36.3,0,0,0,0,0,0,0,0,0,0,0,0,0,0,0,0,0,0,1.44,6.36,0,0.99,0.75,186.64,20.44,0,0,0,49.96,0,0,0,18.51,1.08,0,0.9,0.72,4.5,1.8,0,0,2.97,15.76,7.8,0
"Senegal",1989,0.34407585119993,505.48,79.71,0.01,0,0,0,0,0,0,0,0,0,0,0,0,0,0,0,0,0,1.07,8.38,0,1.34,1.65,273.88,20.46,0,0,0,75.34,0,0,0,10.47,1.11,0,0.12,0,10.51,5.08,0,0,3.82,10.74,1.79,0
"Senegal",1990,0.269640914016954,691.2,82.06,0,0,0,0,0,0,0,0,0,0,0,0,0,0,0,0,0,0,1.48,10.07,0,5.6,1.8,250.19,237.25,0,0,0,47.6,0,1.91,0,24.15,2.22,0,5.58,0.03,12.54,1.63,0,0,0.96,3.08,3.05,0
"Senegal",1991,0.433243328614619,431.83,26.39,0.22,0,0,0,0,0,0,0,0,0,0,0,0,0,0,0,0,0,2.33,6.39,0,2.19,2.09,278.48,24.44,0,0,0,34.5,0,0.29,0,9.99,0.85,0,2.24,0.4,12.34,2.92,0,0,20.17,5.07,0.53,0
"Senegal",1992,0.365814748915205,451.55,65.02,0.14,0,0,0.03,0,0,0,0,0,0,0,0,0,0,0,0,0,0,2.12,6.69,0,2.36,6.64,259.1,19.66,0,0,0.01,49.11,0,1,0,9.25,0.66,0.02,0.6,1.84,6.48,2.01,0,0,12.35,6.46,0,0
"Senegal",1993,0.435499715815505,352.74,35.6,0.12,0,0,0,0,0,0,0,0,0,0,0,0,0,0,0,0,0,3.29,6.64,0,2.03,1.13,226.93,15.76,0,0,0.01,29.72,0,0.41,0,9.62,1.09,0,0.17,0.42,3.53,1.21,0,0,9.72,5.31,0,0.03
"Senegal",1994,0.509929922848499,495.8,76.87,0.15,0,0,0,0,0,0,0,0,0,0,0,0,0,0,0,0,0,2.87,7.81,0,1.29,0.71,344.34,18.78,0,0,0.02,17.51,0,0.53,0,6.96,1.2,0.01,8.21,0.3,3.79,1.73,0,0,2.17,0.55,0,0
"Senegal",1995,0.442229912040753,451.14,75.44,0.17,0,0,0,0,0,0,0,0,0,0,0,0,0,0,0,0,0,2.05,8.14,0,1,1.18,288.56,20.43,0,0,0.03,14.9,0,2.45,0,15.01,1.38,0.62,5.04,1.9,2.88,2.24,0,0,7.72,0,0,0
"Senegal",1996,0.334435993382952,419.76,59.35,0.25,0.83,0,0,0,0,0,0,0,0,0,0,0,0,0,0,0,0,2.93,10.34,0,6.03,0.82,230.01,37.83,0,0,0.05,16.91,0,2.55,0,9.72,13.95,0,0.44,1.75,2.42,1.3,0,0,5.01,17.27,0,0
"Senegal",1997,0.366426065729431,318.57,26.85,0.27,0.12,0,0,0.03,0,0,0,0,0,0,0,0,0,0,0,0,0,1.22,7.87,0,3.43,0.4,185.74,35.36,0,0,0.29,14.11,0,2.24,0,11.99,1.26,0.03,0.23,1.79,9.84,1.05,0,0.39,0.26,13.8,0,0
"Senegal",1998,0.328983417312775,334.39,34.36,0.18,0,0,0,0,0,0,0,0,0,0,0,0,0.02,0,0,0,0,2.55,11.02,0,7.08,0.31,182.92,35.96,0,0,0.11,15.97,0,2.7,0,14.1,1.21,0,1.4,0.71,2.24,1.61,0,0.59,6.99,12.34,0,0.02
"Senegal",1999,0.38080346225063,445.55,60.85,0.08,0,0,0,0,0,0,0,0,0,0,0,0,0.02,0,0,0,0,2,9.29,0,7.53,0.34,263.33,28.23,0,0,0.21,7.93,0,3.02,0,5.8,1.22,0.01,37.22,0.15,3.45,0.73,0,0.63,4.63,8.88,0,0
"Senegal",2000,0.386494747296027,307.89,51.61,0.06,0,0,0.06,0,0,0,0,0.05,0,0,0,0,0.01,0,0,0,0,2.56,5.82,0,0.79,0.3,181.81,17.85,0,0,0.1,21.76,0,4.1,0,5.9,1.66,0.17,1.69,0.39,2.55,2.39,0,0.5,3.02,2.74,0,0
"Senegal",2001,0.340516171290471,246.12,26.32,0.14,0,0,0,0.01,0,0,0,0.07,0,0,0,0,0.01,0,0,0,0,2.25,7.41,0,3,3.48,138.38,18.65,0,0,0.21,6.77,0,1.94,0,11.96,1.12,0.14,10.39,0.09,3.34,0.96,0,0.35,5,4.12,0,0.01
"Senegal",2002,0.358988303289778,244.97,40.54,0.22,0,0,0,0,0,0,0,0.11,0,0,0,0,0.02,0,0,0,0,2.36,7.71,0,0.91,0.31,139.08,15.75,0,0,0.16,3.19,0,4.9,0,10.42,1.39,0.22,7.57,0.29,4.03,0.57,0,0.38,4.83,0,0,0.01
"Senegal",2003,0.30867068609364,294.66,35.2,0.28,0,0,0,0,0,0,0,0.01,0,0,0,0,0.03,0,0,0,0,2.93,15.31,0,1.33,0.22,152.79,21.96,0,0,0.25,2.8,0,5.01,0,12.79,1.27,0.01,35.7,0.31,3.21,0.67,0,0.19,2.38,0,0,0.01
"Senegal",2004,0.48069937347096,808.03,141.57,0.39,0,0,0,0,0,0,0,0.01,0,0,0,0,0.03,0,0,0,0,2.63,12.5,0,1.09,0.35,539.92,34.75,0,0,0.18,5.42,0,9.08,0,16.89,1.02,0.06,18.77,8.93,2.58,9.09,0,0.08,2.69,0,0,0
"Senegal",2005,0.242453840483825,428.16,27.95,0.31,0,0,0,0,0,0,0,0,0,0,0,0,0.02,0,0,0,0,1.77,17.11,0,20.99,0.57,184.23,35.36,0.04,0,0.21,11.65,0,10.31,0,20.45,0.75,0.08,83.76,0.56,2.98,6.91,0,0.08,2.06,0,0,0.01
"Senegal",2006,0.316010922590759,645.47,34.49,0.85,0,0.08,0,0,0,0,0,0.03,0,0,0,0,0.16,0,0,0,0,3.77,23.11,0,0.91,0.65,313.04,173.56,0.04,0,0.26,1.75,0,14.63,0,19.5,0.59,0.09,30.24,0.62,3.68,10.11,0,0.07,13.22,0,0,0.02
"Senegal",2007,0.259621524049768,427.06,31.95,2.43,0,0.07,0.06,0,0,0,0,0.07,0,0,0,0,0.29,0,0,0,0,2.94,23.09,0,0.26,0.32,203.07,27.14,0.01,0,0.25,6.26,0,15.65,0,22.38,0.66,0.15,44.56,0.19,2.85,11.53,0,0.05,29.9,0,0,0.93
"Senegal",2008,0.230866039269924,557.17,25.13,10.25,0,0.16,0,0,0,0,0,0.38,0,0,0,0,0.15,0,0,0,0.06,3.21,21.27,0,0.28,0.47,218.55,27.78,0.29,0,0.27,8.62,0,21.84,0,37.9,0.51,0.15,135.72,0.29,2.45,0.97,0,0.16,38.95,0,0,1.36
"Senegal",2009,0.2004216103731,432.9,46.74,5.92,0,0.16,0.16,0,0,0,0,0.22,0,0,0,0,0.03,0,0,0,0,3.26,19.64,0,0.18,0.52,166.94,22.16,0.18,0,0.22,19.08,0,22.89,0,45.69,0.49,0.11,59.26,1.37,2.6,6.52,0,0.09,6.44,0,0.43,1.6
"Senegal",2010,0.224994652489532,421.4,55.21,14.85,0,0.1,0.43,0,0,0,0,0.02,0,0,0,0,0.02,0.01,0,0,0,0.93,18.12,0,0.24,0.99,178.94,23.06,0,0,0.07,7.19,0,18.84,0,29.98,0.3,0.26,45.56,0.43,1.98,1.31,0,0.13,20.31,0,0.11,2.01
"Senegal",2011,0.245709418372497,448.23,83.22,8.72,0,0.07,1.05,0,0,0,0,0.02,0,0,0,0,0.07,0.06,0,0,0,1.16,24.19,0,0.14,1.04,196.57,25.44,0.01,0,0.05,7.28,0,13.95,0,26.88,0.31,0.38,36.84,2.04,2.44,2,0,0.2,11.95,0,0.24,1.91
"Senegal",2012,0.360158419064018,555.3,80.5,31.68,0,0.11,2.27,0,0,0,0,0.01,0,0,0,0,0.01,0.05,0.02,0,0,2.29,17.83,0,0.64,0.93,318.31,33.99,0.01,0,0.18,6.58,0,16.67,0,15.05,0.69,0.34,13.15,0.23,2.54,5.08,0,0.17,2.92,0,0.83,2.22
"Senegal",2013,0.283052861095838,408.5,42.09,17.25,0,0.22,1.77,0,0,0,0,0.04,0.04,0,0,0,0.03,0.03,0,0,0,4.38,24.03,0,0,0.85,206.83,21.6,0.01,0,0.17,19.13,0,14.42,0,6.42,1.05,0.3,20.4,1.18,2.8,2.28,0,0.22,15.69,0,0.21,5.06
"Senegal",2014,0.426910693227554,492.4,45.06,19.86,0,0.04,0.05,0,0,0,0,0.02,0.04,0,0,0,0.16,0.01,0,0,0,2.16,19.47,0,0,1.06,315.23,22.77,0.01,0,0.34,7.16,0,22.12,0,4.25,1.01,0.06,12.52,1.07,3.02,2.91,0,0.27,8.1,0,0.78,2.85
"Senegal",2015,0.23476746593404,293.65,37.62,10.31,0,0.01,0.2,0,0,0,0,0.04,0,0,0,0,0,0,0,0,0,0.39,17.98,0,0,0.87,130.24,19.08,0.01,0,0.24,16.73,0,20.25,0,0.03,0.33,0.28,12.94,0.8,3.22,1.67,0,0.1,11.95,0,0.82,7.54
"Senegal",2016,0.183541566654763,289.71,28.04,36.57,0,0.1,0.13,0,0,0,0,0.05,0,0,0,0,0.28,0.03,0,0,0,1.97,20.43,0,0,0.55,107.22,18.43,0,0,0.24,9.95,0,20.02,0,2.77,0.32,0.33,11.52,0.75,3.69,2.19,0,1.42,18.79,0.18,2.96,0.78
"Senegal",2017,0.232075954033319,390.37,105.06,23.31,0,0.09,0.09,0.03,0,0,0,0.15,0,0,0,0,0.14,0.04,0,0,0,1.63,14.92,0,0,0.6,148.7,18.24,0,0,0.75,22.05,0,16.04,0,0.57,0.24,0.43,15.76,1.73,3.47,1.88,0,0,9.41,0.23,3.63,1.18
"Senegal",2018,0.356126526647111,454.66,26.04,0,0,0,0.1,0,0,0,0,0.18,0,0,0,0,0.34,0.03,0,0,0.15,1.38,11.33,0,0,0.45,260.84,50.78,0,0,0.73,12.39,0,21.58,0,4.43,0.54,0.47,18.53,0.4,3.73,1.17,0,0.27,34.32,0,3.89,0.59
"Senegal",2019,0.407238807771838,512.35,28.6,0,0,0,0,0,0,0,0,0.33,0,0,0,0,0.38,0.02,0,0,0,1.1,11.15,0,0,0.43,319.2,48.25,0,0,0.7,19.33,0,26.71,0,5.42,0.21,0.45,20.2,1.67,5.53,3.51,0,0.04,9.7,0,8.66,0.76
"Senegal",2020,0.351881088420868,663.96,38.7,0,0,0,0,0,0,0,0,0.15,0,0,0,0,0.43,0.02,0,0,0,0.66,13.99,0,0.09,0.46,343.87,183.28,0,0.17,0.71,30.84,0,14.56,0,3.81,0.22,0.24,19.41,0.43,4.45,3.6,0.43,0.1,1.09,0,1.11,1.14
"Senegal",2021,0.261429364370481,564.04,39.5,0,0,0,0.02,0,0,0,0,1.46,0,0.23,0,0,0.34,0.01,0,0,0,0.84,16.89,0,0.07,0.13,253.05,118.82,0,0.01,0.53,32.08,0.73,28.04,0,1.15,0.19,2.59,24.42,2.18,5.53,3.98,0,0.41,26.13,0,3.87,0.84
"Senegal",2022,0.233646101068455,1140.63861,178.940255,70.851896,0,0.1785,0.017732,0,0,0,0,1.385776,0,0.022516,0,0,0.932682,0.118582,0,0,0,1.060747,41.131652,0,0,0.69297,492.590887,109.924458,0.160278,0.080112,1.300482,22.560187,0.71502,49.840904,0,4.572018,0.514392,0.58229,48.762694,4.221909,11.093736,2.934352,0,0.149654,63.937043,0,29.784978,1.579908
"Senegal",2023,0.283921484669901,1349.796307,170.728854,25.983144,0,0,0.056902,0,0,0,0,3.825778,0,0,0,0,0.765214,0.09614,0,0,0,1.669082,48.123288,0,0.021316,0.935032,631.720936,280.517768,0,0.084262,2.531306,53.241237,3.42458,38.149492,0.001044,6.47162,0.486276,0.75599,53.522809,5.605976,8.04087,3.326309,0,0.200146,5.989606,0,0,3.52133
"Senegal",2024,0.198581014431249,1010.655113,249.609664,40.612017,0,0.065056,0.082037,0,0,0,0,0.906736,0,0.000652,0,0,1.437088,0.099972,0,0,0.048232,2.429343,49.645394,0.04234,0.039714,0.82228,339.452756,117.210668,0,0,6.678096,43.336748,4.194114,46.21937,0.002922,2.743088,1.348338,1.56218,49.391212,9.587998,8.29102,4.551954,0,0.353988,3.020688,0,0,26.869448
"Seychelles",1976,0.983015559938637,7.02,0,0,0,0,0,0,0,0,0,0,0,0,0,0,0,0,0,0,0,0,0,0,0,0,0.04,0.01,0,0,0,0,0,0,0,0,0,0,0,0,0.01,6.96,0,0,0,0,0,0
"Seychelles",1977,0.737725376126706,10.37,0,0,0,0,0.39,0,0,0,0,0,0,0,0,0,0,0,0,0,0,0,0,0,0,0,1.1,0,0,0,0,0,0,0,0,0,0.04,0,0,0,0.01,8.83,0,0,0,0,0,0
"Seychelles",1978,0.443687354139472,15.9,0.01,0,0,0,0.46,0,0,0,0,0,0,0,0,0,0,0,0,0,0,0,0.04,0,0.01,0,4.9,0.79,0,0,0,0.02,0,0,0,0.01,0.29,0,0,0,0.03,9.34,0,0,0,0,0,0
"Seychelles",1979,0.404662770550372,22.03,0.01,0,0,0,0.69,0,0,0,0,0,0,0,0,0,0,0,0,0,0,0.01,0.09,0,0.05,0,9.47,1.15,0,0,0,0.16,0,0,0,0.13,0,0,0,0,0.03,10.24,0,0,0,0,0,0
"Seychelles",1980,0.388732071522893,17.35,0,0,0,0,0.43,0,0,0,0,0,0,0,0,0,0,0,0,0,0,0.03,0.21,0,0.05,0,6.4,1.42,0,0,0,0.07,0,0,0,0.12,0,0,0,0,0.03,8.59,0,0,0,0,0,0
"Seychelles",1981,0.40697230003822,12.91,0.11,0,0,0,0.75,0,0,0,0,0,0,0,0,0,0,0,0,0,0,0.04,0.14,0,0,0,2.94,1.04,0,0,0,0.03,0,0,0,0.05,0,0,0,0,0.01,7.58,0,0,0.22,0,0,0
"Seychelles",1982,0.333739184192581,13.02,0.33,0,0,0,0.9,0,0,0,0,0,0,0,0,0,0,0,0,0,0,0,0.19,0,0,0.01,4.28,0.73,0,0,0,0.07,0,0,0,0.01,0,0,0,0.04,0.01,6.05,0,0,0.4,0,0,0
"Seychelles",1983,0.384930253264741,10.64,0.06,0,0,0,0.13,0,0,0,0,0,0,0,0,0,0,0,0,0,0,0.01,0.07,0,0,0,5.08,0.18,0,0,0,0.1,0,0,0,0.01,0.68,0,0,0,0.04,4.15,0,0,0.13,0,0,0
"Seychelles",1984,0.238323120389749,10.49,1.44,0,0,0,0.66,0.01,0,0,0,0,0,0,0,0,0,0,0,0,0,0,0.81,0,0,0,4.23,0.09,0,0,0,0.15,0,0,0,0.06,0.92,0,0,0.02,0.03,2.07,0,0,0,0,0,0
"Seychelles",1985,0.277577582567086,11.68,0.07,0,0,0,0.51,0.01,0,0,0,0,0,0,0,0,0,0,0,0,0,0.17,0.22,0,0,0,5.63,0.58,0,0,0,0.1,0,0,0,0.12,1.04,0,0,0.25,0.04,1.48,0,0,1.46,0,0,0
"Seychelles",1986,0.234701414951826,18.66,0.36,0,0,0,0.7,0.02,0,0,0,0,0,0,0,0,0,0,0,0,0,0.14,2.54,0,0,0,7.61,0.5,0,0,0,0.32,0,0,0,0.07,0.63,0,0,0.28,0.35,3.7,0,0,1.44,0,0,0
"Seychelles",1987,0.348360279056739,19.12,1.09,0,0,0,0.98,0.02,0,0,0,0,0,0,0,0,0,0,0,0,0,0.25,0.88,0,0,0,10.73,0.45,0,0,0,0.15,0,0,0,0.08,0.95,0,0,0,0.06,2.75,0,0,0.73,0,0,0
"Seychelles",1988,0.287406490152068,17.43,2.3,0,0,0,1.48,0.03,0,0,0,0,0,0,0,0,0,0,0,0,0,0,0.56,0,0,0,8.35,0.39,0,0,0,0.16,0,0,0,0.13,0.3,0,0,0.05,0.2,3.05,0,0,0.41,0,0.02,0
"Seychelles",1989,0.242968508583191,11.81,0.33,0,0,0,2.01,0.03,0,0,0,0,0,0,0,0,0,0,0,0,0,0.01,0.42,0,0,0,4.92,1.26,0,0,0,0.06,0,0,0,0.16,0.21,0,0,0.05,0.04,1.87,0,0,0.44,0,0,0
"Seychelles",1990,0.31213839608407,25.78,0.81,0,0,0,1.05,0.04,0,0,0,0,0,0,0,0,0,0,0,0,0,0.01,5.17,0,0,0,13.12,1.52,0,0,0,0.48,0,0,0,0.32,0.22,0,1.16,0.03,0.18,1.66,0,0,0.01,0,0,0
"Seychelles",1991,0.27424190101547,17.88,3.66,0,0,0,1.1,0.01,0,0,0,0,0,0,0,0,0,0,0,0,0,0.01,0.75,0,0,0,8.21,0.79,0,0,0,0,0,0,0,0.03,0.21,0,0.02,0.26,0.26,1.99,0,0,0.58,0,0,0
"Seychelles",1992,0.247039216828856,13.1,2.25,0,0,0,0.86,0,0,0,0,0,0,0,0,0,0,0,0,0,0,0.01,0.86,0,0,0,5.53,0.93,0,0,0,0,0,0,0,0.02,0.12,0,0,0,0.48,2.04,0,0,0,0,0,0
"Seychelles",1993,0.273482469911041,10.92,0.88,0,0,0,0.62,0,0,0,0,0,0,0,0,0,0,0,0,0,0,0.01,0.66,0,0,0,5.21,0.51,0,0,0,0,0,0,0,0,0.08,0,0,0.21,0.15,1.6,0,0,0.99,0,0,0
"Seychelles",1994,0.392238606124539,8.07,0.86,0,0,0,0.45,0,0,0,0,0,0,0,0,0,0,0,0,0,0,0.01,0.18,0,0,0,4.83,0.27,0,0,0,0,0,0,0,0.27,0.1,0,0,0,0.06,1.04,0,0,0,0,0,0
"Seychelles",1995,0.31400725892758,13.82,5.45,0.07,0,0,0.41,0,0,0,0,0,0,0,0,0,0,0,0,0,0,0.01,0.1,0,0,0,5.11,0.27,0,0,0,0,0,0,0,0.03,0.09,0,0.03,0.3,0,1.95,0,0,0,0,0,0
"Seychelles",1996,0.234291757551722,12.3,0.96,0,0,0,0.72,0,0,0,0,0,0,0,0,0,0,0,0,0,0,0.01,0.02,0,0,0,4.98,0.75,0,0,0.03,0,0,0,0,0.25,0.15,0.06,0,0.07,0.04,0.75,0,0,2.71,0,0.8,0
"Seychelles",1997,0.20544159846955,11.64,0.64,0,0,0,0.76,0,0,0,0,0,0,0,0,0,0,0,0,0,0,0.01,0,0,0,0,3.69,0.83,0,0,0,0,0,0,0,0.01,0.02,0.08,0.11,0,0.02,0.63,0,0.04,2.95,0,1.85,0
"Seychelles",1998,0.372297023976831,22.23,3.08,0,0,0,0.43,0,0,0,0,0,0,0,0,0,0,0,0,0,0,0,0,0,0,0,3.14,0.31,0,0,0,12.75,0,0,0,0.73,0,0,0.01,0,0,0.38,0,0.05,0.36,0,0.99,0
"Seychelles",1999,0.264564649389167,9.52,1.97,0,0,0,0.25,0.02,0,0,0,0,0,0,0,0,0,0,0,0,0,0,0,0,0,0,2.63,0.15,0,0,0,0.01,0,0,0,0.11,0,0,0.18,0,0.01,0.24,0,0.04,0.32,0,3.59,0
"Seychelles",2000,0.464962920118921,10.42,0.64,0.03,0,0,0.1,0.02,0,0,0,0,0,0,0,0,0,0,0,0,0,0.01,0,0,0,0,1.92,0.04,0.01,0,0,0,0,0,0,0.25,0,0,0.15,0,0,0.43,0,0.03,0,0,6.79,0
"Seychelles",2001,0.474094487718271,8.18,5.07,0.02,0,0,0.02,0.02,0,0,0,0,0,0,0,0,0,0,0,0,0,0.01,0,0,0,0,2.43,0.04,0.01,0,0,0,0,0,0,0.28,0.01,0,0.15,0,0,0.09,0,0.03,0,0,0,0
"Seychelles",2002,0.665934913340091,4.01,0.51,0.08,0,0,0.01,0.02,0,0,0,0,0,0,0,0,0,0,0,0,0,0,0,0,0,0,3.23,0.01,0.01,0,0,0,0,0,0,0.08,0,0,0,0,0,0.03,0,0.03,0,0,0,0
"Seychelles",2003,0.535040837065753,6.52,0.68,0.07,0,0,0,0.03,0,0,0,0.01,0,0,0,0,0,0,0,0,0,0,0,0,0,0,4.61,0.04,0,0,0,0,0,0,0,0,0.01,0,0.01,0,0,0.05,0,0,0,0,1.01,0
"Seychelles",2004,0.535204775787866,7.35,0.67,0,0,0,0,0.03,0,0,0,0.01,0,0,0,0,0,0,0,0,0,0,0,0,0,0,5.18,0.02,0.13,0,0,0,0,0,0,0,0.01,0,0,0,0,0.02,0,0.01,0,0,0,1.27
"Seychelles",2005,0.506038052926767,7.31,1.26,0.03,0,0,0.01,0.01,0,0,0,0,0,0,0,0,0,0,0,0,0,0,0.55,0.02,0,0,5.01,0.09,0.01,0,0,0,0,0,0,0,0,0,0,0,0.16,0.02,0,0.02,0.12,0,0,0
"Seychelles",2006,0.302761694273606,6.83,1.91,0.02,0,0,0.05,0,0,0,0,0,0,0,0,0,0,0,0,0,0,0,2.02,0.01,0,0,2.52,0.07,0.01,0,0,0,0,0,0,0,0,0.19,0,0,0,0.02,0,0.01,0,0,0,0
"Seychelles",2007,0.464348444444444,3.75,0.76,0.08,0,0,0,0.03,0,0,0,0,0,0,0,0,0,0,0,0,0,0.03,0,0.02,0,0,2.42,0.08,0.05,0,0,0,0,0,0,0,0,0,0,0,0,0,0,0,0.28,0,0,0
"Seychelles",2008,0.456734521331946,4.96,1.62,0.01,0,0,0,0.03,0,0,0,0,0,0,0,0,0,0,0,0,0,0,0,0.05,0,0,2.93,0.06,0.01,0,0,0.05,0,0,0,0,0,0,0,0,0,0.07,0,0.02,0,0,0,0.11
"Seychelles",2009,0.648652999693602,11.61,9.06,0,0,0.01,0,0.05,0,0,0,0,0,0,0,0,0,0,0,0,0,0,0,0.03,0,0,2.31,0.08,0,0,0,0,0,0,0,0,0,0,0,0,0,0.06,0,0.01,0,0,0,0
"Seychelles",2010,0.31140727493424,71.73,9.57,0.01,0,0,0,0.06,0,0,0,0,0,0,0,0,0,0,0,0,0,0,1.02,0,0,0,33.69,0.52,0,0,0,8.31,0,0,0,0,0,0,1.06,0,0,0.04,0,0.01,0,0,17.44,0
"Seychelles",2011,0.277924932802149,12.79,1.24,0.02,0,0,0.88,0.05,0,0,0,0,0,0,0,0,0,0,0,0,0,0,0,0,0,0,2.39,0.58,0.02,0,0,0,0,0,0,0,0,0,1.66,0,0,0.07,0,0.01,0,0,5.86,0.01
"Seychelles",2012,0.473822840449872,18.27,1.75,0.1,0,0.01,0.51,0.04,0,0,0,0,0,0,0,0,0,0.01,0.01,0,0.01,0,0.01,0,0,0,1.56,0.02,0.02,0,0,0,0,0,0,0,0,0,0,0.17,0,1.81,0,0.02,0,0,12.21,0.01
"Seychelles",2013,0.351027144376181,14.72,0.55,0,0,0.02,1.82,0.02,0,0,0,0,0,0,0,0,0,0,0,0,0,0,0,0,0,0,4.48,0.03,0,0,0,0,0,0,0,0,0,0,0,0,0,0.49,0,0.03,0,0,7.22,0.06
"Seychelles",2014,0.272289639955872,7.67,0.66,0,0,0.03,0.74,0.05,0,0,0,0,0,0,0,0,0,0,0,0,0,0,0.01,0,0,0,2.55,0.01,0,0,0,0.09,0,0,0,0,0,0,0,0,0,0.63,0,0.01,0,0,2.85,0.04
"Seychelles",2015,0.230636925557646,6.1,0.84,0,0,0,0.74,0.06,0,0,0,0,0,0,0,0,0,0,0,0,0,0,0.01,0,0,0,2.07,0.02,0,0,0,0,0,0,0,0,0,0,0,0,0,0.49,0,0,0,0,1.66,0.21
"Seychelles",2016,0.378977275431291,10.25,0.98,0.01,0,0.05,0.27,0.11,0,0,0,0,0,0,0,0,0,0,0,0,0,0,0.16,0,0,0,2.85,0.02,0,0,0,0,0,0,0,0,0,0,0,0,0,0.17,0,0,0,0,5.53,0.1
"Seychelles",2017,0.299274334491604,15.43,5.49,0,0,0.03,1.28,0,0,0,0,0,0,0,0,0,0,0,0,0,0,0,0.01,0,0,0,2.3,0.02,0,0,0,0.01,0,0,0,0,0,0,0,0.01,0,0.44,0,0,0,0,5.83,0.01
"Seychelles",2018,NA,0,0,0,0,0,0,0,0,0,0,0,0,0,0,0,0,0,0,0,0,0,0,0,0,0,0,0,0,0,0,0,0,0,0,0,0,0,0,0,0,0,0,0,0,0,0,0
"Seychelles",2019,NA,0,0,0,0,0,0,0,0,0,0,0,0,0,0,0,0,0,0,0,0,0,0,0,0,0,0,0,0,0,0,0,0,0,0,0,0,0,0,0,0,0,0,0,0,0,0,0
"Seychelles",2020,NA,0,0,0,0,0,0,0,0,0,0,0,0,0,0,0,0,0,0,0,0,0,0,0,0,0,0,0,0,0,0,0,0,0,0,0,0,0,0,0,0,0,0,0,0,0,0,0
"Seychelles",2021,NA,0,0,0,0,0,0,0,0,0,0,0,0,0,0,0,0,0,0,0,0,0,0,0,0,0,0,0,0,0,0,0,0,0,0,0,0,0,0,0,0,0,0,0,0,0,0,0
"Seychelles",2022,NA,0,0,0,0,0,0,0,0,0,0,0,0,0,0,0,0,0,0,0,0,0,0,0,0,0,0,0,0,0,0,0,0,0,0,0,0,0,0,0,0,0,0,0,0,0,0,0
"Seychelles",2023,NA,0,0,0,0,0,0,0,0,0,0,0,0,0,0,0,0,0,0,0,0,0,0,0,0,0,0,0,0,0,0,0,0,0,0,0,0,0,0,0,0,0,0,0,0,0,0,0
"Seychelles",2024,NA,0,0,0,0,0,0,0,0,0,0,0,0,0,0,0,0,0,0,0,0,0,0,0,0,0,0,0,0,0,0,0,0,0,0,0,0,0,0,0,0,0,0,0,0,0,0,0
"Sierra Leone",1961,1,13.85,0,0,0,0,0,0,0,0,0,0,0,0,0,0,0,0,0,0,0,0,0,0,0,0,0,0,0,0,0,0,0,0,0,0,0,0,0,0,0,13.85,0,0,0,0,0,0
"Sierra Leone",1962,1,5.84,0,0,0,0,0,0,0,0,0,0,0,0,0,0,0,0,0,0,0,0,0,0,0,0,0,0,0,0,0,0,0,0,0,0,0,0,0,0,0,5.84,0,0,0,0,0,0
"Sierra Leone",1963,0.982144306468631,6.66,0,0,0,0,0,0,0,0,0,0,0,0,0,0,0,0,0,0,0,0,0,0,0,0,0,0.06,0,0,0,0,0,0,0,0,0,0,0,0,0,6.6,0,0,0,0,0,0
"Sierra Leone",1964,0.98957143596819,5.73,0,0,0,0,0,0,0,0,0,0,0,0,0,0,0,0,0,0,0,0,0,0,0,0,0,0.02,0,0,0,0.01,0,0,0,0,0,0,0,0,0,5.7,0,0,0,0,0,0
"Sierra Leone",1965,0.579569295811864,4.35,0.01,0,0,0,0.05,0,0,0,0,0,0,0,0,0,0,0,0,0,0,0,0,0,0,0,0,1.19,0,0,0,0.01,0,0,0,0,0,0,0,0,0,3.09,0,0,0,0,0,0
"Sierra Leone",1966,0.625799312670901,5.31,0,0,0,0,0.05,0,0,0,0,0,0,0,0,0,0,0,0,0,0,0,0,0,0,0,0,1.25,0,0,0,0,0,0,0,0,0,0,0,0,0,4.01,0,0,0,0,0,0
"Sierra Leone",1967,0.813862216125591,3.24,0,0,0,0,0.05,0,0,0,0,0,0,0,0,0,0,0,0,0,0,0,0,0,0,0,0,0.27,0,0,0,0.01,0,0,0,0,0,0,0,0,0,2.91,0,0,0,0,0,0
"Sierra Leone",1968,0.538956996393381,6.17,0,0,0,0,0.06,0,0,0,0,0,0,0,0,0,0,0,0,0,0,0,0,0,0,0,0,4.15,0,0,0,0.03,0,0,0,0,0,0,0,0.12,0,1.81,0,0,0,0,0,0
"Sierra Leone",1969,0.5000625,4,0,0,0,0,0.03,0,0,0,0,0,0,0,0,0,0,0,0,0,0,0,0,0,0,0,0,1.66,0,0,0,0.02,0,0,0,0,0,0,0,0,0,2.29,0,0,0,0,0,0
"Sierra Leone",1970,0.526654438524471,3.21,0,0,0,0,0.05,0,0,0,0,0,0,0,0,0,0,0,0,0,0,0,0,0,0,0,0,0.6,0,0,0,0.01,0,0,0,0.1,0.02,0,0,0.19,0,2.24,0,0,0,0,0,0
"Sierra Leone",1971,0.487138448140422,5.83,0,0,0,0,0.04,0,0,0,0,0,0,0,0,0,0,0,0,0,0,0,0,0,0,0,0,3.24,0,0,0,0,0,0,0,0.01,0.08,0,0,0,0,2.46,0,0,0,0,0,0
"Sierra Leone",1972,0.527765472156703,5.78,0,0,0,0,0.02,0,0,0,0,0,0,0,0,0,0,0,0,0,0,0,0,0,0,0,0,3.67,0,0,0,0,0,0,0,0.02,0.02,0,0,0,0.01,2.04,0,0,0,0,0,0
"Sierra Leone",1973,0.526529793006106,7.86,0,0,0,0,0.06,0.01,0,0,0,0,0,0,0,0,0,0,0,0,0,0,0,0,0,0,0,5.13,0,0,0,0.06,0,0,0,0.05,0.04,0,0,0,0.02,2.49,0,0,0,0,0,0
"Sierra Leone",1974,0.417332607236484,2.81,0,0,0,0,0.06,0.01,0,0,0,0,0,0,0,0,0,0,0,0,0,0,0,0,0.01,0,0,1.48,0,0,0,0.13,0,0,0,0.03,0.04,0,0,0,0.01,1.04,0,0,0,0,0,0
"Sierra Leone",1975,0.651992767739155,7.93,0,0,0,0,0.05,0.01,0,0,0,0,0,0,0,0,0,0,0,0,0,0,0,0,0.04,0,0,6.28,0,0,0.01,0.03,0,0,0,0.2,0.06,0,0,0,0.02,1.23,0,0,0,0,0,0
"Sierra Leone",1976,0.422280213262745,5.66,0.02,0,0,0,0.05,0,0,0,0,0,0,0,0,0,0,0,0,0,0,0,0,0,0.02,0,0,3.28,0,0,0.01,0.15,0,0,0,0.46,0.06,0,0,0,0.02,1.59,0,0,0,0,0,0
"Sierra Leone",1977,0.462180624202806,8.96,0.03,0,0,0,0.07,0.02,0,0,0,0,0,0,0,0,0,0,0,0,0,0.01,0.02,0,0.02,0,0,5.22,0,0,0.02,0.01,0,0,0,0.42,0,0,0,0,0.01,3.11,0,0,0,0,0,0
"Sierra Leone",1978,0.357446968532646,11.06,0.03,0,0,0,0.03,0.02,0,0,0,0,0,0,0,0,0,0,0,0,0,0,0.04,0,0.08,0.01,0,5.4,0,0,0.03,0.02,0,0,0,2.81,0,0,0,0,0.01,2.58,0,0,0,0,0,0
"Sierra Leone",1979,0.321038669523518,25.74,0.23,0,0,0,0.02,0.02,0,0,0,0,0,0,0,0,0,0,0,0,0,0.05,0.04,0,0.46,0.01,0,6.65,0,0,0.04,0.02,0,0,0,10.94,0,0,0,0.29,0.01,6.96,0,0,0,0,0,0
"Sierra Leone",1980,0.228039480734412,52.62,18,0,0,0,0.03,0.05,0,0,0,0,0,0,0,0,0,0,0,0,0,0.02,0.05,0,2.41,0.07,3.5,14.93,0,0,0.03,0.04,0,0,0,4.16,0.04,0,0,0.38,0,6.61,0,0,2.3,0,0,0
"Sierra Leone",1981,0.353817618817016,31.18,3,0,0,0,0.01,0.01,0,0,0,0,0,0,0,0,0,0,0,0,0,0,0.03,0,0.27,0.04,2.39,16.88,0,0,0.03,0.13,0,0,0,1.73,0,0,0,0.14,0,6.42,0,0,0.1,0,0,0
"Sierra Leone",1982,0.209477049309665,48.75,10.12,0,0,0,0.67,0,0,0,0,0,0,0,0,0,0,0,0,0,0,0.01,0.04,0,0.85,0.04,1.93,14.92,0,0,0.04,10.98,0,0,0,1.37,0.58,0,0,0.23,0.01,6.71,0,0,0.25,0,0,0
"Sierra Leone",1983,0.257868097581495,25.91,1.59,0,0,0,0.05,0,0,0,0,0,0,0,0,0,0,0,0,0,0,0.02,0,0,0.22,0.01,0.89,10.37,0,0,0.03,6.02,0,0,0,1.54,0.26,0,0,0,0.01,4.85,0,0,0.05,0,0,0
"Sierra Leone",1984,0.332592453660956,27.36,0.14,0,0,0,0.05,0,0,0,0,0,0,0,0,0,0,0,0,0,0,0.02,0.1,0,0.14,0.06,1.28,7.07,0,0,0.07,0.35,0,0,0,0.54,0.16,0,0,0,0.01,3.82,0,0,0.05,13.5,0,0
"Sierra Leone",1985,0.676452750101208,71.55,2.27,0,0,0,0.04,0,0,0,0,0,0,0,0,0,0,0,0,0,0,0.02,0.01,0,0.09,0,0.85,58.44,0,0,0.08,0.26,0,0,0,4.44,0.09,0,0,0,0.07,4.7,0,0,0.04,0.15,0,0
"Sierra Leone",1986,0.156301065386276,46.63,3.91,0,0,0,0.06,0,0,0,0,0,0,0,0,0,0,0,0,0,0,0.01,0.09,0,6.2,0.01,1.68,9.4,0,0,0.12,11.27,0,0,0,2.09,0.32,0,0,0,0.01,5.64,0,0,0.2,5.62,0,0
"Sierra Leone",1987,0.169991926538171,37.73,3.43,0,0,0,0.05,0,0,0,0,0,0,0,0,0,0,0,0,0,0,0.02,0.08,0,6.89,0.01,2.3,11.44,0,0,0.09,3.83,0,0,0,1.16,0.5,0,0,0,0,4.27,0,0,0.19,3.47,0,0
"Sierra Leone",1988,0.222610835496565,54.34,4.42,0,0,0,0.09,0.02,0,0,0,0,0,0,0,0,0,0,0,0,0,0.01,0.09,0,1.29,0,2.59,21.27,0,0,0.07,5.57,0,0,0,1.65,0.57,0,0,0,0.03,6.55,0,0,0.12,10,0,0
"Sierra Leone",1989,0.265711359965689,68.37,12.22,0.01,0.01,0,0.09,0,0,0,0,0,0,0,0,0,0,0,0,0,0,0.01,0.04,0,0.52,0.03,2.96,24.43,0,0,0.01,21.55,0,0,0,1.1,0.32,0,0.06,0.15,0,4.59,0,0,0.05,0.22,0,0
"Sierra Leone",1990,0.188311748088835,38.01,5.97,0,0,0,0.1,0,0,0,0,0,0,0,0,0,0,0,0,0,0,0,0.05,0,2.4,0.09,3.25,11.61,0,0,0.08,7.94,0,0,0,1.16,0.47,0,0,0.21,0.01,4.54,0,0,0.13,0,0,0
"Sierra Leone",1991,0.41665555419936,60.55,0.88,0.12,0,0,0.09,0.01,0,0,0,0,0,0,0,0,0,0,0,0,0,0,0.12,0,2.19,0.55,2.68,9.23,0,0,0.05,37.47,0,0.01,0,0.74,0.78,0,0.05,0.72,0,4.86,0,0,0,0,0,0
"Sierra Leone",1992,0.326701909937325,61.86,3.84,0.1,0,0,0.09,0,0,0,0,0,0,0,0,0,0,0,0,0,0,0.04,0.01,0,1.75,0.03,7.12,9.31,0,0,0.05,32.83,0,0.01,0,1.22,0.5,0,0,0,1.2,3.74,0,0,0.01,0.01,0,0
"Sierra Leone",1993,0.632666590089638,199.28,4.1,0.09,0,0,0.15,0,0,0,0,0,0,0,0,0,0,0,0,0,0,0.05,0.03,0,1.18,0.06,6.06,16.83,0,0,0.21,157.2,0,0.03,0,1.19,7.85,0,0.03,0.74,0.08,3.33,0,0,0,0.01,0,0.06
"Sierra Leone",1994,0.171929093996995,45.36,10.66,0.13,0,0,0.16,0.01,0,0,0,0,0,0,0,0,0,0,0,0,0,0.04,5.42,0,0.53,0.02,10.23,7.68,0,0,0.41,0.83,0,0.04,0,1.84,0.73,0,0.02,0.06,0.07,6.48,0,0,0,0,0,0
"Sierra Leone",1995,0.174166647301907,59.98,3.62,0.13,0,0,0.07,0,0,0,0,0,0,0,0,0,0,0,0,0,0,0.05,0.08,0,0.18,0.01,6.4,16.29,0,0,0.37,1.4,0,0.03,0,4.24,3.49,0,0.03,1.15,0,14.99,0,0,0.48,6.97,0,0
"Sierra Leone",1996,0.16129455584013,61.23,0.85,0.09,0,0,0.05,0.13,0,0,0,0,0,0,0,0,0,0,0,0,0,0.07,1.41,0,0.35,0.39,3.67,10.61,0,0,0.66,10.5,0,0.25,0,4.85,2.64,0,0.01,2.19,0.62,17.64,0,0,4.25,0,0,0
"Sierra Leone",1997,0.150226363511793,27.35,1.39,0,0,0,0,0.07,0,0,0,0,0,0,0,0,0,0,0,0,0,0.13,0.28,0,2.75,0,2.97,2.85,0.01,0,0.45,0,0,0.04,0,1.44,3.94,0,0.3,0.75,0.83,8.1,0,0.01,1.04,0,0,0
"Sierra Leone",1998,0.166176540831391,42.11,1.2,0.05,0,0,0,0.05,0,0,0,0,0,0,0,0,0.01,0,0,0,0,0.18,0.13,0,0.07,0.56,1.39,1.89,0.09,0,0.69,6.35,0,0.04,0,2.34,3.95,0,0.64,3.8,1.88,14.22,0,0,2.17,0.41,0,0
"Sierra Leone",1999,0.228721970438542,40.69,1.17,0,0,0,0.21,0.1,0,0,0,0,0,0,0,0,0.01,0,0,0,0,0.48,0.04,0,0.03,0.68,0.49,4.39,0,0,0.6,0.02,0,0.17,0,3.25,6.18,0.05,0,2.5,2.85,17.13,0,0.02,0,0.32,0,0
"Sierra Leone",2000,0.44883747477492,103.79,0.02,0.02,0,0,0.45,0.13,0,0,0,0,0,0,0,0,0,0,0,0,0,3.84,5.5,0,0.03,0.63,0.73,3.45,0,0,0.85,1.85,0,0.11,0,2.69,8.77,0,0,3.74,2.66,68.32,0,0,0,0,0,0
"Sierra Leone",2001,0.220274204945429,142.11,0.02,0.03,0,0,0.03,0.12,0,0,0,0.01,0,0,0,0,0.01,0,0,0,0,7.13,6.95,0,0.19,1.51,4.25,11.95,0,0,1.7,0.24,0,0.44,0,38.13,9.33,0,0.01,3.47,3.38,51.13,0,0,2.08,0,0,0
"Sierra Leone",2002,0.179852922291582,155.14,0.09,0.03,0,0,0.21,0,0,0,0,0.02,0,0,0,0,0,0,0,0,0,6.09,9.2,0,0.4,1.41,3.63,15.93,0,0,1.17,20.55,0,0.28,0,20.58,10.57,2.64,0.08,1.74,2.98,54.31,0,0,3.23,0,0,0
"Sierra Leone",2003,0.175277370089999,150.84,3.73,0.09,0,0,0.12,0.02,0,0,0,0.01,0,0,0,0,0,0,0,0,0,5.14,7.95,0,0.23,1.62,1.4,12.43,0.03,0,5.87,8.46,0,0.14,0,20.62,5.18,5.27,0.2,3.81,9.56,54.93,0,0,4.03,0,0,0
"Sierra Leone",2004,0.269881140414716,131.12,0.19,0.06,0,0,0,0.03,0,0,0,0.02,0,0,0,0,0,0,0,0,0,0.36,0.04,0,0,1.46,3.51,11.66,0.03,0,3.37,24.93,0,0.13,0,9.54,5.17,0,1.59,3.19,3.32,60.93,0,0,1.59,0,0,0
"Sierra Leone",2005,0.368028881014954,102.66,3.87,0.08,0,0,0.01,0.06,0,0,0,0.02,0,0,0,0,0,0,0,0,0,0.21,0,0.02,1.26,0.82,2.08,6.35,0.03,0,7.8,0.71,0,0.25,0,7.2,4.16,0.1,2.44,2.08,2.15,60.59,0,0.01,0.36,0,0,0
"Sierra Leone",2006,0.269708366100688,155.88,43.98,0,0,0,0.31,0.02,0,0,0,0.06,0,0,0,0,0.03,0,0,0,0,0.06,1.55,0.03,0.41,0.9,1.93,10.76,0.01,0,11.41,1.92,0,0,0,5.83,2.69,0.11,1.77,3.87,1.03,65.57,0,0,1.61,0,0,0.02
"Sierra Leone",2007,0.132098919871144,392.82,46.72,0.11,0,0,0.17,0.12,0,0,0,0.05,0,0,0,0,0,0,0,0,0,0.6,13.69,0.02,1.71,0.93,45,36.53,0.16,0,17.16,61.45,0,0.21,0,47.14,2.48,0.17,3.15,1.74,23.93,88.11,0,0,1.44,0,0,0.03
"Sierra Leone",2008,0.3864289300234,155.22,14.13,0,0,0,0,0.03,0,0,0,0.05,0,0,0,0,0.05,0,0,0,0.07,0.03,0.11,0,2.34,1.46,1.26,14.85,0.32,0,16.64,0.66,0,0.43,0,0.02,3.62,0,3.36,2.34,0.73,92.59,0,0.03,0.07,0,0,0.03
"Sierra Leone",2009,0.283632382330658,171.73,37.44,0,0,0,0.16,0.03,0,0,0,0.02,0,0,0,0,0.01,0,0,0,0.02,0.36,0.63,0,3.01,1.45,0.32,15.76,0.22,0.06,13.69,6.69,0,0.14,0,1.45,3.07,0,3.38,1.64,0.73,80.27,0,0.09,1,0,0,0.09
"Sierra Leone",2010,0.401876817149136,138.83,12.21,0.09,0,0,0.32,0.02,0,0,0,0.02,0,0,0,0,0.01,0,0,0,0.02,0.13,0.11,0,4.78,1.54,0.32,13.32,0.17,0,11.91,0.34,0,0.1,0,1.1,2.98,0.01,1.94,0.5,0.06,85.06,0,0.04,1.54,0,0.15,0.04
"Sierra Leone",2011,0.286851300000299,153.1,26.66,0.21,0,0,1.44,0,0,0,0,0.05,0,0,0,0,0,0,0,0,0,0.03,0.01,0,3.78,3.67,0.43,16.7,0.19,0.09,12.67,1.17,0,0.15,0,0.21,3.52,0.02,0.72,0.8,0.53,74.14,0,0.06,5.6,0,0.11,0.14
"Sierra Leone",2012,0.390162033006783,166.42,20.6,0.17,0,0,1.39,0,0,0,0,0,0,0,0,0,0,0,0.04,0,0,0.04,0.01,0,3.43,2.27,0.06,14.06,0.17,0.11,15.38,0.35,0,0.15,0,0.13,2.57,0.01,0.65,1.37,0.36,99.54,0,0.13,3.29,0,0.02,0.12
"Sierra Leone",2013,0.364872418684111,267.31,117.14,0.15,0,0,3.67,0.04,0,0,0,0,0,0,0,0,0,0,0,0,0,0.02,0.01,0,0.21,2.35,0.44,10.87,0,0,12.05,0.63,0,0.51,0,0,2.46,0.01,0.61,0.98,0.48,109.71,0,0.01,4.78,0,0.01,0.17
"Sierra Leone",2014,0.599448734477067,508.1,13.28,7.51,0,0,1.61,1.7,0,0,0,0.14,0.05,0,0,0,0,0,1.5,0,0,0.77,1.37,0,4.15,2.47,0.19,25.05,0.02,0.21,16.26,9.96,0,0.18,0,7.95,1.49,0,7.73,3.16,2.8,391.58,0,0.14,3.92,0,2.46,0.45
"Sierra Leone",2015,0.588666425709024,446.75,29.18,1.42,0,0,10.82,0.01,0,0,0,0,0.03,0.02,0,0,0,0,2.48,0,0,0.19,1.44,0,0.15,0.84,0.2,25.28,0.01,0,11.45,7.13,0,0.01,0,0,6.95,0,1.28,2.21,0.08,340.03,0,0.01,1.77,0,3.16,0.6
"Sierra Leone",2016,0.556503936477588,307.49,13.39,10.51,0,0,0.17,0.09,0,0,0,0.01,0,0,0,0,0,0,0,0,0,0.13,1.44,0,0.07,0.36,0.43,18.04,0,0,11.91,1.46,0,0,0,0.11,5.18,0.05,0.53,0.16,0.06,227.16,0,0.09,15.04,0,0.9,0.2
"Sierra Leone",2017,0.513039153608788,216.13,10.65,4.93,0,0.1,1.98,0.08,0,0,0,0.01,0.03,0.01,0,0.01,0,0,0,0,0,0.06,0.01,0,0,0.59,0.42,17.22,0,0,13.8,0.95,0,0,0.03,0.01,2.29,0.05,0.94,0.71,0.43,152.57,0,0,7.07,0,0.54,0.64
"Sierra Leone",2018,0.361100339384436,254.48,9.32,0,0,0,0.65,0.01,0,0,0,0,0,0,0,0,0,0,0,0,0,0.05,0,0,0,0.26,0.6,27.42,0,1.13,14.85,2.27,0,0,0,0,2.2,0.01,1.21,0.85,0.02,143.73,0,0.03,39.27,0,10.53,0.07
"Sierra Leone",2019,0.328525607003765,208.94,18.51,0,0,0,0.12,0.05,0,0,0,0,0,0,0,0,0,0,0,0,0,0.05,0,0,0,12.6,0.21,26.1,0,2.44,16.07,3.09,0,0,0,0.03,2.09,0.01,1.05,0.42,0.05,113.14,0,0,6.19,0,6.4,0.32
"Sierra Leone",2020,0.355759985019776,184.22,11.57,0,0,0,0.09,0.04,0,0,0,0,0,0,0,0,0,0,0,0,0,0.09,0,0,1.42,0.36,0.16,32.39,0,1.64,17.37,2.91,0,0,0,0,1.92,0,0.92,0.88,0.09,102.59,0.11,0.01,3.39,0,5.8,0.47
"Sierra Leone",2021,0.266041190355,151.62,16.06,0,0,0,0.01,0,0,0,0,0,0,0,0,0,0.04,0,0,0,0,0.06,0,0,1.38,0.51,1.65,22.41,0,2.78,19.18,2,0,0,0,0,1.85,0,0.73,1.04,0.03,69.75,0,0.05,1.92,0,9.87,0.3
"Sierra Leone",2022,0.179972859835766,281.305396,47.965432,3.966612,0,0.00031,0.025053,0,0,0,0,0.07651,0,0.006298,0,0,0.237576,0,0,0,0,0.383274,0,0,0.231962,0.656574,15.20137,39.65971,0,11.48589,41.271944,13.005388,0,0,0,0,1.970958,0,0.869328,1.056792,0.542388,89.14456,0,0.00388,12.759271,0,0,0.784316
"Sierra Leone",2023,0.209207695015757,226.026235,26.536076,2.349888,0,0,0.100584,0,0.00307,0,0,0,0,0.98422,0,0,0.273346,0.007712,0,0,0,0.215156,6.025528,0,0.821337,0.655124,3.155058,42.325574,0,13.179462,38.920704,4.11649,0,0.089942,0.001044,0,1.684317,0,1.17924,1.682784,0.331174,80.154302,0,0,0,0,0.261355,0.972748
"Sierra Leone",2024,0.234241829158787,252.739454,24.668582,3.929416,0,0,0.344528,0,0.002922,0,0,0,0,1.262718,0,0,0.03752,0.02457,0,0,0,0.300334,0.014838,0.04234,1.692538,0.840074,1.71418,46.957948,0,13.685182,40.763726,4.452962,0,0,0.004528,0,2.076412,0,2.24699,0.865714,1.28763,101.158258,0,0.02126,3.313804,0,0.123436,0.907044
"Somalia",1960,0.513188785468068,18.41,0,0,0,0,0,0,0,0,0,0,0,0,0,0,0,0,0,0,0,0,0,0,0,0,0,0,0,0,0,10.7,0,0,0,0,0,0,0,0,0,7.71,0,0,0,0,0,0
"Somalia",1961,0.636351368801653,17.6,0,0,0,0,0,0,0,0,0,0,0,0,0,0,0,0,0,0,0,0,0,0,0,0,0,0.01,0,0,0,13.4,0,0,0,0,0,0,0,0,0,4.19,0,0,0,0,0,0
"Somalia",1962,0.685394314132619,13.53,0,0,0,0,0,0,0,0,0,0,0,0,0,0,0,0,0,0,0,0,0,0,0,0,0,0.05,0,0,0,10.9,0,0,0,0,0,0,0,0,0,2.58,0,0,0,0,0,0
"Somalia",1963,0.785748625301802,20.33,0,0,0,0,0,0,0,0,0,0,0,0,0,0,0,0,0,0,0,0,0,0,0,0,0,2.05,0,0,0,17.9,0,0,0,0,0,0,0,0,0,0.38,0,0,0,0,0,0
"Somalia",1964,0.543248454225118,11.57,0.01,0,0,0,0,0,0,0,0,0,0,0,0,0,0,0,0,0,0,0,0,0,0,0,0,4.04,0,0,0,7.51,0,0,0,0,0,0,0,0,0,0.01,0,0,0,0,0,0
"Somalia",1965,0.634951818751399,17.29,0,0,0,0,0,0,0,0,0,0,0,0,0,0,0,0,0,0,0,0,0,0,0,0,0,4.11,0,0,0,13.15,0,0,0,0,0,0,0,0,0.02,0.01,0,0,0,0,0,0
"Somalia",1966,0.57766704267978,40.81,0,0,0,0,0,0,0,0,0,0,0,0,0,0,0,0,0,0,0,0,0,0,0,0,0,2.49,0,0,0,8.59,0,0,0,0,0,0,0,0,0.03,0,0,0,0,29.7,0,0
"Somalia",1967,0.496939858185394,5.56,0.01,0,0,0,0,0,0,0,0,0,0,0,0,0,0,0,0,0,0,0,0,0,0,0,0,2.86,0,0,0,2.68,0,0,0,0,0,0,0,0,0.01,0,0,0,0,0,0,0
"Somalia",1968,0.716035196084144,13.1,0,0,0,0,0,0,0,0,0,0,0,0,0,0,0,0,0,0,0,0,0,0,0,0,0,2.12,0,0,0,10.88,0,0,0,0,0,0,0,0,0,0.1,0,0,0,0,0,0
"Somalia",1969,0.578094773744256,14.01,0.01,0,0,0,0,0,0,0,0,0,0,0,0,0,0,0,0,0,0,0,0.02,0,0.01,0,0,3.63,0,0,0,10.01,0,0,0,0,0,0,0,0,0.03,0.3,0,0,0,0,0,0
"Somalia",1970,0.463361820676365,12.36,0.01,0,0,0,0,0,0,0,0,0,0,0,0,0,0,0,0,0,0,0,0.02,0,0,0,0,6.45,0,0,0,5.38,0,0,0,0,0,0,0,0,0.01,0.49,0,0,0,0,0,0
"Somalia",1971,0.739239261533401,15.28,0.02,0,0,0,0,0,0,0,0,0,0,0,0,0,0,0,0,0,0,0,0.02,0,0.01,0,0,1.77,0,0,0,13.01,0,0,0,0,0,0,0,0,0,0.45,0,0,0,0,0,0
"Somalia",1972,0.39482716245717,13.15,0.01,0,0,0,0.01,0,0,0,0,0,0,0,0,0,0,0,0,0,0,0,0.04,0,0.01,0,0,1.82,0,0,0,7.26,0,0,0,0.01,0,0,0,0,0,0.53,0,0,0,3.46,0,0
"Somalia",1973,0.324077499128287,26.23,0.01,0,0,0,0,0,0,0,0,0,0,0,0,0,0,0,0,0,0,0,0.03,0,0.01,0.02,0,6.81,0,0,0,12.51,0,0,0,0.04,0,0,0,0,0,0.51,0,0,0,3.3,2.99,0
"Somalia",1974,0.233933767139576,27.42,0.02,0,0,0,0,0,0,0,0,0,0,0,0,0,0,0,0,0,0,0,0.01,0,0,0.06,0,2.58,0,0,0,5.12,0,0,0,0.04,0,0,0,0,0.2,0.34,0,0,3.55,10,5.5,0
"Somalia",1975,0.191619622867201,48.74,0.02,0,0,0,0.68,0,0,0,0,0,0,0,0,0,0,0,0,0,0,0,0.42,0,0.25,0.05,0,4.53,0,0,0,5.53,0,0,0,1.05,0,0,0,4.74,0.02,0.55,0,0,4.49,10.9,15.51,0
"Somalia",1976,0.31931253545853,46.38,0.01,0,0,0,0.08,0,0,0,0,0,0,0,0,0,0,0,0,0,0,0,0.61,0,0,0,0,5.58,0,0,0,4.69,0,0,0,0.57,0,0,0,3.44,0.22,0.28,0,0,6.89,23.95,0.06,0
"Somalia",1977,0.290624142437869,140.17,0.02,0,0,0,0,0,0,0,0,0,0,0,0,0,0,0,0,0,0,0.01,0.03,0,0.01,0.01,0,6.97,0,0,0,8.52,0,0,0,3.21,0.16,0,0,3.35,0.2,0.25,0,0,17.14,61.2,39.09,0
"Somalia",1978,0.324190829272866,131.16,0.12,0,0,0,0,0,0,0,0,0,0,0,0,0,0,0,0,0,0,0,0.04,0,0,0.02,0,20.74,0,0,0,8.06,0,0,0,1.39,0,0,0,2.7,0.3,1.89,0,0,23.22,5.61,67.07,0
"Somalia",1979,0.267699919161457,123.49,0.16,0,0,0,0.28,0,0,0,0,0,0,0,0,0,0,0,0,0,0,0,0.35,0,0.01,0.03,0.02,10.96,0,0,0.02,7.68,0,0,0,2.75,0,0,0,5,0.16,2.78,0,0,9.9,29.7,53.69,0
"Somalia",1980,0.195983676683181,214.3,0.37,0,0,0,0.11,0,0,0,0,0,0,0,0,0,0,0,0,0,0,0,0.36,0,0.01,0.47,1.55,66.98,0,0,0,27.36,0,0,0,3.15,0.71,0,0,6.79,1.61,6.53,0,0,18.19,32.27,47.84,0
"Somalia",1981,0.12950229131738,121.5,2.03,0,0,0,2,0,0,0,0,0,0,0,0,0,0,0,0,0,0,0.48,0.25,0,2.37,2.1,7.32,18.65,0,0,0,28.95,0,0,0,4.34,1.13,0,0,4.03,1.89,4.95,0,0,9.35,15.21,16.45,0
"Somalia",1982,0.337995218772943,263.9,3.82,0,0,0,5.55,0,0,0,0,0,0,0,0,0,0,0,0,0,0,0.28,0.37,0,0.94,1.43,4.76,23.93,0,0,0,49.34,0,0,0,2.12,2.91,0,0,2.27,1.02,4.42,0,0,4.03,142.1,14.61,0
"Somalia",1983,0.231021144952051,128.55,2.76,0,0,0,2,0,0,0,0,0,0,0,0,0,0,0,0,0,0,0.11,0.06,0,1.34,1.25,8.12,25.11,0,0,0,51.84,0,0,0,2.85,2.68,0,0,1.94,1.18,3.77,0,0,19.36,1.54,2.64,0
"Somalia",1984,0.453991567337902,164.68,3.21,0,0,0,0.75,0,0,0,0,0,0,0,0,0,0,0,0,0,0,0.01,0.18,0,1.5,2.15,2.06,17.71,0,0,0,107.48,0,0,0,2.91,0.34,0,0,1.22,1.68,2.75,0,0,20.09,0.59,0.05,0
"Somalia",1985,0.225492626903759,155.28,12.77,0,0,0,0.83,0,0,0,0,0,0,0,0,0,0,0,0,0,0,0,2.21,0,2.34,2.12,1.7,20.67,0,0,0,60.59,0,0,0,2.58,2.74,0,0,0.95,1.22,2.25,0,0,10.19,32.12,0,0
"Somalia",1986,0.374421342174988,275.73,30.26,0,0,0,0.35,0,0,0,0,0,0,0,0,0,0,0,0,0,0,0.28,1.01,0,2.43,10.35,9.77,43.63,0,0,0.03,159.28,0,0,0,1.67,1.44,0,0,0.99,4,5.78,0,0,3.2,1.26,0,0
"Somalia",1987,0.434868405295816,364.52,22.66,0,0,0,0.7,0,0,0,0,0,0,0,0,0,0,0,0,0,0,0.03,4.19,0,9.91,16.47,10.15,50.88,0,0,0.01,232.47,0,0,0,0.32,0.65,0,0,1.74,1.3,11.92,0,0,0.46,0.66,0,0
"Somalia",1988,0.448335286368528,301.38,15.37,0,0,0,0.17,0,0,0,0,0,0,0,0,0,0,0,0,0,0,0.02,0.27,0,8.38,13.28,7.92,31.64,0,0,0.04,197.23,0,0,0,0.13,0.76,0,0,1.88,1.03,11.89,0,0,11.37,0,0,0
"Somalia",1989,0.479638962739281,261.45,17.55,0,0,0,0.19,0,0,0,0,0,0,0,0,0,0,0,0,0,0,0.1,0.3,0,12.65,8.46,3.93,24.64,0,0,0,177.58,0,0,0,0.27,0.67,0,0.01,1.68,1.85,8.68,0,0,0.22,2.67,0,0
"Somalia",1990,0.215807898157884,284.7,10.2,0,0,0,0.04,0,0,0,0,0,0,0,0,0,0,0,0,0,0,0.43,8.01,0,2.11,22.49,4.73,20.77,0,0,0,111.26,0,0.08,0,0.23,1.06,0,9.7,2.49,1.76,2.98,0,0,51.5,34.86,0,0
"Somalia",1991,0.28849067937491,110.04,1.53,0.04,0,0,0.02,0,0,0,0,0,0,0,0,0,0,0,0,0,0,0.28,1.42,0,0.04,14.59,4.05,10.31,0,0,0.04,54.61,0,0.06,0,2.43,1,0,0.02,11.38,3.47,4.75,0,0,0,0,0,0
"Somalia",1992,0.136161582960345,188.08,0.15,0.08,0.45,0,3.1,0,0,0,0,0,0,0,0,0,0,0,0,0,0,1.57,7.64,0,0.1,6.4,16.75,27.59,0,0,1.39,24.08,0,1.74,0,51.01,5.91,0.01,0.82,11.87,3.6,13.67,0,0,0.15,10,0,0
"Somalia",1993,0.249899833469828,209.12,0.18,0.1,0.2,0,1.75,0.11,0,0,0,0,0,0,0,0,0,0,0,0,0,1.35,6.61,0,0,0.71,6.29,20.04,0,0,2.59,97.38,0,0.06,0,20.94,9.13,0.01,0.04,9.93,1.85,16.12,0,0,3.7,5.64,0,4.39
"Somalia",1994,0.186550623258073,89.17,0,0,0,0,2.39,0.08,0,0,0,0,0,0,0,0,0,0,0,0,0,0.21,0.02,0,1.14,2.47,5.92,10.46,0,0,1.44,32.6,0,0.08,0,8.58,6.34,0.3,0,10.75,0.58,5.57,0,0,0.09,0.15,0,0
"Somalia",1995,0.134590026905131,66.97,0.02,0,0,0,0.74,0.03,0,0,0,0,0,0,0,0,0,0,0,0,0,2.58,0.27,0,0,0.21,7.74,7,0,0,0.46,11.8,0,0,0,10.43,6.05,0,0,13.46,1.98,4.18,0,0,0,0.02,0,0
"Somalia",1996,0.16069169674244,37.86,0.01,0,0,0,0.1,0,0,0,0,0,0,0,0,0,0,0,0,0,0,0.2,1.3,0,0,1.51,4.52,3.2,0,0,0.55,1.52,0,0,0,5.05,5.93,0,0,11.37,1.25,1.23,0,0,0.03,0.09,0,0
"Somalia",1997,0.13678719285053,43.71,0.4,0,0,0,0.09,0.05,0,0,0,0,0,0,0,0,0,0,0,0,0,0.18,0.05,0,0.09,0.14,4.59,1.72,0,0,0.52,6.05,0,0.41,0,6.1,9.59,0,0,7.45,2.65,2.75,0,0,0,0.88,0,0
"Somalia",1998,0.131887291783795,41.71,0.01,0,0,0,0,0,0,0,0,0,0,0,0,0,0,0,0,0,0,0.1,1.11,0,1.73,0.38,4.24,1.56,0,0,1.14,8.36,0,0.2,0,6.62,8.15,0,0,3.93,1.66,2.21,0,0,0,0.31,0,0
"Somalia",1999,0.179467102699716,58.29,0,0,0,0,0.07,0.07,0,0,0,0,0,0,0,0,0,0,0,0,0,0.14,0,0,3.06,2.22,2.77,3.68,0,0,1.32,19.6,0,0,0,6.87,10.41,0,0,5.29,0.65,2.09,0,0.01,0.02,0.02,0,0
"Somalia",2000,0.217864762374278,48.02,0,0,0,0,0.06,0.05,0,0,0,0,0,0,0,0,0,0,0,0,0,0.43,0,0,3.21,2.3,2.35,3.07,0,0,0.85,2.16,0,0.11,0,6.19,20.11,0,0,4.52,1.37,1.09,0,0,0,0.15,0,0
"Somalia",2001,0.192805855966539,86.12,0,0,0,0,0,0,0,0,0,0,0,0,0,0.02,0,0,0,0,0,0.47,0,0,0.35,2.64,2.06,1.12,0,0,1.19,28.98,0,0,0,13.14,12.37,0,0,5.58,0.26,3.58,0,0,0,14.36,0,0
"Somalia",2002,0.201522743184448,68.48,0,0,0,0,0.05,1.43,0,0,0,0,0,0,0,0.02,0,0,0,0,0,0.35,0,0,1.38,2.68,1.86,2.93,0,0,1.83,7.68,0,0.46,0,13.12,25.44,0,0,5.48,0.69,3.06,0,0.02,0,0,0,0
"Somalia",2003,0.287779671075991,80.14,0,0,0,0,0.06,0.44,0,0,0,0,0,0,0,0,0,0,0,0,0,0.47,0,0,1.36,2.98,2.05,2.62,0,0,1.12,7.8,0,0.11,0,10.29,40.02,0,0,6.59,0.69,3.54,0,0,0,0,0,0
"Somalia",2004,0.178770609509402,108.9,0,0,0,0,0.05,0.55,0,0,0,0,0,0,0,0,0.03,0,0,0,0,0.35,0,0,0.32,3.99,1.31,3.79,0.56,0,2.04,16.18,0,0.06,0,18.94,33.69,0,0,13.71,0.93,11.76,0,0,0,0,0,0.64
"Somalia",2005,0.158466321906448,103.1,0,0.16,0,0,0,0.99,0,0,0,0,0,0,0,0,0.01,0,0,0,0,0.34,0,0,5.05,5.62,1.45,5.14,0.01,0,3.06,11.08,0,0.1,0,14.24,31.32,0.12,0.07,12.94,0.73,10.67,0,0,0,0,0,0
"Somalia",2006,0.169644805246173,165.12,0.24,0.08,0,0,2.38,0.17,0,0,0,0.06,0,0,0,0,0.02,0,0,0,0,0.02,1.38,0,6.58,6.39,2.6,7.02,0.05,0,6.7,8.45,0,0.71,0,14.05,33.77,0,2.26,13.26,2.51,53.15,0,0,0,0,0,3.27
"Somalia",2007,0.113730794148348,189.71,3.86,0,0,0.01,3.07,0.51,0,0,0,0.03,0,0,0,0,0.02,0,0,0,0,0.32,2.78,0,9.76,12.12,7.15,13.58,0.12,0,11.49,6.6,0,1.22,0,12.37,43.14,0.01,2.27,25.81,3.55,26.37,0,0,0,0,0,3.55
"Somalia",2008,0.115008510753892,309.69,23.27,0.1,0,0.06,0,0.8,0,0,0,0.34,0,0,0,0,0,0,0,0,0.01,0.22,2.56,0,17.27,13.71,9.1,10.07,0.49,0,10.37,25.5,0,2.08,0,18.73,44.18,0,14.61,24.98,7.5,76.13,0,0.1,0,0,0,7.51
"Somalia",2009,0.102860308150023,289.11,22.64,0,0,0.03,1.56,0.11,0,0,0,0.27,0,0,0,0,0,0,0,0,0.01,0.09,3.48,0,21.61,8.07,5.32,20.94,0.48,0,7.48,5.94,0,1.16,0,14.81,33.34,0,52.75,29.37,6.57,43.75,0,0.04,0,0,3.6,5.69
"Somalia",2010,0.115029257680209,254.3,29.07,0.01,0,0,5.13,0.04,0,0,0,0.17,0,0,0,0,0.01,0,0,0,0,0.11,5.69,0,18.17,9.16,4.06,12.46,0.03,0,6.58,10.53,0,0.85,0,9.32,31.59,0,5.89,25.88,8.96,62.33,0,0.01,0,0,2.44,5.81
"Somalia",2011,0.105245398868052,720.59,51.97,0.1,0,0,63.08,2.55,0,0,0,0.28,0.17,0,0,0,0.49,0,2,0,0.01,1.54,7.46,0.07,37.13,10.41,3.51,34.01,0.01,0.26,11.22,18.58,0,1.39,0,27.89,84.2,0,16.05,63.51,22.42,152.25,0,0.15,0.08,0,14.41,93.39
"Somalia",2012,0.141614901142141,510.64,55.49,0.5,0,0,16.25,0.11,0,0,0,0,0.09,0,0,0,0.09,0,2.04,0,0.02,3.29,1.12,0,40.61,11.02,2.35,13.67,0.01,0.04,10.85,10.38,0,0.28,0,17.55,35.02,0,4.94,42.33,8.14,142.97,0,0,0.46,0,4.41,86.61
"Somalia",2013,0.162257390016097,578.74,58.35,0.85,0,0,7.04,0,0,0,0,0.1,0.07,0,0,0,0,0,1,0,0,0.38,0.03,0,26.55,12.26,3.7,14.55,0.01,0.25,8.66,6.85,0,0.99,0,6.37,63.27,0,0.81,58.14,13.56,169.13,0,0,1.38,0,8.7,115.74
"Somalia",2014,0.159023889495283,633.73,32.58,0.58,0,0,13.07,0.07,0,0,0,0,0,0.01,0,0,0.12,0,1,0,0,0.15,0.02,0,36.33,27.47,1.61,26.64,0.01,0,7.62,7.6,0,0.42,0.07,6.24,63,0.07,0.03,83.05,20.23,205.75,0,0,2.2,0,23.44,74.35
"Somalia",2015,0.236487773808579,776.69,26.46,0.71,0,0,7.18,0.04,0,0.03,0,0,0,0.02,0,0,0,0.01,0,0,0,0.17,0.29,0,15.02,17.75,1.02,29.15,0.01,0.13,7.15,13.44,0,0.28,0.03,2.29,42.72,0.11,0,61.17,22.96,186.14,0,0,1.08,7.19,19.32,314.82
"Somalia",2016,0.142732687394989,704.23,21.55,0.5,0,0,5.23,0,0,0,0,0,0,0.01,0,0,0,0.04,1,0,0.03,0.16,0.12,0,34.32,14.03,0.45,82.77,0,0,7.17,13.68,0,1.82,0.59,8,40.52,0.14,1.16,66.46,22.59,205.25,0,0,6.5,14.27,96.24,59.63
"Somalia",2017,0.203507271990462,993.11,21.49,1,0,0,14.34,1.55,0,0,0,0,0.03,0.18,0,0.01,0,0.06,1,0,0.03,1.24,4.72,0,37.26,15.22,3.73,222.86,0,0.35,7.12,14.19,0,2.38,0.19,15.78,66.11,0.13,0.95,85,19.85,363.44,0,0,2.75,12.49,17.02,60.64
"Somalia",2018,0.200682325806935,858.22,10.3,0,0,0,7.6,1.18,0,0,0.06,0.02,0,0,0,0.02,0.08,0.12,0,0,0,0.16,0.03,0,20.59,15.47,0.8,204.41,0,0.16,7.7,18.62,0,0.47,0,18.46,70.93,0,0.77,117.16,20.75,289.4,0,0.03,0,0,19.07,33.86
"Somalia",2019,0.161316072888193,878.43,14.29,0,0,0,10.59,0,0,0,0,0.02,0,0,0,0,0.11,0,0,0,0,0.14,2.51,0,67.12,16.97,1.93,175.1,0,0,7.32,25.54,0,0.98,0,37.65,74.34,0.08,1.17,103.09,30.87,261.02,0,0,0,0,13.75,33.84
"Somalia",2020,0.187026673770621,1462.42,17.14,0,0,0,3.58,0,0,0,0,0,0.03,0,0,0,0.05,0,0,0.77,0,0.17,0,0,58.36,30.65,471.43,218.8,0,0,7.99,18.88,0,0.66,0.13,30.54,83.55,0.1,1.35,104.25,27.46,321.12,0,0,0,0,31.91,33.5
"Somalia",2021,0.259510738359124,1381.98,21.74,0,0,0,0.66,0,0,0,0,0.05,0.06,0,0,0.08,1.86,0,0,0.08,0,1.05,0.05,0,43.26,22.36,20.81,170.78,0,0.14,8.53,650.41,0.11,1.22,0,21.69,61.3,0.11,0.31,111.73,26.05,138.85,0,0,0,0,26.89,51.8
"Somalia",2022,0.116631640873489,1404.822861,59.140966,1.234312,0,0.07121,2.79023,1.422384,0,0,0,4.692414,0.13346,0,1.049396,0.455444,0.049756,0.014316,0,0.269808,0.118998,2.0856,0.00226,0,72.888381,70.733658,17.874976,291.238654,0,1.746452,37.096622,38.836114,0.21956,3.389284,0.001092,31.594962,108.343196,0.334116,1.395298,164.908308,70.688031,266.753565,0.095498,0,0,0,91.887376,61.267164
"Somalia",2023,0.121085576927378,1324.265611,52.452216,2.91845,0,0,13.884587,3.37672,0,0,0,0,0.354672,0,0,0.569978,0.045314,0.018118,0,0.441986,0.108132,0.339126,0.004326,0,102.965226,38.484896,23.313574,281.43631,0,0,20.536354,25.418564,0,0.973184,0.002984,31.889716,143.689759,0.461012,3.23622,148.125437,81.268504,242.497752,0,0,0,0,83.496034,21.95646
"Somalia",2024,0.107032048305059,1742.68122,201.39248,19.561224,0,0.003756,2.967112,3.395956,0.002654,0,0,0.30264,0.012552,0.016858,0,0,0.217908,0.00156,0,0.292714,0,0.330838,0,0,110.091972,29.699746,205.715142,204.0514,0,0.165412,20.978074,43.753372,0.222304,0.524624,0.091148,30.506028,96.886066,0.033416,0.925382,128.367075,41.30993,347.027321,0,0,0,0,169.50643,84.328126
"South Africa",1948,NA,0,0,0,0,0,0,0,0,0,0,0,0,0,0,0,0,0,0,0,0,0,0,0,0,0,0,0,0,0,0,0,0,0,0,0,0,0,0,0,0,0,0,0,0,0,0,0
"South Africa",1949,NA,0,0,0,0,0,0,0,0,0,0,0,0,0,0,0,0,0,0,0,0,0,0,0,0,0,0,0,0,0,0,0,0,0,0,0,0,0,0,0,0,0,0,0,0,0,0,0
"South Africa",1950,NA,0,0,0,0,0,0,0,0,0,0,0,0,0,0,0,0,0,0,0,0,0,0,0,0,0,0,0,0,0,0,0,0,0,0,0,0,0,0,0,0,0,0,0,0,0,0,0
"South Africa",1951,NA,0,0,0,0,0,0,0,0,0,0,0,0,0,0,0,0,0,0,0,0,0,0,0,0,0,0,0,0,0,0,0,0,0,0,0,0,0,0,0,0,0,0,0,0,0,0,0
"South Africa",1952,NA,0,0,0,0,0,0,0,0,0,0,0,0,0,0,0,0,0,0,0,0,0,0,0,0,0,0,0,0,0,0,0,0,0,0,0,0,0,0,0,0,0,0,0,0,0,0,0
"South Africa",1953,NA,0,0,0,0,0,0,0,0,0,0,0,0,0,0,0,0,0,0,0,0,0,0,0,0,0,0,0,0,0,0,0,0,0,0,0,0,0,0,0,0,0,0,0,0,0,0,0
"South Africa",1954,NA,0,0,0,0,0,0,0,0,0,0,0,0,0,0,0,0,0,0,0,0,0,0,0,0,0,0,0,0,0,0,0,0,0,0,0,0,0,0,0,0,0,0,0,0,0,0,0
"South Africa",1955,NA,0,0,0,0,0,0,0,0,0,0,0,0,0,0,0,0,0,0,0,0,0,0,0,0,0,0,0,0,0,0,0,0,0,0,0,0,0,0,0,0,0,0,0,0,0,0,0
"South Africa",1956,NA,0,0,0,0,0,0,0,0,0,0,0,0,0,0,0,0,0,0,0,0,0,0,0,0,0,0,0,0,0,0,0,0,0,0,0,0,0,0,0,0,0,0,0,0,0,0,0
"South Africa",1957,NA,0,0,0,0,0,0,0,0,0,0,0,0,0,0,0,0,0,0,0,0,0,0,0,0,0,0,0,0,0,0,0,0,0,0,0,0,0,0,0,0,0,0,0,0,0,0,0
"South Africa",1958,NA,0,0,0,0,0,0,0,0,0,0,0,0,0,0,0,0,0,0,0,0,0,0,0,0,0,0,0,0,0,0,0,0,0,0,0,0,0,0,0,0,0,0,0,0,0,0,0
"South Africa",1959,NA,0,0,0,0,0,0,0,0,0,0,0,0,0,0,0,0,0,0,0,0,0,0,0,0,0,0,0,0,0,0,0,0,0,0,0,0,0,0,0,0,0,0,0,0,0,0,0
"South Africa",1960,NA,0,0,0,0,0,0,0,0,0,0,0,0,0,0,0,0,0,0,0,0,0,0,0,0,0,0,0,0,0,0,0,0,0,0,0,0,0,0,0,0,0,0,0,0,0,0,0
"South Africa",1961,NA,0,0,0,0,0,0,0,0,0,0,0,0,0,0,0,0,0,0,0,0,0,0,0,0,0,0,0,0,0,0,0,0,0,0,0,0,0,0,0,0,0,0,0,0,0,0,0
"South Africa",1962,NA,0,0,0,0,0,0,0,0,0,0,0,0,0,0,0,0,0,0,0,0,0,0,0,0,0,0,0,0,0,0,0,0,0,0,0,0,0,0,0,0,0,0,0,0,0,0,0
"South Africa",1963,NA,0,0,0,0,0,0,0,0,0,0,0,0,0,0,0,0,0,0,0,0,0,0,0,0,0,0,0,0,0,0,0,0,0,0,0,0,0,0,0,0,0,0,0,0,0,0,0
"South Africa",1964,NA,0,0,0,0,0,0,0,0,0,0,0,0,0,0,0,0,0,0,0,0,0,0,0,0,0,0,0,0,0,0,0,0,0,0,0,0,0,0,0,0,0,0,0,0,0,0,0
"South Africa",1965,NA,0,0,0,0,0,0,0,0,0,0,0,0,0,0,0,0,0,0,0,0,0,0,0,0,0,0,0,0,0,0,0,0,0,0,0,0,0,0,0,0,0,0,0,0,0,0,0
"South Africa",1966,NA,0,0,0,0,0,0,0,0,0,0,0,0,0,0,0,0,0,0,0,0,0,0,0,0,0,0,0,0,0,0,0,0,0,0,0,0,0,0,0,0,0,0,0,0,0,0,0
"South Africa",1967,NA,0,0,0,0,0,0,0,0,0,0,0,0,0,0,0,0,0,0,0,0,0,0,0,0,0,0,0,0,0,0,0,0,0,0,0,0,0,0,0,0,0,0,0,0,0,0,0
"South Africa",1968,NA,0,0,0,0,0,0,0,0,0,0,0,0,0,0,0,0,0,0,0,0,0,0,0,0,0,0,0,0,0,0,0,0,0,0,0,0,0,0,0,0,0,0,0,0,0,0,0
"South Africa",1969,NA,0,0,0,0,0,0,0,0,0,0,0,0,0,0,0,0,0,0,0,0,0,0,0,0,0,0,0,0,0,0,0,0,0,0,0,0,0,0,0,0,0,0,0,0,0,0,0
"South Africa",1970,NA,0,0,0,0,0,0,0,0,0,0,0,0,0,0,0,0,0,0,0,0,0,0,0,0,0,0,0,0,0,0,0,0,0,0,0,0,0,0,0,0,0,0,0,0,0,0,0
"South Africa",1971,NA,0,0,0,0,0,0,0,0,0,0,0,0,0,0,0,0,0,0,0,0,0,0,0,0,0,0,0,0,0,0,0,0,0,0,0,0,0,0,0,0,0,0,0,0,0,0,0
"South Africa",1972,NA,0,0,0,0,0,0,0,0,0,0,0,0,0,0,0,0,0,0,0,0,0,0,0,0,0,0,0,0,0,0,0,0,0,0,0,0,0,0,0,0,0,0,0,0,0,0,0
"South Africa",1973,NA,0,0,0,0,0,0,0,0,0,0,0,0,0,0,0,0,0,0,0,0,0,0,0,0,0,0,0,0,0,0,0,0,0,0,0,0,0,0,0,0,0,0,0,0,0,0,0
"South Africa",1974,NA,0,0,0,0,0,0,0,0,0,0,0,0,0,0,0,0,0,0,0,0,0,0,0,0,0,0,0,0,0,0,0,0,0,0,0,0,0,0,0,0,0,0,0,0,0,0,0
"South Africa",1975,NA,0,0,0,0,0,0,0,0,0,0,0,0,0,0,0,0,0,0,0,0,0,0,0,0,0,0,0,0,0,0,0,0,0,0,0,0,0,0,0,0,0,0,0,0,0,0,0
"South Africa",1976,NA,0,0,0,0,0,0,0,0,0,0,0,0,0,0,0,0,0,0,0,0,0,0,0,0,0,0,0,0,0,0,0,0,0,0,0,0,0,0,0,0,0,0,0,0,0,0,0
"South Africa",1977,NA,0,0,0,0,0,0,0,0,0,0,0,0,0,0,0,0,0,0,0,0,0,0,0,0,0,0,0,0,0,0,0,0,0,0,0,0,0,0,0,0,0,0,0,0,0,0,0
"South Africa",1978,NA,0,0,0,0,0,0,0,0,0,0,0,0,0,0,0,0,0,0,0,0,0,0,0,0,0,0,0,0,0,0,0,0,0,0,0,0,0,0,0,0,0,0,0,0,0,0,0
"South Africa",1979,NA,0,0,0,0,0,0,0,0,0,0,0,0,0,0,0,0,0,0,0,0,0,0,0,0,0,0,0,0,0,0,0,0,0,0,0,0,0,0,0,0,0,0,0,0,0,0,0
"South Africa",1980,NA,0,0,0,0,0,0,0,0,0,0,0,0,0,0,0,0,0,0,0,0,0,0,0,0,0,0,0,0,0,0,0,0,0,0,0,0,0,0,0,0,0,0,0,0,0,0,0
"South Africa",1981,NA,0,0,0,0,0,0,0,0,0,0,0,0,0,0,0,0,0,0,0,0,0,0,0,0,0,0,0,0,0,0,0,0,0,0,0,0,0,0,0,0,0,0,0,0,0,0,0
"South Africa",1982,NA,0,0,0,0,0,0,0,0,0,0,0,0,0,0,0,0,0,0,0,0,0,0,0,0,0,0,0,0,0,0,0,0,0,0,0,0,0,0,0,0,0,0,0,0,0,0,0
"South Africa",1983,NA,0,0,0,0,0,0,0,0,0,0,0,0,0,0,0,0,0,0,0,0,0,0,0,0,0,0,0,0,0,0,0,0,0,0,0,0,0,0,0,0,0,0,0,0,0,0,0
"South Africa",1984,NA,0,0,0,0,0,0,0,0,0,0,0,0,0,0,0,0,0,0,0,0,0,0,0,0,0,0,0,0,0,0,0,0,0,0,0,0,0,0,0,0,0,0,0,0,0,0,0
"South Africa",1985,NA,0,0,0,0,0,0,0,0,0,0,0,0,0,0,0,0,0,0,0,0,0,0,0,0,0,0,0,0,0,0,0,0,0,0,0,0,0,0,0,0,0,0,0,0,0,0,0
"South Africa",1986,NA,0,0,0,0,0,0,0,0,0,0,0,0,0,0,0,0,0,0,0,0,0,0,0,0,0,0,0,0,0,0,0,0,0,0,0,0,0,0,0,0,0,0,0,0,0,0,0
"South Africa",1987,NA,0,0,0,0,0,0,0,0,0,0,0,0,0,0,0,0,0,0,0,0,0,0,0,0,0,0,0,0,0,0,0,0,0,0,0,0,0,0,0,0,0,0,0,0,0,0,0
"South Africa",1988,NA,0,0,0,0,0,0,0,0,0,0,0,0,0,0,0,0,0,0,0,0,0,0,0,0,0,0,0,0,0,0,0,0,0,0,0,0,0,0,0,0,0,0,0,0,0,0,0
"South Africa",1989,NA,0,0,0,0,0,0,0,0,0,0,0,0,0,0,0,0,0,0,0,0,0,0,0,0,0,0,0,0,0,0,0,0,0,0,0,0,0,0,0,0,0,0,0,0,0,0,0
"South Africa",1990,NA,0,0,0,0,0,0,0,0,0,0,0,0,0,0,0,0,0,0,0,0,0,0,0,0,0,0,0,0,0,0,0,0,0,0,0,0,0,0,0,0,0,0,0,0,0,0,0
"South Africa",1991,NA,0,0,0,0,0,0,0,0,0,0,0,0,0,0,0,0,0,0,0,0,0,0,0,0,0,0,0,0,0,0,0,0,0,0,0,0,0,0,0,0,0,0,0,0,0,0,0
"South Africa",1992,NA,0,0,0,0,0,0,0,0,0,0,0,0,0,0,0,0,0,0,0,0,0,0,0,0,0,0,0,0,0,0,0,0,0,0,0,0,0,0,0,0,0,0,0,0,0,0,0
"South Africa",1993,0.204602975346566,110.4,1.8,0,0,0,0.38,0.16,0,0,0,0,0,0,0,0,0,0,0,0,0,2.05,0,0,1.08,0.8,0,8.37,0,0,0,0.41,0,0.02,0,20.08,13.59,0.16,0.16,37.87,4.1,19.37,0,0,0,0,0,0
"South Africa",1994,0.145413776165057,133.17,3.09,0,0.56,0,1.3,0.27,0,0,0,0,0,0,0,0,0,0,0,0,0,0.77,0.07,0,14.32,0.69,1.88,19.67,0,0,0,0.27,0,0.03,0,12.62,17.93,0.04,0,29.73,6.05,23.86,0,0,0.01,0.01,0,0
"South Africa",1995,0.115447144506033,205.73,4.34,0,3.01,0,6.42,0.41,0,0,0,0,0,0,0,0,0,0,0,0,0,1.07,5.56,0,22.86,0.22,17.85,22.88,0,0,2.95,0.25,0,0.13,0,44.48,20.03,0.08,1.07,19.6,8.59,23.93,0,0,0,0,0,0
"South Africa",1996,0.10823029359184,233.97,7.3,0,5.99,0,6.65,0.38,0,0,0,0,0,0,0,0,0,0,0,0,0,1.07,4.85,0,29.97,1.42,13.42,29.26,0.1,0,4.35,0.91,0,0.32,0,37.59,13.67,0,0.28,33.24,12.32,30.88,0,0,0,0,0,0
"South Africa",1997,0.102337515254545,300.68,28.91,0.11,0,0,7.16,1.02,0,0,0,0,0,0,0,0,0,0,0,0,0,0.94,7.51,0,35.68,3.36,34.01,29.55,0.16,0,4.7,1.35,0,0.56,0,35.94,19.79,0.04,0.16,41.06,9.55,38.83,0,0.22,0.05,0.02,0,0
"South Africa",1998,0.106643557830597,328.06,30.83,0.54,0,0,5.7,0.65,0,0,0,0,0,0,0,0,0,0,0,0,0,2.54,3.55,0,31.99,3.77,36.73,42.14,0.07,0,4.59,1.11,0,1.01,0,42.01,21.99,0,1.57,31.11,11.88,54.12,0,0.11,0,0.05,0,0
"South Africa",1999,0.125761513496992,293.91,14.06,0.08,0,0,7.02,0.8,0,0,0,0,0,0,0,0,0,0,0,0,0,1.09,4.48,0,17.2,2.81,27.97,51.9,0.09,0,4.26,3.9,0,1.14,0,26.58,15.86,0.12,2.05,40.88,5.72,64.13,0,1.12,0.01,0.64,0,0
"South Africa",2000,0.115992448314277,246.92,19.79,1.88,0,0,6.02,0.61,0,0,0,0,0,0,0,0,0,0,0,0,0,1.09,4.1,0,16.97,2.61,21.55,41.58,0.03,0,3.24,0.87,0,1.27,0,24.18,14.73,0.17,1.05,32.37,5.35,47.35,0,0.11,0,0,0,0
"South Africa",2001,0.134433391724021,254.99,13.39,0.51,0,0,4.99,0.8,0,0,0,0,0,0,0,0,0,0,0,0,0,0.8,6.12,0,15.32,3.62,9.91,36.99,0.03,0,4.34,2.67,0,0.39,0,34.84,16.99,0.11,1.09,26.45,8.04,67,0,0.58,0,0,0,0.01
"South Africa",2002,0.100868303560122,307.23,24.74,0.05,0,0,5.74,0.69,0,0,0,0.01,0,0,0,0,0,0,0,0,0,1.4,9.87,0,18.78,6.33,34.44,42.62,0.08,0,12.14,7.76,0,1.01,0,45.57,17.48,2.01,0.06,22.07,6.11,47.55,0,0.72,0,0,0,0
"South Africa",2003,0.155828360196186,377.15,19.06,0.07,0,0,10.28,1.46,0,0,0,0.01,0,0,0,0,0.01,0,0,0.02,0,1.33,13.25,0,20.81,9.68,32.47,41.57,0.27,0,18.26,3.72,0,0.07,0,29.54,15.59,0.27,0.25,23.77,7.77,126.96,0,0.66,0,0,0,0
"South Africa",2004,0.127167026072677,385.99,19.7,0.08,0,0,7.72,1.24,0,0,0,0.01,0,0,0,0,0.01,0,0,0,0,1.52,14.67,0,21.69,10.19,22.13,59.29,0.34,0,16.75,6.68,0,1.87,0,55.65,15.94,0.4,0.49,25.58,7.03,96.52,0,0.49,0,0,0,0
"South Africa",2005,0.134981693723458,398.37,16.95,0.07,0,0,4.78,1.49,0,0,0,0,0,0,0,0,0.02,0,0,0,0,0.99,18.17,0,20.26,13.14,47.9,37.18,0.83,0,17.62,3.23,0,2.62,0,55.49,14.39,0.64,0.4,22.87,7.94,110.98,0,0.38,0,0,0,0.03
"South Africa",2006,0.174417488650102,515.51,16.73,0.14,0,0,3.16,1.41,0,0,0,0,0,0,0,0,0.01,0,0,0,0,0.78,24.77,0,25.42,14.33,176.13,40.53,1.17,0,18.95,1.7,0,0.87,0,53.23,14.11,0.25,1.05,22.05,9.03,89.24,0,0.43,0,0,0,0.02
"South Africa",2007,0.18484642838683,574.42,5.47,0.11,0,0.01,2.25,1.38,0,0,0,0,0,0,0,0,0.07,0,0,0,0,1.72,14.75,0.01,20.91,7.74,121.31,103.7,0.9,0,19.77,5.64,0,0.38,0,44.87,15.71,0.1,1.13,19.36,8.75,177.85,0,0.48,0,0,0,0.05
"South Africa",2008,0.169333164548975,531.76,4.58,0.48,0,0,2.37,1.11,0,0,0,0,0,0.05,0,0,0.1,0,0,0,0,1.51,20.83,0.01,27.97,14.49,57.23,162.76,1.52,0.07,29.13,11.59,0,0.4,0,36.26,18.85,0.15,0.62,12.61,8.34,117.36,0,1.3,0,0,0,0.07
"South Africa",2009,0.143066601803275,370.17,5.68,0.57,0,0,2.88,0.89,0,0,0,0,0,0.35,0,0,0.34,0,0,0,0.01,1.38,18.13,0,20.13,13.37,13.51,97.98,1.02,0.05,15.25,2.01,0,0.3,0,48.85,36.14,0.05,5.32,9.79,5.13,69.15,0,1.51,0,0,0.32,0.06
"South Africa",2010,0.142382845391767,383.3,8.18,0.28,0,0.04,3.5,1.03,0,0,0,0.02,0,0.22,0,0,0.03,0,0,0,0.02,1.19,15.33,0,21.81,5.54,83.58,74.78,0.92,0,8.43,0.28,0,0.36,0,36.05,24.73,0.05,1.12,14.3,7.45,72.61,0,1,0,0,0.4,0.05
"South Africa",2011,0.205487232586694,527.58,9.57,0.56,0,0,5.03,0.57,0,0,0,0.02,0,0.02,0,0,0.03,0.11,0,0,0.02,0.92,17.19,0,11.01,5.88,187.55,127.3,0.75,0,8.67,9.03,0,0.38,0,32.54,38.17,0.07,0.36,15.57,7.8,47.63,0,0.27,0,0,0.38,0.18
"South Africa",2012,0.171066148335774,362.57,14.48,0.6,0,0.01,6.83,0.44,0,0,0,0,0,0.05,0,0,0.02,0.07,0.02,0,0,0.56,17.75,0,5.24,6.1,109.84,75.2,0.43,0.04,6.97,1.8,0,0.71,0,21.91,13.2,0.06,0.05,16.67,7.01,55.65,0,0.34,0,0,0.41,0.11
"South Africa",2013,0.342481496506561,684.26,11.33,0.36,0,0,5.66,0.39,0,0,0,0,0,0,0,0,0.05,0,0,0,0,0.54,19.66,0,5.67,5.05,377.25,79.57,0.1,0.11,6.28,6.4,0,0.67,0,10.27,26.95,1.46,0.14,17.16,8.89,99.05,0,0.29,0,0,0.37,0.59
"South Africa",2014,0.230348506230055,456.59,8.28,0.19,0,0,2.44,0.28,0,0,0,0.02,0,0,0,0,0.05,0,0,0,0,0.4,18.9,0,2.33,4.66,138.19,144.73,0.09,0.06,6.16,10.19,0,0.31,0,3.1,9.84,1.62,0.03,7.38,11.23,84.18,0,0.28,0,0,0.56,1.09
"South Africa",2015,0.409393172875404,734.08,10.26,0.24,0,0,2,0.11,0,0,0,0.02,0,0,0,0,0.06,0,0,0,0,0.47,12.96,0,3.56,7.03,202.25,421.95,0.06,0.06,6.32,0.93,0,0.36,0,2.87,9.83,1.26,0.05,4.5,15.3,30.37,0,0.33,0,0,0.53,0.4
"South Africa",2016,0.479007522648369,601.26,11.05,0.07,0,0,1.14,0.06,0,0,0,0.03,0,0.01,0,0,0,0,0,0,0,0.37,19.2,0,1.19,1.54,117.36,398.01,0.03,0,6.04,1.29,0,0.2,0,2.93,7.34,1.24,0.04,5.04,9.09,16.6,0,0.45,0,0,0.44,0.5
"South Africa",2017,0.279201147060561,290.76,11.94,0.45,0,0,2.67,0.19,0,0,0,0.02,0,0.04,0,0,0.01,0,0,0,0,0.48,11.63,0,2.32,1.56,65.43,134.58,0.05,0.04,4.62,0.52,0,0.37,0,0.93,6.85,1.36,0.16,4.59,14.7,24.68,0,0,0,0,0.52,0.05
"South Africa",2018,0.273596805143063,335.14,10.12,0,0,0,3.66,0.05,0,0,0,0,0,0.84,0,0,0.04,0.01,0,0,0,0.81,12.25,0,1.87,1.05,70.61,152.14,0.11,0.07,5,0.95,0,0.66,0,0.48,4.98,1.46,0.14,4.19,16.88,44.36,0,0.69,0,0,0.65,1.07
"South Africa",2019,0.320269369168076,481.11,10.82,0,0,0,2.67,0.09,0,0,0,0.01,0,1.44,0,0.01,0.18,0,0,0,0,0.72,11.55,0,0.79,0.41,135.39,229.76,0.16,0,5.36,2.98,0,0.15,0,0.83,5.94,1.35,0.21,5.72,12.43,49.86,0,0.76,0,0,0.51,1.01
"South Africa",2020,0.267345245178007,403.64,9.43,0,0,0,23.24,0.12,0,0,0,0,0,1.71,0,0.03,0.22,0.01,0,0,0,0.76,15.44,0,1.46,4.24,51.33,187.44,0,0,5.49,1.57,0,0.33,0,0.73,4.42,1.14,0.06,6.52,18.46,66.76,0,0.95,0,0,1.57,0.21
"South Africa",2021,0.329080965846461,606.24,6.79,0,0,0,1.47,0.12,0,0,0,0.92,0,1.58,0,0.01,0.16,0,0,0,0,0.77,11.62,0,1.41,2.85,300.79,99.42,0,0,5.69,1.28,0,0.26,0,0.41,4.51,1.02,0.07,7.25,14.29,141.69,0,0.95,0,0,0.52,0.39
"South Africa",2022,0.613702262281565,1062.535207,9.849688,0.606556,0,0.010212,2.816219,0.050944,0,0,0,0.004386,0,4.755234,0,0.026006,0.295962,0.119696,0,0,0,1.602164,9.761442,0,6.101756,9.168264,827.398397,44.570669,0,0,9.101172,2.215862,0,0,0,1.27517,9.01655,2.195592,0.217644,13.201078,41.634441,62.017133,0,1.877946,0,0,1.445154,1.19987
"South Africa",2023,0.438677450176536,1173.872269,13.32768,2.119572,0,0,2.256236,0.003588,0,0,0,0.06821,0,2.657058,0.05933,0.06007,0.329878,0.078732,0,0,0,1.57894,15.595216,0,4.051341,6.238038,282.38859,721.624087,0,0,6.080956,2.003848,0,0.489922,0.009158,0.79834,7.565013,6.324926,0.181811,14.54568,42.081636,37.100505,0,2.497332,0,0,0.112846,1.64373
"South Africa",2024,0.765022225897005,1317.314422,13.195498,1.08733,0,0,0.89705,0.24873,0,0,0,0.065786,0,2.461192,0.06164,0.040358,0.323044,0.05185,0,0,0,1.180648,12.945888,0,5.697121,2.033188,0,1150.383411,0,0,5.333448,1.29333,0,0.169244,0.002708,1.027006,8.359369,2.242002,0.239396,16.517009,32.924318,47.767246,0,2.451988,0,0,4.898928,3.415696
"South Sudan",2011,0.166668128230228,285.98,25.56,0.03,0,0,2.65,0.79,0,0,0,0,0.11,0,0,0,0,0,0,0.72,0,0.2,6.82,0.07,35.89,2.36,0.26,17.37,0,0,6.53,0.18,0,0,0,24.4,60.27,0,0,10.01,8.22,83,0,0.24,0,0,0.21,0.09
"South Sudan",2012,0.147265881130416,594.9,75.03,1.77,0,0,23.15,0,0,0,0,0,0,0,0,0,0.45,0,0,0.7,0,0.93,2.34,0,38.54,13.43,3.52,34.39,0,0.05,8.35,8.95,0,0.73,0,45.17,73.59,0,2.04,72.23,15.56,173.24,0,0.13,0,0,0.25,0.36
"South Sudan",2013,0.16331361550226,663.91,80.36,1.94,0,0,26.84,0,0,0,0,0.21,0.07,0,0,0,0.58,0,0,0.69,0,0.34,6.2,0,33.68,14.14,1.39,34.58,0,0,9.97,1.93,0,1.72,0,55.21,91.63,0,0.12,68.06,18.94,213.75,0,0.22,0,0,0.27,1.07
"South Sudan",2014,0.182074328420428,757.65,43.28,2.06,0,0,22.99,0.58,0,0,0,0.29,0.27,0,0,0,0,0,5.01,0.39,0.04,1.36,5.73,0,38.43,4.57,2.89,91.73,0,0.1,12.82,8.04,0,3.47,0,54.8,95.94,0,2.5,56.58,25.98,275.31,0,0,0,0,0.99,1.5
"South Sudan",2015,0.238085316130825,715.04,91.23,3.06,0,0,8.03,0,0,0,0,0.21,0,0.01,0,0,0.01,0,0,0.17,0.03,0.6,4.36,0,15.93,8.42,0.84,56.74,0,0,12.21,12.76,0,3.45,0.05,42.08,62.24,0,0.8,39.57,32,318.13,0,0.05,0,0,1.34,0.72
"South Sudan",2016,0.177188470592083,665.58,55.15,3.33,0,0.06,10.79,0,0,0,0,0.4,0,0,0,0,0,0,0,0.26,0.03,0.85,10.69,0,19.82,13.31,0.24,123.86,0,0,10.22,11.04,0,4.54,0,48.68,68.73,0,0.64,33.18,25.12,224.11,0,0,0,0,0.13,0.4
"South Sudan",2017,0.169994269489837,702.39,42.22,4.21,0,0.08,24.9,3.56,0,0,0,0.4,0,0.31,0,0.01,0,0,0,1.27,0.03,3.33,10.68,0,15.79,6.04,3.6,151.55,0,0,12.05,8.91,0,2.4,0,55.21,73.04,0,1.07,37.75,24.8,217.68,0,0,0,0,0.23,1.27
"South Sudan",2018,0.178233355656985,710.47,32.78,0,0,0,12.61,1.6,0,0,0.06,0.37,0,0,0,0,0.58,0,0,0.42,0.04,2.27,7.41,0,22.52,5.25,0.77,147.11,0,0,13.92,6.98,0,2.62,0,75.91,80.98,0.34,1.63,41.48,24.64,227.14,0,0.14,0,0,0.36,0.54
"South Sudan",2019,0.208335919514846,800.86,42.48,0,0,0,13.18,2.25,0,0,0,0.27,0,0.01,0,0,0,0,0,0.38,0,0.44,4.77,0,14.33,8.23,1.82,158.59,0,0.35,13.13,10.76,0,2.61,0,52.17,79.58,0.49,1.31,65.16,23.43,303.38,0,0.02,0,0,0.27,1.45
"South Sudan",2020,0.185992547139992,700.17,21.54,0,0,0,6.14,0,0,0,0,0,0,0.01,0,0,0,0,0,0.44,0,0.25,2.43,0,18.59,6.06,5.66,166,0,0,10.22,3.53,0,2.84,0.03,39.76,87.29,0.36,0.54,80.35,25.32,215.05,0,0.01,0.97,0,5.51,1.27
"South Sudan",2021,0.151008856482,591.78,41.71,0,0,0,1.85,2.83,0,0,0,0,0.06,0.06,0,0,0.19,0.04,0,0.17,0.05,2.4,0,0,15.72,6.86,5.12,137.05,0,0.37,11.53,7.2,0.11,4.95,0,33.08,72.17,0.46,1.26,85.72,25.44,132.32,0,0.02,0,0,2.36,0.68
"South Sudan",2022,0.124348868774912,1053.857643,37.973922,8.34882,0,0,11.35433,1.422384,0,0,0,0,0,0.025344,0,0,0.383894,0,0,0.184308,0.118998,2.774676,0,0,28.597497,4.946956,13.682156,213.910076,0,0,29.548396,27.30163,0.21956,5.920896,0.003042,73.496862,114.151919,12.7112,2.937168,150.584458,47.227445,203.02183,0.046238,1.221792,0,0,57.124718,4.617128
"South Sudan",2023,0.12378143442791,944.977332,93.73373,8.796324,0,0,4.247126,3.37672,0,0,0,0,0,0.027388,0,0,0.003382,0.013856,0,0.216262,0.23789,1.415496,0,0,24.068348,10.370292,32.69146,191.412312,0,0.417274,22.639282,4.000423,0,5.673106,0.047412,67.374208,156.406067,0.654098,4.787536,98.969585,70.096566,137.573751,0,0.00122,0,0,4.814206,0.912012
"South Sudan",2024,0.163583987161365,1004.95714,96.389079,18.222892,0,0.002644,2.290107,2.378058,0,0,0,0,0,0.015804,0,0,0.012506,0,0,0,0.317314,4.732596,0.00424,0,21.647038,7.852592,16.664614,168.826736,0,0,30.734516,2.54714,0.222304,6.024812,0.005294,53.118188,118.699736,1.161688,0.569952,56.290585,44.054971,319.746772,0,0.00656,0,0,31.536126,0.882276
"Sudan",1956,NA,0,0,0,0,0,0,0,0,0,0,0,0,0,0,0,0,0,0,0,0,0,0,0,0,0,0,0,0,0,0,0,0,0,0,0,0,0,0,0,0,0,0,0,0,0,0,0
"Sudan",1957,NA,0,0,0,0,0,0,0,0,0,0,0,0,0,0,0,0,0,0,0,0,0,0,0,0,0,0,0,0,0,0,0,0,0,0,0,0,0,0,0,0,0,0,0,0,0,0,0
"Sudan",1958,NA,0,0,0,0,0,0,0,0,0,0,0,0,0,0,0,0,0,0,0,0,0,0,0,0,0,0,0,0,0,0,0,0,0,0,0,0,0,0,0,0,0,0,0,0,0,0,0
"Sudan",1959,NA,0,0,0,0,0,0,0,0,0,0,0,0,0,0,0,0,0,0,0,0,0,0,0,0,0,0,0,0,0,0,0,0,0,0,0,0,0,0,0,0,0,0,0,0,0,0,0
"Sudan",1960,0.605167658586152,0.83,0,0,0,0,0,0,0,0,0,0,0,0,0,0,0,0,0,0,0,0,0,0,0,0,0,0.1,0,0,0,0.1,0,0,0,0,0,0,0,0,0,0.63,0,0,0,0,0,0
"Sudan",1961,0.483652284443189,1.19,0.02,0,0,0,0,0,0,0,0,0,0,0,0,0,0,0,0,0,0,0,0,0,0,0,0,0.59,0,0,0,0.58,0,0,0,0,0,0,0,0,0,0,0,0,0,0,0,0
"Sudan",1962,0.839296875,1.6,0.01,0,0,0,0,0,0,0,0,0,0,0,0,0,0,0,0,0,0,0,0,0,0,0,0,1.46,0,0,0,0.13,0,0,0,0,0,0,0,0,0,0,0,0,0,0,0,0
"Sudan",1963,0.497052872756164,6.58,0.03,0,0,0,0,0,0,0,0,0,0,0,0,0,0,0,0,0,0,0,0,0,0,0,0,3.46,0,0,0,3.09,0,0,0,0,0,0,0,0,0,0,0,0,0,0,0,0
"Sudan",1964,0.333134715122085,10.38,0.03,0,0,0,0,0,0,0,0,0,0,0,0,0,0,0,0,0,0,0,0,0,0,0,0,3.8,0,0,0,3.25,0,0,0,0,0,0,0,0,0,3.3,0,0,0,0,0,0
"Sudan",1965,0.597558820327423,16.82,0.03,0,0,0,0.02,0,0,0,0,0,0,0,0,0,0,0,0,0,0,0.01,0,0,0,0,0,12.18,0,0,0,0.02,0,0,0,0,0,0,0,0,0.01,4.55,0,0,0,0,0,0
"Sudan",1966,0.597157210357743,30.83,0.04,0,0,0,0.01,0,0,0,0,0,0,0,0,0,0,0,0,0,0,0.29,0,0,0,0,0,2.98,0,0,0,0,0,0,0,0,0,0,0,0,0.01,4.25,0,0,0,23.25,0,0
"Sudan",1967,0.210209626682626,9.49,0.04,0,0,0,0,0,0,0,0,0,0,0,0,0,0,0,0,0,0,1.07,0,0,0,0,0,2.58,0,0,0,0.11,0,0,0,1.58,0,0,0,2.35,0,1.76,0,0,0,0,0,0
"Sudan",1968,0.528473753641754,17.13,0.02,0,0,0,0,0,0,0,0,0,0,0,0,0,0,0,0,0,0,0,0,0,0,0,0,2.06,0,0,0,12.09,0,0,0,0.1,0,0,0,1.96,0,0.9,0,0,0,0,0,0
"Sudan",1969,0.369540790952127,4.66,0.02,0,0,0,0,0,0,0,0,0,0,0,0,0,0,0,0,0,0,0,0,0,0.01,0,0,1.75,0,0,0,0.26,0,0,0,0.02,0,0,0,0.43,0,2.17,0,0,0,0,0,0
"Sudan",1970,0.191454178528403,7.22,0.04,0,0,0,0.01,0,0,0,0,0,0,0,0,0,0,0,0,0,0,1.04,0.17,0,0,0,0,0.64,0,0,0,0.19,0,0,0,0.28,0,0,0,1.05,0.02,1.67,0,0,2.11,0,0,0
"Sudan",1971,0.256792448967056,4.42,0.05,0,0,0,0.02,0,0,0,0,0,0,0,0,0,0,0,0,0,0,1.05,0,0,0,0,0,0.54,0,0,0,0.18,0,0,0,0.07,0,0,0,0,0,1.72,0,0,0.79,0,0,0
"Sudan",1972,0.241611111278257,25.13,0.04,0,0,0,0.02,0,0,0,0,0,0,0,0,0,0,0,0,0,0,0.01,0.26,0,0.64,0.28,0,6.07,0,0,0,0.04,0,0,0,0.49,0.57,0,0,1.99,0.12,2.47,0,0,2.13,0,10,0
"Sudan",1973,0.360762292680728,20.64,0.09,0,0,0,0.01,0,0,0,0,0,0,0,0,0,0,0,0,0,0,0.03,0.06,0,1.15,0.01,0,11.81,0,0,0,0.23,0,0,0,1.05,0.89,0,0,0.94,0.01,2.7,0,0,1.66,0,0,0
"Sudan",1974,0.284538140789581,100.18,0.12,0,0,0,0.03,0,0,0,0,0,0,0,0,0,0,0,0,0,0,0,0.04,0,0.39,0.01,0,23.01,0,0,0,0.18,0,0,0,4.52,0.83,0,0,0.6,0.21,3.51,0,0,7.25,14.4,45.08,0
"Sudan",1975,0.355796467307659,192.82,0.25,0,0,0,0.88,0,0,0,0,0,0,0,0,0,0,0,0,0,0,0,0.06,0,0.52,0.01,0,37.76,0,0,0,1.79,0,0,0,3.9,3.2,0,0,2.44,0.17,6.76,0,0,9.71,106.09,19.28,0
"Sudan",1976,0.166323612451208,120.8,0.34,0,0,0,0.03,0,0,0,0,0,0,0,0,0,0,0,0,0,0,0.06,0.07,0,3.37,0.01,0,23.68,0,0,0,0.38,0,0,0,9.08,6.4,0,0,0.73,0.14,13.87,0,0,17.16,12.5,32.98,0
"Sudan",1977,0.38381426268489,195.08,2.01,0,0,0,0.05,0,0,0,0,0,0,0,0,0,0,0,0,0,0,0.05,0.2,0,1.29,0.1,0,15.38,0,0,0.09,0.48,0,0,0,20.16,4.57,0,0,0.87,0.37,8.78,0,0,17.56,116.2,6.92,0
"Sudan",1978,0.163095117939014,242.12,23.17,0,0,0,0.76,0,0,0,0,0,0,0,0,0,0,0,0,0,0,0.16,0.52,0,1.11,0.1,0,38.15,0,0,0.15,0.46,0,0,0,31.84,6.5,0,0,11.46,0.43,13.6,0,0,18.71,73.3,21.7,0
"Sudan",1979,0.465504904560855,535.83,21.54,0,0,0,1.26,0,0,0,0,0,0,0,0,0,0,0,0,0,0,0.34,1.24,0,9.98,0.46,1.2,41.45,0,0,0.22,1.09,0,0,0,19.53,4.04,0,0,2.6,0.52,29.49,0,0,30.78,359.2,10.89,0
"Sudan",1980,0.219511501987205,512.97,10.92,0,0,0,1.89,0,0,0,0,0,0,0,0,0,0,0,0,0,0,0.76,2.01,0,22.39,0.83,7.7,206.02,0,0,0.53,0.21,0,0,0,48.51,5.6,0,0,1.29,0.33,50.82,0,0,17.02,75.24,60.9,0
"Sudan",1981,0.161054522716521,345.12,7.57,0,0,0,5.52,0,0,0,0,0,0,0,0,0,0,0,0,0,0,0.5,3.91,0,4.76,0.92,13.96,71.36,0,0,1.24,1.94,0,0,0,34.84,10.77,0,0,2.59,3.69,66.2,0,0,18.01,87.2,10.14,0
"Sudan",1982,0.232607562159866,396.59,9.92,0,0,0,5.03,0,0,0,0,0,0,0,0,0,0,0,0,0,0,0.71,2.08,0,0.6,2.1,14.03,56.81,0,0,0.43,15.36,0,0,0,26.27,11.65,0,0,2.47,4.02,68.68,0,0,5.73,164.8,5.9,0
"Sudan",1983,0.336509790851931,634.61,25.51,0,0,0,3.16,0,0,0,0,0,0,0,0,0,0,0,0,0,0,0.42,1.21,0,16.34,4.57,19.6,67.8,0,0,0.6,26.86,0,0,0,34.42,10.13,0,0,3.19,6.05,48.76,0,0,7.95,353.66,4.38,0
"Sudan",1984,0.2122284903877,301.62,28.78,0,0,0,0.22,0,0,0,0,0,0,0,0,0,0,0,0,0,0,0.2,0.9,0,0.82,2.3,7.64,50.99,0,0,0.42,11.32,0,0,0,28.03,3.13,0,0,1.8,5.96,36.42,0,0,4.98,116.18,1.53,0
"Sudan",1985,0.22000687498984,467.57,25.82,0,0,0,1.51,0,0,0,0,0,0,0,0,0,0,0,0,0,0,1.05,3.95,0,0.45,4.04,5.55,71.41,0,0,1.01,66.82,0,0,0,27.78,9.46,0,0,2.32,5.52,54.8,0,0,1.83,184.11,0.14,0
"Sudan",1986,0.227063163707592,529.13,32.72,0,0,0,0.1,0,0,0,0,0,0,0,0,0,0,0,0,0,0,0.36,1.33,0,2.37,7.19,8.45,58.96,0,0,2.1,93.33,0,0,0,52.47,7.42,0,0,1.53,3.73,38.1,0,0,4.77,214.2,0,0
"Sudan",1987,0.217501708066595,562.64,77.7,0,0,0,0.06,0,0,0,0,0,0,0,0,0,0,0,0,0,0,0.16,2.47,0,9.15,7.03,4.92,47.36,0,0,2.33,79.47,0,0,0,58.94,3.21,0,0,2.41,1.47,33.09,0,0,9.59,222.28,1,0
"Sudan",1988,0.116021399593442,444.69,59.57,0,0,0,0.97,0,0,0,0,0,0,0,0,0,0,0,0,0,0,0.25,0.91,0,8.09,20.16,7.29,52.09,0,0,2.48,75.74,0,0,0,66.96,9.48,0,1,22.03,6.72,46.01,0,0,9.22,55.72,0,0
"Sudan",1989,0.110536246370053,367.77,41.8,0,0,0,2.29,0,0,0,0,0,0,0,0,0,0,0,0,0,0,0.31,0.73,0,39.08,16.22,11.13,48.26,0,0,0.86,48.97,0,0,0,57.34,7.5,0,1.14,3.95,4.49,51.55,0,0,16.09,16.06,0,0
"Sudan",1990,0.126272591750979,285.96,38.94,0.02,0.25,0,0.52,0,0,0,0,0,0,0,0,0,0,0,0,0,0,1.15,0.83,0,13.44,12.43,7.22,47.73,0,0,1.6,21.9,0,0.01,0,62.49,9.74,0,1.23,7.05,4.24,37.97,0,0,9.21,7.99,0,0
"Sudan",1991,0.124452664076414,281.06,51.02,0.25,0,0,2.35,0.12,0,0,0,0,0,0,0,0,0,0,0,0,0,0.6,0.69,0,7.35,15.28,5.82,41.29,0,0,1.56,18.58,0,0.18,0,46.31,9.85,0,0.82,11.6,3.41,48.27,0,0,6.15,9.56,0,0
"Sudan",1992,0.143127807096137,186.1,27.44,0.26,0.26,0,1.7,0,0,0,0,0,0,0,0,0,0,0,0,0,0,1.61,0.52,0,4.84,2.81,5.78,50.02,0,0,1.1,10.08,0,0,0,32.21,7.09,0,0.19,1.93,4.78,13.64,0,0,5.96,13.88,0,0
"Sudan",1993,0.136779149376763,138.56,15.22,0.29,0.3,0,3.48,0.06,0,0,0,0,0,0,0,0,0,0,0,0,0,0.6,4.37,0,3.05,1.62,6.07,26.36,0,0,3.03,3.83,0,0,0,35.3,6.69,0,0.08,6.27,4.17,15.64,0,0,0.11,1.69,0,0.33
"Sudan",1994,0.141033514874739,140.03,20.6,1.54,0,0,1.13,0.2,0,0,0,0,0,0,0,0,0,0,0,0,0,0.67,0.66,0,2.98,1.17,7.88,24.52,0,0,1.92,5.68,0,0,0,29.07,7.75,0,0.02,5.19,1.76,26.29,0,0,0.09,0.11,0,0.8
"Sudan",1995,0.135824011544827,125.97,21.19,1.04,0,0,3.39,0.11,0,0,0,0,0,0,0,0,0,0,0,0,0,0.45,0.17,0,0.5,2.2,7.02,17.13,0,0,2.05,3.79,0,0.54,0,31.91,11.4,0,0.03,5.25,3.71,11.54,0,0,0,0.62,0,1.93
"Sudan",1996,0.131243183499972,109.38,18.64,0.69,0,0,7.15,0.07,0,0,0,0,0,0,0,0,0,0,0,0,0,0.55,0.03,0,1.54,0.93,8.12,19.42,0.01,0,2.01,1.69,0,0.45,0,22.05,10.67,0,0.18,2.21,2.72,10.25,0,0,0,0,0,0
"Sudan",1997,0.151964384407781,69.87,0.47,0.39,0,0,3.87,0.1,0,0,0,0,0,0,0,0,0,0,0,0,0,0.46,0.41,0,0.88,0.89,5.85,9.17,0.02,0,1.9,0.93,0,0,0,20.47,7.6,0,0.03,4.08,2.17,10.18,0,0,0,0,0,0
"Sudan",1998,0.142420185659721,134.48,0.17,0.12,0,0,3.82,0.31,0,0,0,0,0,0,0,0,0.13,0,0,0,0,0.58,1.01,0,1.16,1.31,8.2,17.1,0.04,0,2.76,1.9,0,0.28,0,26.69,19.13,0,2,10.42,5.95,30.97,0,0,0.16,0.26,0,0.01
"Sudan",1999,0.126683035714286,112,0.6,0.01,0,0,4.37,0.16,0,0,0,0,0,0,0,0,0.08,0,0,0,0,0.53,1.16,0,0.6,1.74,5.42,12.65,0.06,0,1.34,1.6,0,0.56,0,15.28,14.23,0,0.05,6.84,5.33,13.19,0,0,0,26.18,0,0.02
"Sudan",2000,0.184022306864055,186.78,0.67,0.03,0,0,1.38,0,0,0,0,0,0,0,0,0,0.06,0,0,0,0,0.39,0.38,0,0.61,1.16,8.79,12.02,0.04,0,1.08,5.17,0,0.11,0,15.3,14.18,0,0.04,12.38,5.54,5.74,0,0,37.79,63.92,0,0
"Sudan",2001,0.128042471386829,99.63,0.69,0.08,0,0,0.29,0.24,0,0,0,0,0,0,0,0,0.05,0,0,0,0,0.32,0,0,1.53,2.49,1.84,11.26,0.03,0,1.91,5.69,0,0.2,0,23.56,13.09,0,0.1,7.86,4.43,9.94,0,0,0.12,13.74,0.12,0.05
"Sudan",2002,0.120860455811986,121.86,1.17,0.14,0,0,0,0.23,0,0,0,0.02,0,0,0,0,0.03,0,0,0.1,0,0.49,1.95,0,0.56,1.63,4.8,14.52,0.08,0,2.71,7.61,0,0.04,0,22.74,23.33,0,0.01,9.63,5.18,13.5,0,0,0.26,0,11.13,0
"Sudan",2003,0.120487736779958,167.04,1.47,0.2,0,0,0,1.18,0,0,0,0.02,0,0,0,0,0.03,0,0,0.28,0,0.46,0.2,0,1.31,3.41,6.82,15.5,0.37,0,5.15,8.9,0,0.54,0,20.99,33.31,0,0.31,12.65,7.6,33.02,0,0,5.03,0,8.25,0.04
"Sudan",2004,0.133566967450616,482.2,1.55,1.48,0,0,10.35,4.43,0,0,0,0.44,0.04,0.05,0,0.04,0.23,0,0,0.24,0,2.18,1.11,0,3.44,9.59,14.79,48.32,0.95,0,11.45,16.88,0,2.62,0,97.61,57.19,0.32,7.87,26.5,13.44,116.57,0,0.02,14.15,0,17.46,0.89
"Sudan",2005,0.147364849676508,734.66,2.11,0.71,0,0,13.78,3.69,0,0,0,0.09,0.03,0,0,0,0.03,0,0,17.28,0,0.89,3.09,0.36,23.75,11.73,21.11,44.9,1.11,0.16,13.17,16.79,0,2.58,0,154.77,98.69,0.17,9.72,45.49,12.9,196.46,0,0.05,14.94,0,23.42,0.69
"Sudan",2006,0.124225334873985,797.25,42.72,0.66,0,0.04,9.75,1.86,0,0,0,0.23,0.06,0,0,0,0.06,0,0,14.98,0,1.12,2.27,0.03,33.66,12.87,17.33,50.72,0.96,0.14,19.27,12.5,0,3.43,0,96.08,106.94,1.66,13.26,47.53,12.32,215.55,0,0.06,26.61,0,38.18,14.4
"Sudan",2007,0.112800411230279,1015.69,51.58,1.34,0,0.09,20.82,2.23,0,0,0,0.56,0.09,0,0,0,0.8,0,0,17.68,0,1.32,7.74,0.01,43.39,16.95,16.25,36.93,2.8,0.1,25.65,19.93,0,3.49,0,202.51,119.72,0.28,28.36,68.11,11,206.17,0,2.65,36.99,0,54.69,15.46
"Sudan",2008,0.109328337475545,1006.37,109.64,2.63,0,0.03,5.49,1.88,0,0,0,0.37,0,0,0,0,1.29,0,0,0.15,0.04,0.75,2.7,0,37.8,8.66,12.68,47.3,2.98,0.41,24.15,35.1,0,3.45,0,157.58,119.84,1.02,37.68,64.98,14.8,199.16,0,5.71,89.2,0,5.68,13.22
"Sudan",2009,0.14481936343919,959.27,138.65,1.37,0,0.05,9.4,0.55,0,0,0,0.06,0,0,0,0,0.01,0,0,0.1,0.01,0.61,3.18,0.02,35.55,13.2,11.09,47.22,2.19,0.47,15.03,19.79,0,3.65,0,97.33,92.09,0,25.99,54.65,15.71,292.42,0,2.33,31.66,0,30.31,14.58
"Sudan",2010,0.100676236798329,770.51,119.08,1.56,0,0.02,10.17,0,0,0,0,0.06,0.08,0.01,0,0,0.06,0.02,0,0.75,0.04,0.42,13.48,0.04,37.82,21.55,10.77,39.18,1.04,0,14.1,12.77,0,2.64,0,86.71,116.7,0,22.98,60.73,17.05,119.29,0,5.13,9.37,0,35.65,11.24
"Sudan",2011,0.118042345734638,658.84,97.26,0.89,0,0.02,31.13,0,0,0,0,0.25,0,0.01,0,0,0.01,0.03,0,0,0.1,0.37,7.83,0.03,8.76,9.65,9.16,29.6,0.93,0.06,6.53,17.82,0,3.08,0,45.38,46.96,0.01,31.79,86.79,14.85,158.94,0,0,20.71,0,8.56,21.33
"Sudan",2012,0.108999070926859,489.67,99.18,2.38,0,0.04,19.55,0,0,0,0,0.22,0,0.01,0,0,0,0.04,0.01,0.06,0,0.41,0.01,0,11.1,10.49,13.28,26.43,0.69,0,6.75,9.59,0,0.81,0,14.9,33.38,0,8.95,32.87,10.83,83.09,0,0,34.77,0,7.54,62.29
"Sudan",2013,0.144811490716964,385.34,76.31,2.45,0,0.03,3.78,0,0,0,0,0.02,0,0.01,0,0,0.02,0.02,2.56,0.03,0,0.2,0.01,0,12.6,13.26,8.72,19.1,0.05,0,6.86,4.46,0,0.76,0,10.83,34,0,1.53,23.25,13.49,108.64,0,0.11,30.68,0,5.22,6.34
"Sudan",2014,0.14168643771893,290.56,52.51,3.2,0,0.02,1.96,0,0,0,0,0.03,0.1,0.01,0,0,0.01,0.02,0.05,0.02,0,0.3,0.91,0,8.37,9.08,4.76,17.5,0.08,0,7.89,8.83,0,1.33,0,5.91,28.88,0,0.03,23.37,14.39,82.54,0,0.01,3.5,0,5.59,9.36
"Sudan",2015,0.134227933093947,444.36,40.82,5.53,0,0.09,0.2,0,0,0,0,0.01,0,0.04,0,0,0,0.04,1.54,0.01,0,0.15,3.96,0,4.45,4.5,3.81,16.83,0.04,0,5.78,13.93,0,0.56,0,3.59,17.23,0,0.01,23.03,15.37,83.61,0,0,82.76,0.57,93.94,21.96
"Sudan",2016,0.150201653154054,287.24,36.82,7.1,0,0.05,4.26,0,0,0,0,0.08,0,0.04,0,0,0,0.03,0.01,0,0,0.24,0.78,0,7.84,0.62,3.78,32,0,0,6.05,9.3,0,0.56,0.03,10.8,14.24,0,0.24,23.94,10.11,92.06,0,0,13.35,0.95,2.54,9.42
"Sudan",2017,0.159555163220985,443.68,23.68,5,0,0.05,0.02,0,0,0,0,0.03,0.03,0.04,0,0,0.01,0.02,1,0,0,0.36,0.24,0,4.38,0.43,4.19,46.86,0.01,0,6.48,21.98,0,0.17,0.01,4.24,13.16,0,0.1,26.19,9.54,81.15,0,0,53.57,1.13,132.63,6.98
"Sudan",2018,0.161974846333519,421.38,30.03,0,0,0,3.99,0,0,0,0,0.05,0,0.09,0,0,0.03,0.08,0,0,0,0.27,0.02,0,3.39,0,5.1,65.25,0.01,0,6.79,11.33,0,0.2,0,14.65,14.12,0.24,2.3,42.03,11.39,134.32,0,0,0,0,46.52,29.18
"Sudan",2019,0.232046500781248,748.74,27.96,0,0,0,3.65,0,0,0,0,0.02,0,0.36,0,0,0.06,0.01,0,0.01,0.04,0.24,0.02,0,1.18,0,7.5,85.5,0,0,6.33,24.99,0,0.19,0,10.34,14.03,0.13,1.09,49.44,13.62,136.36,0,0,36.41,0,313.29,15.97
"Sudan",2020,0.44479442239573,1689.78,16.25,0,0,0,0.03,0,0,0,0,0.25,0.18,0.37,0.01,0.03,0.49,0.02,0,0.04,0,0.21,0,0,9.69,3.7,13.32,192.2,0.04,0,7.29,16.05,0,0.45,0.02,15.12,36.82,0,0.4,73.37,15.36,192.24,0.46,0.02,0,0,1089.98,5.37
"Sudan",2021,0.143249903105526,653.08,48.94,0,0,0,0.19,0,0,0,0,0,0.11,0.52,0,0,0.08,0,0,0.03,0.08,0.35,0.01,0,18.32,0.51,44.25,167.5,0,0,6.39,32.39,0,0,1.22,9.65,27.1,0,16.12,81.54,14.51,129.61,0,0,0.26,0,50.04,3.36
"Sudan",2022,0.119870388325541,1052.595347,26.158732,96.134048,0,0.001584,2.254764,0,0,0,0,1.021276,0,4.218174,0,0.007262,0.409618,0.166048,0,0.104706,0.195158,0.808112,22.601242,0,12.140946,0.538094,68.087852,237.94612,0,0,20.90484,82.855642,0.21956,1.120752,1.978322,9.79606,43.639416,0,23.433374,92.717565,29.296733,79.936145,0,0.018026,0,0,187.635542,6.249634
"Sudan",2023,0.103526767056757,942.220757,54.942426,16.866452,0,0,14.111425,4.297642,0.021484,0,0,0.450514,0.519032,1.618824,0,0.00302,0.509456,0.261312,0,0.139352,1.096454,0.832832,0.013624,0.216262,29.773675,13.433598,56.69172,189.323828,0,0,16.955292,37.500074,0.66778,3.730536,0.131698,9.899182,98.761138,0,10.989874,119.975577,70.993518,118.71091,0.06,0,0,0,52.934388,15.787858
"Sudan",2024,0.12989093733355,1472.83296,42.100232,20.71162,0,0,22.062264,4.756114,0.068368,0,0.510804,0.092996,0.125522,1.587074,0.042536,0.10652,2.295958,0.282642,0,0.176844,0.740398,8.535238,0.447256,0.381062,49.290738,24.99688,55.03571,306.004336,0,1.38498,24.275294,36.568646,0.222304,2.92656,0.140126,28.751904,108.116218,0,14.672122,140.70357,57.510064,341.169774,0,0.001032,0,0,157.246454,18.7928
"Tanzania",1962,0.988630686911933,38.54,0,0,0,0,0,0,0,0,0,0,0,0,0,0,0,0,0,0,0,0.02,0,0,0,0,0,0.14,0,0,0,0,0,0,0,0,0.04,0,0,0.02,0,38.32,0,0,0,0,0,0
"Tanzania",1963,0.791090030554866,27.01,0.01,0,0,0,0,0,0,0,0,0,0,0,0,0,0,0,0,0,0,0.03,0,0,0,0,0,2.79,0,0,0,0,0,0,0,0,0.12,0,0,0.18,0.02,23.86,0,0,0,0,0,0
"Tanzania",1964,0.567338041602549,36.08,0.02,0,0,0,0,0,0,0,0,0,0,0,0,0,0,0,0,0,0,0.12,0,0,0,0,0,9.14,0,0,0,0.02,0,0,0,0,0.13,0,0,1.07,0.01,25.57,0,0,0,0,0,0
"Tanzania",1965,0.554795025597805,25.62,0.02,0,0,0,0.1,0,0,0,0,0,0,0,0,0,0,0,0,0,0,0.06,0,0,0.46,0,0,4.17,0,0,0,0.01,0,0,0,0.33,0.28,0,0,1.62,0.03,18.54,0,0,0,0,0,0
"Tanzania",1966,0.483716760817778,19.72,0.02,0,0,0,0.12,0,0,0,0,0,0,0,0,0,0,0,0,0,0,0.04,0,0,0.73,0,0,6.17,0,0,0,0,0,0,0,0,0.4,0,0,0,0.02,12.22,0,0,0,0,0,0
"Tanzania",1967,0.283821899703866,19.91,0.18,0,0,0,0.09,0,0,0,0,0,0,0,0,0,0,0,0,0,0,0.05,0.01,0,0.76,0,0,3.78,0,0,0,9.01,0,0,0,0,0.39,0,0,2.2,0.06,3.38,0,0,0,0,0,0
"Tanzania",1968,0.20223858305323,20.53,0.87,0,0,0,0.1,0,0,0,0,0,0,0,0,0,0,0,0,0,0,0.01,0.02,0,1.31,0,0,3.66,0,0,0,6.24,0,0,0,0,0.41,0,0,3.28,0.22,4.41,0,0,0,0,0,0
"Tanzania",1969,0.233605263225454,21.62,1.52,0,0,0,0.1,0,0,0,0,0,0,0,0,0,0,0,0,0,0,0.02,0.01,0,2.48,0,0,3.64,0,0,0,0.29,0,0,0,0.1,0.75,0,0,8.3,0.18,4.23,0,0,0,0,0,0
"Tanzania",1970,0.16432133150904,29.62,0.8,0,0,0,0.08,0,0,0,0,0,0,0,0,0,0,0,0,0,0,0.01,0.01,0,3.24,0,0,4.39,0,0,0,6.05,0,0,0,1.33,1.39,0,0,7.04,0.41,4.87,0,0,0,0,0,0
"Tanzania",1971,0.164318077523481,37.38,0.98,0,0,0,0.08,0,0,0,0,0,0,0,0,0,0,0,0,0,0,0.03,0.02,0,4.15,0.95,0,6.3,0,0,0,4.44,0,0,0,1.53,2.91,0,0,10.66,0.17,5.16,0,0,0,0,0,0
"Tanzania",1972,0.207128476776001,43.58,1.11,0,0,0,0.08,0.01,0,0,0,0,0,0,0,0,0,0,0,0,0,0.02,0,0,4.63,2.59,0,6.8,0,0,0,0.1,0,0,0,3.7,3.48,0,0,16.53,0.21,4.32,0,0,0,0,0,0
"Tanzania",1973,0.237304711160285,74.48,2.85,0,0,0,0.15,0,0,0,0,0,0,0,0,0,0,0,0,0,0,0,0.01,0,7.4,3.77,0,9.51,0,0,0,0.37,0,0,0,7.21,6.89,0,0,32.18,0.47,3.67,0,0,0,0,0,0
"Tanzania",1974,0.191517807369893,102.55,3.61,0,0,0,0.79,0.03,0,0,0,0,0,0,0,0,0,0,0,0,0,0,0.04,0,18.17,6.25,0,13.51,0,0,0,0.06,0,0,0,10.78,10.76,0,0,34.7,0.31,3.54,0,0,0,0,0,0
"Tanzania",1975,0.178952065952049,173.05,3.1,0,0,0,2.32,1.14,0,0,0,0,0,0,0,0,0,0,0,0,0,0.03,0.37,0,24.09,12.02,0,29.15,0,0,0.04,0.22,0,0,0,19.01,17.17,0,0,55.07,0.44,8.88,0,0,0,0,0,0
"Tanzania",1976,0.17416100092175,165.49,2.9,0,0,0,0.75,0.4,0,0,0,0,0,0,0,0,0,0,0,0,0,0.08,1.71,0,19.95,12.34,0,21.22,0,0,0.22,0.44,0,0,0,27.56,14.48,0,0,51.75,0.62,10.43,0,0,0.64,0,0,0
"Tanzania",1977,0.161575958492938,229.55,2.71,0,0,0,1.62,0.35,0,0,0,0,0,0,0,0,0,0,0,0,0,0.18,0.22,0,35.37,9.96,0,30.02,0,0,0.1,0.79,0,0,0,45.57,25.67,0,0,57.72,0.68,11.67,0,0,6.92,0,0,0
"Tanzania",1978,0.188296805915244,387.7,10.59,0,0,0,2.77,0.68,0,0,0,0,0,0,0,0,0,0,0,0,0,0.2,4.8,0,38.19,9.87,0,56.3,0,0,0.44,1.08,0,0,0,94.89,30.68,0,0,114.42,2,19.76,0,0,1.03,0,0,0
"Tanzania",1979,0.137515871688165,482.74,23.99,0,0,0,2.21,0.74,0,0,0,0,0,0,0,0,0,0,0,0,0,0.42,5.34,0,71.03,33.77,0,80.52,0,0,0.65,0.95,0,0,0,81.46,35.09,0,0,93.37,3.09,46.53,0,0,1.4,0,2.18,0
"Tanzania",1980,0.173903950612683,626.19,40.17,0,0,0,5.55,1.1,0,0,0,0,0,0,0,0,0,0,0,0,0,2.87,2.46,0,32.17,17.65,7,209,0,0,0.62,1.75,0,0,0,87.27,44.15,0,0,78.12,14.04,74.49,0,0,5.65,0,2.13,0
"Tanzania",1981,0.114651149089452,440.94,38.73,0,0,0,7.32,0.69,0,0,0,0,0,0,0,0,0,0,0,0,0,4.03,7.26,0,32.76,16.01,9.24,54.47,0,0,0.88,10.72,0,0,0,74.35,40.1,0,0,76.46,5.47,55.98,0,0,4.67,0,1.8,0
"Tanzania",1982,0.10895921987866,444.75,49.97,0,0,0,9.61,0.09,0,0,0,0,0,0,0,0,0,0,0,0,0,2.34,1.47,0,39.84,14.81,6.18,58.96,0,0,1.49,15.03,0,0,0,57.52,51.91,0,0,73.84,5.24,41.22,0,0,14.97,0,0.26,0
"Tanzania",1983,0.102568376326249,396.11,30.04,0,0,0,10.49,0.03,0,0,0,0,0,0,0,0,0,0,0,0,0,1.24,4.53,0,40.4,18.77,4.99,36.29,0,0,2.07,19.4,0,0,0,34.99,54.87,0,0,69.25,5.82,43.86,0,0,19.07,0,0,0
"Tanzania",1984,0.0986643855147654,376.4,26.06,0,0,0,6.96,0.06,0,0,0,0,0,0,0,0,0,0,0,0,0,1.19,4.66,0,31.61,21.14,5.57,49.86,0,0,2.23,36.57,0,0,0,40.75,46.42,0,0,55.08,6.12,29.68,0,0,12.44,0,0,0
"Tanzania",1985,0.102301592103763,336.65,28.48,0,0,0,4.06,0.05,0,0,0,0,0,0,0,0,0,0,0,0,0,0.42,3.64,0,40.79,16.62,1.47,32.89,0,0,2.77,35.08,0,0,0,36.92,45.42,0,0,48.98,6.05,23,0,0,10.01,0,0,0
"Tanzania",1986,0.137255533773519,572.15,35,0,0,0,2.98,0.08,0,0,0,0,0,0,0,0,0,0,0,0,0,0.73,3.19,0,137.71,28.92,2,44.99,0,0,2.78,28.96,0,0,0,61.53,71.84,0,0,106.4,19.22,17.45,0,0,8.37,0,0,0
"Tanzania",1987,0.143571294109506,684.35,46.05,0,0,0,1.98,0.12,0,0,0,0,0,0,0,0,0,0,0,0,0,2.7,2.12,0,49.19,34.18,5.16,60.22,0,0,3.05,197.49,0,0,0,74.14,75.42,0,0,76.49,16.96,39.08,0,0,0,0,0,0
"Tanzania",1988,0.104627063816953,742.49,96.7,0,0,0,2.98,0.38,0,0,0,0,0,0,0,0,0,0,0,0,0,1.84,6.8,0,77.81,67.22,2.63,68.08,0,0,3.7,77.72,0,0,0,78.93,79.21,0,0.5,103.64,14.48,59.55,0,0,0,0.32,0,0
"Tanzania",1989,0.0966471225942648,657.52,66,0.02,0,0,4.18,0.13,0,0,0,0,0,0,0,0,0,0,0,0,0,0.99,4.33,0,78.72,55.36,18.3,51.85,0,0,3.41,63.63,0,0,0,71.88,57.62,0,4.61,90.43,23.47,61.71,0,0,0.12,0.76,0,0
"Tanzania",1990,0.113110357340058,797.35,44.25,0,0,0,8.01,0.19,0,0,0,0,0,0,0,0,0,0,0,0,0,3.12,14.26,0,78.55,50.98,4.72,61.35,0,0,3.89,117.12,0,0,0,95.01,103.02,0,6.57,149.57,18.96,30.84,0,0,3.29,3.65,0,0
"Tanzania",1991,0.111219685354991,715.92,61.16,0,0,0,1.66,0.1,0,0,0,0,0,0,0,0,0,0,0,0,0,6.34,12.47,0,89.14,40.58,11.88,74.9,0,0,4.01,37.72,0,0,0,63.68,85.72,0,1.84,143,13.85,65.02,0,0,0,2.85,0,0
"Tanzania",1992,0.097726037472255,820.78,79.65,0.36,0,0,2.29,0.09,0,0,0,0,0,0,0,0,0,0,0,0,0,3.8,19.08,0,94.78,34.91,28.72,68.51,0,0,5.04,116.24,0,0.24,0,50.54,82.09,0,1.57,93.07,29.23,104.99,0,0,2.94,2.64,0,0
"Tanzania",1993,0.146702843379249,888.14,99.9,0.3,0,0,1.65,0.17,0,0,0,0,0,0,0,0,0,0,0,0,0,11.04,21.19,0,80.9,15.74,20.37,72.4,0,0,5.26,273.14,0,0,0,55.12,68.62,0,0.43,91,11.9,40.57,0,0,16.17,2.21,0,0.06
"Tanzania",1994,0.109310265208591,552.31,107.21,0.31,0.03,0,2.03,0.21,0,0,0,0,0,0,0,0,0,0,0,0,0,6.43,9.23,0,76.55,22.53,12.2,64.38,0,0,6.33,10.56,0,0,0,57.81,50.5,0,0.44,51.29,20.03,43.83,0,0,7.16,3.25,0,0
"Tanzania",1995,0.118419595273273,563.16,126.86,0.34,0,0,1.21,0.35,0,0,0,0,0,0,0,0,0,0,0,0,0,8.48,13.33,0,59.62,9.39,22.74,67.27,0,0,8.05,6.28,0,0.06,0,78.58,52.25,0,1.26,45.25,19.04,31.15,0,0,11.65,0,0,0
"Tanzania",1996,0.117400266584861,596.83,109.49,0.5,0,0,1.6,0.24,0,0,0,0,0,0,0,0,0,0,0,0,0,9.22,11.79,0,91.2,9.07,5.92,58.74,0,0,9.69,3.21,0,0.16,0,74.89,54.38,0,3.91,65.18,15.61,67.25,0,0,4.31,0.38,0.09,0
"Tanzania",1997,0.0992021478951734,566.67,65.88,0.5,0,0,1.61,0.48,0,0,0,0,0,0,0,0,0,0,0,0,0,5.58,8.69,0,63.96,10.02,81.52,59.27,0,0,12.48,3.95,0,0,0,52.41,50.94,0,5.1,48.18,24.34,67.75,0,0.12,3.56,0.33,0,0
"Tanzania",1998,0.118877822417201,764.03,102.86,0.47,0,0,0.74,0.58,0,0,0,0,0,0,0,0,0.07,0,0,0,0,8.69,62.5,0,69.74,11.94,9.08,109.9,0.15,0,15.65,3.41,0,0,0,80.25,44.57,0,2.91,59.84,14.01,158.63,0,0.14,5.35,1,1.55,0
"Tanzania",1999,0.101874823089739,590.26,81.02,0.2,0,0,1.03,0.54,0,0,0,0,0,0,0,0,0.04,0,0,0,0,5.98,20.07,0,80.85,10.64,6.45,67.08,0,0,13.04,33.87,0,0.23,0,55.17,49.72,0,1.87,46.21,21.36,88.63,0,0.16,3.17,0.92,2.01,0
"Tanzania",2000,0.166319606025677,767.1,229.82,0.26,0,0,2.04,0.32,0,0,0,0,0,0,0,0,0.04,0,0,0,0,6.08,8.63,0,68.75,12.46,17.14,35.25,0,0,15.87,0.76,0,0,0,97.29,35.17,0,1.15,63.62,12.66,152.72,0,0.12,5.47,0.51,0.97,0
"Tanzania",2001,0.201654973007305,925.54,269.56,0.27,0,0,1.88,0.97,0,0,0,0,0,0,0,0,0.03,0,0,0,0,4.78,17.32,0,67.14,12.92,14.53,50.02,0.01,0,16.42,1.51,0,0.22,0,75.11,34.93,0,2.51,47.27,17.03,287.56,0,0.14,3.09,0.3,0.02,0
"Tanzania",2002,0.10394166786628,832.32,64.74,0.56,0,0,0.96,0.61,0,0,0,0,0,0,0,0,0.03,0,0,0,0,30.69,72.16,0,70.31,12.91,17.92,24.28,0.04,0,24.79,132.25,0,0.47,0,138.29,46.67,0,1.43,61.53,19.34,109.86,0,0.17,2.31,0,0,0
"Tanzania",2003,0.173490360738129,902.04,76.22,0.78,0,0,0.47,1.07,0,0,0,0.01,0,0,0,0,0.04,0,0,0,0,3.95,10.34,0,90.2,13.21,3.88,101.53,0.02,0,26.53,1.34,0,0.14,0,95.75,67.37,0,3.77,66.18,25.59,311.66,0,0.04,1.95,0,0,0
"Tanzania",2004,0.119889389519391,1027.99,157.88,1.24,0,0,1.23,1,0,0,0,0.03,0,0,0,0,0.03,0,0,0,0,3.2,19.21,0,95.5,14.85,122.83,58.32,0.15,0,32.22,5.06,0,0.2,0,117.62,59.6,0,7.46,83.64,25.99,217.65,0,0.08,2.7,0,0.3,0
"Tanzania",2005,0.145329406903464,751.52,36.11,2.37,0,0,0.95,1.19,0,0,0,0.17,0,9.57,0,0,0.06,0,0,0,0,2.4,7.93,0,84.82,17.28,4.96,49.88,0.07,0,35.1,4.72,0,0.17,0,90.23,60.3,0,5.47,91.81,23.61,220.34,0,0.07,1.92,0,0,0.02
"Tanzania",2006,0.136917310517104,836.26,39.39,3.84,0,0.03,1.31,1.62,0,0,0,0.24,0,0,0,0,0.07,0,0,0,0,1.7,16.29,0,95.31,30.67,3.75,49.34,0.04,0,39.22,2.24,0,0.14,0,114.56,75.37,0,3.87,111.66,26.44,218.88,0,0.04,0.16,0,0,0.08
"Tanzania",2007,0.240739267315771,1621.01,721.66,9.42,0,0.01,2.61,1.08,0,0,0,0.03,0,0,0,0,0.8,0,0,0,0,1.5,15.49,0,90.07,36.66,4.9,65,0.67,0,52.09,4.31,0,0.68,0,128.15,114.29,0,8.64,107.76,24.03,230.79,0,0.03,0.29,0,0,0.05
"Tanzania",2008,0.122241542985975,1086.56,70.99,7.15,0,0.01,1.92,1.18,0,0,0,0.05,0,0,0,0,0.33,0,0,0,0,1.68,20.21,0,119.24,42.79,6.67,87.43,0.15,0,65.47,6.03,0,0.5,0,114.86,127.65,0,4.32,125.53,27.73,254.4,0,0.08,0,0,0,0.19
"Tanzania",2009,0.1059217125008,1049.53,120.47,9.19,0,0.05,1.44,1.22,0,0,0,0.05,0,0,0,0,0.53,0,0,0,0,12.96,22.71,0,106.85,55.65,8.69,87.13,0.06,0,55.03,6.73,0,0.61,0,62.62,116.42,0,39.64,97.05,26.97,216.66,0,0.04,0,0,0.26,0.5
"Tanzania",2010,0.11548880886141,1097.57,104.6,21.46,0,0.02,5.97,0.94,0,0,0,0.02,0,0,0,0,0.23,0,0,0,0,0.94,23.71,0,129.45,47.92,22.38,134.48,0.06,0,49.48,5.21,0,0.03,0,59.21,123.94,0,3.21,95.8,19.12,241.95,0,0.05,0,0,6.94,0.45
"Tanzania",2011,0.100332523746021,1090.03,120.06,20.95,0,0.01,13.58,0.72,0,0,0,0.02,0,0,0,0,0.17,0,0.63,0,0,1.52,26.79,0,126.36,54.54,21.03,93.51,0.03,0,49.45,6.72,0,0.02,0,66.82,114.26,0,13.44,125.15,28.94,196.37,0,0.12,0,0,8.51,0.31
"Tanzania",2012,0.11371945318622,1116.38,147.91,50.65,0,0.01,8.82,0.21,0,0,0,0.02,0,0,0,0,0.38,0,0.07,0,0,1.44,23.65,0,111.79,36.12,26.06,109.73,0.03,0,44.77,6.1,0,0.2,0,29.75,95.38,0.07,1.58,116.27,34.93,251.01,0,0.14,0,0,18.81,0.48
"Tanzania",2013,0.151935627316746,1253.09,338.43,56.87,0,0.12,12.1,0.59,0,0,0,0.03,0,0,0,0,0.61,0,3.37,0.02,0,1.54,14.23,0,89.3,45.24,10.25,75.08,0,0,43.56,6.59,0,0.01,0,10.11,103.14,0.07,0.63,126.18,31.37,273.94,0,0.09,1.52,0,6.68,1.42
"Tanzania",2014,0.131740163926684,878.39,113.99,79.84,0,0.08,5.78,0.83,0,0,0,0.02,0,0.01,0,0,0.21,0.01,1.37,0.01,0,2.77,16.96,0,70.77,54.22,22.8,52.12,0,0,33.13,4.96,0,0.07,0.02,0.6,72.04,0.01,1.01,54.19,30.82,245.84,0,0.02,11.01,0,1.16,1.72
"Tanzania",2015,0.163413362741555,929.09,94.84,71.29,0,0.18,5.68,0.75,0,0,0,0.01,0,0.01,0,0,0.46,0.01,1.37,0,0,0.95,12.43,0,46.01,29.04,28.08,93.15,0,0,31.59,4.81,0,0.17,0.05,0,48.46,0.01,0.43,109.24,32.56,313.03,0,0.03,0.13,0,3.97,0.35
"Tanzania",2016,0.147586039839338,921.14,192.65,64.28,0,0.11,2.15,0.43,0,0,0,0,0,0.03,0,0,22.9,0,1.37,0,0,1.65,14.11,0,54.37,22.08,28.62,51.69,0,0,28.08,6.01,0,0.17,0,0.6,45.03,0.01,0.83,94.29,32.6,251.98,0,0.06,0.35,0.27,3.33,1.09
"Tanzania",2017,0.143516015305238,759.42,77.09,39.99,0,0.06,3.5,0.55,0,0,0,0,0,0,0,0,4.43,0,1.37,0,0,2.18,13.65,0,53.85,17.06,32.72,44.16,0,0,22.71,5.94,0,0.2,0,0.35,45.56,0.04,0.66,137.59,32.7,214.79,0,0,1.45,0.46,4.71,1.65
"Tanzania",2018,0.140801135065313,806.72,79.68,0,0,0,3.47,0.79,0,0,0,0.02,0,0.06,0,0,29.62,0.05,0,0.06,0,1.19,13.03,0,58.93,15.85,29.77,42.92,0,0.06,29.34,12.45,0,0.31,0,0.12,53.44,0.04,0.88,138.85,34.12,229.31,0,0.75,29.47,0,0.92,1.22
"Tanzania",2019,0.145387251740243,648.56,58.72,0,0,0,2.52,0.11,0,0,0,0.16,0,0.5,0,0,14.45,0,0,0,0,1.58,13.31,0,50.12,14.48,33.03,39.68,0,0,27.21,10.57,0,0.32,0,0.2,54.88,0.05,0.82,82.05,30.88,200.69,0,0.08,9.69,0,1.11,1.35
"Tanzania",2020,0.115724523410603,580.23,53.21,0,0,0,2.01,0.19,0,0,0,0.09,0,0.51,0,0,9.98,0.39,0,0.17,0,1.4,13.25,0,48.64,16.72,17.91,55.11,0,0,27.2,9.14,0,0.54,0,0.33,60.08,0.03,1.28,80.66,32.09,133.08,0,0.11,12.52,0,1.95,1.64
"Tanzania",2021,0.102687567642349,531.15,41.74,0,0,0,2.41,0.11,0,0,0,0,0,0.59,0,0,3.03,0,0,0,0,1.25,14.82,0,51.03,20.74,42.72,62.39,0,0.01,29.8,7.88,1.15,0.45,0.01,0.31,45.8,0.03,1.55,83.48,33.73,84.14,0,0.16,0,0,0.67,1.15
"Tanzania",2022,0.116120366561225,1168.506568,54.598752,124.205191,0,0.02493,2.449583,0.02102,0,0,0,2.151854,0,2.009064,0,1.21954,9.787425,0.008972,0,0.142886,0.356092,3.044996,21.674986,0,67.569101,37.415271,300.805918,76.914378,0,0.026468,56.201464,23.12817,2.915686,0.960672,0.000912,0.619734,76.016,0.074594,3.216902,120.915932,70.168875,89.071976,0,0.053358,13.785035,0,4.603869,2.346962
"Tanzania",2023,0.118403043277229,1009.372968,43.692057,78.346646,0,0,4.932791,0.006604,0.080058,0,0,0,0.224914,1.245816,0,0.000794,2.210961,0.012622,0,0,0.101644,6.00831,19.266494,0,30.416824,29.21081,249.280259,108.503916,0,0.023134,53.8783,14.147248,3.067952,0.813014,0.002536,0.626856,102.287654,0,3.244816,112.073282,69.438683,74.049691,0,0.065134,0.360888,0,0,1.75226
"Tanzania",2024,0.110626113455391,1007.052749,38.912008,124.423253,0,0.04409,4.458603,0.047066,0.057926,0,0,0,0.334728,1.023182,0,0,3.805656,0.010466,0,0.008406,0,16.646026,19.902174,0,7.339649,23.760324,211.471149,98.311642,0,0.145422,55.14419,12.079548,3.771582,1.098922,0.003644,0,108.674968,0,1.984554,97.568576,68.909057,100.920043,0,0.116416,2.029243,0,0.866282,3.183954
"Togo",1960,1,0.01,0,0,0,0,0,0,0,0,0,0,0,0,0,0,0,0,0,0,0,0,0,0,0,0,0,0.01,0,0,0,0,0,0,0,0,0,0,0,0,0,0,0,0,0,0,0,0
"Togo",1961,1,1.36,0,0,0,0,0,0,0,0,0,0,0,0,0,0,0,0,0,0,0,0,0,0,0,0,0,1.36,0,0,0,0,0,0,0,0,0,0,0,0,0,0,0,0,0,0,0,0
"Togo",1962,1,0.46,0,0,0,0,0,0,0,0,0,0,0,0,0,0,0,0,0,0,0,0,0,0,0,0,0,0.46,0,0,0,0,0,0,0,0,0,0,0,0,0,0,0,0,0,0,0,0
"Togo",1963,0.972794292508918,1.45,0,0,0,0,0,0,0,0,0,0,0,0,0,0,0,0,0,0,0,0,0,0,0,0,0,1.43,0,0,0,0,0,0,0,0,0,0,0,0,0.02,0,0,0,0,0,0,0
"Togo",1964,0.497357539258766,11.95,0,0,0,0,0,0,0,0,0,0,0,0,0,0,0,0,0,0,0,0,0,0,0,0,5.4,6.47,0,0,0,0.01,0,0,0,0,0,0,0,0,0.05,0.02,0,0,0,0,0,0
"Togo",1965,0.515666270676983,9.37,0,0,0,0,0,0,0,0,0,0,0,0,0,0,0,0,0,0,0,0,0,0,0,0,5.6,3.73,0,0,0,0,0,0,0,0,0,0,0,0,0.03,0.01,0,0,0,0,0,0
"Togo",1966,0.494496645915397,10.77,0,0,0,0,0,0,0,0,0,0,0,0,0,0,0,0,0,0,0,0,0,0,0,0,5.4,5.31,0,0,0,0,0,0,0,0,0,0,0,0,0.04,0.02,0,0,0,0,0,0
"Togo",1967,0.493947927522466,10.09,0,0,0,0,0,0,0,0,0,0,0,0,0,0,0,0,0,0,0,0,0.02,0,0,0,4.7,5.31,0,0,0,0.01,0,0,0,0,0,0,0,0,0.02,0.03,0,0,0,0,0,0
"Togo",1968,0.54445178908853,7.74,0,0,0,0,0,0,0,0,0,0,0,0,0,0,0,0,0,0,0,0,0.01,0,0,0,5.1,2.57,0,0,0,0.01,0,0,0,0,0,0,0,0,0.01,0.04,0,0,0,0,0,0
"Togo",1969,0.531065301864373,10.17,0,0,0,0,0,0,0,0,0,0,0,0,0,0,0,0,0,0,0,0,0.03,0,0,0,6.5,3.56,0,0,0,0.01,0,0,0,0,0,0,0,0,0.02,0.05,0,0,0,0,0,0
"Togo",1970,0.562576777336602,9.51,0,0,0,0,0,0,0,0,0,0,0,0,0,0,0,0,0,0,0,0,0.02,0,0,0,2.8,6.56,0,0,0,0.01,0,0,0,0.05,0,0,0,0,0.02,0.05,0,0,0,0,0,0
"Togo",1971,0.484791853418911,8.35,0,0,0,0,0,0,0,0,0,0,0,0,0,0,0,0,0,0,0,0,0.06,0,0,0,4.7,3.42,0,0,0,0,0,0,0,0.06,0,0,0,0,0.03,0.08,0,0,0,0,0,0
"Togo",1972,0.63073714931832,16.44,0.01,0,0,0,0,0,0,0,0,0,0,0,0,0,0,0,0,0,0,0.04,0.08,0,0,0,12.58,3.49,0,0,0,0,0,0,0,0.06,0,0,0,0,0.03,0.15,0,0,0,0,0,0
"Togo",1973,0.501845623482922,15.58,0,0,0,0,0,0,0,0,0,0,0,0,0,0,0,0,0,0,0,0,0.1,0,0,0,9.6,5.44,0,0,0,0.11,0,0,0,0.1,0,0,0,0,0.07,0.16,0,0,0,0,0,0
"Togo",1974,0.45239257135361,23.1,0.04,0,0,0,0,0,0,0,0,0,0,0,0,0,0,0,0,0,0,0.02,0.11,0,0,0,10.1,11.79,0,0,0,0.12,0,0,0,0.12,0,0,0,0,0.09,0.15,0,0,0,0.56,0,0
"Togo",1975,0.416819972398907,24.03,0,0,0,0,0,0,0,0,0,0,0,0,0,0,0,0,0,0,0,0,0.13,0,0,0,11.98,9.65,0,0,0,0.04,0,0,0,0.07,0,0,0,0,0.01,0.15,0,0,0,2,0,0
"Togo",1976,0.46712463401606,20.89,0.11,0,0,0,0,0,0,0,0,0,0,0,0,0,0,0,0,0,0,0,0.17,0,0,0,12.73,6.37,0,0,0,0.24,0,0,0,0.11,0,0,0,0,0.04,0.07,0,0,0,1.05,0,0
"Togo",1977,0.475335438387033,39.33,0.14,0,0,0,0,0,0,0,0,0,0,0,0,0,0,0,0,0,0,0,0.45,0,0.79,0,14.1,23.14,0,0,0,0.08,0,0,0,0.35,0.12,0,0,0,0.09,0.07,0,0,0,0,0,0
"Togo",1978,0.492254551703667,63.25,0.19,0,0,0,0,0,0,0,0,0,0,0,0,0,0,0,0,0,0,1.08,0.27,0,1.61,0,17.88,40.55,0,0,0,0.02,0,0,0,1.15,0.18,0,0,0,0.27,0.05,0,0,0,0,0,0
"Togo",1979,0.377675847664355,58.96,0.01,0,0,0,0,0,0,0,0,0,0,0,0,0,0,0,0,0,0,0.04,0.4,0,8.86,0,18.63,29.77,0,0,0,0.08,0,0,0,0.94,0,0,0,0,0.12,0.11,0,0,0,0,0,0
"Togo",1980,0.355343191520711,54.69,1.34,0,0,0,0,0,0,0,0,0,0,0,0,0,0,0,0,0,0,0.03,0.39,0,7.1,0.01,22.9,22.04,0,0,0,0.01,0,0,0,0.49,0,0,0,0,0.16,0.18,0,0,0,0.04,0,0
"Togo",1981,0.437421412071867,34.39,1.17,0,0,0,0,0,0,0,0,0,0,0,0,0,0,0,0,0,0,0.01,0.25,0,0,0,18.81,12.71,0,0,0,0.08,0,0,0,0.51,0,0,0,0.07,0.17,0.15,0,0,0,0.46,0,0
"Togo",1982,0.375314119885149,49.06,0.92,0,0,0,0,0,0,0,0,0,0,0,0,0,0,0,0,0,0,0.02,0.47,0,0.06,0,21.23,20.89,0,0,0,0.18,0,0,0,0.72,0.19,0,0,0.1,0.33,0.12,0,0,0.03,3.8,0,0
"Togo",1983,0.3984713529648,55.93,2.21,0,0,0,0,0,0,0,0,0,0,0,0,0,0,0,0,0,0,0.03,0.15,0,0.02,0,23.94,25.7,0,0,0,0.14,0,0,0,0.5,0.19,0,0,0,0.17,0.1,0,0,0.02,2.76,0,0
"Togo",1984,0.419880561509143,53.57,2.63,0,0,0,0,0,0,0,0,0,0,0,0,0,0,0,0,0,0,0.01,0.29,0,0.03,0,30.32,16.55,0,0,0,0.39,0,0,0,0.72,0.16,0,0,0,0.33,0.13,0,0,0.03,1.98,0,0
"Togo",1985,0.505578109431763,162.18,1.73,0,0,0,0,0,0,0,0,0,0,0,0,0,0,0,0,0,0,0.02,0.37,0,10.03,0,28,111.07,0,0,0,0.38,0,0,0,0.77,0.19,0,0,0,0.26,0.15,0,0,8.5,0.71,0,0
"Togo",1986,0.237655188219665,89.66,19.21,0,0,0,0,0,0,0,0,0,0,0,0,0,0,0,0,0,0,0.03,2.74,0,0.85,0,33.17,18.2,0,0,0,3.06,0,0,0,0.92,1.43,0,0,0,0.38,0.21,0,0,9.45,0.01,0,0
"Togo",1987,0.307900559315575,79.68,3.76,0,0,0,0,0,0,0,0,0,0,0,0,0,0,0,0,0,0,0.02,1.19,0,5.75,0,32.34,29,0,0,0,2.33,0,0,0,0.91,0.15,0,0,0,0.45,0.2,0,0,3.58,0,0,0
"Togo",1988,0.473845604414146,126.51,9.68,0,0,0,0,0,0,0,0,0,0,0,0,0,0,0,0,0,0,0.03,0.65,0,4.77,0,82.16,26.75,0,0,0,0.47,0,0,0,0.54,0,0,0,0,0.41,0.5,0,0,0.33,0.22,0,0
"Togo",1989,0.356082614832069,98.99,15.59,0,0,0,0,0,0,0,0,0,0,0,0,0,0,0,0,0,0,0.03,0.48,0,1.26,0,48.05,30.55,0,0,0,0.07,0,0,0,0.58,0.1,0,0,0,1.24,0.46,0,0,0.19,0.39,0,0
"Togo",1990,0.479618672060314,150.26,9.33,0,0,0,0.03,0,0,0,0,0,0,0,0,0,0,0,0,0,0,0.24,1.86,0,1.24,0.01,96.94,36.55,0,0,0,1.02,0,0.02,0,1.23,0,0,0.01,0.03,0.38,0.56,0,0,0.13,0.68,0,0
"Togo",1991,0.467554791432095,120.49,8.8,0,0,0,0,0,0,0,0,0,0,0,0,0,0,0,0,0,0,0.35,1.48,0,0.33,0,77.82,25.36,0,0,0,0.5,0,0.06,0,1.15,0,0,0,2.41,0.54,1.02,0,0,0.36,0.31,0,0
"Togo",1992,0.380000918881355,131.75,1.91,0.07,0,0,0,0,0,0,0,0,0,0,0,0,0,0,0,0,0,0.47,3.97,0,0.36,0,64.5,48.56,0,0,0,2.29,0,0.04,0,1.45,0,0,0,0,7.07,0.75,0,0,0,0.31,0,0
"Togo",1993,0.501051638552593,73.85,3.48,0.07,0,0,0,0,0,0,0,0,0,0,0,0,0,0,0,0,0,0.67,0.88,0,0,0,49.38,16.71,0,0,0,0,0,0.12,0,1.1,0,0,0.09,0.32,0.27,0.51,0,0,0.11,0.14,0,0
"Togo",1994,0.557557176275049,74.53,1.74,0.06,0,0,0,0,0,0,0,0,0,0,0,0,0,0,0,0,0,0.63,0.84,0,0,0,53.79,14.03,0,0,0,0,0,0.15,0,0.8,0.03,0,0.04,1.08,0.34,0.88,0,0,0,0.12,0,0
"Togo",1995,0.437687525274895,128.79,0.68,0.08,0,0,0,0,0,0,0,0,0,0,0,0,0,0,0,0,0,1.01,16.16,0,0,0,82.09,12.81,0,0,0,0.57,0,0.08,0,1.1,0.06,0,7.7,0.19,0.22,5.78,0,0,0.09,0.17,0,0
"Togo",1996,0.303460371429219,108.09,27.24,0.05,0,0,0,0,0,0,0,0,0,0,0,0,0,0,0,0,0,0.91,1.01,0,2.81,0,48.74,20.11,0,0,0,3.1,0,0.2,0,0.66,0,0,0.52,1.52,0.23,0.99,0,0,0,0,0,0
"Togo",1997,0.378122686608691,87.52,28.53,0.05,0,0,0,0,0,0,0,0,0,0,0,0,0,0,0,0,0,0.8,1.36,0,0,0.1,44.75,8.68,0,0,0,0,0,0.06,0,0.4,0,0,0.64,0.11,0.51,0.56,0,0.08,0.89,0,0,0
"Togo",1998,0.339404682278899,79.54,11.93,0,0,0,0.06,0,0,0,0,0,0,0,0,0,0,0,0,0,0,0.81,4.75,0,0,0.05,42.75,11.77,0,0,0,0,0,0.06,0,0.17,0,0,1.43,0.07,0.57,1.98,0,0.08,3.05,0.01,0,0
"Togo",1999,0.344374200243438,57.28,9.39,0,0,0,0,0,0,0,0,0,0,0,0,0,0,0,0,0,0,0.74,1.46,0,0,0,30.4,10.12,0,0,0,0.01,0,0.07,0,0.02,0.01,0,0.15,0.29,0.42,0.57,0,0.08,3.44,0.11,0,0
"Togo",2000,0.42893346701615,61.02,8.5,0.03,0,0,0,0,0,0,0,0,0,0,0,0,0,0,0,0,0,0.78,1.02,0,0,0,37.99,8.68,0,0,0,0.01,0,0,0,0.02,0.06,0,0.32,0.58,0.65,0.43,0,0.06,1.89,0,0,0
"Togo",2001,0.375498756124622,46.81,2.87,0.02,0,0,0,0,0,0,0,0,0,0,0,0,0,0,0,0,0,0.7,1.16,0,0,0,27.24,7.34,0,0,0,0.08,0,0,0,1.03,0.04,0,1.17,0.27,0.51,0.52,0,0.1,3.71,0.05,0,0
"Togo",2002,0.426756365740741,43.2,0.34,0.16,0,0,0,0,0,0,0,0.01,0,0,0,0,0,0,0,0,0,0.62,1.36,0,0.13,0,26.79,8.05,0,0,0.06,0.01,0,0.06,0,0.51,0.22,0,0.31,0.09,0.66,0.48,0,0.11,3.23,0,0,0
"Togo",2003,0.421332379396362,48.98,0.34,0,0,0,0,0,0,0,0,0.01,0,0,0,0,0,0,0,0,0,0.59,1.12,0,0.32,0,29.38,11.81,0,0,0,0,0,0.27,0,1.48,0.27,0,0.24,0.15,0.74,0.42,0,0.06,1.78,0,0,0
"Togo",2004,0.44436753651269,49.64,2.47,0.09,0,0,0,0,0,0,0,0.01,0,0,0,0,0,0,0,0,0,0.7,0.95,0,0.35,0,31.47,9.7,0,0,0,0.19,0,0.25,0,1.19,0.25,0,0.74,0.15,0.82,0.29,0,0.02,0,0,0,0
"Togo",2005,0.377948421271695,57.98,1.86,0.11,0,0,0,0,0,0,0,0,0,0,0,0,0,0,0,0,0,0.61,1.13,0,0.53,0.29,34.06,8.35,0,0,0,0.01,0,0.85,0,5.32,0.96,0,2.01,0.36,0.64,0.85,0,0.04,0,0,0,0
"Togo",2006,0.472421170264366,56.34,1.48,0.12,0,0,0,0,0,0,0,0,0,0,0,0.01,0.01,0,0,0,0,0.66,1.86,0,0.67,0.38,37.72,8.02,0,0,0.22,0.15,0,0.7,0,0,0.07,0,1.75,0.66,1.09,0.7,0,0.05,0,0,0,0.02
"Togo",2007,0.433941976101572,60.94,1.5,0.44,0,0,0,0,0,0,0,0,0,0,0,0,0.01,0,0,0,0,0.8,1.58,0,0.92,0.12,38.13,12.08,0.11,0,0.28,0.73,0,0.44,0,0,0.03,0,1.61,0.83,1.04,0.28,0,0.01,0,0,0,0
"Togo",2008,0.578330162587082,175.77,0.92,0.06,0,0,0,0,0,0,0,0.01,0,0,0,0,0.04,0,0,0,0,0.89,2.58,0,0.69,0.16,132.35,8.44,0.02,0,0.53,1.31,0,0.59,0,13.2,0.05,0,3.45,0.75,0.64,9.03,0,0.05,0,0,0,0.01
"Togo",2009,0.253799731606839,362.6,36.06,0.06,0,0,0,0,0,0,0,0,0,0,0,0,0.01,0,0,0,0,14.58,62.4,0,1.25,0.2,44.58,24.03,0.01,0.12,0.14,3.04,0,0.73,0,0.88,0.08,0,3.8,0.38,158.94,10.41,0,0.05,0,0,0.85,0
"Togo",2010,0.564706424546287,231.14,8.24,0.1,0,0,0.09,0,0,0,0,0,0,0,0,0,0,0,0,0,0,0.72,5.03,0,1.27,0.41,171.89,8.84,0.03,0,0,11.53,0,0.85,0,17.62,0.09,0,1.59,0.34,1.71,0.03,0,0.05,0,0,0.21,0.5
"Togo",2011,0.175254628969353,447.12,129.7,0.2,0,0,0.74,0,0,0,0,0,0,0,0,0,0,0.01,0,0,0,31.5,88.01,0,0.99,0.32,40.72,33.73,0.02,0,0.13,0.94,0,0.9,0,0,0.26,0,26.5,14.23,75.95,1.91,0,0.02,0,0,0.28,0.06
"Togo",2012,0.29081215869795,112.57,15.63,0.13,0,0,0.44,0,0,0,0,0,0,0,0,0,0,0,0.01,0,0,0.16,0.72,0,0.99,0.23,26.21,8.33,0.01,0,0,0.47,0,0.65,0,0,0.23,0,51.66,0.69,2.5,0.05,0,0.17,2.44,0,0.75,0.1
"Togo",2013,0.239737787145355,86.08,23.75,0.09,0,0,2.4,0,0,0,0,0,0,0,0,0,0,0.02,0,0,0,0.11,0.74,0,0.35,0.34,28.78,18.49,0.01,0.1,0,0.52,0,0.5,0,0,0.27,0.01,0.42,0.71,2.56,0,0,0.04,5.25,0,0.24,0.38
"Togo",2014,0.313292731285841,85.09,10.17,0.33,0,0,0.12,0,0,0,0,0,0,0,0,0,0,0,0,0,0,0.07,0.79,0,0,0.29,36.37,28.79,0.02,0,0,1.1,0,1.05,0.01,0,0.17,0,0.75,1.3,2.74,0,0,0.06,0.42,0,0.24,0.3
"Togo",2015,0.246881020131451,98.56,4.24,0.5,0,0.02,0.19,0,0,0,0,0,0,0,0,0,0,0,0,0,0,0.07,10.59,0,0,0.31,31.74,34.21,0.01,0.01,0,2.1,0,1.1,0,0,0.64,0,0.22,1.28,2.09,0.05,0.01,0.01,8.82,0,0.26,0.09
"Togo",2016,0.297798072158912,59.6,3.34,0.19,0,0.12,0.16,0,0,0,0,0,0,0,0,0,0,0.01,0,0,0,0.09,0.7,0,0,0.29,25.37,19.71,0,0,0.01,1.59,0,0.95,0,0,0.14,0,0.63,1.48,2.14,0,0,0.07,1.68,0,0.55,0.38
"Togo",2017,0.254758122514683,78.29,16.66,0.22,0,0.09,0.17,0,0,0,0,0,0,0,0,0,0.02,0.02,0,0,0,0.1,0.88,0,0,0.32,24.48,25.86,0,0,0,1.11,0,0.89,0,0,0.32,0.01,0.18,1.17,1.7,0,0,0,2.76,0,0.53,0.8
"Togo",2018,0.23204501823577,117.36,27.47,0,0,0,0.1,0,0,0,0,0,0,0,0,0,0,0.01,0,0,0,0.1,0.79,0,0,0.04,34.28,32.67,0,0.02,0,1.21,0,0.99,0,0,0.29,0.03,0.57,1.55,1.71,0,0,1.03,13.73,0,0.77,0
"Togo",2019,0.273080434198918,89.9,18.2,0,0,0,0.03,0,0,0,0,0,0,0,0,0,0,0.01,0,0,0,0.1,0.68,0,0,0,26.83,33.77,0,0.13,0,2.29,0,1.13,0,0,0.4,0.06,1.83,0.85,1.65,0.01,0,0.04,1.13,0,0.4,0.36
"Togo",2020,0.302171446640119,104.98,5.64,0,0,0,0,0,0,0,0,0,0,0,0,0,0.01,0.01,0,0,0,0.07,0.75,0,0.42,0,34.02,44.86,0,0.13,0.02,2.61,0,0.92,0,0,0.67,0,0.64,0.94,1.94,0,0.21,0.08,0,0,10.7,0.34
"Togo",2021,0.318474015745994,144.71,4.04,0,0,0,0,0,0,0,0,0,0,8.02,0,0,0.01,0.02,0,0,0,0.03,0.71,0,0.41,0,44.25,67.55,0,0.03,0.02,1.97,0,1.52,0,0,0.56,0,1.16,2.4,1.67,0,0,0.04,4.32,0,5.62,0.36
"Togo",2022,0.386939623532798,252.129703,10.493258,0.078786,0,0.038902,0,0,0,0,0,0,0,0,0,0,0.007108,0.047032,0,0,0,0.05879,0.94187,0,1.731996,0,124.761306,94.066862,0,0,0.033278,2.131514,0,2.215032,0,0,0.7074,0,1.841672,4.175808,2.941946,0.03201,0,0.038582,0,0,5.478607,0.307944
"Togo",2023,0.345592837660977,297.020875,30.007048,1.17931,0,0,1.630234,0,0,0,0,0,0,0,0,0,0.006474,0.026978,0,0,0,0.137528,1.975222,0,1.189564,0,130.245417,112.046502,0,0.108076,0,2.799138,0,3.35807,0.02022,0,0.43954,0,0.760896,4.957521,3.57703,0.007458,0,0,0.501054,0,1.721477,0.326118
"Togo",2024,0.374287443279926,360.983663,28.213288,2.93403,0,0.015748,0.079201,0,3.094636,0,0,0,0,0.000652,0,0,0.012322,0.0731,0,0,0,0.108098,1.26415,0,0.662566,0,186.164635,114.796906,0,0.045014,0,2.722388,0,9.15074,0,0.041086,0.54248,0,1.305338,3.378128,3.671492,0.245176,0.005816,0,0.458192,0,1.690079,0.308402
"Tunisia",1956,NA,0,0,0,0,0,0,0,0,0,0,0,0,0,0,0,0,0,0,0,0,0,0,0,0,0,0,0,0,0,0,0,0,0,0,0,0,0,0,0,0,0,0,0,0,0,0,0
"Tunisia",1957,NA,0,0,0,0,0,0,0,0,0,0,0,0,0,0,0,0,0,0,0,0,0,0,0,0,0,0,0,0,0,0,0,0,0,0,0,0,0,0,0,0,0,0,0,0,0,0,0
"Tunisia",1958,NA,0,0,0,0,0,0,0,0,0,0,0,0,0,0,0,0,0,0,0,0,0,0,0,0,0,0,0,0,0,0,0,0,0,0,0,0,0,0,0,0,0,0,0,0,0,0,0
"Tunisia",1959,NA,0,0,0,0,0,0,0,0,0,0,0,0,0,0,0,0,0,0,0,0,0,0,0,0,0,0,0,0,0,0,0,0,0,0,0,0,0,0,0,0,0,0,0,0,0,0,0
"Tunisia",1960,0.82,0.2,0,0,0,0,0,0,0,0,0,0,0,0,0,0,0,0,0,0,0,0,0,0,0,0,0,0.18,0,0,0,0.02,0,0,0,0,0,0,0,0,0,0,0,0,0,0,0,0
"Tunisia",1961,0.990799938643082,15.17,0,0,0,0,0,0,0,0,0,0,0,0,0,0,0,0,0,0,0,0,0,0,0,0,15.1,0.03,0,0,0,0.02,0,0,0,0,0,0,0,0,0.02,0,0,0,0,0,0,0
"Tunisia",1962,0.907170852083031,16.6,0,0,0,0,0,0,0,0,0,0,0,0,0,0,0,0,0,0,0,0,0,0,0,0,15.8,0.5,0,0,0,0.3,0,0,0,0,0,0,0,0,0,0,0,0,0,0,0,0
"Tunisia",1963,0.539433723081564,43.85,0,0,0,0,0,0,0,0,0,0,0,0,0,0,0,0,0,0,0,0.08,0,0,0,0,28.7,0.24,0,0,0,14.61,0,0,0,0,0,0,0,0.16,0.06,0,0,0,0,0,0,0
"Tunisia",1964,0.709138186643384,24.05,0,0,0,0,0,0,0,0,0,0,0,0,0,0,0,0,0,0,0,0,0,0,0,0,20.1,1.79,0,0,0,0.15,0,0,0,0,0.04,0,0,1.69,0.27,0.01,0,0,0,0,0,0
"Tunisia",1965,0.430074268504225,36.69,0,0,0,0,0,0,0,0,0,0,0,0,0,0,0,0,0,0,0,2.13,0.07,0,0.19,0,22.1,8.99,0,0,0,2.11,0,0,0,0.04,0.02,0,0,0.81,0.15,0.08,0,0,0,0,0,0
"Tunisia",1966,0.335910682280138,43.14,0,0,0,0,0,0,0,0,0,0,0,0,0,0,0,0,0,0,0,2.28,0.82,0,0.52,0,16.5,4.53,0,0,0,0.08,0,0,0,0,0.04,0,0,0,0.25,0.06,0,0,0,18.06,0,0
"Tunisia",1967,0.329770689248556,42.7,0,0,0,0,0,0,0,0,0,0,0,0,0,0,0,0,0,0,0,1.77,1.13,0,0.39,0,11.1,6.07,0,0,0,20.87,0,0,0,0.13,0.02,0,0,1.02,0.19,0.01,0,0,0,0,0,0
"Tunisia",1968,0.396610443181985,26.1,0,0,0,0,0,0,0,0,0,0,0,0,0,0,0,0,0,0,0,0,1.19,0,0.29,0,13.7,8.89,0,0,0,0.42,0,0,0,0.05,0.01,0,0,1.31,0.24,0,0,0,0,0,0,0
"Tunisia",1969,0.294646291888856,52.7,0,0,0,0,0,0,0,0,0,0,0,0,0,0,0,0,0,0,0,3.53,2.64,0,1.03,0,22.4,16.78,0,0,0,2.51,0,0,0,0.71,0.06,0,0,2.76,0.27,0.01,0,0,0,0,0,0
"Tunisia",1970,0.309676279915732,54.48,0,0,0,0,0,0,0,0,0,0,0,0,0,0,0,0,0,0,0,0.05,3.17,0,1.5,0,26.5,13.38,0,0,0,2.67,0,0,0,1.32,0.29,0,0,3.87,0.34,0.17,0,0,1.22,0,0,0
"Tunisia",1971,0.299879506071199,53.92,0,0,0,0,0,0,0,0,0,0,0,0,0,0,0,0,0,0,0,0.3,3.41,0,1.15,0.1,24,16.23,0,0,0,3.11,0,0,0,1.3,0.03,0,0,2.31,0.32,0.05,0,0,1.61,0,0,0
"Tunisia",1972,0.32806909254825,66.11,0,0,0,0,0,0,0,0,0,0,0,0,0,0,0,0,0,0,0,0.36,3.8,0,0.27,0.11,30.71,21.1,0,0,0,0.33,0,0,0,2.32,0.06,0,0,4.72,0.26,0.37,0,0,1.7,0,0,0
"Tunisia",1973,0.258086606324778,101.66,0,0,0,0,0,0,0,0,0,0,0,0,0,0,0,0,0,0,0,0.48,6.68,0,1.1,0.1,42.66,19.79,0,0,0,17.92,0,0,0,2.04,0.02,0,0,9.11,0.4,0.29,0,0,1.07,0,0,0
"Tunisia",1974,0.220989542448407,111.42,0.01,0,0,0,0,0,0,0,0,0,0,0,0,0,0,0,0,0,0,2.17,8.19,0,0.27,0.03,40.85,26.33,0,0,0,11.63,0,0,0,1.82,0,0,0,11.9,0.3,0.29,0,0,1.12,1.41,5.1,0
"Tunisia",1975,0.164116187103004,154.14,0.1,0,0,0,0,0,0,0,0,0,0,0,0,0,0,0,0,0,0,0.72,7.96,0,0.16,0.03,43.23,29.34,0,0,0,7.27,0,0,0,5.38,0,0,0,13.46,0.4,0.19,0,0,5.66,19.47,20.77,0
"Tunisia",1976,0.197687462453275,169.6,0.27,0,0,0,0,0,0,0,0,0,0,0,0,0,0,0,0,0,0,0.17,9.57,0,0.49,0.04,57.07,38.59,0,0,0,20.58,0,0,0,5.22,4.65,0,0,11.71,0.38,0.53,0,0,14.14,0,6.19,0
"Tunisia",1977,0.221477817740723,197.34,0.84,0,0,0,0,0,0,0,0,0,0,0,0,0,0,0,0,0,0,0.25,10.26,0,0.4,0,57,64.95,0,0,0,6.3,0,0,0,7.52,0,0,0,14.46,0.36,0.37,0,0,8.05,0.49,26.09,0
"Tunisia",1978,0.200376169792359,263.08,16.55,0,0,0,0,0,0,0,0,0,0,0,0,0,0,0,0,0,0,70.9,12.06,0,0.13,0,69.57,56.85,0,0,0,0.68,0,0,0,8.49,0,0,0,7.36,0.33,0.47,0,0,14.47,2.86,2.36,0
"Tunisia",1979,0.194938235617536,205.78,7.37,0,0,0,0,0,0,0,0,0,0,0,0,0,0,0,0,0,0,2.01,15.8,0,1.3,0,65.68,49.67,0,0,0,0.44,0,0,0,10.39,0,0,0,7.63,0.76,0.17,0,0,19.21,25.06,0.29,0
"Tunisia",1980,0.222538793396207,222.19,5.46,0,0,0,0,0,0,0,0,0,0,0,0,0,0,0,0,0,0,0.52,16.68,0,0.18,0,86.9,35.85,0,0,0,1.43,0,0,0,8.8,0,0,0,6.76,0.85,0.16,0,0,30.36,28.17,0.07,0
"Tunisia",1981,0.187666939010922,229.09,22.29,0,0,0,0,0,0,0,0,0,0,0,0,0,0,0,0,0,0,11.67,7.96,0,0.03,0.01,57.09,64.79,0,0,0,1.46,0,0,0,4.48,0,0,0,2.27,1.83,0.17,0,0,18.85,36.19,0,0
"Tunisia",1982,0.242602483054875,198.78,10.38,0,0,0,0.03,0,0,0,0,0,0,0,0,0,0,0,0,0,0,0.26,5.65,0,0.13,0,58.75,67.02,0,0,0,5.47,0,0,0,3.2,0,0,0,1.2,1.42,1.27,0,0,6.35,37.65,0,0
"Tunisia",1983,0.186207038587743,183.7,13.89,0,0,0,0.03,0,0,0,0,0,0,0,0,0,0,0,0,0,0,8.54,7.67,0,0.03,0,44.01,57.7,0,0,0,13.66,0,0,0,3.12,0,0,0,2.12,1.45,0.18,0,0,15.56,15.74,0,0
"Tunisia",1984,0.201130621163002,164.92,19.9,0,0,0,0,0,0,0,0,0,0,0,0,0,0,0,0,0,0,0.4,3.07,0,0,0,56.28,36.25,0,0,0,10.91,0,0,0,7.51,0.01,0,0,1.59,0.55,2.89,0,0,19.44,3.31,2.81,0
"Tunisia",1985,0.195141554006238,158.56,11.42,0,0,0,0.06,0,0,0,0,0,0,0,0,0,0,0,0,0,0,2.69,3.95,0,0,0.83,55.12,27.99,0,0,0,24.8,0,0,0,4.71,0,0,0,0.55,0.29,1.79,0,0,15.92,4.78,3.66,0
"Tunisia",1986,0.183514867055696,200.76,7.88,0,0,0,0,0,0,0,0,0,0,0,0,0,0,0,0,0,0,0.85,5.27,0,0,0.01,64.8,29.1,0,0,0,38.54,0,0,0,10,0,0,0,4.42,0.19,0.71,0,0,22.19,11.65,5.15,0
"Tunisia",1987,0.202325576225314,277.91,5.67,0,0,0,0,0,0,0,0,0,0,0,0,0,0,0,0,0,0,0.9,3.12,0,0,0,66.01,44.93,0,0,0,89.35,0,0,0,7.13,0,0,2.2,0.54,3.3,1.22,0,0,25.12,21.99,6.43,0
"Tunisia",1988,0.187685600624873,278.94,41.97,0,0,0,0,0,0,0,0,0,0,0,0,0,0,0,0,0,0,0.79,3.01,0,0,0.1,53.37,56.98,0,0,0,78.14,0,0,0,1.55,0,0,1.2,2.69,0.46,0.84,0,0,15.8,18.98,3.06,0
"Tunisia",1989,0.177083920901781,240.42,36.51,0,0,0,0,0,0,0,0,0,0,0,0,0,0,0,0,0,0,0.51,3.92,0,0,0.02,64.67,49.24,0,0,0,41.53,0,0,0,4.52,0,0,2.7,0.07,0.17,1.39,0,0,16.44,15.7,3.03,0
"Tunisia",1990,0.15742973245589,386.86,35.62,0,0,0,0,0,0,0,0,0,0,0,0,0,0,0,0,0,0,0.63,7.81,0,0,0.27,89.89,61.05,0,0,0,70.9,0,0.23,0,5.39,0.08,0,1.53,18.95,0.6,0.73,0,0,24.95,66.17,2.06,0
"Tunisia",1991,0.214570266028825,367.12,30.26,0.04,0,0,0,0,0,0,0,0,0,0,0,0,0,0,0,0,0,0.22,13.92,0,0,0.22,104.38,69.34,0,0,0.01,108.1,0,0,0,1.79,0,0,3.02,7.78,11.3,2.04,0,0,0,14.7,0,0
"Tunisia",1992,0.284499278625054,393.17,7.35,0.05,0,0,0,0,0,0,0,0,0,0,0,0,0,0,0,0,0,0.84,10.87,0,0,0,108.51,59.01,0,0,0,167.9,0,0.08,0,7.86,0,0,10.3,7.29,0.91,0.5,0,0,0,11.69,0.01,0
"Tunisia",1993,0.248506152436698,258.57,11.81,0.08,0,0,0,0,0,0,0,0,0,0,0,0,0,0,0,0,0,0.89,6.47,0,0,0.01,103.45,51.25,0,0,0.01,52.64,0,1.45,0,1.99,0.13,0.06,2.37,2.21,1.79,0.37,0,0,0.01,17.13,4.45,0
"Tunisia",1994,0.209658893211378,256.01,6.31,0.29,0,0,0,0,0,0,0,0,0,0,0,0,0,0,0,0,0,1.16,8.64,0,0,0.01,79.54,43.94,0,0,0,18.99,0,1.86,0,8.39,0.07,0.18,1.55,7.36,0.91,0.27,0,0,69.47,7.07,0,0
"Tunisia",1995,0.304174633477215,208.41,8.55,0.22,0,0,0,0,0,0,0,0,0,0,0,0,0,0,0,0,0,0.81,6.41,0,0,0,106.62,35.6,0,0,0,13.28,0,0.62,0,8.22,0,0,9.22,1.18,1.22,0.3,0,0,9.65,6,0.5,0.01
"Tunisia",1996,0.260981648199446,228,14.02,0.38,0,0,0,0,0,0,0,0,0,0,0,0,0,0,0,0,0,0.96,11.74,0,0,0,104.14,39.7,0.03,0,0,23.86,0,2.02,0,7.56,0.03,0.02,8.4,1.17,0.98,0.22,0,0,2.5,10.02,0.25,0
"Tunisia",1997,0.2364853205255,232.12,29.36,0.21,0,0,0,0,0,0,0,0,0,0,0,0,0,0,0,0,0,0.54,4.18,0,0,0.01,87.71,61.5,0.26,0,0.02,9.22,0,4.48,0,7.23,0.12,0.03,11.29,0.51,1.12,0.32,0,0.02,8.06,5.93,0,0
"Tunisia",1998,0.241908234819546,250.31,45.69,1.3,0,0,0,0,0,0,0,0,0,0,0,0,0.04,0,0,0,0,0.81,10.78,0,0,0.02,101.11,49.31,0.25,0,0,10.01,0,4.58,0,3.06,0.24,0,7.9,0.42,2.24,0.42,0,0.04,9.58,2.39,0.11,0.01
"Tunisia",1999,0.298650377564032,272.14,48.84,7.7,0,0,0,0,0,0,0,0,0,0,0,0,0.02,0,0,0,0,0.56,7,0,0.02,0.01,133.39,40.39,0.19,0,0,8.79,0,2.64,0,7.71,0.26,0,3.8,1.51,0.48,0.21,0,0.16,5.89,2.03,0.54,0
"Tunisia",2000,0.271132366975634,304.38,94.37,12.02,0,0,0,0,0,0,0,0,0,0,0,0,0.03,0,0,0,0,0.36,10.07,0,0.01,0,120.04,34.94,0.37,0,0,17.25,0,1.65,0,1.6,0.17,0,4.5,0.39,1.53,0.19,0,0,2.61,2.22,0.02,0.04
"Tunisia",2001,0.275845839855884,319.21,107.95,2.07,0,0,0,0,0,0,0,0,0,0,0,0,0.04,0,0,0,0,0.33,2.5,0,0,0,117.95,40.64,0.25,0,0,27.85,0,2.14,0,3.07,0.03,0.02,8.99,0.38,0.76,0.05,0,0,1.22,2.61,0.35,0.01
"Tunisia",2002,0.266511046687061,310.59,85.47,0.28,0,0,0,0,0,0,0,0.02,0,0,0,0,0.04,0,0,0,0,0.23,2.23,0,0,0.01,124.47,37.05,0.29,0,0,37.05,0,2.34,0,0.16,0.07,0.07,10.15,0.1,1.63,0,0,0,6.67,0,2.26,0
"Tunisia",2003,0.272447475346834,379.83,119.51,0.22,0,0,0,0,0,0,0,0.01,0,0,0,0,0.04,0,0,0,0,0.33,2.46,0,0,0.05,147.17,44.22,0.45,0,0,33.16,0,2.88,0,0.47,0.07,0.02,14.83,0.6,1.46,0,0,0,5.03,0,6.85,0
"Tunisia",2004,0.286081241568571,418.68,100.47,1.25,0,0,0,0,0,0,0,0.01,0,0,0,0,0.03,0,0,0,0,0.32,2.86,0,0,0.07,187.31,48.64,0.34,0,0,48.4,0,1.58,0,0.66,0.08,0.06,12.19,0.63,0.8,0,0,0,3.85,0,9.11,0.02
"Tunisia",2005,0.318945953169372,425.02,97.65,0.86,0,0,0,0,0,0,0,0.01,0,0,0,0,0,0,0,0,0,0.33,2.44,0,0,0.09,209.86,55.51,0.18,0,0,19.8,0,0.81,0,0.51,0.03,0.07,9.83,0.5,0.71,21.23,0,0.04,0.63,0,2.64,1.29
"Tunisia",2006,0.295312372346217,478.42,64.14,0.5,0,0,0,0,0,0,0,0.02,0,0,0,0,0.02,0,0,0,0,0.26,10.93,0,0,0.07,234.27,68.32,0.11,0,0,55.78,0,1.39,0,0.03,0,0.05,20.38,0.73,1.3,16.49,0,0.11,0.63,0,2.33,0.56
"Tunisia",2007,0.335235902864512,437.45,65.51,1.18,0,0,0,0,0,0,0,0.01,0,0.01,0,0,0.07,0,0,0,0,0.27,9.7,0,0,0.06,230.74,70.72,0.17,0,0,29.29,0,1.02,0,0,0,0.08,25.72,0.86,0.56,0.12,0,0.03,0.3,0,0.47,0.56
"Tunisia",2008,0.357957452738708,465.88,103.48,3.48,0,0,0,0,0,0,0,0.01,0,0,0,0,0.1,0,0,0,0,0.37,9.88,0,0,0.08,250,62.06,0.21,0,0,7.61,0,1.34,0,0,0,0.1,21.32,0.1,2.11,1.46,0,0.04,0.08,0,0.76,1.29
"Tunisia",2009,0.28280356973841,579.75,82.56,3.62,0,0.03,0,0,0,0,0,0,0,0,0,0,0.06,0,0,0,0,0.6,2.41,0,0,0.16,256.2,70.47,0.17,0,0,23.83,0,0.61,0,0.14,0,0.06,130.48,0.55,1.44,3.82,0,0.08,1.54,0,0.22,0.7
"Tunisia",2010,0.249722858972305,604.03,118.38,5.2,0,0.02,0,0,0,0,0,0.02,0,0,0,0,0.02,0.03,0,0,0,0.95,1.45,0,0,0.32,213.49,62.19,0.21,0,0,25.73,0,0,0,0.1,0,0.03,164.01,0,0.96,2.52,0,0.07,7.29,0,0.7,0.34
"Tunisia",2011,0.326584492932412,727.37,109.76,3.46,0,0,0.64,0,0,0,0,0.08,0,0,0,0,0.06,0.13,0.87,0,0.01,0.44,6.77,0,0.81,2.04,385.11,61.01,0.13,0,0.08,17.69,0,0.13,0,1.35,0,0.01,88.69,7.76,10.96,8.21,0,0,9.35,0,11.21,0.61
"Tunisia",2012,0.385188849117882,577.84,41.26,5.14,0,0,0.69,0,0,0,0,0.06,0.03,0,0,0,0.3,1.55,0.04,0.41,0,0.4,0.65,0,3.5,0.58,344.06,65.48,0.09,0,0.01,3.99,0,1.08,0,1.43,0.43,0.05,1.57,4.37,17.95,11.7,0,0,4.71,0,5.92,60.39
"Tunisia",2013,0.200690773466941,449.91,42.16,6.04,0,0.01,0.29,0.02,0,0,0,0.05,0.11,0,0,0.02,0.37,0.03,1.98,0.39,0,0.53,1.14,0,3.55,0.49,169.16,82.44,0.01,0,0,21.06,0,1.19,0,2.77,0.1,0.06,31.08,5.95,20.91,10.92,0,0,5.5,0,5.39,36.19
"Tunisia",2014,0.190281585608015,681.03,96.63,4.71,0,0,0.34,0,0,0,0,0.05,0.12,0.11,0,0,0.34,0.02,5.65,0.12,0,0.59,0.66,0,5.75,0.75,175.17,74.45,0.27,0,0,23.01,0,1.54,0,2.11,1.05,0.07,0.44,6.13,18.11,13.23,0,0,19.73,0,29.18,200.7
"Tunisia",2015,0.197995467165632,396.1,47.34,4.85,0,0,0.07,0,0,0,0,0.06,0,0.68,0,0,0.27,1.46,1.12,0,0,0.51,0.95,0,5.56,0.65,120.41,110.83,0.22,0,0,29.47,0,0.53,0,0.32,3.13,0.07,3.18,3.64,26.87,9.64,0,0,11.17,0,11.75,1.35
"Tunisia",2016,0.232284199235463,467.53,59.8,5.7,0,0,0.08,0.01,0,0,0,0.06,0.01,0.95,0,0,0.14,0.03,0,0,0,1.27,0.72,0,1.64,0.98,151.45,150.58,0.22,0,0,25.99,0,0.44,0,0.84,1.91,0.17,4.27,1.72,19.91,13.28,0,0.07,10.8,0,2.18,12.31
"Tunisia",2017,0.225231572250338,606.24,110.18,5.36,0,0.03,0.08,0,0,0,0,0.02,0,0.97,0,0,0.05,0.04,0,0,0,4.4,1.59,0,2.61,0.89,179.54,186.93,0.22,0,0,50.7,0,0.97,0.01,1.3,2.28,0.21,1.59,2.62,18.9,13.36,0,0,16.31,0,2.5,2.58
"Tunisia",2018,0.235466972446469,775.13,157.32,0,0,0,0.03,0,0,0,0,0.03,0,2.36,0,0,0.04,0.11,0,0,0,2.43,1.03,0,0.28,0.33,162.64,288.76,0.24,0,0,28.79,0,1.11,0,5.59,8.1,0.24,3.49,3.1,16.15,17.55,0,0.04,73.2,0,0.87,1.3
"Tunisia",2019,0.251991093197391,965.73,178.46,0,0,0,0.02,0,0,0,0,0.02,0,3.74,0,0,0.18,0.04,0,0,0.05,0.82,1.2,0,0.06,0.24,282.62,345.14,0,0,0,48.42,0,1.25,0,22.06,7.99,0.18,12.24,1.61,18.36,24.67,0,0,12.35,0,1.52,2.49
"Tunisia",2020,0.281778422549657,903.09,57.34,0,0,0,0,0,0,0,0,0.02,0,3.98,0,0,0.26,0.04,0,0,0.03,0.48,0.64,0,3.61,0.37,237.74,398.76,0,0,0.01,94.36,0,0.3,0.05,4.22,0.21,0.23,7.05,1.65,30.47,19.96,0,0,21.64,0,10.17,9.5
"Tunisia",2021,0.292640620899653,993.02,86.54,0,0,0,0.01,0,0,0.01,0.01,0.84,0,5.41,0.33,0,3.5,0.48,0,0,0.03,3.35,0.59,0,2.95,0.3,286.36,440.58,0.67,0,0.01,54,0,0.36,0.18,15.16,0.31,0.09,5.46,2.54,22.75,13.73,0,0.02,23.29,0,21.71,1.45
"Tunisia",2022,0.358682057837427,1466.992321,81.758514,8.112236,0,0,0.033416,0,0,0.039264,2.761866,0.58768,0,13.578338,0.94303,0.00073,0.762036,0.134882,0,0,0.04998,11.774442,0.271214,0,4.263874,0.555836,231.656048,834.008272,0,0,0,93.096033,0,0.965692,0.016952,35.554254,3.825579,1.859678,0,2.659652,56.851483,12.0639,0,0.071384,36.176847,0,30.394855,2.164354
"Tunisia",2023,0.268915799085554,1271.596679,371.262321,10.698062,0,0,0.0179,0,0.00307,0.018146,0,2.525718,0,8.037906,0,0,0.688926,0.25401,0,0,0,1.392948,0.268166,0,2.85251,0.642232,163.643167,509.327768,0,0,0,63.534156,0,1.150068,0.20545,45.459314,3.215652,0.236118,0,2.335906,65.979661,8.803792,0,0.039768,6.471586,0,0,2.532358
"Tunisia",2024,0.183018944570712,1194.866301,239.691167,21.905624,0,0,0.03637,0,0.002922,0.024632,0.024994,2.20062,0,6.634812,0,0,0.604064,0.272432,0,0,0,5.623856,0.97531,0.06351,0.957686,0.533156,273.625425,297.385036,0.434246,0,0.009306,181.256838,0,0.96054,0.109014,39.933724,2.671728,0.209188,0,3.403768,50.95697,9.492557,0,0.014568,53.056914,0,0,1.795324
"Uganda",1962,0.992936928431186,25.41,0,0,0,0,0,0,0,0,0,0,0,0,0,0,0,0,0,0,0,0,0,0,0,0,0,0.02,0,0,0,0.07,0,0,0,0,0,0,0,0,0,25.32,0,0,0,0,0,0
"Uganda",1963,0.972190835325016,18.49,0,0,0,0,0,0,0,0,0,0,0,0,0,0,0,0,0,0,0,0,0,0,0,0,0,0.06,0,0,0,0.19,0,0,0,0,0,0,0,0.01,0,18.23,0,0,0,0,0,0
"Uganda",1964,0.966963986421342,19.14,0,0,0,0,0,0,0,0,0,0,0,0,0,0,0,0,0,0,0,0.01,0,0,0,0,0,0.11,0,0,0,0.01,0,0,0,0,0.18,0,0,0.01,0,18.82,0,0,0,0,0,0
"Uganda",1965,0.90440199041661,15.13,0.02,0,0,0,0.02,0,0,0,0,0,0,0,0,0,0,0,0,0,0,0,0,0,0.01,0,0,0.43,0,0,0,0.01,0,0,0,0,0.25,0,0,0.01,0,14.38,0,0,0,0,0,0
"Uganda",1966,0.520603451547209,19.48,0.03,0,0,0,0.08,0,0,0,0,0,0,0,0,0,0,0,0,0,0,0,0,0,0.02,0,0,5.59,0,0,0,0,0,0,0,0,0.35,0,0,0,0,12.88,0,0,0,0.53,0,0
"Uganda",1967,0.731067046180724,16.52,0.03,0,0,0,0.08,0,0,0,0,0,0,0,0,0,0,0,0,0,0,0.22,0.01,0,0.05,0,0,1.51,0,0,0,0,0,0,0,0,0.58,0,0,0.01,0,14.03,0,0,0,0,0,0
"Uganda",1968,0.522966100833258,13.67,0.14,0,0,0,0.1,0,0,0,0,0,0,0,0,0,0,0,0,0,0,0,0.01,0,0.11,0,0,3.3,0,0,0,0.01,0,0,0,0,0.7,0,0,0,0.01,9.29,0,0,0,0,0,0
"Uganda",1969,0.456282170516899,15.13,0.34,0,0,0,0.11,0,0,0,0,0,0,0,0,0,0,0,0,0,0,0,0,0,1.24,0,0,2.86,0,0,0,0.01,0,0,0,0,0.7,0,0,0.16,0.01,9.7,0,0,0,0,0,0
"Uganda",1970,0.398667445029807,19.78,0.9,0,0,0,0.12,0,0,0,0,0,0,0,0,0,0,0,0,0,0,0,0.01,0,2.04,0,0,2.83,0,0,0,0.24,0,0,0,0.77,0.98,0,0,0,0,11.89,0,0,0,0,0,0
"Uganda",1971,0.412479095263256,16.02,0.27,0,0,0,0.12,0,0,0,0,0,0,0,0,0,0,0,0,0,0,0,0.02,0,1.67,0.04,0,2.31,0,0,0,0.09,0,0,0,0.5,1.16,0,0,0.02,0.02,9.8,0,0,0,0,0,0
"Uganda",1972,0.407049579405187,41.45,1.3,0,0,0,0.11,0.01,0,0,0,0,0,0,0,0,0,0,0,0,0,0,0.03,0,3.11,0.12,0,1.93,0,0,0,0.08,0,0,0,0.36,1.83,0,0,0.05,0.03,24.99,0,0,0,7.5,0,0
"Uganda",1973,0.297779171640302,16.77,0.6,0,0,0,0.05,0,0,0,0,0,0,0,0,0,0,0,0,0,0,0,0.01,0,0.77,0.02,0,2.57,0,0,0,0.05,0,0,0,0.28,0.36,0,0,0.1,0.02,4.44,0,0,0,7.5,0,0
"Uganda",1974,0.289561647144065,9.1,0.53,0,0,0,0.12,0,0,0,0,0,0,0,0,0,0,0,0,0,0,0,0.01,0,0.53,0.02,0,4.34,0,0,0,0.13,0,0,0,1.78,0,0,0,0,0.03,1.01,0,0,0.6,0,0,0
"Uganda",1975,0.439727525280056,24.21,0.46,0,0,0,0.16,0,0,0,0,0,0,0,0,0,0,0,0,0,0,0,0.01,0,0.19,0,0,2.54,0,0,0,0.33,0,0,0,0.72,0,0,0,0,0.03,0.46,0,0,0,15.3,4.01,0
"Uganda",1976,0.536365984182628,9.72,0.81,0,0,0,0.12,0,0,0,0,0,0,0,0,0,0,0,0,0,0,0.03,0.02,0,0.34,0.01,0,7.02,0,0,0,0.38,0,0,0,0.65,0,0,0,0,0.03,0.16,0,0,0.11,0.04,0,0
"Uganda",1977,0.291933577827819,6.89,0.88,0,0,0,0.19,0,0,0,0,0,0,0,0,0,0,0,0,0,0,0.01,0.03,0,0.03,0,0,3.38,0,0,0,0.2,0,0,0,0.84,0,0,0,0,0.03,0.83,0,0,0.04,0.43,0,0
"Uganda",1978,0.221274395151149,11.28,0.62,0,0,0,0.14,0,0,0,0,0,0,0,0,0,0,0,0,0,0,0.25,0.05,0,0.03,0,0,3.07,0,0,0,0.2,0,0,0,0.67,0,0,0,0,0.12,2.18,0,0,0.34,0.02,3.59,0
"Uganda",1979,0.195185420176764,28.76,0.66,0,0,0,0.38,0,0,0,0,0,0,0,0,0,0,0,0,0,0,0.04,0.04,0,9.14,0.01,0,2.51,0,0,0,0.81,0,0,0,6.71,0.91,0,0,1.38,0.45,4.69,0,0,0.3,0.53,0.2,0
"Uganda",1980,0.156111930345599,29.18,0.12,0,0,0,1.78,0,0,0,0,0,0,0,0,0,0,0,0,0,0,0.06,0.21,0,1.69,0.17,4.1,6.36,0,0,0,0.13,0,0,0,4.28,0.39,0,0,2.42,0.66,6.69,0,0,0,0,0.12,0
"Uganda",1981,0.223371071806875,84.33,1.59,0,0,0,3.21,0.02,0,0,0,0,0,0,0,0,0,0,0,0,0,0.12,0.46,0,1.22,1.23,6.78,11.44,0,0,0,1.03,0,0,0,21.06,1.16,0,0,3.77,0.57,30.58,0,0,0.09,0,0,0
"Uganda",1982,0.197356300342584,50.28,1.53,0,0,0,4.55,0,0,0,0,0,0,0,0,0,0,0,0,0,0,0.03,0.16,0,1.26,0.64,3.26,7.69,0,0,0,1.03,0,0,0,2.1,7,0,0,0.43,0.54,18.64,0,0,0.12,0,1.3,0
"Uganda",1983,0.237332685332168,66.87,4.1,0,0,0,4.24,0.01,0,0,0,0,0,0,0,0,0,0,0,0,0,0.03,0.42,0,2.33,0.87,1.72,29.41,0,0,0.04,1.85,0,0,0,7.3,1.2,0,0,0.67,0.46,9.27,0,0,0.23,0,2.72,0
"Uganda",1984,0.136431383591619,40.51,5.6,0,0,0,3.51,0.01,0,0,0,0,0,0,0,0,0,0,0,0,0,0.05,0.25,0,2.61,0.14,1.87,3.52,0,0,0.05,6.74,0,0,0,4.59,1.06,0,0,0.16,0.34,9.46,0,0,0.17,0,0.38,0
"Uganda",1985,0.184643427502127,37.94,3.22,0,0,0,0.26,0.01,0,0,0,0,0,0,0,0,0,0,0,0,0,0.04,1.65,0,0.76,0.4,1.7,4.36,0,0,0.02,10.79,0,0,0,1.89,1.15,0,0,0,0.3,10.37,0,0,1.02,0,0,0
"Uganda",1986,0.19812038449041,80.73,3.08,0,0,0,0.18,0.01,0,0,0,0,0,0,0,0,0,0,0,0,0,0.07,0.17,0,2.81,1.63,1.1,12.86,0,0,0.06,30.02,0,0,0,6.25,2.2,0,0,1.89,1.56,10.83,0,0,6.01,0,0,0
"Uganda",1987,0.194566433197245,75.47,0.56,0,0,0,0.1,0.01,0,0,0,0,0,0,0,0,0,0,0,0,0,0.12,0.47,0,4.92,0.67,1.06,15.77,0,0,0.12,25.11,0,0,0,2.19,2.65,0,0,3.96,1.79,12.74,0,0,3.1,0,0.13,0
"Uganda",1988,0.150123037631548,161.66,9.51,0,0,0,0.55,0,0,0,0,0,0,0,0,0,0,0,0,0,0,7.67,0.51,0,11.59,7.59,2.78,18.72,0,0,0.21,21.79,0,0,0,6.26,3.46,0,0,11.15,8.97,49.92,0,0,0.71,0,0.27,0
"Uganda",1989,0.148525893315814,139.8,1.1,0,0,0,0.6,0,0,0,0,0,0,0,0,0,0,0,0,0,0,4.83,0.41,0,15.78,0.76,5.77,19.94,0,0,0.08,14,0,0,0,5.39,4.54,0,4.72,16.29,3.1,40.65,0,0,0.29,1.33,0.22,0
"Uganda",1990,0.120620976489626,212.8,9.47,0.01,0,0,0.48,0,0,0,0,0,0,0,0,0,0,0,0,0,0,7.77,10.55,0,25.43,1.46,7.36,26.95,0,0,0.11,45.07,0,0,0,3.82,7.35,0,0.96,14.54,12.52,36.01,0,0,0.68,2.26,0,0
"Uganda",1991,0.121131068601153,247.39,14.92,0.25,0,0,0.47,0,0,0,0,0,0,0,0,0,0,0,0,0,0,1.98,0.63,0,32.39,1.48,10.42,34.2,0,0,0.11,17.33,0,0,0,22.87,5.2,0,11.17,34.26,7.18,51.53,0,0,0.06,0.94,0,0
"Uganda",1992,0.109365612802513,226.08,14.57,0.17,0,0,0.93,0.02,0,0,0,0,0,0,0,0,0,0,0,0,0,5.12,0.9,0,37.14,1.49,7.27,22.98,0,0,0.32,11.84,0,0.05,0,15.09,9.9,0,18.21,29,9.31,40.76,0,0,0.49,0.52,0,0
"Uganda",1993,0.128893447465999,293.01,39.67,0.19,0,0,1.02,0.03,0,0,0,0,0,0,0,0,0,0,0,0,0,7.15,1.52,0,45.35,0.47,6.03,56.08,0,0,0.64,11.21,0,0.02,0,23.08,13.3,0,6.79,16.58,7.27,54.65,0,0,1.9,0.05,0,0.01
"Uganda",1994,0.117513760546493,306.48,48.79,2.48,0.01,0,1.25,0.09,0,0,0,0,0,0,0,0,0,0,0,0,0,21.73,1.92,0,52.96,0.31,3.57,29.54,0,0,2,5.66,0,0.03,0,25.46,19.29,0,2.57,25.38,0.58,51.99,0,0,8.11,2.76,0,0
"Uganda",1995,0.103017441434982,388.4,41.8,4.62,0,0,1.24,0.13,0,0,0,0,0,0,0,0,0,0,0,0,0,17.43,5.32,0,60.09,1.28,10.52,47.22,0,0,5.04,25.93,0,0.9,0,31.81,20.48,0,4.72,25.31,8.91,67.66,0,0,5.34,2.65,0,0
"Uganda",1996,0.120419812610882,352.37,26.9,0.7,0,0,1.58,0.03,0,0,0,0,0,0,0,0,0,0,0,0,0,15.16,1.75,0,67.97,1.07,13.65,40.36,0,0,4.9,7.03,0,0,0,32.63,21.24,0,5.89,32.65,0.7,69.4,0,0,6.71,2.05,0,0
"Uganda",1997,0.119628654341529,414.49,26.86,0.33,0,0,2.03,0.34,0,0,0,0,0,0,0,0,0,0,0,0,0,11.1,2.82,0,58.36,1.08,5.93,38.54,0,0,9.81,75.05,0,0.06,0,33.35,27.81,0,0.54,31.33,7.23,78.18,0,0.12,2.42,1.2,0,0
"Uganda",1998,0.163111197008708,351.62,23.91,0.15,0,0,2,0.05,0,0,0,0,0,0,0,0,0.03,0,0,0,0,12.78,8.59,0,70.78,1.13,3.69,28.28,0.08,0,8.72,5.17,0,0.1,0,35.32,31.71,0,0.66,9.66,1.12,105.24,0,0.14,0.79,1.52,0,0
"Uganda",1999,0.145003368120099,340.53,28.22,0.09,0,0,0.7,0.27,0,0,0,0,0,0,0,0,0.01,0,0,0,0,21.26,2.12,0,58.9,6.54,2.43,28.59,0.08,0,11.93,5.24,0,0,0,26.45,25.45,0,0.63,20.34,1.77,96.37,0,0.2,1.71,1.23,0,0
"Uganda",2000,0.217332636408649,532.82,22.37,0.15,0,0,1.49,0.41,0,0,0,0,0,0,0,0,0,0,0,0,0,4.57,6.73,0,59.81,0.7,8.39,18.71,0.1,0,13.02,83.25,0,0,0,43.33,21,0,0.64,22.66,1.21,217.18,0,5.43,0.14,1.53,0,0
"Uganda",2001,0.152363682451454,346.44,14.57,0.14,0,0,0.27,0.33,0,0,0,0,0,0,0,0,0,0,0,0,0,5.8,3.53,0,59.29,0.76,7.54,33.21,0.07,0.36,23.49,5.01,0,0,0,40.82,19.73,0,1,29.4,0.36,99.26,0,0.1,0,1.4,0,0
"Uganda",2002,0.120249874361934,366.47,8.08,0.28,0,0,0.6,0.22,0,0,0,0.02,0,0,0,0,0,0,0,0.03,0,5.42,2.14,0,44.05,0.78,15.84,34.33,0.06,0.48,37.01,26.68,0,0.05,0,43.5,32.62,0,6.12,23.47,0.57,83.98,0,0.14,0,0,0,0
"Uganda",2003,0.132471095799303,416.87,9.54,0.13,0,0,0.47,0.46,0,0,0,0.04,0,0,0,0,0,0,0,0.01,0,6.04,6.64,0,53.2,1.03,6.1,30.17,0.17,0.96,44.4,8.85,0,0.11,0,57.77,38.37,0,13.11,32.92,1.62,104.65,0,0.11,0,0,0,0
"Uganda",2004,0.11728932806828,533.59,69.63,0.21,0,0,0.56,0.21,0,0,0,0.07,0,0,0,0,0,0,0,0,0,9.35,8.14,0,63.34,2.42,7.82,41.75,0.07,1.22,47.62,8.23,0,0.11,0,70.92,41.67,0,6.63,42.74,3.16,107.64,0,0.08,0,0,0,0
"Uganda",2005,0.112478528567297,458.57,14.44,0.12,0,0,0.33,0.56,0,0,0,0.04,0,0,0,0,0.01,0,0,0.04,0,9.64,13.32,0,64.92,5.33,9.5,51.38,0.06,1.61,47.75,3.92,0,0.11,0,80.12,45.53,0,2.81,47.93,3.35,55.62,0,0.12,0,0,0,0.01
"Uganda",2006,0.155642358527675,684.75,21.78,0.16,0,0.05,2.78,0.15,0,0,0,0.33,0,0,0,0,0.01,0,0,0,0,11.48,14.85,0,80.17,6.07,6.53,54.56,0.03,2.28,57.63,9.56,0,0.11,0,82.38,50.46,0,2.74,62.59,3.57,214.41,0,0.06,0,0,0,0.01
"Uganda",2007,0.123405075187647,704.01,27.51,1.29,0,0.02,3.04,0.73,0,0,0,0.09,0,0,0,0,0.02,0,0,0,0,11.66,15,0,109.85,6.1,10.53,47.58,0.18,2.56,65.85,13.28,0,1.55,0,70.43,69.77,0,19.71,56.55,4.44,166.13,0,0.08,0,0,0,0.06
"Uganda",2008,0.0934448639770642,667.95,57.01,0.68,0,0.02,1.08,0.16,0,0,0,0.05,0,0,0,0,0.03,0,0,0,0,15.65,17.03,0,83.19,5.61,21.05,37.84,0.27,3.2,80.87,12.4,0,1.62,0,82.85,74.97,0,38.15,64.07,3.76,65.66,0,0.23,0,0,0,0.5
"Uganda",2009,0.105285758582663,647.74,54.04,1.24,0,0.09,1.79,0.2,0,0,0,0.3,0,0,0,0,0.01,0,0,0,0.03,12.56,22.16,0.01,93.47,4.57,17.2,60.06,0.22,3.17,64.46,8.95,0,1.04,0,45.01,67.32,0,14.75,52.65,3.34,118.89,0,0.07,0,0,0.13,0.01
"Uganda",2010,0.133370165454352,663.59,71.24,1.88,0,0.01,2.52,0,0,0,0,0.14,0,0,0,0,0.03,0,0,0,0.05,14.38,28.3,0,81.22,5.85,4.04,41.08,0.19,3.07,58.01,11.4,0,0.27,0,36.65,71.44,0,5.43,43.29,1.79,180.12,0,0.15,0,0,0.19,0.85
"Uganda",2011,0.126107407983031,604.43,58,2.41,0,0.02,11.09,0,0,0,0,0.02,0,0,0,0,0.19,0,0,0,0.12,14.59,14.16,0,68.79,4.89,3.46,62.39,0.2,3.32,59.48,9.29,0,0.79,0,14.86,80.98,0,2.99,41.16,1.4,146.22,0,0.55,2.04,0,0.3,0.72
"Uganda",2012,0.139166629772689,544.39,68.87,3.99,0,0.02,7.93,0,0,0,0,0.05,0,0.01,0,0,0,0,0.02,0,0.06,9.48,21.56,0,64.18,3.43,1.45,47.47,0.18,2.97,30.63,5.76,0,0.28,0,25.82,58.67,0,0.46,34.39,2.08,152.32,0,0.39,0,0,0.32,1.6
"Uganda",2013,0.13688383291175,602.02,57.52,11.56,0,0.13,6.66,0,0,0,0,0.01,0.06,0.01,0,0,0.08,0,0,0.01,0.04,18.8,15.68,0,56.21,4.14,5.35,46.05,0.04,4.17,31.67,3.35,0,0.29,0,36.17,84.34,0,0.53,45.16,1.37,169.41,0,0.12,1.08,0,0.29,1.72
"Uganda",2014,0.153168569925538,632.51,85.73,12.46,0,0.05,3.58,0.03,0,0,0,0.01,0.05,0.05,0,0,0.36,0,1.57,0.01,0.04,12.16,24.17,0.01,51.44,4.65,9.69,48.22,0.05,3.33,37.04,7.08,0,0.11,0.6,21.92,65.25,0,0.19,36.24,1.14,201.11,0,0.04,1.79,0,0.33,2.01
"Uganda",2015,0.162770545423119,555.63,70.48,23.23,0,0.11,3.72,0.12,0,0,0,0.08,0.09,0.03,0,0,0.23,0,1.08,0.02,0.03,10.65,16.8,0,29.59,6.12,10.55,52.84,0.04,3.38,25.45,3.46,0,0.08,0.04,14.69,46.54,0,0.15,41.78,2.4,188.97,0,0.03,1.42,0.09,1.03,0.31
"Uganda",2016,0.130273996720608,535.74,66.85,27.98,0,0.09,1.4,0.05,0,0,0,0.08,0.04,0.72,0,0,0.05,0,0,0.01,0.03,11.81,18.39,0,41.89,3.07,14.12,47.14,0,4.92,26.39,4.05,0,0.08,0.03,17.23,43.98,0,0.22,44.4,2.03,149.97,0,0.06,5.87,0,1.65,1.14
"Uganda",2017,0.126760760279675,650.71,64.58,29.22,0,0.1,7.24,0.03,0,0,0,0.17,0.06,0.07,0,0,0.01,0,0,0.05,0.08,14.33,22.34,0,46.45,4.94,52.36,67.68,0.01,5.17,28.05,4.2,0,0.23,0,19.07,30.01,0,0.56,57.36,3.15,181.5,0,0,5.43,0,3.77,2.49
"Uganda",2018,0.117615418397163,675.78,73.06,0,0,0,1.2,0.12,0,0,0,0.01,0.12,0.36,0,0,0.31,0.01,0,0.01,0.06,8.69,27.84,0,40.56,5.63,75.95,56.5,0.01,7.97,32.06,7.13,0,0.41,0,32.81,38.35,0.05,0.75,65.77,3.74,168.18,0,0.68,23.62,0,3.48,0.34
"Uganda",2019,0.14974312375498,694.05,65.48,0,0,0,1.04,0.1,0,0,0,0.07,0.04,8.87,0,0,0.38,0.06,0,0.08,0.07,16.55,37.58,0,32.67,5.44,24.15,73.73,0.02,6.77,25.08,7.06,0,0.38,0.09,36.05,41.17,0.04,1.18,65.65,3.93,225.38,0,0.19,2.69,0,10.49,1.57
"Uganda",2020,0.106152094631939,663.79,42.44,0,0,0,1.97,0.21,0,0,0,0.02,0.03,1.2,0,0.03,0.63,0.04,0,0.15,0.07,13.19,25.1,0,73.29,7.22,91.1,65.07,0,6.23,27.04,6.11,0,0.55,0,39.1,42.93,0.03,1.79,81.1,3.01,124.03,0.11,0.15,1.69,0,6.92,1.24
"Uganda",2021,0.0881931486161682,701.69,66.39,0,0,0,3.13,0.09,0,0,0,0.01,1.42,8.74,0,0,0.14,0.01,0,0.18,1.17,16.52,49.69,0,65.32,6.37,79.43,84.82,0.01,8.08,28.78,6.5,0,0.63,0,37.65,33.42,0,22.82,80.14,3.39,89.01,0,0.17,3.05,0,3.95,0.66
"Uganda",2022,0.0789512609774615,1106.701274,71.204526,68.057304,0,0.01335,8.643704,0.629024,0,0,0,0.088792,0.604078,8.541528,0,0.006696,0.251026,0,0,0.085358,0.621174,27.691134,46.053986,0,107.563143,9.155538,91.9224,131.735172,0.020098,16.256424,54.75367,15.775622,0,0.776654,0.009038,95.146798,64.681256,0,31.978746,119.821007,6.144126,119.528825,0.05255,0.144386,6.911143,0,0.70181,1.131188
"Uganda",2023,0.105534263211019,967.814604,119.588399,56.143787,0.064992,0,6.6488,0.105268,0,0,0,0.041074,0.307094,0.994378,0,0.00402,0.365964,0.018906,0,0.07749,0.50119,15.832655,46.724486,0,70.092056,9.647598,3.900549,209.53408,0.011314,18.498466,44.027758,13.519596,0,1.901984,0,88.442448,82.846755,0,2.93042,91.262569,6.308908,66.390666,0,0.038162,6.515059,0,3.017637,1.510076
"Uganda",2024,0.0802466883883628,1063.67695,87.302498,66.149596,0.014868,0.005278,6.582507,0.137782,0,0,0,0.13039,0.426778,1.032658,0,0.005492,0.273862,0.017106,0,0.096906,0.652398,36.818938,53.11692,0,90.615443,9.592333,125.041457,106.383259,0.005012,13.631694,45.548378,17.719811,0,2.422804,0.004608,125.987836,58.890301,0,4.630022,74.126199,6.182736,107.735708,0,0.205374,12.893153,0,8.114605,1.18224
"Zambia",1964,0.990405069776248,20.76,0,0,0,0,0,0,0,0,0,0,0,0,0,0,0,0,0,0,0,0,0,0,0,0,0,0.08,0,0,0,0.02,0,0,0,0,0,0,0,0,0,20.66,0,0,0,0,0,0
"Zambia",1965,0.96286642230324,12.76,0,0,0,0,0.03,0,0,0,0,0,0,0,0,0,0,0,0,0,0,0,0,0,0,0,0,0.13,0,0,0,0,0,0,0,0,0,0,0,0.03,0.05,12.52,0,0,0,0,0,0
"Zambia",1966,0.969989579335743,27.73,0,0,0,0,0.08,0,0,0,0,0,0,0,0,0,0,0,0,0,0,0,0,0,0.12,0,0,0.11,0,0,0,0,0,0,0,0,0.08,0,0,0,0.03,27.31,0,0,0,0,0,0
"Zambia",1967,0.561018685138947,59.48,0,0,0,0,0.06,0,0,0,0,0,0,0,0,0,0,0,0,0,0,0,0,0,0.13,0,0,0.32,0,0,0,17.98,0,0,0,0,0.07,0,0,0.16,0,40.76,0,0,0,0,0,0
"Zambia",1968,0.442632508383035,28.89,0,0,0,0,0.13,0,0,0,0,0,0,0,0,0,0,0,0,0,0,0,0.01,0,0.34,0,0,0.84,0,0,0,12.45,0,0,0,0,0.14,0,0,0.35,0.02,14.61,0,0,0,0,0,0
"Zambia",1969,0.599368815052636,17.79,0,0,0,0,0.08,0,0,0,0,0,0,0,0,0,0,0,0,0,0,0,0,0,1.66,0,0,1.22,0,0,0,0.53,0,0,0,0,0.29,0,0,0.33,0.08,13.6,0,0,0,0,0,0
"Zambia",1970,0.34241037283444,11.48,0.05,0,0,0,0.23,0,0,0,0,0,0,0,0,0,0,0,0,0,0,0,0,0,2.13,0,0,1.25,0,0,0,0,0,0,0,0.49,0.69,0,0,0.43,0.04,6.17,0,0,0,0,0,0
"Zambia",1971,0.507924506567617,18.82,0.06,0,0,0,0.16,0,0,0,0,0,0,0,0,0,0,0,0,0,0,0,0.01,0,1.06,0.05,0,1.65,0,0,0,0.03,0,0,0,0.64,0.98,0,0,0.97,0.03,13.18,0,0,0,0,0,0
"Zambia",1972,0.377860231521103,17.88,0.1,0,0,0,0.13,0.02,0,0,0,0,0,0,0,0,0,0,0,0,0,0.15,0.03,0,1.46,0.1,0,1.92,0,0,0,0.04,0,0,0,0.77,1.12,0,0,1.48,0.03,10.53,0,0,0,0,0,0
"Zambia",1973,0.260605506825457,48.53,7.99,0,0,0,0.22,0.01,0,0,0,0,0,0,0,0,0,0,0,0,0,0,0.04,0,1.76,0.62,0,7.16,0,0,0,1.05,0,0,0,1.11,4.53,0,0,2.39,0.05,21.6,0,0,0,0,0,0
"Zambia",1974,0.209964672820283,52.32,7.95,0,0,0,0.54,0.09,0,0,0,0,0,0,0,0,0,0,0,0,0,0.21,0.03,0,2.79,2.41,0,8.05,0,0,0.03,0.1,0,0,0,1.7,2.64,0,0,6.1,0.04,19.64,0,0,0,0,0,0
"Zambia",1975,0.21357604074619,61.51,5.63,0,0,0,0.2,0.01,0,0,0,0,0,0,0,0,0,0,0,0,0,1.08,0.02,0,2.28,2.99,0,5.61,0,0,0,0.19,0,0,0,1.9,4.75,0,0,14.81,0.04,22,0,0,0,0,0,0
"Zambia",1976,0.212497913796115,45.4,0.63,0,0,0,0.09,0.11,0,0,0,0,0,0,0,0,0,0,0,0,0,0.14,0.07,0,1.42,6.41,0,3.88,0,0,0.02,0.18,0,0,0,2.31,6.07,0,0,7.11,0.03,16.93,0,0,0,0,0,0
"Zambia",1977,0.222668676243388,70.47,0.75,0,0,0,0.1,0.05,0,0,0,0,0,0,0,0,0,0,0,0,0,0.12,0.48,0,1.75,5.17,0,5.54,0,0,0.09,0.23,0,0,0,4.9,7.61,0,0,24.25,0.08,19.35,0,0,0,0,0,0
"Zambia",1978,0.167073051617518,116.59,27.95,0,0,0,0.47,0.01,0,0,0,0,0,0,0,0,0,0,0,0,0,0.24,1.22,0,2.51,6.01,0,17.45,0,0,0.4,0.29,0,0,0,8.08,6.92,0,0,19.35,0.13,25.56,0,0,0,0,0,0
"Zambia",1979,0.196842666186651,169.86,23.5,0,0,0,0.72,0.01,0,0,0,0,0,0,0,0,0,0,0,0,0,1.8,2.09,0,3.05,6.77,0,22.74,0,0,0.58,0.19,0,0,0,14.19,8.78,0,0,23.87,0.26,60.81,0,0,0,0.5,0,0
"Zambia",1980,0.161323416878095,182.51,14.1,0,0,0,0.55,0.03,0,0,0,0,0,0,0,0,0,0,0,0,0,2.31,1.94,0,4.18,8.33,0.8,35.63,0,0,0.57,0.13,0,0,0,27.83,10.54,0,0,31.14,0.24,44.19,0,0,0,0,0,0
"Zambia",1981,0.154298963820886,147.81,14.84,0,0,0,1.07,0.05,0,0,0,0,0,0,0,0,0,0,0,0,0,1,1.68,0,2.91,6.38,0.52,17.96,0,0,0.73,3.66,0,0,0,18.75,8.68,0,0,28.82,0.05,38.71,0,0,0,2,0,0
"Zambia",1982,0.138534037640695,203.73,25,0,0,0,3.48,0.03,0,0,0,0,0,0,0,0,0,0,0,0,0,0.43,1.41,0,3.37,8.58,0.95,28.95,0,0,1.29,0.99,0,0,0,15.3,13.82,0,0,27.46,0.2,22.47,0,0,0,50,0,0
"Zambia",1983,0.12710216295459,150.58,19.33,0,0,0,2.84,0.02,0,0,0,0,0,0,0,0,0,0,0,0,0,0.4,1.12,0,6.43,10.24,0.8,25.03,0,0,1.39,0.68,0,0,0,12.09,16.13,0,0,29.36,0.27,21.05,0,0,0,3.4,0,0
"Zambia",1984,0.129247662614281,123.87,5.02,0,0,0,3.05,0.01,0,0,0,0,0,0,0,0,0,0,0,0,0,0.33,1.45,0,2.21,9.35,1.73,19.22,0,0,1.25,3.51,0,0,0,19.81,15.97,0,0,20.37,0.46,20.13,0,0,0,0,0,0
"Zambia",1985,0.135922946488739,171.08,42.15,0,0,0,2.17,0.01,0,0,0,0,0,0,0,0,0,0,0,0,0,0.24,1.34,0,6.16,11.81,0.68,19.3,0,0,2.39,1.3,0,0,0,15.68,16.68,0,0,22.88,4.41,23.88,0,0,0,0,0,0
"Zambia",1986,0.129097718918955,309.07,55.89,0,0,0,0.43,0,0,0,0,0,0,0,0,0,0,0,0,0,0,0.36,1.45,0,10.49,16.62,3.28,34.9,0,0,2.78,13.62,0,0,0,48.58,28.71,0,0,44.42,0.21,47.33,0,0,0,0,0,0
"Zambia",1987,0.112585137004488,288.25,41.68,0,0,0,0.36,0,0,0,0,0,0,0,0,0,0,0,0,0,0,2.3,7.25,0,3.5,26.3,1.56,37.22,0,0,3.31,36.12,0,0,0,29.55,31.94,0,0,25.44,1.61,40.11,0,0,0,0,0,0
"Zambia",1988,0.151031205716681,385.95,114.19,0,0,0,3.13,0.03,0,0,0,0,0,0,0,0,0,0,0,0,0,0.67,5.15,0,11.44,23.84,1.48,52.01,0,0,2.79,39.49,0,0,0,25.78,40.24,0,0,35.78,0.21,29.72,0,0,0,0,0,0
"Zambia",1989,0.127188256138467,280.37,63.02,0,0,0,0.68,0.02,0,0,0,0,0,0,0,0,0,0,0,0,0,0.35,3.56,0,6.41,25.09,1.41,28.26,0,0,3.04,23.11,0,0,0,23.17,34.94,0,0.01,36.14,0.59,30.57,0,0,0,0,0,0
"Zambia",1990,0.288578921409917,664.71,40.11,0,0,0,2.23,0.05,0,0,0,0,0,0,0,0,0,0,0,0,0,0.24,3.74,0,22.08,24.94,21.39,337.91,0,0,3.25,12.26,0,0,0,60.71,55.29,0,0,37.17,0.42,42.92,0,0,0,0,0,0
"Zambia",1991,0.131473579571351,571.06,103.92,0.22,0,0,2.36,0.04,0,0,0,0,0,0,0,0,0,0,0,0,0,1.17,3.11,0,17.34,25.38,20.03,113.07,0,0,3.09,42.22,0,0,0,29.48,51.57,0,0,90,0.93,67.13,0,0,0,0,0,0
"Zambia",1992,0.138778498031297,640.08,126.37,0.22,0.01,0,3.08,0.05,0,0,0,0,0,0,0,0,0,0,0,0,0,0.52,5.88,0,38.59,31.1,14.53,128.96,0,0,3.57,6.28,0,0,0,46.03,50.36,0,0,79.5,2.49,102.53,0,0,0,0.01,0,0
"Zambia",1993,0.173091195846218,541.11,90.86,0.19,0,0,2.68,0.12,0,0,0,0,0,0,0,0,0,0,0,0,0,1.01,2.05,0,15.6,15.16,14.35,175.35,0,0,4.98,76.19,0,0,0,30.22,33.2,0,0,34.47,0.49,44.19,0,0,0,0,0,0
"Zambia",1994,0.145764421424399,450.89,111.18,0.15,0,0,2.2,0.18,0,0,0,0,0,0,0,0,0,0,0,0,0,0.53,12.55,0,17.68,13.08,11.49,73.65,0,0,5.68,2.44,0,0,0,36.6,51.19,0.01,0.06,35.49,0.46,76.24,0,0,0,0.03,0,0
"Zambia",1995,0.151821998104943,439.47,111.66,0.21,0,0,1.16,0.09,0,0,0,0,0,0,0,0,0,0,0,0,0,0.81,2.14,0,25.58,11.89,8.37,70.95,0,0,7.69,5.96,0,0.03,0,41.95,35.13,0,0.02,32.41,0.91,82.51,0,0,0,0,0,0
"Zambia",1996,0.145450685439528,341.5,48.27,0.25,0,0,1.62,0.25,0,0,0,0,0,0,0,0,0,0,0,0,0,0.45,2.79,0,25.75,11.74,2.06,79.65,0,0,9.88,1,0,0,0,26.62,30.57,0,0.02,31.12,0.45,69.01,0,0,0,0,0,0
"Zambia",1997,0.155847864052288,318.75,51.58,0.14,0,0,1.53,0.33,0,0,0,0,0,0,0,0,0,0,0,0,0,0.27,2.43,0,24.01,8.48,3.4,16.94,0,0,10.64,18.78,0,0,0,24.34,37.35,0,0.17,21.32,0.53,96.49,0,0.02,0,0,0,0
"Zambia",1998,0.162059849315706,297.01,36.09,0.05,0,0,0.7,0.12,0,0,0,0,0,0,0,0,0.01,0,0,0,0,0.4,2.56,0,17.94,7.12,10.72,49.97,0,0,9.5,2.34,0,0,0,22.47,32.08,0,0.16,13.88,0.31,90.44,0,0.07,0,0.08,0,0
"Zambia",1999,0.146971988405083,320.37,66.68,0,0,0,0.59,0.24,0,0,0,0.06,0,0,0,0,0.01,0,0,0,0,0.39,2.18,0,25.74,11.85,17.96,64.73,0,0,8.79,0.57,0,0,0,13.47,27.58,0,0.15,15.25,0.32,63.76,0,0.05,0,0,0,0
"Zambia",2000,0.168353053835053,449.36,38.11,0.02,0,0,0.92,0.25,0,0,0,0.08,0,0,0,0,0.01,0,0,0,0,0.33,7.9,0,23.07,3.35,13.23,112.27,0,0,7.77,24.02,0,0,0,51.19,24.79,0,0.14,19.17,0.44,122.13,0,0.04,0,0.13,0,0
"Zambia",2001,0.155732054573428,259.89,54.93,0.05,0,0,0.66,0.11,0,0,0,0.15,0,0,0,0,0.01,0,0,0,0,0.36,2.8,0,22.6,4,7.91,13.81,0.03,0,11.86,0.43,0,0,0,29.64,20.8,0,0.08,17.49,1.08,70.38,0,0.03,0.59,0.09,0,0
"Zambia",2002,0.12884414272983,330.23,71.36,0.09,0,0,0.61,0.28,0,0,0,0.11,0,0,0,0,0.01,0,0,0,0,0.37,2.77,0,32.19,5.32,10.37,44.22,0,0,20.5,0.96,0,0.28,0,35.45,29.05,0,0,19.4,1.09,54.04,0,0.03,1.73,0,0,0
"Zambia",2003,0.236491817348457,524.49,36,0.12,0,0,1.12,0.25,0,0,0,0.35,0,0,0,0,0.02,0,0,0.01,0,2.47,3.39,0,30.21,4.67,2.4,233.16,0,0,20.51,27.46,0,0,0,35.01,35.6,0,0,20.04,0.67,65.89,0,0.01,5.13,0,0,0
"Zambia",2004,0.237340852919033,649.63,21.79,0.02,0,0,0.81,0.57,0,0,0,0.13,0,0,0,0,0.01,0,0,0,0,0.32,3.54,0,45.1,6.07,104.13,36.22,0.11,0,25.44,1.73,0,0,0,53.55,37.36,0,0.94,26.22,0.62,282.56,0,0.01,2.38,0,0,0
"Zambia",2005,0.372030178299028,1281.98,748.09,0.11,0,0,0.27,0.69,0,0,0,0.36,0,0,0,0,0.02,0,0,0,0,0.24,3.52,0.01,48.43,8.82,16.13,118.15,0.11,0,27.58,0.23,0,0,0,55.94,48.97,0,0.2,34.2,1.32,166.32,0,0.04,2.23,0,0,0
"Zambia",2006,0.170603352848375,819.17,31.53,0.21,0,0.01,0.49,0.67,0,0,0,0.87,0,0,0,0,0.03,0,0,0,0,8.43,4.3,0.02,48.66,8.55,85.37,287.54,0.16,0,31.13,51.66,0,0.01,0,55.7,66.22,0,0.35,48.28,0.64,86.77,0,0.02,1.5,0,0,0.05
"Zambia",2007,0.122922631401618,527.51,94.61,1.05,0,0,1.13,0.66,0,0,0,0.41,0,0,0,0,0.06,0,0,0,0,0.08,1.12,0.01,49.91,21.21,1.46,40.68,0.28,0,37.14,0.45,0,0.01,0,71.54,74.42,0,0.93,53.69,0.81,75.71,0,0,0.04,0,0,0.1
"Zambia",2008,0.122810217646826,487.36,37.14,0.68,0,0.01,1.13,1.17,0,0,0,0.96,0,0,0,0,0.4,0,0,0,0,0.04,2.33,0,35.08,16.51,1.59,45.47,0.43,0,43.41,5.86,0,0,0,85.05,73.27,0,1,51.54,0.39,83.84,0,0.03,0,0,0,0.03
"Zambia",2009,0.109585969754253,460,36.64,0.92,0,0,1.49,1.87,0,0,0,1.31,0,0,0,0,0.4,0,0,0,0,0,2.04,0,47.82,24.52,7.73,55.75,0.1,0,38.16,1.95,0,0,0,64.79,62.69,0,11.8,24.23,0.47,73.9,0,0.01,1.4,0,0,0.01
"Zambia",2010,0.126099360461018,362.21,46.13,0.62,0,0,1.95,1.32,0,0,0,0.78,0,0,0,0,0.19,0,0,0,0,0,1.99,0,25.34,21.68,0.84,34.59,0.05,0,33.02,1.39,0,0,0,36.27,54.05,0,0.16,21.86,0.61,79.3,0,0.02,0,0,0.04,0.01
"Zambia",2011,0.127976235289346,427.43,46.46,0.17,0,0,9.09,1.84,0,6.4,0,1.03,0.03,0.01,0,0,0.33,0.06,0,0,0,0.03,1.75,0,43.86,18.81,0.82,39.56,0.04,0,28.75,0.83,0,0,0,21.88,79.14,0,0.06,33.22,0.62,92.6,0,0.03,0,0,0,0.01
"Zambia",2012,0.137280698217554,356.14,47.82,0.58,0,0.01,4,0.88,0,0,0,0.83,0,0,0,0,0.06,0.03,0.63,0,0,0.03,1.49,0,44.23,14.14,0.8,35.41,0.02,0,26.33,0.57,0,0,0,8.49,53.36,0,0.04,31.21,0.81,84.3,0,0.03,0,0,0,0.04
"Zambia",2013,0.120310157587825,448.69,66.6,0.28,0,0.01,7.07,0.42,0,0,0,0.79,0,0,0,0,0.13,0,33.05,0,0,0.03,1.44,0,30.1,40.57,0.61,35.85,0,0,26.28,1.1,0,0,0,7.1,51.36,0,0.01,50.5,0.66,94.19,0,0.01,0,0,0.01,0.52
"Zambia",2014,0.169077847607237,448.65,50.12,0.13,0,0.01,3.3,0.32,0,0,0,0.67,0,0,0,0,0.07,0,0,0,0,0.02,1.15,0,42.37,28.64,25.32,38.18,0,0,23.24,0.38,0,0.15,0,0.04,31.04,0,0,52.16,0.56,150.23,0,0.01,0,0,0.01,0.53
"Zambia",2015,0.145802751911118,301.09,24.34,0.25,0,0.02,2.93,0.17,0,0,0,0.6,0,0,0,0,0.05,0,0,0,0,0.03,1.29,0,18.96,15.89,29.15,31.99,0,0,19.29,0.51,0,0,0,0.01,22.42,0,0,51.22,0.47,81.43,0,0,0,0,0,0.07
"Zambia",2016,0.161706740510507,279.12,38.95,0.37,0,0.01,1.3,0.5,0,0,0,0.9,0.01,0,0,0,0.01,0,0,0,0,0.03,1.65,0,1.63,10.98,41.91,27.44,0,0,12.47,1.03,0,0.09,0,0,14.67,0,0.01,44.44,0.3,78.06,0,0,0,1.56,0.32,0.48
"Zambia",2017,0.160397920985206,254.54,25.35,3.96,0,0.03,3.79,1.34,0,0,0,1.69,0,0,0,0,0.03,0,0,0,0,0.3,1.26,0,2.19,10.9,7.54,32.85,0,0,13.78,0.57,0,0.29,0,0,12.88,0,0.01,58.08,0.47,68.33,0,0,7.3,0,0.33,1.27
"Zambia",2018,0.190798261000811,223.58,34.87,0,0,0,2.14,1.52,0,0,0,2.14,0,0,0,0,0.03,0.17,0,0,0,0.31,1.41,0,0.72,6.77,0.44,42.53,0.01,0,7.17,1.17,0,0.37,0,0,10.48,0,0.03,64.16,0.27,46.62,0,0.13,0,0,0,0.12
"Zambia",2019,0.199497166899631,262.33,46.45,0,0,0,1.3,1.13,0,0,0,2.87,0,0,0,0,0.1,0,0,0,0,0.25,1.34,0,0.13,9.41,3.24,37.15,0,0,7.42,0.4,0,0.21,0,0,8.69,0,0.01,66.14,0.66,74.65,0,0,0,0,0,0.78
"Zambia",2020,0.213714479583627,231.08,20.25,0,0,0,1.24,1.09,0,0,0,3.36,0,0.01,0,0,0.07,0.38,0,0,0,0.13,1.46,0,2.07,2.88,1.14,61.17,0,0,6.79,0.91,0,0.48,0,0,6.9,0,0.02,62.34,0.82,56.99,0,0.02,0,0,0,0.56
"Zambia",2021,0.177476540829777,219.47,26.46,0,0,0,2.66,0.92,0,0,0,3.46,0,0.02,0,0,0.03,0,0,0,0,0.17,1.5,0,1.97,4.5,11.77,47.51,0,0,5.88,0.69,0.47,0.38,0,0,5.93,0,3.15,62.04,0.74,38.42,0,0.12,0,0,0.3,0.38
"Zambia",2022,0.157868670174537,435.367472,33.434288,1.568716,0,0.062518,1.88261,1.305328,0,0,0.110184,9.216234,0,0,0.056306,0,0.160548,0.008972,0,0,0,0.249116,2.587768,0,5.166265,10.420001,48.926797,123.77964,0,0.046584,13.767086,8.746136,2.83544,0.945622,0.005542,0,18.027337,0,6.72441,86.329904,6.302068,52.129036,0,0.044458,0,0,0.067086,0.461472
"Zambia",2023,0.153912165968479,392.724178,51.67105,1.625104,0,0,4.438584,1.032498,0.006138,0,0.045144,6.749668,0,0,0.124154,0,0.412442,0.001594,0,0,0,0.790832,2.630462,0,4.07335,9.372514,36.943452,100.953954,0,0,14.974978,2.045312,2.958108,0.967374,0.02191,0,15.11163,0.012634,0.099836,79.484752,5.230388,50.185094,0,0.09322,0,0,0,0.668002
"Zambia",2024,0.184127356708463,450.052681,58.892336,4.670866,0,0.002896,4.923385,0.110842,0.005844,0,0.07894,9.67378,0,0.158038,0.0601,0,0.245468,0.00599,0,0,0.310332,0.41099,2.641776,0.008468,3.420791,4.058578,0,98.03335,0,0,20.94372,0.960432,3.282534,0.651336,0.003532,0,6.345994,0,0.090566,93.778951,13.697304,120.688426,0,0.2372,0,0,1.170662,0.489254
"Zimbabwe",1980,0.431359128633297,126.57,0.09,0,0,0,2.33,0.06,0,0,0,0,0,0,0,0,0,0,0,0,0,0.04,0,0,0.89,0.29,0.95,8.15,0,0,0,2.67,0,0,0,7.7,4.52,0,0,11.47,1.22,81.19,0,0,0,5,0,0
"Zimbabwe",1981,0.171280251705748,108.13,3.35,0,0,0,2.61,0.3,0,0,0,0,0,0,0,0,0,0,0,0,0,0.07,2.95,0,5.38,0.09,0.29,21.27,0,0,0.05,4.38,0,0,0,8.32,7.14,0,0,11,1.18,34.75,0,0,0,5,0,0
"Zimbabwe",1982,0.156349931737255,166.47,6.37,0,0,0,1.94,0.05,0,0,0,0,0,0,0,0,0,0,0,0,0,0.64,0.25,0,5.71,2.42,8.36,22.95,0,0,0.29,1.62,0,0,0,14.27,8.7,0,0,10.11,2.18,37.57,0,0,43.04,0,0,0
"Zimbabwe",1983,0.145615609076459,125.44,10.68,0,0,0,2.58,0.04,0,0,0,0,0,0,0,0,0,0,0,0,0,0.49,0.56,0,4.18,1.43,8.83,34.07,0,0,0.24,3.66,0,0,0,9.64,8.6,0,0,15.26,2.89,22.14,0,0,0.15,0,0,0
"Zimbabwe",1984,0.109143434828961,162.08,17.67,0,0,0,4.24,0.03,0,0,0,0,0,0,0,0,0,0,0,0,0,0.6,0.25,0,10.95,1.86,6.66,26.62,0,0,0.25,17.04,0,0,0,22.59,13.68,0,0,19.44,2.4,16.97,0,0,0,0.83,0,0
"Zimbabwe",1985,0.126590849426467,142.19,8.54,0,0,0,4.12,0.01,0,0,0,0,0,0,0,0,0,0,0,0,0,0.51,0.53,0,5.96,4.46,5.28,27.72,0,0,0.35,7.47,0,0,0,17.73,8.33,0,0,23.53,2.16,24.88,0,0,0.51,0.1,0,0
"Zimbabwe",1986,0.143835675135653,155.53,4.34,0,0,0,1.75,0.03,0,0,0,0,0,0,0,0,0,0,0,0,0,0.54,1.56,0,9.53,4.29,5.11,41.82,0,0,0.65,5.16,0,0,0,24.16,16.35,0,0,20.85,3.47,15.67,0,0,0.25,0,0,0
"Zimbabwe",1987,0.123847997450062,226.9,8.82,0,0,0,0.81,0.12,0,0,0,0,0,0,0,0,0,0,0,0,0,0.28,0.99,0,8.17,7.13,14.67,46.25,0,0,1.11,26.72,0,0,0,35.29,22.02,0,0,32.91,0.95,16.73,0,0,3.93,0,0,0
"Zimbabwe",1988,0.120884192908105,212.52,26.14,0,0,0,1.35,0,0,0,0,0,0,0,0,0,0,0,0,0,0,0.29,1.23,0,12.37,3.33,10.98,42.08,0,0,0.58,12.7,0,0,0,21.97,23.72,0,0,23.09,1.23,31.24,0,0,0.22,0,0,0
"Zimbabwe",1989,0.0973259592499599,195.05,20.37,0,0,0,8.73,0.09,0,0,0,0,0,0,0,0,0,0,0,0,0,0.47,0.55,0,19.54,9.75,10.9,29.26,0,0,0.48,11.44,0,0,0,18.49,17.28,0,0.03,21.78,1.62,22.53,0,0,0,1.74,0,0
"Zimbabwe",1990,0.0979213834245382,279.47,25.78,0,0,0,10.55,0.16,0,0,0,0,0,0,0,0,0,0,0,0,0,9.41,1.03,0,14.55,10.71,17.33,52.05,0,0,0.51,7.53,0,0,0,26.12,24.12,0,0.05,36.35,4.94,25.87,0,0,10.3,2.11,0,0
"Zimbabwe",1991,0.130467198964461,323.65,43.86,0.03,0,0,3.52,0.15,0,0,0,0,0,0,0,0,0,0,0,0,0,0.79,2.33,0,13.25,12.14,18.18,52.13,0,0,0.4,12.23,0,0,0,16.9,21.7,0,0,36.06,10.45,77.69,0,0,0.87,0.97,0,0
"Zimbabwe",1992,0.113295729268519,434.65,51.51,0.01,0,0,11.73,0.17,0,0,0,0,0,0,0,0,0,0,0,0,0,1.62,6.38,0,27.02,10.45,13.9,63.62,0,0,0.58,14.37,0,0,0,45.96,27.58,0.08,6.78,64.55,9.46,78.15,0,0,0.4,0.33,0,0
"Zimbabwe",1993,0.11509909897209,291.75,30.91,0,0,0,5.32,0.32,0,0,0,0,0,0,0,0,0,0,0,0,0,3.28,5.53,0,28.79,10.57,7.73,67.98,0,0,0.6,12.82,0,0.18,0,30.52,15.1,0,6.02,35.79,5.84,21.61,0,0,2.78,0.04,0,0.02
"Zimbabwe",1994,0.106806868015108,249.15,28.61,0.02,0.05,0,3.66,0.3,0,0,0,0,0,0,0,0,0,0,0,0,0,0.48,2.27,0,26.52,2.6,12.14,25.9,0,0,0.84,12.98,0,0.23,0,30.91,17.32,0.14,0.05,33.95,9.22,40.02,0,0,0.72,0.22,0,0
"Zimbabwe",1995,0.12434932548941,413.02,68.83,0.06,0,0,3.68,0.29,0,0,0,0,0,0,0,0,0,0,0,0,0,1.94,3.48,0,76.85,10.03,13.11,52.19,0,0,2.21,9.6,0,0.02,0,61.55,18.11,0.13,0.36,28.98,13.55,48.02,0,0,0,0.03,0,0
"Zimbabwe",1996,0.111419380529585,288.48,49.48,0.09,0,0,2.34,0.32,0,0,0,0,0,0,0,0,0,0,0,0,0,1.11,3.52,0,20.45,8.18,9.6,41.75,0,0,2.12,18.07,0,0,0,41.09,19.51,0.2,1.1,35.94,5.2,27.64,0,0,0.77,0,0,0
"Zimbabwe",1997,0.126011098867288,220.45,41.16,0.06,0,0,3.41,0.37,0,0,0,0,0,0,0,0,0,0,0,0,0,1.86,2.84,0,19.8,3.49,2.45,43.23,0,0,2.63,7.56,0,0,0,25.63,15.87,0.13,0.55,22.9,0.73,25.08,0,0.15,0.55,0,0,0
"Zimbabwe",1998,0.114260626735896,228.7,29.06,0.06,0,0,2.48,0.4,0,0,0,0,0,0,0,0,0.05,0,0,0,0,2.73,4.55,0,23.3,2.46,2.75,30.43,0.02,0,2.41,10.29,0,0,0,29.85,13.84,0.01,6.99,19.74,0.64,44.47,0,0.17,2,0,0,0
"Zimbabwe",1999,0.181487075124033,229.67,81.73,0.01,0,0,3.04,0.36,0,0,0,0,0,0,0,0,0.03,0,0,0,0,1.67,4.35,0,28.57,1.74,3.92,19.34,0.02,0,1.7,1.16,0,0,0,15.1,13.33,0.07,3.55,19.11,0.26,29.41,0,0.36,0.84,0,0,0
"Zimbabwe",2000,0.173203312047374,179.8,62.37,0.05,0,0,3.66,0.28,0,0,0,0,0,0,0,0,0.02,0,0,0,0,1.45,4.34,0,22.45,1.68,3.37,13.15,0.01,0,1.6,2.39,0,0,0,11.85,9.77,0.24,1.25,14.79,0.37,22.72,0,0.29,1.69,0,0,0.01
"Zimbabwe",2001,0.136123317689936,131.91,29.01,0.05,0,0,2.63,0.41,0,0,0,0,0,0,0,0,0.01,0,0,0,0,0.81,2.86,0,18.04,1.2,2.15,10.33,0.02,0,1.14,1.74,0,0,0,23.51,10.21,0.14,0.26,8.22,0.34,18.54,0,0.26,0.03,0,0,0
"Zimbabwe",2002,0.134613708510962,128.68,23.64,0.2,0,0,3.39,0.35,0,0,0,0.01,0,0,0,0,0.02,0,0,0,0,0.72,3.37,0,5.55,0.67,3.23,10.33,0.02,0,3.25,2.09,0,0.11,0,22.33,7.19,0.03,0.27,8.26,1.09,29.22,0,0.24,3.1,0,0,0
"Zimbabwe",2003,0.274334501291932,119.6,5.01,0.11,0,0,1.5,0.76,0,0,0,0.1,0,0,0,0,0.02,0,0,0,0,0.81,2.75,0,2.07,0.28,5.16,11.86,0.06,0,4.27,1.12,0,0.15,0,6.68,6.85,0,0.04,10.13,0.59,59.18,0,0.1,0,0,0,0
"Zimbabwe",2004,0.205507572168602,124.48,3.56,0.17,0,0,0.53,0.84,0,0,0,0.05,0,0,0,0,0.03,0,0,0,0,0,3.65,0,3.57,1.32,3.14,15.69,0.23,0,5.49,1.44,0,0.02,0,12.44,8.1,0,0.16,12.88,1.48,49.66,0,0.03,0,0,0,0
"Zimbabwe",2005,0.175051718295221,133.01,4.09,0.08,0,0,0.78,1.16,0,0,0,0,0,0,0,0,0.04,0,0,0,0,0.41,3.69,0,7.52,0.02,3.64,13.5,0.45,0,5.17,1.07,0,0.01,0,13.6,13.56,0,0.77,15.09,1.61,46.74,0,0.01,0,0,0,0
"Zimbabwe",2006,0.233039825475837,156.76,6.54,0.16,0,0,4.15,0.75,0,0,0,0,0,0,0,0,0,0,0,0,0,1.11,2.89,0.01,6.72,0.32,3.57,9.93,0.25,0,10.71,2.16,0,0.03,0,7.41,11.21,0.01,0.25,17.81,0.89,69.87,0,0.01,0,0,0,0
"Zimbabwe",2007,0.218032452603196,219.82,11.71,0.41,0,0,3.7,0.56,0,0,0,0,0,0,0,0.01,0.04,0,0,0,0,1.75,1.65,0.01,10.95,0.27,15.45,19.45,0.56,0,13.25,2.13,0,1.04,0,7.07,12.62,0.04,0.7,19.71,2.63,94.1,0,0,0,0,0,0.01
"Zimbabwe",2008,0.140927061085916,288.7,9.97,2.13,0,0.02,20.22,3.18,0,0,0,0.29,0,0,0,0,0.05,0,0,0,0.01,1.38,3.19,0,16.89,1.15,7.39,24.85,1.68,0,15.25,2.82,0,2.1,0,29.75,20.94,0.05,4.79,25.74,5.62,89.24,0,0,0,0,0,0
"Zimbabwe",2009,0.149576403443435,342.81,12.38,1.17,0,0.03,29.79,0.91,0,0,0,0.16,0,0,0,0,0.13,0,0,0,0.01,0.68,5.65,0.03,27.95,5.07,4.61,34.71,0.46,0,8.74,2.04,0,2.47,0,22.34,28.93,0.13,8.16,29.37,6.96,109.86,0,0.05,0,0,0.01,0.01
"Zimbabwe",2010,0.153012357068206,341.49,18.92,2.06,0,0.01,44.77,4.13,0,0,0,0.24,0,0,0,0,0.02,0,0,0,0,0.52,1.68,0,27.4,8.98,3.03,33.08,0.28,0,6.55,1.42,0,0,0,14.82,24.47,0.06,3.62,30.37,6.95,108.05,0,0.03,0,0,0.02,0.01
"Zimbabwe",2011,0.128515263608787,347.31,18.37,0.79,0,0,47.55,0.67,0,0,0,0.27,0,0,0,0,0,0.01,0,0,0,0.62,1.5,0.02,30.41,2.85,1.82,58.5,0.26,0,10.06,1.17,0,0,0,14.41,22.56,0.06,5.31,38.58,13.95,77.53,0,0.03,0,0,0,0.01
"Zimbabwe",2012,0.254124281434394,477.78,21.82,1.46,0,0,51.95,0.47,0,0,0,0.19,0,0,0,0,0,0.03,0.06,0,0,0.12,1.52,0,21.81,0.99,2.18,56.73,0.2,0,7.87,0.04,0,0,0,5.67,27.27,0.06,0.11,39.76,17.41,220.02,0,0,0,0,0.02,0.02
"Zimbabwe",2013,0.228755033877348,381.66,12.42,2.76,0,0.01,35.77,0.37,0,0,0,0.21,0,0,0,0,0,0.02,0,0,0,0.17,1.58,0,24.52,0.97,2.91,31.83,0.06,0,8.59,0.46,0,0,0,1.09,34.1,0.12,0.72,38.27,19.53,164.83,0,0,0,0,0.01,0.34
"Zimbabwe",2014,0.269241146198354,355.31,5.18,4.24,0,0,15.04,0.4,0,0,0,0.08,0,0,0,0,0,0.02,0,0,0,0.35,3.86,0,32.42,0.48,2.65,35.59,0.05,0,8.81,0.19,0,0,0,2,21.48,0.08,0.22,34.85,15.38,171.42,0,0,0,0,0.01,0.51
"Zimbabwe",2015,0.277768981807287,290.35,6.68,2.52,0,0.06,8.15,0.26,0,0,0,0.07,0,0,0,0,0.02,0.04,0,0,0,0.36,2.19,0,26.79,0.41,1.82,28.32,0.02,0,7.23,0.57,0,0.11,0,1.55,16.58,0.05,0.25,32.21,11.72,142.36,0,0.01,0,0,0,0
"Zimbabwe",2016,0.285558884318629,271.16,15.05,1.94,0,0.01,3.23,0.21,0,0,0,0.08,0,0.01,0,0,0.03,0.02,1.5,0,0,0.19,3.48,0,9.73,0.62,1.71,36.94,0,0,6.97,0.17,0,0,0,4.98,10.84,0.07,0.24,30.05,7.68,134.63,0,0,0,0,0,0.78
"Zimbabwe",2017,0.283643535193839,247.76,14.84,1.35,0,0.03,2.42,0.43,0,0,0,0.05,0,0.02,0,0,0.09,0.02,0,0,0,0.38,1.18,0,0.47,0.65,2.05,30.25,0.01,0,7.55,0.13,0,0,0,4.4,10.67,0.07,0.17,37.62,10.85,120.57,0,0,0,0,0.28,1.21
"Zimbabwe",2018,0.294834717084512,289.75,12.84,0,0,0,1.55,0.37,0,0,0,0.12,0,0,0,0,0.4,0.08,0,0,0,0.39,0.79,0,0,0.62,1.83,48.64,0.01,0,7.17,0.27,0,0,0.01,1.74,11.74,0.05,0.33,46.73,13.19,140.23,0,0,0,0,0.59,0.06
"Zimbabwe",2019,0.294764162392851,297.39,23.55,0,0,0,2.47,0.31,0,0,0,0.1,0,0.03,0,0,0.83,0.01,0,0,0,0.48,0.71,0,0,0.35,2.58,30.23,0.02,0,7.42,0.68,0,0,0.01,2.37,8.84,0.07,0.39,56.5,10.7,145.37,0,0.03,0,0,2.7,0.64
"Zimbabwe",2020,0.257399743157426,303.77,31.52,0,0,0,1.21,0.28,0,0,0,0.04,0,0.05,0,0,0.94,0.01,0,0,0,0.32,0.77,0,7.89,1.09,4.24,39.27,0,0.33,6.79,0.24,0,0,0,1.86,7.6,0.08,0.14,51.78,10.39,135.03,0,0.04,0,0,1.26,0.6
"Zimbabwe",2021,0.19833768270254,223.73,17.62,0,0,0,2.92,0.13,0,0,0,0.03,0,0.06,0,0,0.87,0.01,0,0,0,0.25,0.8,0,4.32,0.44,5.68,44.08,0.02,0,5.88,0.26,0.64,0,0,1.77,5.66,0.05,0.13,48.26,11.64,71.26,0,0.03,0.39,0,0,0.53
"Zimbabwe",2022,0.156114393219126,373.665269,16.884208,3.007458,0,0.006762,6.463543,0,0,0,0,0.03037,0,0,0,0,1.965012,0.04631,0,0,0,0.69516,0.692648,0,9.362303,2.547062,15.411709,69.445195,0.04594,0.325902,25.542998,5.898261,2.058298,0,0.005224,4.43958,9.812106,0.128588,0.993328,67.952648,26.210966,100.929503,0,0.11244,0.882603,0,1.269594,0.49955
"Zimbabwe",2023,0.143728199217659,302.822656,25.563346,4.451274,0,0,8.443264,0.076904,0.00307,0,0,0.004772,0,0,0.059942,0.001908,0.048932,0.13994,0,0,0,0.286948,0.662132,0,7.368336,3.451662,12.638185,34.708084,0,0,23.03462,1.228214,1.186362,0,0,3.759208,13.620537,0.154048,1.152594,67.928395,19.439232,72.643903,0,0.005424,0,0,0,0.76142
"Zimbabwe",2024,0.146889947413449,330.106875,26.142408,17.110258,0,0,5.739349,0.114538,0.002922,0,0,0,0,0,0.0601,0.000858,0.014484,0.121116,0,0,0,0.450934,0.239838,0.06351,6.49239,2.835538,12.635196,31.826932,0.015038,0,23.956442,3.733,0.679896,0.016746,0.00953,3.04908,11.42949,0.149416,1.343372,63.820246,24.929428,91.366006,0.02936,0,0,0,0.293768,1.435686
