"COUNTRY","YEAR","HHI","ODAGTOT200_501","ODAG201","ODAG204","ODAG205","ODAG249","ODAG260","ODAG266","ODAG281","ODAG304","ODAG305","ODAG306","ODAG308","ODAG310","ODAG311","ODAG312","ODAG313","ODAG315","ODAG316","ODAG317","ODAG318","ODAG351","ODAG352","ODAG353","ODAG355","ODAG356","ODAG357","ODAG358","ODAG359","ODAG360","ODAG361","ODAG362","ODAG363","ODAG364","ODAG365","ODAG367","ODAG368","ODAG369","ODAG371","ODAG372","ODAG373","ODAG375","ODAG400","ODAG404","ODAG406","ODAG411","ODAG414","ODAG416","ODAG500","ODAG501"
"Algeria",1962,0.826169161560226,403.41,0,0,0,0,0,0,0,0,0,0,0,0,0,0,0,0,0,0,0,0,0,0,0,0,364.7,0.6,0,0,0,0,0,0,0,0,0,0,0,0.11,0,0,0,0,0,0,0,0,0,38
"Algeria",1963,0.754239538223237,279.86,0,0,0,0,0,0,0,0,0,0,0,0,0,0,0,0,0,0,0,0,0,0,0,0,239.9,0.29,0,0,0,0,0,0,0,0,0.31,0,0,0.24,0.12,0,0,0,0,0,0,0,0,39
"Algeria",1964,0.688513651774637,229.72,0,0,0,0,0,0,0,0,0,0,0,0,0,0,0,0,0,0,0,0,0,0,0,0,185.7,0.39,0,0,0,0.13,0,0,0,0,0.1,0,0,0.21,0.18,0.01,0,0,0,0,0,0,0,43
"Algeria",1965,0.886107896969026,148.51,0,0,0,0,0,0,0,0,0,0,0,0,0,0,0,0,0,0,0,0,0,0,0,0,139.6,0.91,0,0,0,0.13,0,0,0,0,0,0,0,0.3,0.2,0.01,0,0,0,0,0,0,0,7.36
"Algeria",1966,0.661911938377407,131.76,0,0,0,0,0,0,0,0,0,0,0,0,0,0,0,0,0,0,0,0.01,0,0,0,0,103.7,0.64,0,0,0,0,0,0,0,0,0.06,0,0,0,0.16,0,0,0,0,0,0,0,0.04,27.15
"Algeria",1967,0.732965537060737,108.45,0.01,0,0,0,0,0,0,0,0,0,0,0,0,0,0,0,0,0,0,1.4,0.12,0,0,0,92,0.94,0,0,0,0.1,0,0,0,0,0.06,0,0,0.05,0.2,0,0,0,0,0,0,0,1.23,12.34
"Algeria",1968,0.906137988765185,122.86,0.02,0,0,0,0,0,0,0,0,0,0,0,0,0,0,0,0,0,0,0,0.14,0,0,0,116.9,1.39,0,0,0,0.06,0,0,0,0,0.04,0,0,0.01,0.43,0,0,0,0,0,0,0,3.06,0.81
"Algeria",1969,0.916019117263044,123.65,0.01,0,0,0,0,0,0,0,0,0,0,0,0,0,0,0,0,0,0,0,0.13,0,0.01,0,118.3,0.94,0,0,0,0.1,0,0,0,0,0,0,0,0.17,0.46,0.01,0,0,0,0,0,0,0.52,3
"Algeria",1970,0.825467258245834,116.72,0.02,0,0,0,0,0,0,0,0,0,0,0,0,0,0,0,0,0,0,0.01,0.17,0,0,0,105.8,1.13,0,0,0,1.34,0,0,0,0,0.14,0,0,0.01,0.1,0.07,0,0,0,0,0,0,6.93,1
"Algeria",1971,0.715650802949116,110.49,0.02,0,0,0,0,0,0,0,0,0,0,0,0,0,0,0,0,0,0,3.03,0.33,0,0.07,0.01,92.9,0.84,0,0,0,8.89,0,0,0,0.03,0,0,0,0,0.15,0.07,0,0,0,0,0,0,4.15,0
"Algeria",1972,0.840845583264902,101.12,0.05,0,0,0,0,0,0,0,0,0,0,0,0,0,0,0,0,0,0,0,0.41,0,0.01,0.02,92.57,2.21,0,0,0,0.3,0,0,0,0.08,0.11,0,0,0,0.16,0.37,0,0,0,0,0,0,4.83,0
"Algeria",1973,0.627229474488839,115.76,0.09,0,0,0,0,0,0,0,0,0,0,0,0,0,0,0,0,0,0,0,0.9,0,0.04,0.03,90.23,3.83,0,0,0,0.35,0,0,0,0.07,0.11,0,0,0,0.23,0.61,0,0,0,0,15.2,0,4.07,0
"Algeria",1974,0.476333110954972,109.69,0.1,0,0,0,0,0,0,0,0,0,0,0,0,0,0,0,0,0,0,0.02,1.04,0,0.51,0.03,71.82,21.55,0,0,0,0.3,0,0,0,3.27,0.34,0,0,0,0.18,0.74,0,0,0,0,0,0,9.79,0
"Algeria",1975,0.379484852328685,165.57,0.19,0,0,0,0,0,0,0,0,0,0,0,0,0,0,0,0,0,0,0.03,1.54,0,2.57,0.04,87.19,16.44,0,0,0,1.27,0,0,0,0.06,0.57,0,0,0.48,0.04,0.82,0,0,0,0,50,0,4.33,0
"Algeria",1976,0.393936011143459,138.21,3.29,0,0,0,0,0,0,0,0,0,0,0,0,0,0,0,0,0,0,0.7,1.95,0,0.3,0,76.57,38.45,0,0,0,1.27,0,0,0,0.45,0.57,0,0,0,0.25,0.57,0,0,0,0,1,0,12.84,0
"Algeria",1977,0.416459053022083,123.36,14.25,0,0,0,0,0,0,0,0,0,0,0,0,0,0,0,0,0,0,0.09,2.07,0,0.08,0,73.4,26.95,0,0,0,1.53,0,0,0,0.06,0.14,0,0,0.66,0.15,0.32,0,0,0,0,0,0,3.66,0
"Algeria",1978,0.417128563320826,133.14,19.53,0,0,0,0.02,0,0,0,0,0,0,0,0,0,0,0,0,0,0,0.18,2.23,0,0.03,0,78.47,29.1,0,0,0,1.05,0,0,0,0,0.16,0,0,0.95,0.12,0.17,0,0,0,0,0,0,1.13,0
"Algeria",1979,0.624950898617211,110.8,5.99,0,0,0,0.02,0,0,0,0,0,0,0,0,0,0,0,0,0,0,0.17,3.41,0,0.05,0,86.71,10.02,0,0,0,1.62,0,0,0,0.21,0,0,0,1.56,0.16,0.11,0,0,0,0,0,0,0.77,0
"Algeria",1980,0.316166458560655,172.75,4.82,0,0,0,0.12,0,0,0,0,0,0,0,0,0,0,0,0,0,0,0.5,4.12,0,0.18,0,89.35,28.62,0,0,0,1.09,0,0,0,0.61,0.3,0,0,2.36,0.47,0.78,0,0,6.39,15,17.84,0,0.2,0
"Algeria",1981,0.372992918464057,159.16,3.62,0,0,0,0.01,0,0,0,0,0,0,0,0,0,0,0,0,0,0,63.73,5.13,0,0,0.23,72.85,3.93,0,0,0,4.18,0,0,0,0.12,0.96,0,0,1.48,1.78,0,0,0,0,0,0,0,1.14,0
"Algeria",1982,0.381600894700148,142.43,0.59,0,0,0,0.04,0,0,0,0,0,0,0,0,0,0,0,0,0,0,68.26,2.89,0,0,0,54.75,4.34,0,0,0,6.74,0,0,0,1.26,0,0,0,0.13,0.32,0.01,0,0,0,0,0,0,3.1,0
"Algeria",1983,0.32158288404516,99.81,1.68,0,0,0,0.03,0,0,0,0,0,0,0,0,0,0,0,0,0,0,20.98,2.3,0,0,0,48.79,3.33,0,0,0,0.93,0,0,0,0.79,0,0,0,1.89,0.07,0.06,0,0,0.02,0,0,0,18.94,0
"Algeria",1984,0.392749874965023,125.62,2.82,0,0,0,0,0,0,0,0,0,0,0,0,0,0,0,0,0,0,63.02,1.86,0,0,0,46.57,3.62,0,0,0,1.09,0,0,0,0.12,0.02,0,0,0.42,0.45,0.02,0,0,0.01,0,0,0,5.6,0
"Algeria",1985,0.408377542753338,166.63,1.62,0,0,0,0.05,0,0,0,0,0,0,0,0,0,0,0,0,0,0,96.51,1.43,0,0,0,43.5,3.4,0,0,0,1.31,0,0,0,0.02,1.18,0,0,1.91,0.43,0.12,0,0,0.01,9.1,0,0,5.04,1
"Algeria",1986,0.278385241238272,170.75,0.9,0,0,0,0,0,0,0,0,0,0,0,0,0,0,0,0,0,0,63.36,1.52,0,0.33,0.27,56.35,5.09,0,0,0,1.26,0,0,0,0,0,0,0,10.54,0.09,0.25,0,0,0.01,27.86,0,0,2.92,0
"Algeria",1987,0.254779834924835,224.52,0.37,0,0,0,0,0,0,0,0,0,0,0,0,0,0,0,0,0,0,70.08,1.95,0,0.01,0,70.1,8.34,0,0,0,1.96,0,0,0,0,0.06,0,0,16.33,0.33,0.34,0,0,0,51.62,0,0,3.03,0
"Algeria",1988,0.238031355917211,172.97,1.31,0,0,0,0,0,0,0,0,0,0,0,0,0,0,0,0,0,0,38.88,1.95,0,0,0,65.98,17.23,0,0,0,1.42,0,0,0,0,0.01,0,0.8,14.17,0.34,0.83,0,0,0,27.24,0,0,2.81,0
"Algeria",1989,0.25085121146164,150.86,1.7,0.01,0,0,0,0,0,0,0,0,0,0,0,0,0,0,0,0,0,27.68,1.11,0,0,0.01,63.79,11.8,0,0,0,3.04,0,0,0,0.04,0,0,6.1,4.62,0.67,0.8,0,0,0,25.39,0,0,4.1,0
"Algeria",1990,0.268081358275404,282.05,4.59,0,0,0,0,0,0,0,0,0,0,0,0,0,0,0,0,0,0,33.17,2.27,0,0,0.06,131.17,15.43,0,0,0,9.27,0,0,0,1.9,0.06,0,46.43,19.24,0.51,0.66,0,0,3.08,10.96,0,0,3.25,0
"Algeria",1991,0.305989742216149,346.36,6.58,0,0,0,0,0,0,0,0,0,0,0,0,0,0,0,0,0,0,46.17,30.43,0,0,0.4,177.69,9.6,0,0,0,28.64,0,0,0,0.03,0,0,32.55,1.68,3.36,0.8,0,0,0,1.86,0,0,6.57,0
"Algeria",1992,0.32805709809917,431,7.61,0.03,0,0,0,0,0,0,0,0,0,0,0,0,0,0,0,0,0,54.09,14.04,0,0,0.23,227.6,33.34,0,0,0,15.42,0,0,0,0.01,0,0,67.63,2.23,0.65,0.59,0,0,0,4.21,0,0,3.32,0
"Algeria",1993,0.40786127672547,330.47,4.36,0.11,0,0,0,0,0,0,0,0,0,0,0,0,0,0,0,0,0,33.53,4.55,0,0,0.11,203.09,14.46,0,0,0,26.26,0,0,0,0.16,0,0.04,34.83,0.95,0.84,0.5,0,0,0.02,0.8,0,0.01,3.85,2
"Algeria",1994,0.352366542939521,389.43,2,0.03,0,0,0,0,0,0,0,0,0,0,0,0,0,0,0,0,0,74.42,1.41,0,0,0,209.5,15.01,0,0,0,22.6,0,0,0,0.12,0.08,0,57.09,1.37,0.75,0.22,0,0,1.06,1.26,0,0,1.51,1
"Algeria",1995,0.458760356931529,280.24,2.21,0.08,0,0,0,0,0,0,0,0,0,0,0,0,0,0,0,0,0,2.87,6.59,0,0,0,184.57,27.1,0,0,0,17.76,0,0,0,0.39,0.16,0.61,28.77,2.96,0.67,0.29,0,0,0,4.17,0,0,1.04,0
"Algeria",1996,0.561035966144704,328.51,0.9,0,0,0,0,0,0,0,0,0,0,0,0,0,0,0,0,0,0,1,11.69,0,0,0.01,243.12,16.59,0,0,0,27.03,0,0,0,1.14,0.15,0.08,6.24,3.03,0.6,0.1,0,0,0,15.6,0,0,1.23,0
"Algeria",1997,0.450611905445615,212.78,2.07,0.01,0,0,0,0,0,0,0,0,0,0,0,0,0,0,0,0,0,0.37,4.45,0,0,0.01,139.5,13.52,0.05,0,0,14.96,0,0.05,0,1.83,0.1,0.09,15.78,0.74,0.4,0.11,0,0,1.49,15.92,0,0,1.33,0
"Algeria",1998,0.388588734401574,196.55,0.48,0.02,0,0,0,0,0,0,0,0,0,0,0,0,0.02,0,0,0,0,0.88,3.9,0,0,0,118.58,14.25,0.15,0,0,7.42,0,0,0,0.57,1.45,0.08,18.2,2.81,0.79,0.16,0,0,4.04,17.25,4.35,0,1.15,0
"Algeria",1999,0.304237772019523,152.27,0.8,0,0,0,0,0,0,0,0,0,0,0,0,0,0.01,0,0,0,0,0.97,5.49,0,0,0.05,79.11,11.63,0.01,0,0,2.37,0,0,0,0.35,0.95,0.08,11.56,1.95,1.36,0.05,0,0,2.19,15.99,14.68,0,2.61,0.06
"Algeria",2000,0.242140488183176,178.23,0.94,0.03,0,0,0,0,0,0,0,0,0,0,0,0,0.04,0,0,0,0,0.2,1.1,0,0,0.08,66.3,10.29,0.01,0,0,4.41,0,0,0,0.06,1.05,0.08,16.87,0.2,0.97,0,0,0,3.13,49.62,20.06,0.03,2.76,0
"Algeria",2001,0.293793767165396,136.61,0.99,0.07,0,0,0,0,0,0,0,0.09,0,0,0,0,0.03,0,0,0,0,0.19,5.71,0,0,0.18,69.31,9.07,0,0,0,2.28,0,0.11,0,0.51,2.11,0.06,12.09,1.7,0.82,0.22,0,0,1.64,14.18,14.1,0.07,0.85,0.23
"Algeria",2002,0.366631756455127,172.85,0.7,0.31,0,0,0,0.01,0,0,0,0.02,0,0,0,0,0.03,0,0,0.01,0,0.42,1.31,0,0,0.19,97.2,9.65,0.05,0,0,11.51,0,0,0,0.35,3.23,0.01,35,0.68,0.74,0,0,0,2.83,0,1.06,0.01,2.37,5.16
"Algeria",2003,0.412239373951101,219.48,1.19,1.16,0,0,0,0.01,0,0,0,0.13,0,0.02,0,0,0.02,0,0,0.21,0,0.75,4.72,0,0.05,0.25,137.33,12.39,0.26,0,0.57,18.76,0,0.11,0,1.53,3.36,0.02,20.19,1.44,2.08,0.78,0,0,4.03,0,1.91,0.07,2.92,3.22
"Algeria",2004,0.440648993471162,299.18,1.72,0.14,0,0,0,0,0,0,0,0.02,0,0,0,0,0.02,0,0,0.02,0,0.54,12.55,0,0,0.37,192.78,9.81,0.29,0,0,31.54,0,0,0,0.11,1.57,0.01,31.02,2,1.93,0.02,0,0,5.21,0,0.24,0.05,3.43,3.79
"Algeria",2005,0.570562346285508,342.45,3.9,0.34,0,0,0,0,0,0,0,0.2,0,0,0,0,0.02,0,0,0,0,0.88,14.51,0,0,0.68,256.88,9.85,0.02,0,0,9.53,0,0.02,0,0.1,0.74,0.01,17.19,2.24,2.38,0,0,0,3.84,0,12.99,1.05,4.03,1.05
"Algeria",2006,0.400432317166884,386.79,5.57,1.82,0,0.01,0,0,0,0,0,0.17,0,0.01,0,0,0.02,0,0,0,0,0.15,16.01,0,0,0.46,221.21,9.81,0.03,0,0,10.89,0,0.15,0,0.12,1.04,0.1,101.89,0.46,1.58,0,0,0,2.89,0,8.04,0.75,2.85,0.76
"Algeria",2007,0.396953335275858,395.16,7.46,2.72,0,0,0,0,0,0,0,0,0,0,0,0,0.03,0,0,0,0,0.17,16.01,0,0,1.14,228.83,11.38,0.04,0,0,5.07,0,0,0,0,1.27,0.13,93.57,0.88,2.08,0.57,0,0,0,0,19.33,0.18,2.61,1.69
"Algeria",2008,0.332886301259166,337.53,4.02,3.46,0,0,0,0,0,0,0,0.11,0,0.04,0,0,0.06,0,0,0,0.04,0.17,11.79,0,0,0.47,178.12,14.57,0.14,0,0,10.2,0,0.02,0,0,0.06,0.06,70.5,2.11,1.21,2.12,0,0.01,0,0,25.23,0.19,3.72,9.11
"Algeria",2009,0.344475382003396,294.5,1.86,2.6,0,0,0,0,0,0,0,0.14,0,0.07,0,0,0.04,0,0,0,0.02,0.14,12.22,0,0,0.56,159.38,15.14,0.13,0,0,3.79,0,0,0,0,0.91,0.06,60.38,1.33,1.43,3.61,0,0,0,0,17.96,0.22,4.43,8.08
"Algeria",2010,0.379067612504002,229.94,15.47,2.89,0,0,0,0,0,0,0,0.26,0,0.05,0,0,0.03,0.02,0,0,0,0.12,12.71,0,5.31,0.19,138.06,12.17,0.07,0,0,4.9,0,0,0,0.16,1.02,0.02,16.17,1.59,1.14,2.28,0,0,0,0,4.93,0.51,1.25,8.62
"Algeria",2011,0.453088702279688,221.59,1.76,3.87,0,0,0.07,0,0,0,0,0.16,0,0,0,0,0.03,0.02,0,0,0,0.15,10.03,0,0,0.17,146.85,12.42,0.07,0,0.35,6.13,0,0,0,0.05,0.9,0.01,14.96,1.08,2.68,1.5,0,0,0,0,7.06,0.49,1.61,9.17
"Algeria",2012,0.521499125104575,188.52,3,2.44,0,0,0.06,0,0,0,0,0.28,0,0,0,0,0.01,0.06,0.05,0,0,0.25,7.28,0,0,0.16,134.89,9.56,0.06,0,0.01,0.85,0,0,0,0.15,0.21,0.02,2.01,2.62,2.47,3.77,0,0,0,0,5.43,1.1,1.04,10.74
"Algeria",2013,0.361703610840833,246.84,2.41,4.39,0,0,0.07,0,0,0,0,0.1,0,0.01,0,0,0,0.03,0,0,0,0.2,10.35,0,0.11,0.2,138.03,8.05,0.02,0,0,0.42,0,0,0,0.08,0.11,0.02,7.65,1.38,2.64,5.22,0,0,0,0,50.33,2.15,0.36,12.51
"Algeria",2014,0.470099693474769,190.86,2.75,3.84,0,0,0.24,0,0,0,0,0,0,0.25,0,0,0,0.01,0,0,0,0.16,9.11,0,0,0.2,128.64,7.18,0.17,0,0,0.76,0,0,0,0.07,0.06,0.08,1.15,0.83,4.04,16.23,0,0,0,0,11.22,3.29,0.15,0.43
"Algeria",2015,0.539515486938989,133.85,1.44,3.97,0,0,0.03,0,0,0,0,0,0,0.72,0,0,0,0.09,0,0,0,0.12,3,0,0.03,0.15,97.6,6.96,0.14,0,0,1.24,0,0,0,0.01,0.74,0.17,1.29,1.55,3.87,4.09,0,0,0,0,0.09,1.59,0.08,4.88
"Algeria",2016,0.511881340059365,147.91,0.96,2.64,0,0,0.01,0,0,0,0,0.02,0,0.89,0,0,0,0.04,0,0,0,0.21,3.54,0,0,0.13,104.96,8.72,0.14,0,0.03,0.67,0,0.06,0,0.06,0.64,0.19,4.43,1.74,3.13,4.39,0,0,0,0.51,2.91,2.9,0.13,3.86
"Algeria",2017,0.418606611223279,189.9,0.85,1.01,0,0.01,0.01,0,0,0,0,0.01,0,0.89,0,0,0.02,0.04,0,0,0,0.34,4.69,0,0,0.12,120.48,9.48,0.1,0,0,0.97,0,0.05,0,11.84,0.62,0.05,4.39,1.42,2.65,8.64,0,0,0,0.49,1.08,5.22,0.56,13.87
"Algeria",2018,0.55628678693984,200.78,1.13,0,0,0,0,0.01,0,0,0,0,0,1.52,0,0.01,0.04,0.05,0,0,0,0.7,5.65,0,0,0.18,148.53,12.71,0.09,0,0,1.92,0,0.2,0,0.38,0.65,0.24,6.44,1.96,2.92,9.88,0,0.08,0,0,0.64,1.67,0.46,2.72
"Algeria",2019,0.488170575450886,203.48,0.46,0,0,0,0.07,0.03,0,0,0,0.01,0,1.54,0,0,0.15,0.07,0,0,0,0.33,9.46,0,0,0.16,139.93,16.46,0,0,0.03,0.74,0,0.2,0,0.89,1.31,0.21,9.59,1.92,2.4,12.41,0,0.03,0,0,0.04,2.24,0.63,2.17
"Algeria",2020,0.504169420009098,191.26,1.6,0,0,0,0.02,0.03,0,0,0,0,0,1.23,0,0,0,0.01,0,0,0,0.3,1.06,0,0.57,0.14,133.78,18.11,0,0,0,0.22,0,0,0.01,0.72,1.59,0.25,8.52,1.9,2.37,9.55,0,0.05,0,0,0.04,2.78,1.26,5.15
"Algeria",2021,0.412899750707267,214.52,1.23,0,0,0,0,0.03,0,0,0,0.05,0,1.46,0,0.01,0.28,0.09,0,1.4,0,0.45,0.12,0,0,0.12,132.72,31.83,0,0,0,3.72,0,0.04,0,0.23,1.16,0.3,4.93,3.26,2.32,8.51,0,0.01,0,0,15.15,1.52,1.02,2.56
"Algeria",2022,0.597615285272919,196.432067,2.056298,2.37811,0,0.002613,0,0.006791,0,0.001818,0,0,0,2.299423,0,0.007462,0.867183,0.193351,0,0,0,0.507901,0.023106,0,0.207408,0.12461,150.08293,21.887102,0,0,0,3.823734,0,0.168019,0.000761,0.103873,0.98289,0.276077,0,1.073157,2.377416,3.34866,0,0.035017,0,0,0,1.178599,0.474985,1.942773
"Algeria",2023,0.569811104152753,197.855268,1.240577,2.719567,0,0,0,0,0,0,0,0.008758,0,1.383057,0,0.001711,1.084323,0.171713,0,0,0,0.842016,0.017788,0,0.870928,0.139288,147.117008,24.575125,0,0,0,0.673868,0,0.162197,0.001119,0.256985,0.947015,0.247546,3.717305,1.126329,2.928545,0.698571,0,0,0,0,0.423766,2.070744,0.570971,3.858448
"Algeria",2024,0.520402953878483,208.192648,0.967851,3.846207,0,0,0,0,0,0,0,0.001802,0,1.440368,0,0,0.897361,0.195692,0,7.90526,0,1.167833,0.017752,0,0.143034,0.126927,148.106995,21.213276,0.268818,0,0.004653,6.848436,0,0.104925,0,0.255516,0.47926,0.270832,4.639198,1.220742,1.936007,0.910124,0,0,0,0,0,1.66278,0.337456,3.223543
"Algeria",2025,NA,0,0,0,0,0,0,0,0,0,0,0,0,0,0,0,0,0,0,0,0,0,0,0,0,0,0,0,0,0,0,0,0,0,0,0,0,0,0,0,0,0,0,0,0,0,0,0,0,0
"Angola",1975,0.235369081462602,4.04,0,0,0,0,0,0,0,0,0,0,0,0,0,0,0,0,0,0,0,0,0.07,0,0.14,0,0,1.18,0,0,0,0.01,0,0,0,0.65,0,0,0,1.1,0.89,0,0,0,0,0,0,0,0,0
"Angola",1976,0.306488142348352,10.64,0,0,0,0,0,0,0,0,0,0,0,0,0,0,0,0,0,0,0,0,0.17,0,1.64,0,0,0.5,0,0,0,0.25,0,0,0,3.08,0,0,0,4.7,0.3,0,0,0,0,0,0,0,0,0
"Angola",1977,0.403216893967182,7.97,0,0,0,0,0,0,0,0,0,0,0,0,0,0,0,0,0,0,0,0,0.42,0,0.13,0,0,0,0,0,0,0.56,0,0,0,4.72,0.33,0,0,1.64,0.17,0,0,0,0,0,0,0,0,0
"Angola",1978,0.365439003692642,28.86,0.01,0,0,0,0,0,0,0,0,0,0,0,0,0,0,0,0,0,0,0,0.5,0,1.96,0,0,0.22,0,0,0,0.58,0,0,0,10.71,0,0,0,13.57,0.14,0.17,0,0,0,0,0,0,0,1
"Angola",1979,0.434977662406803,29.42,0.02,0,0,0,0,0,0,0,0,0,0,0,0,0,0,0,0,0,0,0.2,3.99,0,1.34,0,0,0.49,0,0,0,0.21,0,0,0,2.26,0,0,0,18.69,0.13,0.09,0,0,0,0,0,0,0,2
"Angola",1980,0.312603398395751,36.44,0,0,0,0,0,0,0,0,0,0,0,0,0,0,0,0,0,0,0,0.21,0.47,0,2.33,0.03,0.2,0.24,0,0,0,0.16,0,0,0,8.6,0.1,0,0,16.92,0.15,0.03,0,0,0,0,0,0,0,7
"Angola",1981,0.322260915446511,39.9,0.02,0,0,0,0.2,0,0,0,0,0,0,0,0,0,0,0,0,0,0,0.06,0.29,0,5.26,0.29,0.5,2.13,0,0,0,0.43,0,0,0,2.8,0.99,0,0,21.12,0.1,0.19,0,0,0,0,0,0,0.52,5
"Angola",1982,0.197693598110328,40.98,0.03,0,0,0,0,0,0,0,0,0,0,0,0,0,0,0,0,0,0,0.06,2.74,0,5.97,0.2,1.41,1.62,0,0,0,4.16,0,0,0,4.41,0.16,0,0,15.2,0.2,0.1,0,0,0.54,0,0,0,0.18,4
"Angola",1983,0.249019596146282,47.04,0.02,0,0,0,0.01,0,0,0,0,0,0,0,0,0,0,0,0,0,0,0.13,0.09,0,2.15,0,1.1,1.47,0,0,0,17.45,0,0,0,9.34,0.51,0,0,12.12,0.18,0.11,0,0,0.19,0,0,0,0.17,2
"Angola",1984,0.184657310422438,60.8,0,0,0,0,0,0,0,0,0,0,0,0,0,0,0,0,0,0,0,0.82,1.85,0,1.3,0.03,1.08,2.53,0,0,0,11.15,0,0,0,16.71,0.21,0,0,14.58,1.49,0.2,0,0,1.17,0,0,0,0.68,7
"Angola",1985,0.209457673394092,59.62,0,0,0,0,0,0,0,0,0,0,0,0,0,0,0,0,0,0,0,1.37,0.13,0,0.9,0.21,1.35,2.47,0,0,0,16.31,0,0,0,8.05,0.3,0,0,18.71,0.84,0.21,0,0,0,0,0,0,1.77,7
"Angola",1986,0.183346993357517,94.65,0.47,0,0,0,0,0,0,0,0,0,0,0,0,0,0,0,0,0,0,1.2,0.17,0,4.48,1.12,6.25,4.14,0,0,0,31.56,0,0,0,16.77,0.3,0,0,14.84,1.31,0.46,0,0,0.82,0,0,0,3.76,7
"Angola",1987,0.182138956625277,102.73,1.38,0,0,0,0.01,0,0,0,0,0,0,0,0,0,0,0,0,0,0,1.41,0.13,0,6.03,2.79,3.73,6,0,0,0,31.25,0,0,0,15.58,0.88,0,0.6,23.76,0.8,0.43,0,0,1.49,0,0,0,0.46,6
"Angola",1988,0.164716708615883,110.86,0.12,0,0,0,0.01,0,0,0,0,0,0,0,0,0,0,0,0,0,0,0.65,0.37,0,4.25,1.3,5.8,7.18,0,0,0,24.41,0,0,0,12.44,4.5,0,0,32.65,1.73,0.9,0,0,2.6,0,0,0,5.95,6
"Angola",1989,0.164903859292955,115.93,0,0,0,0,0,0,0,0,0,0,0,0,0,0,0,0,0,0,0,0.68,0.86,0,0.08,0.72,7.41,5.31,0,0,0,21.63,0,0,0,4.94,4.15,9.3,13.15,36.54,2.34,2.15,0,0,2.52,0,0,0,3.15,1
"Angola",1990,0.141801473115836,180.1,0.01,0,0,0,1.34,0,0,0,0,0,0,0,0,0,0,0,0,0,0,0.55,4.06,0,0.05,1.06,12.17,10.01,0,0,0.08,46.35,0,0.3,0,16.83,7.27,11.71,9.79,38.25,4.2,2.15,0,0,1.76,0,0,0,11.16,1
"Angola",1991,0.127088870966313,164.57,0.09,0.01,0,0,0.26,0,0,0,0,0,0,0,0,0,0,0,0,0,0,0.54,0.77,0,2.52,1.44,11.75,8.85,0,0,0.09,32.24,0,0,0,2.15,7.8,12.93,27.92,31.72,1.85,3.28,0,0,2.02,0,0,0,6.34,10
"Angola",1992,0.148139833037499,198.41,3,0.17,0,0,0.3,0,0,0,0,0,0,0,0,0,0,0,0,0,0,0.57,2.8,0,1.41,0.42,27.93,6.81,0,0,0,46.6,0,0.19,0,3.63,5.75,16.25,33.99,36.2,1.7,3.03,0,0,0.55,0,0,0.01,4.1,3
"Angola",1993,0.117854216424598,156.97,0.12,0.13,0,0,0.21,0,0,0,0,0,0,0,0,0,0,0,0,0,0,0.51,2.59,0,0.01,0.75,20.49,8.37,0,0,1.17,34.53,0,0,0,0.72,8.88,19.84,12.91,18.1,2.76,4.84,0,0,3.27,0,0,0,2.77,14
"Angola",1994,0.101478446721259,231.57,0.12,0.12,0.02,0,1.93,0.06,0,0,0,0,0,0,0,0,0,0,0,0,0,0.27,3.33,0,0,1.45,33.54,18.22,0,0,1.13,19.15,0,0,0,5.88,14.89,18.1,12.32,32.02,3.93,25.14,0,0,0,0,0,0,5.95,34
"Angola",1995,0.0940514393899184,299.52,0.12,0.14,0,0,1.99,0.13,0,0,0,0,0,0,0,0,0,0,0,0,0,2.16,0.64,0,28.57,1.68,38.52,16.98,0,0,0.6,11.71,0,0.48,0,44.73,28.76,24.03,11.77,26.52,3.62,21.53,0,0,0,0,0,0,3.84,31
"Angola",1996,0.0908856736674646,301.56,5.17,0.15,0,0,1.05,0.14,0,0,0,0,0,0,0,0,0,0,0,0,0,3.08,11.51,0,1.4,3.75,14.29,25.27,0,0,0.8,12.5,0,0,0,30.08,25.23,33.5,46.45,36.17,7.69,16.16,0,0,0,0,0,0,2.17,25
"Angola",1997,0.0993759908228645,239.63,11.98,0.09,0,0,1.49,0,0,0,0,0,0,0,0,0,0,0,0,0,0,1.92,5.78,0,0.83,0.66,5.64,15.72,0.02,0,1.46,9.18,0,0.28,0,21.7,24.49,29.36,43.39,27.83,5.74,5.4,0,0.08,0,0,0,0,4.59,22
"Angola",1998,0.0909599766920463,219.64,17.85,0.02,0,0,1.29,0,0,0,0,0,0,0,0,0,0.04,0,0,0,0,1.01,3.83,0,1.6,1.18,7.05,11.83,0,0,0.62,11.04,0,0,0,15.16,23.14,23.93,30.28,22.54,5.17,10.61,0,0.06,0,0,0,0,2.63,28.76
"Angola",1999,0.101867513408864,252.03,21.95,0,0,0,0.8,0,0,0,0,0,0,0,0,0,0.02,0,0,0,0,1,1.99,0,1.84,3.62,8.65,18.02,0,0,1.66,24.98,0,0.01,0,13.67,19.91,19.78,35.79,17.77,5.78,3.56,0,0.06,0,0,0,0,3.07,48.1
"Angola",2000,0.0887888134688443,197.75,21.47,8.61,0,0,0.9,0,0,0,0,0,0,0,0,0,0.03,0,0,0,0,0.36,1.34,0,7.68,1.29,7.7,11.32,0,0,1.67,7.23,0,0.48,0,11.65,16.59,13.35,16.21,17.12,3.49,8.27,0,0.04,0,0,0,0,3.64,37.31
"Angola",2001,0.096338780156005,181.51,20.71,1.04,0,0,0,0,0,0,0,0,0,0,0,0,0.06,0,0,0,0,0.04,1.66,0,2.98,2.04,5.94,9.94,0,0,1.93,11.89,0,0.44,0,20.49,17.47,11.87,10.22,13.37,4.32,7.86,0,0.08,0,0,0,0,2.32,34.84
"Angola",2002,0.175095690768929,288.76,27.21,0,0,0,0,0,0,0,0,0.02,0,0,0,0,0,0,0,0,0,0.23,1.34,0,1.93,3.16,9.85,16.48,0,0,3.23,7.07,0,0.7,0,27.67,22.2,14.44,13.35,14.12,5.91,10.23,0,0.11,0,0,0,0,2.63,106.88
"Angola",2003,0.20023555858629,375.29,33.1,0,0,0,0,0.38,0,0,0,0.33,0,0,0,0,0.04,0,0,0.02,0,0.24,2.76,0,1.61,3.89,14.26,13.46,0,0,6.51,28.07,0,0.11,0,21.08,24.23,19.49,10.84,13.96,6.9,13.78,0,0.15,0,0,0,0,5.57,154.51
"Angola",2004,0.511162339017332,1018.29,25.47,0,0,0,0,0,0,0,0,0.26,0,0,0,0,0.06,0,0,0.02,0,0.15,2.45,0,1.05,5.26,21.88,12.95,0.04,0,4.09,8.41,0,0.23,0,19.55,24.76,715.48,9.27,17.3,7.1,15.08,0,0.05,0,0,0,0,4.82,122.56
"Angola",2005,0.12051052404503,251.61,26.3,0.02,0,0,0,0,0,0,0,0.33,0,0,0,0,0.18,0,0,0.02,0,1.74,2.51,0,5.25,2.91,9.93,12.24,0.37,0,3.55,11.55,0,0,0,12.8,20.9,20.93,16.13,11.15,5.11,14.05,0,0.07,0,0,0,0,4.04,69.53
"Angola",2006,0.151023632358675,279.39,12.41,10.09,0,0,0.05,0.08,0,0,0,0.79,0,0,0,0,92.35,0,0,0,0,0.03,1.22,0,7.97,2.41,10.14,11.35,0.03,0,2.9,6.29,0,0,0,2.11,23.39,20.08,16.17,7.2,3.51,12.62,0,0,0,0,0,0,1.39,34.81
"Angola",2007,0.0936864472141171,230.21,23.1,17.41,0,0,0.89,0.11,0,0,0,1.47,0,0,0,0,0.49,0,0,0,0,0.03,0.52,0,6.43,2.03,9.71,12.26,0.08,0,3.01,19.87,0,0,0,1.22,21.41,19.13,26.6,6.65,1.62,10.04,0,0.04,0,0,0,0.01,4.49,41.59
"Angola",2008,0.101130787884358,243.83,17.75,25.92,0,0,0,0,0,0,0,1.87,0,0,0,0,6.87,0,0,0,0,0.05,0.9,0,5.98,2.4,7.04,11.65,0.02,0,3.46,37.26,0,0,0,1.24,17.79,19.11,23.52,4.96,1.38,9.55,0,0.02,0,0,0,0.01,0.44,44.64
"Angola",2009,0.121021833784988,194.26,6.76,28.35,0,0.01,0,0,0,0,0,2.32,0,0,0,0,7.33,0,0,0,0,0.06,0.72,0,3.79,2.16,7.69,8.4,0.02,0,2.41,6.33,0,0,0,0.51,17.84,18.06,30.1,1.94,0.67,4.44,0,0,0,0,0,0,0.9,43.45
"Angola",2010,0.147236809387105,199.86,37.62,19.07,0,0,0,0,0,0,0,1.86,0,0,0,0,1.37,0.08,0,0,0,0.02,0.81,0,1.23,1.95,6.24,7.05,0.12,0,1.17,3.93,0,0,0,0.77,13.23,15.11,13.38,1.18,0.4,16.74,0,0.01,0,0,0,0,0.66,55.86
"Angola",2011,0.20849558802447,166.99,11.52,17.21,0,0,0.22,0,0,0,0,1.41,0,0,0,0,0.25,0.17,0,0,0,0.02,1.58,0,1.17,1.57,5.34,5.68,0.03,0,1.14,3.29,0,0,0,0.66,13.05,20.43,10.66,1.4,0.59,0.69,0,0.03,0,0,0.02,0.03,1.02,67.81
"Angola",2012,0.271980581793422,167.88,13.79,8.47,0,0,0.19,0,0,0,0,0.46,0,0,0,0,0.2,0.5,0.4,0,0,0.04,0.14,0,0.01,1.86,5.31,4.83,0.02,0,0.57,1.35,0,0,0,0.36,12.13,29.46,5.91,1.34,0.42,0.56,0,0.02,0,0,0,0.01,0.2,79.33
"Angola",2013,0.190425938369916,186.47,15.17,10.77,0,0,0.23,0,0,0,0,0.2,0,0.01,0,0,40.88,0.07,0,0,0,0.02,0.72,0,2.84,0.95,5.27,4.16,0.01,0,0.74,1.33,0,0,0,0.12,10.22,18.23,6.87,1.25,1.23,0.84,0,0.01,0,0,0,0.08,0.54,63.71
"Angola",2014,0.265212841614317,126.66,8,5.89,0,0,0.12,0,0,0,0,0.06,0,0.05,0,0,14.89,0.14,0,0,0,0.02,0.33,0,1.25,0.79,5.32,4.23,0.01,0,0.6,1.67,0,0,0,0.05,12.23,4.9,1.75,1.45,0.19,1.51,0,0.02,0,0,0,0.06,0.29,60.84
"Angola",2015,0.42792301243513,319.03,197.31,13.61,0,0,0.05,0,0,0,0,0.01,0,0.1,0,0,14.8,0.21,0.06,0,0,0.01,0,0,0,0.53,4.98,2.23,0,0,0.68,1.93,0,0,0,0,6.6,8.51,0.08,1.22,0.25,1.98,0,0.01,0,0,0,0.08,0.05,63.74
"Angola",2016,0.27223858476394,110.13,4.54,12.12,0,0,0.02,0.04,0,0,0,0,0,0.14,0,0,5.93,0.11,5.26,0.01,0,0.02,0,0,0,0.36,5.41,2.63,0,0,0.56,1.87,0,0,0,0.04,7.8,5.19,0.11,1.46,0.74,0.64,0,0.01,0,0,0.01,0.06,0.83,54.22
"Angola",2017,0.340111493629089,107.21,3.71,15.73,0,0,0,0,0,0,0,0.11,0,0.14,0,0,0.04,0.13,0,0.01,0,0.01,0.03,0,0.82,0,5.97,2.65,0,0,0.46,2.6,0,0,0,0.22,7.69,4.71,0.56,1.05,0.56,0.68,0,0,0,0,0,0.03,0.02,59.28
"Angola",2018,0.331096902269834,105.48,17.38,0,0,0,0,0,0,0,0,0.05,0,0.28,0,0,0.75,0.13,0,0,0,0.01,0,0,0,0,6.69,4.5,0,0,0.52,3.16,0,0,0,0.38,6.85,5.2,0.4,1.09,0.5,0.67,0,0.03,0,0,0,0.06,0,56.83
"Angola",2019,0.289693120710483,101.38,8.66,0,0,0,0.02,0,0,0,0,0.02,0,0.48,0,0,0.46,0.12,0,0,0,0.01,0,0,0,0,18.71,4.71,0,0,0.51,2.07,0,0.07,0,0.38,6.18,6.39,0.39,0.92,0.06,1.63,0,0,0,0,0,0.15,0.02,49.42
"Angola",2020,0.271114795836638,89.18,7.01,0,0,0,0.02,0,0,0,0,0,0,0.67,0,0,0.34,0.13,0,0,0,0.03,1.55,0,0.29,0,11.39,4.63,0,0,0.49,2.1,0,0,0,0.13,7.55,4.29,0.74,2.07,0.7,1.39,0,0,0,0,0.02,0.15,0.3,43.19
"Angola",2021,0.175207389549127,147.04,7.99,0,0,0,0,0.02,0,0.01,0,0.02,0,0.76,0,0,0.23,0.09,0,0,1.01,0.01,0.35,0,0.29,0,29.7,5.11,0,0,0,3.96,0,0,0,0.15,6.18,17.84,23.04,2.04,0.11,2.02,0,0,0,0,0,0.22,2.33,43.56
"Angola",2022,0.267702346510705,148.434593,5.313417,6.822696,0,0,0,0,0,0.008806,0,0.023194,0,1.401727,0,0.002122,0.157527,0.081588,0,0,22.388888,0.011531,0.452801,0,0,0,31.66873,5.372908,0.057242,0,0,1.684055,0,0,0.000761,0,4.510507,0,0,1.851278,0.21534,0.44595,0,0,0,0,0.005241,0.247159,0.433936,65.277189
"Angola",2023,0.263269438993948,164.494094,5.456469,1.363652,0,0,0.014634,0,0.001535,0,0,0.020879,0,0.838658,0,0,0.174922,0.099485,0,0,0.009083,3.501478,1.609257,0,0,0.063412,26.942782,3.852521,0.027033,0,0,1.716889,0,0,0,0,5.787017,45.595055,0,1.097758,0.136131,0.236533,0,0.058978,0,0,0.032353,0.223295,0.684387,64.949898
"Angola",2024,0.343786043420565,178.76718,5.83639,2.452921,0,0,0.044419,0,0.001461,0,0,0,0,0.825723,0,0,0.120764,0.084332,0,0,0.008885,0.044451,0.450753,0,0.439962,0,72.431674,1.965239,0,0,0.001563,0.653495,0,0,0,0,5.93289,10.768339,0,0.827213,0.078203,0.05086,0,0.054418,0,0,0,0.182036,1.068155,74.443034
"Angola",2025,NA,0,0,0,0,0,0,0,0,0,0,0,0,0,0,0,0,0,0,0,0,0,0,0,0,0,0,0,0,0,0,0,0,0,0,0,0,0,0,0,0,0,0,0,0,0,0,0,0,0
"Benin",1960,NA,0,0,0,0,0,0,0,0,0,0,0,0,0,0,0,0,0,0,0,0,0,0,0,0,0,0,0,0,0,0,0,0,0,0,0,0,0,0,0,0,0,0,0,0,0,0,0,0,0
"Benin",1961,1,1,0,0,0,0,0,0,0,0,0,0,0,0,0,0,0,0,0,0,0,0,0,0,0,0,0,0,0,0,0,0,0,0,0,0,0,0,0,0,0,0,0,0,0,0,0,0,0,1
"Benin",1962,0.96155324875048,2.04,0,0,0,0,0,0,0,0,0,0,0,0,0,0,0,0,0,0,0,0,0,0,0,0,0,0.04,0,0,0,0,0,0,0,0,0,0,0,0,0,0,0,0,0,0,0,0,0,2
"Benin",1963,0.50041223430996,2.23,0,0,0,0,0,0,0,0,0,0,0,0,0,0,0,0,0,0,0,0,0,0,0,0,0,1.22,0,0,0,0,0,0,0,0,0,0,0,0,0,0,0,0,0,0,0,0,0.01,1
"Benin",1964,0.700103486745293,15.58,0,0,0,0,0,0,0,0,0,0,0,0,0,0,0,0,0,0,0,0.02,0,0,0,0,12.9,1.59,0,0,0,0.01,0,0,0,0,0.04,0,0,0,0,0,0,0,0,0,0,0,0.02,1
"Benin",1965,0.813671429660586,15.02,0,0,0,0,0,0,0,0,0,0,0,0,0,0,0,0,0,0,0,0.02,0,0,0,0,13.5,0.22,0,0,0,0.08,0,0,0,0,0,0,0,0,0.01,0,0,0,0,0,0,0,0.07,1.12
"Benin",1966,0.748531440407006,11.15,0,0,0,0,0,0,0,0,0,0,0,0,0,0,0,0,0,0,0,0,0.06,0,0,0,9.6,0.5,0,0,0,0,0,0,0,0,0,0,0,0,0.02,0.04,0,0,0,0,0,0,0.14,0.79
"Benin",1967,0.667000635272492,10.88,0,0,0,0,0,0,0,0,0,0,0,0,0,0,0,0,0,0,0,0,0.11,0,0,0,8.8,0.54,0,0,0,0.08,0,0,0,0,0,0,0,0,0.04,0.04,0,0,0,0,0,0,0.19,1.08
"Benin",1968,0.489279740698591,9.71,0,0,0,0,0,0,0,0,0,0,0,0,0,0,0,0,0,0,0,0,0.08,0,0,0,6.6,0.6,0,0,0,1.23,0,0,0,0,0,0,0,0,0.16,0.02,0,0,0,0,0,0,0.24,0.78
"Benin",1969,0.573545679012346,9,0,0,0,0,0,0,0,0,0,0,0,0,0,0,0,0,0,0,0,0,0.09,0,0,0,6.7,0.65,0,0,0,0,0,0,0,0,0,0,0,0,0.21,0.05,0,0,0,0,0,0,0.3,1
"Benin",1970,0.627949617346939,8.96,0,0,0,0,0,0,0,0,0,0,0,0,0,0,0,0,0,0,0,0,0.12,0,0,0,7,1.04,0,0,0,0.01,0,0,0,0.03,0,0,0,0,0.18,0.05,0,0,0,0,0,0,0.53,0
"Benin",1971,0.282739414041627,22.16,0,0,0,0,0,0,0,0,0,0,0,0,0,0,0,0,0,0,0,0,0.14,0,0.13,0,9.1,6.59,0,0,0,2.49,0,0,0,0.08,0,0,0,0,0.26,0.07,0,0,0,0,0,0,2.3,1
"Benin",1972,0.563012741962542,22.39,0.01,0,0,0,0,0,0,0,0,0,0,0,0,0,0,0,0,0,0,0,0.18,0,0.24,0,16.53,1.64,0,0,0,0.09,0,0,0,0.03,0,0,0,0,0.39,0.03,0,0,0,0,0,0,2.25,1
"Benin",1973,0.365140756172229,14.31,0,0,0,0,0,0,0,0,0,0,0,0,0,0,0,0,0,0,0,0.15,0.41,0,1.63,0,8.09,2.1,0,0,0,0.01,0,0,0,0.18,0,0,0,0,0.26,0.08,0,0,0,0,0,0,1.4,0
"Benin",1974,0.3023254963838,19.57,0,0,0,0,0,0,0,0,0,0,0,0,0,0,0,0,0,0,0,0,0.49,0,0.23,0,9.48,2.4,0,0,0,0.04,0,0,0,0.34,0.02,0,0,0,0.21,0.09,0,0,0,0,0,0,3.27,3
"Benin",1975,0.291845219472533,29.98,0,0,0,0,0,0,0,0,0,0,0,0,0,0,0,0,0,0,0,0,0.61,0,2.21,0,14.16,4.84,0,0,0,0.07,0,0,0,0.36,0.07,0,0,0,0.15,0.13,0,0,0,0,0,0,5.38,2
"Benin",1976,0.237689958837222,28.71,0.11,0,0,0,0,0,0,0,0,0,0,0,0,0,0,0,0,0,0,0,0.59,0,0.81,0,10.5,4.25,0,0,0,0.06,0,0,0,0.37,0,0,0,0,0.44,0.08,0,0,0,0,0,0,5.5,6
"Benin",1977,0.265583828985048,28.21,0.14,0,0,0,0,0,0,0,0,0,0,0,0,0,0,0,0,0,0,0,0.82,0,0.58,0,11.2,3.31,0,0,0,0.08,0,0,0,0.67,0,0,0,0,0.33,0.02,0,0,0,0,0,0,3.06,8
"Benin",1978,0.24295798814574,44.12,0.17,0,0,0,0,0,0,0,0,0,0,0,0,0,0,0,0,0,0,0,0.52,0,1.89,0,13.78,4.85,0,0,0,0.05,0,0,0,0.65,1.94,0,0,0,1.68,0.11,0,0,0,0,0,0,15.48,3
"Benin",1979,0.1990149206619,57.4,0.01,0,0,0,0,0,0,0,0,0,0,0,0,0,0,0,0,0,0,0,0.52,0,11.44,0,19.03,10.35,0,0,0,0.08,0,0,0,1,4.07,0,0,0,0.81,0.11,0,0,2.13,0,0,0,4.85,3
"Benin",1980,0.338615969481519,52.84,0.02,0,0,0,0,0,0,0,0,0,0,0,0,0,0,0,0,0,0,0,0.52,0,1.59,0,17.2,25.17,0,0,0,0,0,0,0,1.01,2.33,0,0,0,0.55,0.15,0,0,1.81,0,0,0,1.49,1
"Benin",1981,0.278320425648599,50.91,1.81,0,0,0,0,0,0,0,0,0,0,0,0,0,0,0,0,0,0,0,0.46,0,0.42,0.01,23.28,11.26,0,0,0,0.75,0,0,0,2.22,0.19,0,0,0,1.07,0.1,0,0,1.29,0,0,0,6.05,2
"Benin",1982,0.252414669299097,40.98,0.19,0,0,0,0,0,0,0,0,0,0,0,0,0,0,0,0,0,0,0.01,0.58,0,0.02,0,14.32,13.7,0,0,0,0.25,0,0,0,3.27,2.73,0,0,0,1.15,0.05,0,0,0.02,0,0,0,2.69,2
"Benin",1983,0.194541821199343,43.74,2.22,0,0,0,0,0,0,0,0,0,0,0,0,0,0,0,0,0,0,0.01,2.25,0,1.41,0,14.08,11.68,0,0,0,0.25,0,0,0,2.72,0.63,0,0,0,2.2,0.12,0,0,2.35,0,0,0,1.82,2
"Benin",1984,0.275298605552864,39.97,0.99,0,0,0,0,0,0,0,0,0,0,0,0,0,0,0,0,0,0,0,0.52,0,0.28,0,16.62,11.85,0,0,0,0.44,0,0,0,1.43,0.35,0,0,0,2.99,0.22,0,0,0.06,0,0,0,1.22,3
"Benin",1985,0.186263747278245,51.37,1.46,0,0,0,0,0,0,0,0,0,0,0,0,0,0,0,0,0,0,0.01,0.7,0,4.74,0,13.66,15.49,0,0,0,0.59,0,0,0,2.09,2.93,0,0,0,2.32,0.24,0,0,3.41,0,0,0,0.73,3
"Benin",1986,0.257478439022005,76.37,2.68,0,0,0,0,0,0,0,0,0,0,0,0,0,0,0,0,0,0,0.01,1.17,0,0,0,26.43,26.82,0,0,0,2.62,0,0,0,3.38,0.3,0,0,0,6.2,0.23,0,0,3.03,0,0,0,0.5,3
"Benin",1987,0.212020916291551,97.28,3.75,0,0,0,0,0,0,0,0,0,0,0,0,0,0,0,0,0,0,0.01,2.05,0,17.72,0,25.77,30.87,0,0,0,2.71,0,0,0,5.35,0.18,0,0,0,1.96,0.22,0,0,1,0,0,0,2.69,3
"Benin",1988,0.282076226815485,96.18,6.54,0,0,0,0,0,0,0,0,0,0,0,0,0,0,0,0,0,0,0.01,0.99,0,0.26,0,41.2,28.29,0,0,0,2.84,0,0,0,5.68,0.09,0,0,0,2.18,0.61,0,0,1.4,0,0,0,2.09,4
"Benin",1989,0.362309596928458,156.72,11.77,0,0,0,0,0,0,0,0,0,0,0,0,0,0,0,0,0,0,0.01,1.79,0,0.11,0,87.97,29.22,0,0,0,3.38,0,0,0,5.6,0,0,0.02,0,9.17,0.54,0,0,0,0,0,0,1.14,6
"Benin",1990,0.355690048559637,131.42,2.89,0,0,0,0,0,0,0,0,0,0,0,0,0,0,0,0,0,0,0.01,1.33,0,0.09,0,71.95,27.94,0,0,0,2.13,0,0.07,0,7.06,1.63,0,0.03,0,9.59,0.56,0,0,0,0,0,0,1.14,5
"Benin",1991,0.285233704079213,181.68,11.6,0.08,0,0,0,0,0,0,0,0,0,0,0,0,0,0,0,0,0,0,1.62,0,7.4,0.06,89.47,24.64,0,0,0,1.9,0,0.08,0,13.11,2.9,0,0.03,0.02,8,0.34,0,0,0.01,0.04,0,0,1.38,19
"Benin",1992,0.190671714354539,179.05,5.4,0.29,0,0,0,0,0,0,0,0,0,0,0,0,0,0,0,0,0,0.05,1.16,0,1.19,0.04,42.85,40.28,0,0,0,0.72,0,0.07,0,5.64,46.82,0,0,0,9.69,6.7,0,0,0.54,0,0,0,1.61,16
"Benin",1993,0.230497144897707,155.14,16.97,0.12,0,0,0,0,0,0,0,0,0,0,0,0,0,0,0,0,0,0,1.17,0,4,0,52.31,47.54,0,0,0,3.97,0,0.03,0,4.67,0.44,0,0.29,0.11,8.77,0.05,0,0,0.5,0.04,0,0.01,3.15,11
"Benin",1994,0.232070779988421,154.09,11.37,0.39,0,0,0,0,0,0,0,0,0,0,0,0,0,0,0,0,0,0,4.2,0,7.52,0,62.95,31.08,0,0,0.01,0.01,0,0.04,0,8.27,0,0,0.18,0,4.84,0,0,0,5.02,0,0,0,2.21,16
"Benin",1995,0.198025442347177,193.01,12.28,0.12,0,0,0,0,0,0,0,0,0,0,0,0,0,0,0,0,0,0.01,3.02,0,13.22,0,61.88,51.37,0,0,0.06,0.68,0,0.12,0,4.94,0.05,0,0.09,0.05,16.34,0.02,0,0,7.52,0,0,0,10.24,11
"Benin",1996,0.176850616882156,180.37,44.74,0.08,0,0,0,0,0,0,0,0,0,0,0,0,0,0,0,0,0,0.01,1.78,0,14.62,0,51.69,22.39,0,0,0.07,3.21,0,0.03,0,8.44,0,0,0.2,0.01,10.33,0,0,0,7.49,0.01,0,0,8.27,7
"Benin",1997,0.131199318848291,157.85,18.81,0.06,0,0,0,0,0,0,0,0,0,0,0,0,0,0,0,0,0,0.01,17.94,0,18.95,0,33.9,20.26,0,0,0.06,0.36,0,0.38,0,11.06,0.25,0,0.84,0.01,6.8,0,0,0.07,1.94,0,0,0,4.15,22
"Benin",1998,0.167531618747329,154.67,32.95,0.03,0,0,0,0,0,0,0,0,0,0,0,0,0,0,0,0,0,0.02,3.87,0,14.61,0.01,37.06,32.35,0,0,0.08,0.27,0,0.38,0,10.08,0.55,0,0.43,0,8.14,0,0,0.07,0.43,0.05,0,0,3.76,9.53
"Benin",1999,0.172083431125816,129.61,14.16,0,0,0,0,0,0,0,0,0,0,0,0,0,0,0,0,0,0,0.03,4.26,0,9.05,0,37.17,27.35,0,0,0.02,0.3,0,0.31,0,4.64,0,0,0.53,0.23,6.31,1.57,0,0.08,0.46,0,0,0,3.56,19.58
"Benin",2000,0.230571741578442,202.25,6.16,0.01,0,0,0,0,0,0,0,0,0,0,0,0,0,0,0,0,0,0.03,4.81,0,19.52,0.09,84.87,21.72,0,0,0.06,19.07,0,0.78,0,4.38,0,0,0.48,0.18,6,0.14,0,0.07,0.84,0,0,0,3.32,29.72
"Benin",2001,0.186467692803612,156.87,8.26,0.03,0,0,0,0.06,0,0,0,0,0,0,0,0,0,0,0,0,0,0.19,4.55,0,22.95,0.14,51.29,21.87,0.06,0,0.06,0.21,0,0,0,8.01,0.1,0,0.59,0.09,5.73,0.07,0,0.09,3.33,0.01,0,0,1.75,27.43
"Benin",2002,0.181285548071823,152.88,4.53,0.06,0,0,0,0,0,0,0,0.05,0,0,0,0,0,0,0,0,0,0.01,9.99,0,23.65,0.14,48.67,24.01,0.03,0,0,2.54,0,0.73,0,2.4,0.13,0.02,0.32,0.09,5.36,0.06,0,0.05,4.26,0,0,0,2.4,23.38
"Benin",2003,0.134060409883991,207.13,6.27,0.07,0,0,0,0,0,0,0,0.03,0,0,0,0,0,0,0,0,0,0.03,10.79,0,21.44,0.3,46.71,31.26,0.03,0,0,0.02,0,1.47,0,19.77,0.21,0.01,1.67,0.22,6.98,21.13,0,0.02,0.64,0,0,0,5.59,32.47
"Benin",2004,0.160074783996465,256.63,45.95,0.08,0,0,0,0,0,0,0,0.03,0,0,0,0,0,0,0,0,0,0.05,13.65,0,32.26,0.04,74.12,24.45,0.04,0,0.01,9.58,0,1.42,0,10.4,0.22,0.01,0.31,0.09,9.44,0,0,0.03,0.15,0,0,0,6.36,27.94
"Benin",2005,0.141496628099174,220,17.86,0.08,0,0,0,0,0,0,0,0.01,0,0,0,0,0,0,0,0,0,0.04,13.37,0,35.87,0,54.71,27.6,0.18,0,0.03,0.02,0,1.58,0,22.7,0.06,0,0.45,1.42,8.7,0,0,0.07,0,0,0,0,10.84,24.41
"Benin",2006,0.180412928983164,239.12,10.06,0.21,0,0,0,0,0,0,0,0.01,0,0,0,0,0,0,0,0,0,0.02,14.48,0,32.96,0.1,83.87,26.47,0.02,0,0.11,0.11,0,5.25,0,24.49,0,0,2.19,0.23,9.99,2.28,0,0.02,0,0,0,0.02,5.96,20.27
"Benin",2007,0.152315495713402,253.23,6.81,0.02,0,0,0,0,0,0,0,0.01,0,0,0,0,0.01,0,0,0,0,0.01,15.16,0,44.64,0.21,67.72,29.58,0.14,0,0.09,1.49,0,4.28,0,34.72,0,0,2.11,0.3,10.26,0,0,0.01,3.32,0,0,0.02,6.99,25.33
"Benin",2008,0.138045332209222,319.61,27.21,2.44,0,0,0,0,0,0,0,0.04,0,0,0,0,0.01,0,0,0,0,0.02,22.21,0,48.15,0.17,75.8,46.61,0.1,0,0.06,1.14,0,0.86,0,35.33,0,0,2.01,0.47,10.58,0,0,0.05,3.85,0,0,0.97,6.97,34.56
"Benin",2009,0.129193085316443,338.5,25.84,0.02,0,0,0.16,0,0,0,0,0,0,0,0,0,0,0,0,0,0,0.01,25.86,0,51.36,0.45,58.96,43.12,0,0,0.04,1.79,0,1.16,0,41.97,0,0,3.45,0.88,13.47,0.03,0,0.05,3.76,0,0.18,0,7.04,58.9
"Benin",2010,0.154089061367434,350.76,29.13,0.15,0,0,0.38,0,0,0,0,0.02,0,0,0,0,0,0,0,0,0,0.09,29.27,0,39.29,0.69,56.97,34.67,0,0,0.12,2.11,0,1.96,0,31.26,0.05,0,1.09,1.88,13.25,0,0,0.04,1.51,0,0.17,0.03,6.37,100.26
"Benin",2011,0.235857292318166,435.7,26.31,0.13,0,0,0.53,0,0,0,0,0.02,0,0,0,0,0,0.05,0,0,0,0.05,29.32,0,37.22,0.37,50.16,49.5,0,0,0.26,1.2,0,1.45,0,27.81,0.01,0.01,1.22,0.35,12.15,0.07,0,0.02,0.02,0,0.19,0.11,7.74,189.43
"Benin",2012,0.125833757748319,275.19,19.89,0.14,0,0,0.11,0,0,0,0,0.02,0,0,0,0,0,0.04,0.17,0.03,0,0.03,25.85,0,32.04,0.26,49.41,47.63,0,0,0.16,0.77,0,1.26,0,20.64,0,0,0.55,0.68,21.06,0.62,0,0.03,3.59,0,1.99,0.12,5.58,42.52
"Benin",2013,0.121674367637197,266.9,33.52,0.1,0,0,0.31,0,0,0,0,0.03,0,0,0,0,0,0.04,0,0.02,0,0.04,24.41,0,17.35,0.16,39.92,51.07,0,0,0.16,1.91,0,1.32,0,37.78,0,0,0.62,0.89,19.05,0,0,0.02,6.69,0,1.5,1.17,4.8,24.02
"Benin",2014,0.16150341113716,275.84,10.2,0.1,0,0,0.05,0,0,0,0,0.02,0,0,0,0,0,0,0,0.02,0,0.04,21.25,0,0.73,0.11,42.99,77.71,0,0,0.15,1.42,0,1.44,0,42.58,0,0,0.61,0.86,19.59,0,0,0.01,7.8,0,2.84,0.59,5.43,39.3
"Benin",2015,0.133047121330544,202.35,12.9,0.12,0,0,0.03,0,0,0,0,0.01,0,0,0,0,0.01,0,0.09,0.01,0,0.03,19.64,0,0,0.07,32.52,38.38,0,0,0.03,2.37,0,1.04,0,17.75,0.02,0,0.16,0.65,26.01,0,0,0.01,6.64,0,1.2,0.3,6.63,35.73
"Benin",2016,0.148341149104599,233.33,10.92,0.23,0,0.05,0.04,0,0,0,0,0.01,0,0,0,0,0,0.01,0,0,0,0.06,20,0,0,0.04,31.72,39.84,0,0,0.02,1.34,0,0.98,0,29.73,0.02,0,0.66,0.86,24.54,0,0,0,4.66,0.23,0.51,0.68,7.98,58.2
"Benin",2017,0.186758674176611,336.21,20.35,0.02,0,0.03,0.01,0,0,0,0,0.01,0,0,0,0,0,0.03,0,0,0,0.04,25.33,0,0,0.01,46.41,37.27,0,0,0.05,4.81,0,0.87,0,31.73,0,0,0.23,0.7,27.18,0.41,0,0,2.84,0.19,0.48,2.2,14.52,120.49
"Benin",2018,0.140789449512265,293.89,14.45,0,0,0,0.04,0,0,0,0,0,0,0,0,0,0.02,0.01,0,0,0,0.02,29.49,0,0,0,54.19,45.2,0,0,0.11,2.77,0,1.6,0,28.4,0,0,0.33,0.72,30.44,0.58,0,0.11,0.22,0,1.15,0.61,20.79,62.64
"Benin",2019,0.177549316362458,327.28,10.32,0,0,0,0,0,0,0,0,0,0,0,0,0,0.01,0.01,0,0,0,0,25.18,0,0,0.03,44.47,50.03,0,0,0,4.05,0,1.47,0,34.87,0.35,0,0.24,0.3,27.58,0.27,0,0,0.08,0,0.72,0.79,19.68,106.83
"Benin",2020,0.161195285445635,389.34,17.75,0,0,0,0,0,0,0,0,0,0,0,0,0,0.01,0.04,0,0,0,0.02,21.46,0,0.43,0,72.29,69.92,0,0,0.02,5.19,0,1.31,0,41.19,0.91,0,0.6,0.95,29.12,0.02,0,0.05,0.07,0,1.11,0.69,24.33,101.86
"Benin",2021,0.215055848929321,449,8.83,0,0,0,0,0,0,0,0,0,0,0.03,0,0,0.01,0.03,0,0,0,0.01,27.29,0,0.41,0.16,84.69,55.43,0,0,0.02,5.5,0,1.68,0,41.48,0.67,0,0.26,1.33,28.82,0.04,0,0.03,1.68,0,0.84,0.4,17.97,171.39
"Benin",2022,0.176922531818016,446.603592,5.07878,0.302287,0,0.018348,0,0,0,0,0.001275,0,0,0.038277,0.586041,0,0.007108,0.066147,0,0,0,0.002682,29.780268,0,0.848124,0.113867,109.696785,60.584609,0,0,0.033585,4.062683,0,11.129643,0,51.405287,0.680337,0,0.43699,1.356816,31.551424,0.076756,0,0.009441,0,0,0.121547,0.356913,17.496727,120.760845
"Benin",2023,0.210693020485288,501.793495,6.582784,0.749266,0,0,0.560772,0,0,0,0.001419,0,0,0.019816,0,0,0.009615,0.044094,0,0,0,0.026781,29.681715,0,0.604022,0.115704,151.09788,55.474689,0,0,0.14002,2.035584,0,10.298743,0,43.01955,0.052233,0,0.286573,1.503527,30.639703,0,0,0,0,0,0.329123,0.299083,16.40943,151.811369
"Benin",2024,0.23315564030968,480.912182,13.989152,0.050391,0,0.017388,0.020179,0,0,0,0.001349,0,0,0.000452,0,0,0.01545,0.052265,0,0,0,0.013489,21.691152,0,0.406739,0.113215,202.123063,33.599057,0,0,0.022707,2.32352,0,16.000209,0.00073,53.785754,0.081672,0,0.583214,1.163623,30.596256,0.065489,0,0,0,0,0.162386,0.324504,21.817959,81.890818
"Benin",2025,NA,0,0,0,0,0,0,0,0,0,0,0,0,0,0,0,0,0,0,0,0,0,0,0,0,0,0,0,0,0,0,0,0,0,0,0,0,0,0,0,0,0,0,0,0,0,0,0,0,0
"Botswana",1966,0.684052396061183,16.33,0,0,0,0,0.01,0,0,0,0,0,0,0,0,0,0,0,0,0,0,0,0,0,0,0,0,0.01,0,0,0,0,0,0,0,0,0,0,0,0,0,13.15,0,0,0,0,0,0,0.08,3.08
"Botswana",1967,0.814541204147731,17.22,0,0,0,0,0.01,0,0,0,0,0,0,0,0,0,0,0,0,0,0,0,0,0,0.08,0,0,0,0,0,0,0,0,0,0,0,0,0,0,0.2,0,15.48,0,0,0,0,0,0,0.09,1.36
"Botswana",1968,0.80575304225556,15.55,0,0,0,0,0.02,0,0,0,0,0,0,0,0,0,0,0,0,0,0,0,0,0,0.22,0,0,0,0,0,0,0,0,0,0,0,0,0,0,0.25,0,13.91,0,0,0,0,0,0,0.04,1.11
"Botswana",1969,0.766593890827357,13.42,0,0,0,0,0.02,0,0,0,0,0,0,0,0,0,0,0,0,0,0,0,0,0,0.35,0,0,0.18,0,0,0,0,0,0,0,0,0.01,0,0,0.12,0.03,11.7,0,0,0,0,0,0,0.01,1
"Botswana",1970,0.543020884824518,9.52,0,0,0,0,0.04,0,0,0,0,0,0,0,0,0,0,0,0,0,0,0,0,0,0.32,0,0,0.06,0,0,0,0,0,0,0,0.04,0.04,0,0,0.28,0,6.71,0,0,0,0,0,0,0.03,2
"Botswana",1971,0.621108008553896,13.86,0,0,0,0,0.02,0,0,0,0,0,0,0,0,0,0,0,0,0,0,0,0,0,0.23,0,0,0.04,0,0,0,0,0,0,0,0.3,0.02,0,0,0.5,0,10.72,0,0,0,0,0,0,0.03,2
"Botswana",1972,0.368435012924345,29.37,0,0,0,0,0.03,0,0,0,0,0,0,0,0,0,0,0,0,0,0,0,0,0,0.49,0.02,0,0.06,0,0,0,0.01,0,0,0,0.05,0,0,0,1.16,0,8.39,0,0,0,0,0,0,15.16,4
"Botswana",1973,0.233839874968435,33.15,0,0,0,0,0.04,0,0,0,0,0,0,0,0,0,0,0,0,0,0,0,0,0,2.43,0,0,0.18,0,0,0,0.03,0,0,0,0.06,0.23,0,0,4.72,0.02,7.02,0,0,0,0,0,0,11.42,7
"Botswana",1974,0.190408973290645,30.2,0,0,0,0,0,0,0,0,0,0,0,0,0,0,0,0,0,0,0,0,0,0,1.73,0,0,0.46,0,0,0,0.02,0,0,0,0.46,5.06,0,0,6.9,0,8.44,0,0,0,0,0,0,3.13,4
"Botswana",1975,0.175000246537218,38.74,0,0,0,0,0.02,0,0,0,0,0,0,0,0,0,0,0,0,0,0,0,0.03,0,2.5,0,0,1.09,0,0,0,0.03,0,0,0,0.28,5.63,0,0,8.45,0,9.2,0,0,0,0,0,0,6.51,5
"Botswana",1976,0.173884971477749,40.73,0.01,0,0,0,0.03,0,0,0,0,0,0,0,0,0,0,0,0,0,0,0,0.02,0,4.38,0.03,0,1.26,0,0,0.01,0,0,0,0,1.11,7.02,0,0,10.19,0,8.53,0,0,0,0,0,0,2.14,6
"Botswana",1977,0.17165678773528,38.35,0.01,0,0,0,0.04,0,0,0,0,0,0,0,0,0,0,0,0,0,0,0,0.03,0,3.45,0,0,4.31,0,0,0.01,0,0,0,0,1.35,5.14,0,0,10.74,0.08,8.05,0,0,0,0,0,0,2.14,3
"Botswana",1978,0.216061939217109,93.14,0.04,0,0,0,0.09,0,0,0,0,0,0,0,0,0,0,0,0,0,0,0.04,0,0,1.38,0.01,0,6.2,0,0,0.01,0,0,0,0,1.9,9.05,0,0,18.97,0.02,10.37,0,0,0,0,0,0,34.06,11
"Botswana",1979,0.180973107856457,81.18,0.21,0,0,0,0.12,0,0,0,0,0,0,0,0,0,0,0,0,0,0,0,0,0,5.61,0,0,22.87,0,0,0.05,0,0,0,0,2.8,9.14,0,0,14.8,0,16.86,0,0,0,0,0,0,2.72,6
"Botswana",1980,0.156552019909351,87.19,0.66,0,0,0,0.11,0.02,0,0,0,0,0,0,0,0,0,0,0,0,0,0.01,0,0,6.55,0.1,0.2,14.92,0,0,0,0,0,0,0,3.38,12.8,0,0,13.2,0,20.58,0,0,0,0,0,0,2.66,12
"Botswana",1981,0.164073641972122,79.43,0.9,0,0,0,0.08,0.01,0,0,0,0,0,0,0,0,0,0,0,0,0,0,0,0,1.6,0.04,0.14,15.02,0,0,0.01,0,0,0,0,4.21,8.83,0,0,15.17,0,16.63,0,0,0,0,0,0,2.79,14
"Botswana",1982,0.160988748934439,90.46,0.79,0,0,0,0.52,0.01,0,0,0,0,0,0,0,0,0,0,0,0,0,0,0,0,1.13,0.02,1.04,24.15,0,0,0.01,0,0,0,0,2.74,7.42,0,0,13.18,0.01,13.23,0,0,4.16,2.01,0,0,3.04,17
"Botswana",1983,0.149300002620333,84.41,0.09,0,0,0,0.46,0.02,0,0,0,0,0,0,0,0,0,0,0,0,0,0.02,0,0,0.25,0.15,0.2,20.14,0,0,0.01,0,0,0,0,3.26,8.01,0,0,11.64,0.01,15.1,0,0,3.27,5.19,0,0,3.59,13
"Botswana",1984,0.128337143931175,76.99,0.14,0,0,0,0.52,0,0,0,0,0,0,0,0,0,0,0,0,0,0,0.01,0.1,0,0.99,0.03,0.32,12.96,0,0,0,0.22,0,0,0,1.92,7.78,0,0,11,0.04,12.57,0,0,5.43,5.06,0,0,4.9,13
"Botswana",1985,0.135463698478185,65.29,0.02,0,0,0,0.46,0.01,0,0,0,0,0,0,0,0,0,0,0,0,0,0,0.04,0,2.2,0.02,0.34,13.18,0,0,0,0.01,0,0,0,2.1,11.06,0,0,7.33,0.04,7.87,0,0,2.26,2.44,0,0,4.91,11
"Botswana",1986,0.125557400392167,84.93,1.23,0,0,0,0.44,0.07,0,0,0,0,0,0,0,0,0,0,0,0,0,0.01,0.16,0,6.7,0.4,1.53,12.47,0,0,0.1,0.26,0,0,0,4.62,11.7,0,0,16.29,0.19,9.94,0,0,0.24,0,0,0,7.58,11
"Botswana",1987,0.129122310746538,131.27,0.1,0,0,0,0.52,0.19,0,0,0,0,0,0,0,0,0,0,0,0,0,0.02,1.5,0,22.97,0.22,2.8,21.33,0,0,0.07,0.05,0,0,0,5.39,17,0,0,14.22,0.04,12.54,0,0,0.41,0.26,0,0,10.64,21
"Botswana",1988,0.116362919245142,131.83,20.53,0,0,0,1.49,0.05,0,0,0,0,0,0,0,0,0,0,0,0,0,0.02,0.09,0,7,0.38,1.34,14.32,0,0,0,1.86,0,0,0,4.33,18.03,0,0,21.13,0,14.69,0,0,1.35,2.06,0,0,6.16,17
"Botswana",1989,0.11391624679248,121.9,11.27,0,0,0,4.06,0.06,0,0,0,0,0,0,0,0,0,0,0,0,0,0.03,0.01,0,6.7,1.16,0.68,14.18,0,0,0,0.31,0,0,0,3.86,18.74,0,0,17.43,0,12.76,0,0,0,0.04,0,0,15.61,15
"Botswana",1990,0.134924490743327,124.34,0.69,0,0,0,2.58,0.07,0,0,0,0,0,0,0,0,0,0,0,0,0,0.01,0.12,0,5.99,1.78,2.16,19.17,0,0,0,0.35,0,0,0,4.36,21.76,0,0,25.07,0,12.25,0,0,0.13,0,0,0,11.85,16
"Botswana",1991,0.150672292579473,110.14,1.27,0.08,0,0,1.35,0.04,0,0,0,0,0,0,0,0,0,0,0,0,0,0.03,0.18,0,3.34,2.08,2.25,19.83,0,0,0.02,0,0,0,0,1.93,26.9,0,0,13.56,0,17.52,0,0,2.87,0,0,0,3.89,13
"Botswana",1992,0.169898996655201,96.34,0.27,0.1,0,0,1.06,0.03,0,0,0,0,0,0,0,0,0,0,0,0,0,0,0.92,0,2.09,0.4,2.14,18.92,0,0,0.01,0,0,0,0,3.62,25.78,0,0,17.44,0.03,12.31,0,0,0,0,0,0,3.22,8
"Botswana",1993,0.135142561970583,92.09,1.68,0.06,0,0,0.99,0.04,0,0,0,0,0,0,0,0,0,0,0,0,0,0,0.27,0,2.56,0,1.05,20.01,0,0,0.04,0.41,0,0,0,3.46,11.35,0,0,14.29,0.03,11.44,0,0,9.17,0,0,0,2.24,13
"Botswana",1994,0.123522306678251,64.04,3.04,0,0.01,0,1.29,0.03,0,0,0,0,0,0,0,0,0,0,0,0,0,0,0.39,0,1.57,0.01,0.7,9.43,0,0,0.13,0,0,0,0,5.41,7.66,0,0,9.45,0,5.78,0,0,4.67,0,0,0,1.47,13
"Botswana",1995,0.131376186382041,60.53,3.72,0.05,0,0,0.96,0.09,0,0,0,0,0,0,0,0,0,0,0,0,0,0,0.75,0,0.38,0.24,0.73,9.84,0,0,0.17,0,0,0.16,0,3.55,6.91,0,0,6.46,0.05,7.53,0,0,3.31,0,0,0,1.63,14
"Botswana",1996,0.153045308471359,73.63,18.48,0,0,0,0.59,0.05,0,0,0,0,0,0,0,0,0,0,0,0,0,0,0.42,0,0.9,0.16,0.8,8.08,0,0,0.18,0,0,0.51,0,4.23,6.73,0,0,15.71,0.04,6.56,0,0,1.87,0,0,0,0.32,8
"Botswana",1997,0.134549920191782,59.03,10.55,0.06,0,0,0.3,0,0,0,0,0,0,0,0,0,0,0,0,0,0,0,0.4,0,0.75,0.09,0.91,7.24,0,0,0.09,0.11,0,0.05,0,4.5,7.75,0,0,8.45,0.02,7.17,0,0.02,0,0,0,0,0.57,10
"Botswana",1998,0.264453873822276,77.57,35.61,0,0,0,0.23,0.11,0,0,0,0,0,0,0,0,0,0,0,0,0,0,0.42,0,1.61,0.12,0.92,14.54,0,0,0.1,0,0,0.03,0,4.56,4.5,0.04,0,3.86,0,5.62,0,0.01,0.66,0,0,0,0.15,4.48
"Botswana",1999,0.20247598661113,45.96,15.74,0,0,0,0.01,0.22,0,0,0,0,0,0,0,0,0,0,0,0,0,0,0.3,0,2.14,0.11,0.73,10.91,0,0,0.29,0,0,0,0,0.29,3.18,0,0,1.15,0,4.84,0,0.03,1.04,0,0,0,0.6,4.38
"Botswana",2000,0.195942063321352,29.43,9.88,0.01,0,0,0,0.23,0,0,0,0,0,0,0,0,0,0,0,0,0,0,0.26,0,1.15,0.05,0.75,6.65,0,0,0.03,0.11,0,0,0,0.11,2.67,0,0,0.7,0,3.73,0,0.01,1.05,0,0,0,0.27,1.77
"Botswana",2001,0.179834352943339,32.32,10.62,0.01,0,0,0,0.09,0,0,0,0,0,0,0,0,0,0,0,0,0,0,0.42,0,1.02,0.12,0.58,5.55,0,0,0,0,0,0,0,2.8,3.63,0,0.01,0.35,0,3.42,0,0.01,3.09,0,0,0,0.05,0.55
"Botswana",2002,0.334692563664063,42.22,4.17,0,0,0,0.06,0.06,0,0,0,0,0,0,0,0,0,0,0,0,0,0,0.4,0,0.77,0.15,0.88,4.52,0,0,0.03,0,0,0,0,1.85,3.17,0,0.01,0.59,0,2.16,0,0.01,0,0,0,0,0.18,23.21
"Botswana",2003,0.238751841963191,32.87,5.58,0,0,0,0.05,0.05,0,0,0,0,0,0,0,0,0,0,0,0,0,0,0.32,0,1.4,0.7,1.5,4.11,0,0,0.06,0,0,0,0,0.64,1.48,0,0.01,0.61,0,1.14,0,0,0,0,0,0,1.09,14.13
"Botswana",2004,0.373770193291458,37.26,2.79,0,0,0,0,0.04,0,0,0,0,0,0,0,0,0,0,0,0,0,0,0.14,0,1.26,0.05,2.2,3.78,0,0,0.03,0.01,0,0.02,0,1.18,1.64,0,0.01,0.43,0,0.46,0,0,0,0,0,0,1.21,22.01
"Botswana",2005,0.281746512580182,39.19,7.11,0,0,0,0.7,0.03,0,0,0,0,0,0,0,0,0,0,0,0,0,0.01,0,0,1.36,0.11,1.65,3.45,0.03,0,0.08,0,0,0,0,1.03,2.17,0,0.15,0.31,0,0.25,0,0.01,0,0,0,0,1.88,18.86
"Botswana",2006,0.376336267982086,43.73,6.29,0.03,0,0.01,0.11,0.02,0,0,0,0,0,0,0,0,0,0,0,0,0,0,0.02,0,0.62,0.13,1.75,2.7,0,0,0.24,0,0,0,0,0.61,1.96,0,0.15,1.63,0,0.06,0,0,0,0,0,0.01,1.71,25.68
"Botswana",2007,0.436704616222178,71.59,4.5,0,0,0,0.04,0.02,0,0,0,0,0,0,0,0,0,0,0,0,0,0,0.17,0,0.13,0.21,9.53,2.45,0,0,0.14,0,0,0,0,0.1,2.2,0.01,0,3.66,0,0.41,0,0,0,0,0,0,2.22,45.8
"Botswana",2008,0.492534843163607,708.84,22.47,0,0,0.01,0.22,0,0,0,0,0,0,0,0,0,0.06,0,0,0,0,0.01,0.29,0,0.57,0.4,2.8,438.98,0.06,0,0.23,0,0,0,0,0,3.01,0.08,0,4.33,0,1.05,0,0,0,0,0,0,1.4,232.87
"Botswana",2009,0.879187693113467,229.81,2.22,0,0,0.08,0.52,0,0,0,0,0,0,0,0,0,0,0,0,0,0,0.01,0.36,0,0.06,0.58,1.35,2.08,0,0,0.02,0,0,0,0,0,1.83,0.04,0.06,2.95,0,0.92,0,0,0,0,0,0,1.31,215.42
"Botswana",2010,0.491706026427114,109.08,15.85,0.01,0,0.09,0.68,0,0,0,0,0,0,0,0,0,0,0,0,0,0,0,0.28,0,0.54,0.18,6.81,2.44,0,0,0.02,0,0,0,0,0,0.63,0.01,0,4.68,0,1.05,0,0.01,0,0,0,0.01,1.49,74.3
"Botswana",2011,0.568939198897092,104.1,5.75,0,0,0.05,2.89,0,0,0,0,0,0,0,0,0,0,0,0,0,0,0,0.12,0,0,0.54,1.01,2.03,0,0,0.04,0,0,0,0,0,0.5,0.09,0,2.11,0,1.56,0,0,8.44,0,0,0.08,1.18,77.71
"Botswana",2012,0.589064225325444,81.25,6.71,0,0,0.08,1.51,0,0,0,0,0,0,0,0,0,0,0,0.07,0,0,0,0,0,0,0.33,0.81,0.33,0,0,0,0,0,0,0,0,0.46,0.06,0,7.16,0,0.96,0,0,0.28,0,0,0,0.95,61.54
"Botswana",2013,0.620073431025245,96.31,7.16,0.01,0,0.07,2.51,0.04,0,0,0,0,0,0,0,0,0,0,0,0,0,0,0,0,0,0.44,0.86,0.54,0,0,0,0,0,0,0,0,0.18,0.08,0,6.44,0,1.37,0,0.01,0.06,0,0,0.03,1.36,75.15
"Botswana",2014,0.708310096740866,68.25,4.73,0.12,0,0.01,1.28,0.17,0,0,0,0,0,0,0,0,0.02,0,0,0,0,0,0,0,0,0.48,0.77,0.23,0,0,0,0,0,0,0,0.17,0.14,0.07,0.01,0.57,0,1.03,0,0.11,0,0,0,0.08,1.06,57.2
"Botswana",2015,0.69494267247973,60.79,4.43,0.01,0,0.03,1.15,0.61,0,0,0,0,0,0,0,0,0,0,0.11,0,0,0,0,0,0,0.41,0.55,0.11,0,0,0.08,0.08,0,0,0,0,0.07,0.03,0,0.3,0,1.61,0,0.09,0,0,0.02,0.04,0.63,50.43
"Botswana",2016,0.67943470414193,83.12,12.14,0.19,0,0.04,0.63,0.46,0,0,0,0,0,0,0,0,0,0,0,0,0,0.01,0,0,0,0.12,0.42,0.16,0,0,0.12,0,0,0,0,0,0.21,0.03,0,0.28,0,0.38,0,0,0,0,0.02,0.06,0.43,67.42
"Botswana",2017,0.611612239962929,72.53,11.76,1.02,0,0.01,0.91,0.32,0,0,0,0,0,0,0,0,0,0,0,0,0,0.01,0,0,0,0.11,0.2,0.42,0,0,0,0,0,0,0,0,0,0.04,0,0.25,0,1.38,0,0,0,0,0,0.14,0.51,55.45
"Botswana",2018,0.617370808919271,76.8,12.93,0,0,0,1.11,0.15,0,0,0,0,0,0,0,0,0,0,0,0,0,0.01,0,0,0,0.12,0.15,0.72,0,0,0,0.12,0,0,0.01,0,0,0.04,0,0.16,0,1.71,0,0.39,0,0,0,0,0.28,58.9
"Botswana",2019,0.577875951366399,63.56,9.35,0,0,0,1.07,0.12,0,0,0,0.01,0,0,0,0,0.01,0,0,0,0,0,0,0,0,0.12,0.19,1.69,0,0,0.19,0.01,0,0,0,0,0.06,0.04,0,0.13,0,2.91,0,0.04,0,0,0.03,0.05,0.27,47.27
"Botswana",2020,0.575482957556957,77.11,12.93,0,0,0,0.78,0.06,0,0,0,0,0,0,0,0,0.02,0,0,0,0,0.01,0,0,0,0.19,0.23,1.39,0,0,0,0.01,0,0,0,0,0.05,0.04,0,0.05,0,2.74,0.11,0.01,0,0,0.91,0.07,0.56,56.95
"Botswana",2021,0.568807425792321,79.11,13.13,0,0,0,0.33,0.2,0,0,0,0,0,0,0,0,0.02,0,0,0,0,0,0,0,0,0.23,1.55,1.31,0,0,0,0,0,0,0.01,0,0.05,0.04,0,0.6,0,3.25,0,0.04,0,0,0,0.07,0.21,58.07
"Botswana",2022,0.720827679346864,66.192125,3.869818,0.794698,0,0.045257,0.073103,0.099584,0,0,0,0,0,0,0,0,0.031986,0,0,0,0,0.012457,0,0,0,0,2.463221,1.321463,0,0,0,0,0,0,0.001369,0,0.042262,0.00867,0,0.291838,0,0.928152,0,0,0,0,0.005241,0.034184,0.188396,55.980426
"Botswana",2023,0.529969504516459,170.097759,110.589669,1.058647,0,0,0.117058,0.259223,0,0,0,0,0.02487,0.034638,0,0,0.025894,0.000398,0,0,0,0.026363,0,0,0,0,0.336317,0.857044,0,0,0,0,0,0,0.000746,0,0.057454,0,0,0.459996,0,0.383188,0,0.002003,0,0,0,0.031009,0.144572,55.68867
"Botswana",2024,0.804413975349315,51.758577,1.277721,0.466916,0,0.039303,0.293387,0.190254,0,0,0,0.021189,0.09728,0.092198,0,0,0.02814,0.001169,0,0,0,0.040784,0,0.004234,0,0,1.461351,0.258083,0,0,0,0.004766,0,0,0.000529,0,0.018768,0,0.000154,0.392297,0.011917,0.342516,0,0.007634,0,0,0.008451,0.088476,0.238102,46.372958
"Botswana",2025,NA,0,0,0,0,0,0,0,0,0,0,0,0,0,0,0,0,0,0,0,0,0,0,0,0,0,0,0,0,0,0,0,0,0,0,0,0,0,0,0,0,0,0,0,0,0,0,0,0,0
"Burkina Faso",1960,NA,0,0,0,0,0,0,0,0,0,0,0,0,0,0,0,0,0,0,0,0,0,0,0,0,0,0,0,0,0,0,0,0,0,0,0,0,0,0,0,0,0,0,0,0,0,0,0,0,0
"Burkina Faso",1961,NA,0,0,0,0,0,0,0,0,0,0,0,0,0,0,0,0,0,0,0,0,0,0,0,0,0,0,0,0,0,0,0,0,0,0,0,0,0,0,0,0,0,0,0,0,0,0,0,0,0
"Burkina Faso",1962,1,1,0,0,0,0,0,0,0,0,0,0,0,0,0,0,0,0,0,0,0,0,0,0,0,0,0,0,0,0,0,0,0,0,0,0,0,0,0,0,0,0,0,0,0,0,0,0,0,1
"Burkina Faso",1963,0.861625514403292,1.08,0,0,0,0,0,0,0,0,0,0,0,0,0,0,0,0,0,0,0,0,0,0,0,0,0,0.07,0,0,0,0,0,0,0,0,0,0,0,0,0.01,0,0,0,0,0,0,0,0,1
"Burkina Faso",1964,0.815534113648201,11.46,0.01,0,0,0,0,0,0,0,0,0,0,0,0,0,0,0,0,0,0,0,0,0,0,0,10.3,0.12,0,0,0,0,0,0,0,0,0,0,0,0,0.03,0,0,0,0,0,0,0,0,1
"Burkina Faso",1965,0.827077801991321,11.47,0,0,0,0,0,0,0,0,0,0,0,0,0,0,0,0,0,0,0,0,0,0,0,0,10.4,0.27,0,0,0,0.02,0,0,0,0,0,0,0,0,0.01,0.01,0,0,0,0,0,0,0,0.76
"Burkina Faso",1966,0.751192329812454,10.68,0,0,0,0,0,0,0,0,0,0,0,0,0,0,0,0,0,0,0,0.19,0,0,0,0,9.2,0.29,0,0,0,0,0,0,0,0,0,0,0,0,0.03,0,0,0,0,0,0,0,0.01,0.96
"Burkina Faso",1967,0.677588219585973,16.77,0,0,0,0,0,0,0,0,0,0,0,0,0,0,0,0,0,0,0,0,0.02,0,0,0,13.5,0.36,0,0,0,0,0,0,0,0,0,0,0,0,0.01,0,0,0,0,0,0,0,0.02,2.86
"Burkina Faso",1968,0.673964622426584,16.53,0,0,0,0,0,0,0,0,0,0,0,0,0,0,0,0,0,0,0,0,0.02,0,0,0,13.4,1.39,0,0,0,0,0,0,0,0,0,0,0,0,0.07,0,0,0,0,0,0,0,0.02,1.63
"Burkina Faso",1969,0.617429381724989,15.96,0,0,0,0,0,0,0,0,0,0,0,0,0,0,0,0,0,0,0,0.13,0.04,0,0,0,12.3,1.4,0,0,0,0,0,0,0,0,0,0,0,0,0.06,0.01,0,0,0,0,0,0,0.02,2
"Burkina Faso",1970,0.748559979964939,14.52,0,0,0,0,0,0,0,0,0,0,0,0,0,0,0,0,0,0,0,0.06,0.04,0,0,0,12.5,0.74,0,0,0,0,0,0,0,0.08,0,0,0,0,0,0,0,0,0,0,0,0,0.1,1
"Burkina Faso",1971,0.504580300476891,16.7,0,0,0,0,0,0,0,0,0,0,0,0,0,0,0,0,0,0,0,0.05,0.05,0,0,0,11.1,1.21,0,0,0,0,0,0,0,0.04,0,0,0,0,0.04,0.01,0,0,0,0,0,0,0.2,4
"Burkina Faso",1972,0.599404852725353,31.49,0,0,0,0,0,0,0,0,0,0,0,0,0,0,0,0,0,0,0,0.06,0.05,0,0,0,23.82,0.92,0,0,0,0.09,0,0,0,0.39,0,0,0,0,0.08,0.1,0,0,0,0,0,0,0.98,5
"Burkina Faso",1973,0.444850172270633,36.03,0.01,0,0,0,0,0,0,0,0,0,0,0,0,0,0,0,0,0,0,0.34,0.95,0,0,0,22.91,3.68,0,0,0,0.18,0,0,0,0.15,0.04,0,0,0,0.35,0.05,0,0,0,0,0,0,1.37,6
"Burkina Faso",1974,0.437678802415236,54.67,0.03,0,0,0,0,0,0,0,0,0,0,0,0,0,0,0,0,0,0,0.11,0.93,0,0,0,34.77,5.92,0,0,0,0.04,0,0,0,0.06,0,0,0,0.07,0.43,0.06,0,0,0,0,3,0,2.25,7
"Burkina Faso",1975,0.345649376629783,55.05,0.03,0,0,0,0,0,0,0,0,0,0,0,0,0,0,0,0,0,0,0.63,0.83,0,0.94,0,28.85,13.33,0,0,0,0.33,0,0,0,1.93,0,0,0,0,0.61,0.06,0,0,0,0,0,0,2.51,5
"Burkina Faso",1976,0.288834796684673,61.96,0.16,0,0,0,0,0,0,0,0,0,0,0,0,0,0,0,0,0,0,0.36,0.56,0,2.67,0,28.51,14.1,0,0,0,0.17,0,0,0,4.59,0.14,0,0,0,0.58,0.08,0,0,0,0,0,0,2.04,8
"Burkina Faso",1977,0.250548017921936,73.39,0.21,0,0,0,0.05,0,0,0,0,0,0,0,0,0,0,0,0,0,0,0.47,0.69,0,0.09,0,29.8,13.78,0,0,0,0.12,0,0,0,7.74,2.15,0,0,0,2.95,0.1,0,0,0,0,0,0,1.24,14
"Burkina Faso",1978,0.224662205375625,103.17,0.26,0,0,0,0,0,0,0,0,0,0,0,0,0,0,0,0,0,0,0.54,1.03,0,0.31,0,34.52,16.94,0,0,0,0.05,0,0,0,21.97,0.11,0,0,0,2.92,0.05,0,0,0,0,0,0,4.47,20
"Burkina Faso",1979,0.219697029140983,173.72,0.12,0,0,0,0,0,0,0,0,0,0,0,0,0,0,0,0,0,0,1.31,2.16,0,4.44,0,37.98,60.9,0,0,0,0.09,0,0,0,27.22,1.44,0,0,0,1.67,0.05,0,0,0,0,0,0,13.34,23
"Burkina Faso",1980,0.23407627084447,156.07,1.87,0,0,0,0,0,0,0,0,0,0,0,0,0,0,0,0,0,0,0.59,1.61,0,3.36,0,58.45,32.12,0,0,0,0.02,0,0,0,19.53,0.19,0,0,0,1.96,0.22,0,0,0,0,0,0,8.15,28
"Burkina Faso",1981,0.261080370678541,177.08,0.19,0,0,0,0,0,0,0,0,0,0,0,0,0,0,0,0,0,0,0.47,0.87,0,0.48,0.05,71.67,32.83,0,0,0.02,0.06,0,0,0,19.7,2,0,0,0.2,2.17,0.07,0,0,0,0,0,0,7.3,39
"Burkina Faso",1982,0.181657902000493,151.29,0.22,0,0,0,0,0,0,0,0,0,0,0,0,0,0,0,0,0,0,0.29,1.83,0,3.56,0.04,43.72,25.86,0,0,0,7.39,0,0,0,26.93,0,0,0,0.09,1.65,0.04,0,0,1.73,2.18,0,0,9.76,26
"Burkina Faso",1983,0.216809270441455,128.38,3.17,0,0,0,0,0,0,0,0,0,0,0,0,0,0,0,0,0,0,0.33,0.9,0,0.52,0.05,43.54,14.89,0,0,0,0.5,0,0,0,25.55,0.97,0,0,0.25,2.9,0.13,0,0,0.4,0,0,0,7.28,27
"Burkina Faso",1984,0.206133973871102,123.72,4.57,0,0,0,0.02,0,0,0,0,0,0,0,0,0,0,0,0,0,0,0.22,1.68,0,1.04,0.02,35.33,11.5,0,0,0,2.11,0,0,0,17.68,0.04,0,0,0.96,2.53,0.16,0,0,1.49,0,0,0,7.37,37
"Burkina Faso",1985,0.197897190433684,126.11,5.33,0,0,0,0,0,0,0,0,0,0,0,0,0,0,0,0,0,0,0.24,1.06,0,2.78,0,26.77,11.87,0,0,0,5.42,0,0,0,13.73,0.02,0,0,0.03,1.87,0.36,0,0,3.56,0,0,0,9.07,44
"Burkina Faso",1986,0.135426142571057,186.59,4.28,0,0,0,0.01,0,0,0,0,0,0,0,0,0,0,0,0,0,0,0.42,2.29,0,8.9,0.16,40.75,22.93,0,0,0,35.19,0,0,0,16.43,3.63,0,0,0,2.74,0.19,0,0,8.3,2.26,0,0,12.11,26
"Burkina Faso",1987,0.166857193691674,214.55,7.72,0,0,0,0,0,0,0,0,0,0,0,0,0,0,0,0,0,0,0.44,2.98,0,10.68,0,66.76,36.25,0,0,0,20.55,0,0,0,27.61,0,0,0,0,3.06,0.25,0,0,2.59,4.69,0,0,11.97,19
"Burkina Faso",1988,0.1559382469794,224.35,7.89,0,0,0,0.07,0,0,0,0,0,0,0,0,0,0,0,0,0,0,0.42,1.83,0,0.51,0,54.24,43.17,0,0,0,31.65,0,0,0,28.19,1.36,0,0,0.52,4.07,0.56,0,0,1.12,2.32,0,0,29.43,17
"Burkina Faso",1989,0.206876007982914,211.25,3.16,0,0,0,0.01,0,0,0,0,0,0,0,0,0,0,0,0,0,0,5.24,1.21,0,7.78,0,80.19,33.34,0,0,0,16.13,0,0,0,31.33,0.36,0,0.04,0,4.54,0.46,0,0,1.47,0.61,0,0,11.38,14
"Burkina Faso",1990,0.208651590008513,252.52,1.74,0,0,0,0.03,0,0,0,0,0,0,0,0,0,0,0,0,0,0,1.91,2.92,0,10.25,0,93.81,45.18,0,0,0,29.8,0,0.35,0,34.54,0,0,0.05,0.11,4.96,0.46,0,0,2.54,2.77,0,0,10.1,11
"Burkina Faso",1991,0.229881317799519,293.94,4.35,0.02,0.12,0,0.04,0,0,0,0,0,0,0,0,0,0,0,0,0,0,1.55,2.73,0,11.01,0.05,125.85,44.96,0,0,0.09,8.72,0,1.04,0,28.5,4.26,0,0.07,1.14,5.27,2.24,0,0,7.3,4.46,0,0,16.17,24
"Burkina Faso",1992,0.267154837635163,286.43,9.3,0.08,0,0,0.02,0,0,0,0,0,0,0,0,0,0,0,0,0,0,1.2,2.89,0,7.6,0.02,133.39,47.6,0,0,0.01,5.3,0,0.33,0,33.22,1.01,0,0,0.48,6.56,0.63,0,0,2.42,2.76,0,0,18.61,13
"Burkina Faso",1993,0.280375955555281,273.29,6.88,0.07,0,0,0.01,0,0,0,0,0,0,0,0,0,0,0,0,0,0,2.94,3.52,0,19.67,0.01,133.85,36.59,0,0,0.01,2.34,0,0.56,0,27.56,0.79,0,0.06,0.71,7.39,0.39,0,0,3.25,0.01,0,0.03,8.65,18
"Burkina Faso",1994,0.202523135527502,291.23,11.82,0.07,0.78,0,0,0.03,0,0,0,0,0,0,0,0,0,0,0,0,0,3.1,5.45,0,18.13,0.01,113.87,37.37,0,0,0.02,24.38,0,0.72,0,35.8,0.08,0,0.14,0.18,13.02,0.19,0,0,2.49,1.52,0,0,9.06,13
"Burkina Faso",1995,0.245818024423611,277.96,6.66,0.15,2.03,0,0.14,0,0,0,0,0,0,0,0,0,0,0,0,0,0,3.05,4.25,0,16.31,0.03,125.13,30.9,0,0,0.08,2.72,0,1.11,0,39.5,0.37,0,0.49,0.91,12.26,0.54,0,0,7.22,2.04,0,0,8.07,14
"Burkina Faso",1996,0.202027176870631,292.16,14.85,0.09,4.13,0,0,0.04,0,0,0,0,0,0,0,0,0,0,0,0,0,4.26,6.63,0,22.8,0,113.69,41.01,0,0,0.17,2.33,0,0.79,0,37.6,2.39,0,3.93,0.79,14.92,0.47,0,0,4.52,0.57,0,0,7.18,9
"Burkina Faso",1997,0.148750053320109,237.22,8.24,0.1,0,0,0,0.04,0,0,0,0,0,0,0,0,0,0,0,0,0,1.74,12.43,0,25.93,0.42,68.59,31.44,0,0,0.31,3.88,0,1.86,0,36.55,3.19,0,0.66,1.44,12.48,0.99,0,0.07,3.2,3.65,0,0,6.01,14
"Burkina Faso",1998,0.168292191829119,247.13,8.85,0.02,0,0,0,0.01,0,0,0,0,0,0,0,0,0.01,0,0,0,0,3.29,7.41,0,30.34,0.32,77.34,42.11,0,0,0.27,2.4,0,2.22,0,34.16,1.64,0,1.77,1.93,8.04,0.14,0,0.05,6.07,1.16,0,0,6.13,11.45
"Burkina Faso",1999,0.133781017879785,262.59,28.18,0,0,0,0,0.07,0,0,0,0,0,0,0,0,0,0,0,0,0,7.84,7.9,0,34.64,0.48,69.53,36.54,0,0,0.3,0.7,0,3.48,0,21.05,1.5,0,5.42,0.63,14.11,0.49,0,0.06,7.99,3.57,0,0,6.91,11.2
"Burkina Faso",2000,0.187182915392589,246.26,21.25,0.01,0,0,0,0,0,0,0,0,0,0,0,0,0,0,0,0,0,2.99,9.64,0,24.45,0.47,95,22.24,0,0,0.26,8.2,0,6.23,0,16.13,0.44,0,2.45,1.24,11.47,0.45,0,0.09,3.96,1.64,0,0,8.32,9.33
"Burkina Faso",2001,0.131148234362356,241,20.44,0.06,0,0,0,0,0,0,0,0.03,0,0,0,0,0,0,0,0,0,2.95,8.88,0,28.83,0.77,57.4,23.6,0,0,0.21,1.14,0,4.88,0,44.42,0.27,0,1.09,5.99,12.75,1.74,0,0.1,3.89,2.56,0,0.04,5.88,13.08
"Burkina Faso",2002,0.131239258333549,246.38,10.02,0.01,0,0,0,0,0,0,0,0.05,0,0,0,0,0,0,0,0,0,8.01,16.76,0,22.97,1.28,67.27,19.35,0,0,0.23,3.12,0,5.26,0,37.28,0.37,0,2.73,7.54,15.95,0.3,0,0.12,2.91,0,0,0,8.63,16.22
"Burkina Faso",2003,0.134553730946941,285.72,10.58,0.01,0,0,0,0,0,0,0,0.05,0,0,0,0,0,0,0,0,0,2.55,12.48,0,27.35,1.12,80.97,28.83,0,0,0.33,6.74,0,7.65,0,39.38,0.18,0,5.57,10.67,20.6,0.11,0,0.07,4.43,0,0.52,0,11.4,14.13
"Burkina Faso",2004,0.136555478648645,353.9,8.49,0.06,0,0,0,0,0,0,0,0.35,0,0,0,0,0,0,0,0,0,5.06,20.51,0,32.84,1.5,98.49,38.5,0,0,0.16,2.97,0,7.4,0,55,0.15,0,2.56,12.22,20.45,6.47,0,0.03,6.63,0,0.25,0,16.18,17.63
"Burkina Faso",2005,0.128492217222513,363.53,18.88,0.13,0,0,0,0,0,0,0,0.29,0,0,0,0,0,0,0,0,0,4.13,11.75,0,48.79,1.21,93.58,29.7,0,0,0,1.5,0,11.01,0,53.75,0.22,0,3.34,15.21,20.8,2.58,0,0.04,8.66,0,1.35,0,16.5,20.11
"Burkina Faso",2006,0.168654661159173,414.22,18.47,0.15,0,0.03,0,0,0,0,0,0,0,0,0,0,0,0,0,0,0,5.45,16.83,0.01,34.6,1.08,146.52,29.47,0,0,0.08,0.98,0,10.5,0,55.14,0.37,0,3.67,15.03,20.94,2.78,0,0.05,11.77,0,1.24,0.09,17.07,21.9
"Burkina Faso",2007,0.140466243187588,446.08,20.43,0.63,0,0.01,0,0,0,0,0,0.26,0,0,0,0,0.04,0,0,0,0,4.68,14.39,0.01,42.38,0.65,131.29,39.9,0.07,0,1.06,2.59,0,14.21,0,65.7,0.27,0,4.77,21.11,20.32,0,0,0.06,16.68,0,0,0.02,22.74,21.81
"Burkina Faso",2008,0.153573314554704,513.28,20.98,0.17,0,0.01,0,0,0,0,0,0,0,0,0,0,0.02,0,0,0,0.02,7.66,12.98,0.01,44.41,0.18,158.8,44.92,0.26,0,0.71,2.26,0,13.39,0,88.9,0.22,0,12.13,22.99,20.81,0.16,0,0.09,10.77,0,0.68,0.43,29.91,19.41
"Burkina Faso",2009,0.106843406218248,476.96,49.77,0.12,0,0.06,0,0,0,0,0,0.04,0,0,0,0,0.05,0,0,0,0.03,6.97,14.03,0.01,36.05,0.12,94.67,47.5,0.07,0,0.9,5.35,0,14.78,0,65.98,0.53,0,10.86,24.52,23.72,0.2,0,0.1,3.31,0,2,0.58,23.52,51.12
"Burkina Faso",2010,0.0956091570587989,484.3,41.59,0.28,0,0,0.42,0,0,0,0,0.02,0,0,0,0,0,0,0,0,0.04,4.96,15.99,0,34.41,0.08,81.39,52.51,0.07,0,0.02,4.26,0,17.9,0,54.36,0.82,0,12.28,34.88,28.2,0.3,0,0.07,7.69,0,2.07,0.74,30.84,58.11
"Burkina Faso",2011,0.104945422061531,488.95,40.33,0.71,0,0.01,0.9,0,0,0,0,0,0,0,0,0,0.21,0.03,0,0,0.05,7.06,11.57,0,43.27,0,96.36,43.78,0,0,0.07,4.87,0,16.92,0,53.88,0.76,0,3.03,37.64,30.15,0.82,0,0.03,3.84,0,1.73,1.92,26.18,62.83
"Burkina Faso",2012,0.11404650116998,547.94,56.36,0.81,0,0.01,0.47,0.81,0,0,0,0,0,0,0,0,0,0.02,0,0,0,7.35,9.8,0,44.14,0,81.46,51.4,0,0,0.77,2.87,0,19.06,0,41.23,0.76,0,1.44,33.71,37.24,1.71,0,0.06,6.18,0,2.27,0.84,27.69,119.48
"Burkina Faso",2013,0.132204199045149,552.16,26.06,0.33,0,0.02,2.51,0,0,0,0,0.01,0,0,0,0,0.01,0.01,0,0,0,7.31,14.34,0,46.52,0.05,78.99,44.52,0.01,0,1.04,4.36,0,20.47,0,42.83,0.94,0,2.84,27.62,38.6,0.85,0,0.02,6.48,0,2.44,0.37,29.18,153.43
"Burkina Faso",2014,0.180530967521641,593.85,23.55,0.2,0,0,0.11,0,0,0,0,0,0,0,0,0,0.01,0,0,0,0,4.87,10.57,0,70.42,0.26,76.67,49.85,0.01,0,0.41,7.37,0,31.07,0,0,0.75,0,2.03,19.74,32.85,0.55,0,0.16,4.53,0,2.38,4.15,37.55,213.79
"Burkina Faso",2015,0.120795927612264,380.73,23.56,0.32,0,0,0.12,0,0,0,0,0,0,0,0,0,0.02,0,0,0,0,4.45,10.65,0,41.57,0.53,81.33,47.39,0.01,0,0.24,8.25,0,21.5,0,0,0.51,0,0.75,12.7,38.78,0.13,0,0.34,1.61,0,2.12,0.91,24.31,58.63
"Burkina Faso",2016,0.117563407204789,390.56,30.25,0.88,0,0,0.06,0,0,0,0,0,0,0,0,0,0,0.01,0,0,0,4.81,13.91,0,47.58,0.17,79.87,43.6,0,0,0.4,8.48,0,19.57,0,0,0.42,0,2.03,13.18,36.98,0.18,0,0.25,0.96,4.09,1.66,0.67,18.02,62.53
"Burkina Faso",2017,0.125449620734538,436.48,19.37,0.72,0,0.04,9.08,0,0,0,0,0,0,0.01,0,0,0,0.02,0,0,0,5.84,15.39,0,33.41,0.65,108.87,41.01,0,0,0.35,10.59,0,25.72,0,0,2.72,0,3.8,15.52,34.62,2.25,0,0,0,0.35,0.69,1.14,31.71,72.61
"Burkina Faso",2018,0.118260090610958,499.85,16.02,0,0,0,0.09,0,0,0,0,0.03,0,0,0,0,0,0.01,0,0,0,6.44,16.63,0,42.34,0.76,112.45,58.4,0,0,0.56,14.56,0,27.38,0,0,3.16,0,3.47,34.04,39.03,2.73,0,0.21,0,0,0.8,0.33,50.2,70.21
"Burkina Faso",2019,0.119193753640929,630.57,26.62,0,0,0,0.05,0,0,0,0,0.27,0,0,0,0,0,0.08,0,0,0,8.79,20.02,0,33.08,0.51,133.45,86.15,0,0.01,0.7,16.98,0,30.66,0,2.53,6.84,0,6.01,56.78,41.73,2.19,0,0.1,2.54,0,0.45,1.06,45.78,107.19
"Burkina Faso",2020,0.119544161971812,767.7,51.3,0,0,0,0,0,0,0,0,0.53,0.32,0,0,0,0,0.01,0,0,0,7.93,43.88,0,30.54,0.9,172.68,99.93,0,0.21,1.22,12.41,0,33.58,0,23.71,9.67,0,3.5,49.66,52.96,0.47,0,0.03,0.43,0,2.18,0.55,42.29,126.81
"Burkina Faso",2021,0.113939300697709,809.98,63.85,0,0,0,0,0,0,0,0,0.28,0,0,0,0,0,0.01,0,0,0,13.68,39.39,0,41.77,1.73,135.2,69.94,0,0.22,1.31,17.72,3.24,33.15,0,31.59,7.77,0,5.08,53.62,52.82,0.28,0,0.09,4.41,0,0.24,0.34,49.59,182.66
"Burkina Faso",2022,0.141229478855337,744.217711,28.937939,0.409269,0,0.000499,0.054894,0,0,0,0.716226,0.521115,0,0,0,0,0,0.033907,0,0,0,5.919782,38.583442,0,26.849093,0.325852,159.985229,72.329686,0,0.230316,1.196526,25.150438,2.060203,25.850146,0.000546,12.035394,6.325744,0,2.537979,51.145,44.345472,0.226801,0,0.00194,0,0,0.017295,0.296716,48.786604,189.343658
"Burkina Faso",2023,0.12625499236237,627.452893,20.566498,3.058012,0,0,0.381829,0,0,0,0,0.013798,0,0,0,0,0,0.020838,0,0,0,10.527742,32.290177,0,42.041257,0.596374,66.68644,62.609566,0,0.321866,3.617799,11.433059,2.16848,29.741277,0.000962,29.6945,5.653711,0,5.22935,37.304769,40.76694,0,0.05,0,0,0,2.221396,0.377678,43.951415,176.12716
"Burkina Faso",2024,0.18805722862563,658.245317,18.723529,6.842978,0,0,0.01759,0,0,0,0,0.229644,0,0,0,0,0.003127,0.015127,0,0,0,8.473144,22.640909,0,41.411844,0.739615,50.545196,57.880381,0,0.484743,3.159261,15.620456,1.769902,24.583916,0.001047,33.887099,6.615922,0,5.345579,22.201976,36.151882,0.832374,0,0,0,0,0.904412,2.38083,36.697758,260.085076
"Burkina Faso",2025,NA,0,0,0,0,0,0,0,0,0,0,0,0,0,0,0,0,0,0,0,0,0,0,0,0,0,0,0,0,0,0,0,0,0,0,0,0,0,0,0,0,0,0,0,0,0,0,0,0,0
"Burundi",1962,0.744564422609472,10.06,0,0,0,0,0,0,0,0,0,0,0,0,0,0,0,0,0,0,0,0,8.55,0,0,0,0,0.01,0,0,0,0,0,0,0,0,0,0,0,0,0,0,0,0,0,0,0,0,0,1.5
"Burundi",1963,0.712987490898082,6.19,0,0,0,0,0,0,0,0,0,0,0,0,0,0,0,0,0,0,0,0,5.13,0,0,0,0,0.02,0,0,0,0,0,0,0,0,0,0,0,0,0.04,0,0,0,0,0,0,0,0,1
"Burundi",1964,0.936947914383812,5.85,0,0,0,0,0,0,0,0,0,0,0,0,0,0,0,0,0,0,0,0,5.66,0,0,0,0,0.17,0,0,0,0,0,0,0,0,0,0,0,0,0.01,0.01,0,0,0,0,0,0,0,0
"Burundi",1965,0.860320179584121,3.68,0,0,0,0,0,0,0,0,0,0,0,0,0,0,0,0,0,0,0,0,3.41,0,0,0,0,0.05,0,0,0,0,0,0,0,0,0,0,0,0,0.07,0.03,0,0,0,0,0,0,0,0.12
"Burundi",1966,0.555253976946691,6.77,0,0,0,0,0,0,0,0,0,0,0,0,0,0,0,0,0,0,0,0.02,4.94,0,0.01,0,0.5,0.51,0,0,0,0,0,0,0,0,0,0,0,0,0.03,0.03,0,0,0,0,0,0,0,0.73
"Burundi",1967,0.720106245657353,8.11,0,0,0,0,0,0,0,0,0,0,0,0,0,0,0,0,0,0,0,0,6.83,0,0.03,0,0,0.7,0,0,0,0,0,0,0,0,0,0,0,0.03,0.03,0.02,0,0,0,0,0,0,0,0.47
"Burundi",1968,0.618631754909466,10.12,0,0,0,0,0,0,0,0,0,0,0,0,0,0,0,0,0,0,0,0,7.82,0,0,0,1.3,0.68,0,0,0,0,0,0,0,0,0,0,0,0.03,0.05,0.01,0,0,0,0,0,0,0.01,0.22
"Burundi",1969,0.633083318985308,10.56,0,0,0,0,0,0,0,0,0,0,0,0,0,0,0,0,0,0,0,0,8.29,0,0,0,1.2,0.56,0,0,0,0,0,0,0,0,0,0,0,0.3,0.17,0.02,0,0,0,0,0,0,0.02,0
"Burundi",1970,0.721093430764898,11.57,0,0,0,0,0,0,0,0,0,0,0,0,0,0,0,0,0,0,0,0,9.75,0,0.01,0,1.1,0.48,0,0,0,0.01,0,0,0,0,0,0,0,0,0.14,0,0,0,0,0,0,0,0.08,0
"Burundi",1971,0.580534430727023,13.5,0,0,0,0,0,0,0,0,0,0,0,0,0,0,0,0,0,0,0,0,10.14,0,0.01,0,1.3,0.44,0,0,0,0,0,0,0,0,0.09,0,0,0.19,0.18,0,0,0,0,0,0,0,0.15,1
"Burundi",1972,0.599714006463032,16.85,0.01,0,0,0,0,0,0,0,0,0,0,0,0,0,0,0,0,0,0,0,12.77,0,0.02,0,2.55,0.63,0,0,0,0.05,0,0,0,0.09,0,0,0,0,0.49,0.02,0,0,0,0,0,0,0.22,0
"Burundi",1973,0.588894563711911,15.2,0,0,0,0,0,0,0,0,0,0,0,0,0,0,0,0,0,0,0,0,11.46,0,0.02,0,1.88,0.98,0,0,0,0.14,0,0,0,0.08,0,0,0,0,0.39,0.02,0,0,0,0,0,0,0.23,0
"Burundi",1974,0.397559580176768,21.12,0,0,0,0,0,0,0,0,0,0,0,0,0,0,0,0,0,0,0,0,12.3,0,0.03,0,4.38,1.61,0,0,0,0.13,0,0,0,0.08,0.09,0,0,0.02,0.31,0.01,0,0,2.03,0,0,0,0.13,0
"Burundi",1975,0.443898981379952,26.57,0,0,0,0,0,0,0,0,0,0,0,0,0,0,0,0,0,0,0,0.01,16.28,0,0.09,0,6.65,1.69,0,0,0,0.19,0,0,0,0.11,0,0,0,0,0.44,0.01,0,0,0,0,0,0,0.1,1
"Burundi",1976,0.399970706113417,26.09,0,0,0,0,0,0,0,0,0,0,0,0,0,0,0,0,0,0,0,0.04,14.71,0,0,0,7.01,2.33,0,0,0,0.11,0,0,0,0.23,0,0,0,0,0.47,0.01,0,0,0.09,0,0.01,0,0.08,1
"Burundi",1977,0.382175840190289,29.32,0,0,0,0,0,0,0,0,0,0,0,0,0,0,0,0,0,0,0,0.05,16.52,0,0,0,6.2,3.94,0,0,0,0.18,0,0,0,0.51,0,0,0,0,0.45,0.01,0,0,0.41,0,0,0,0.05,1
"Burundi",1978,0.324859909650135,40.8,0,0,0,0,0,0,0,0,0,0,0,0,0,0,0,0,0,0,0,0.05,20.88,0,0.06,0,7.16,6.34,0,0,0,0.25,0,0,0,0.3,0,0,0,0,0.66,0.01,0,0,1.93,0,0.14,0,0.02,3
"Burundi",1979,0.349556030266119,45.97,0,0,0,0,0,0,0,0,0,0,0,0,0,0,0,0,0,0,0,0.02,25.17,0,0.38,0,7.46,6.39,0,0,0.01,0.23,0,0,0,0.91,0,0,0,0.9,0.74,0.04,0,0,1.5,0,0.22,0,0,2
"Burundi",1980,0.26393802664027,63.73,2.21,0,0,0,0,0,0,0,0,0,0,0,0,0,0,0,0,0,0,0,27.68,0,0.35,0.22,12.85,10.28,0,0,0.13,0.18,0,0,0,0.69,0,0,0,0.3,1.12,0.05,0,0,3.47,0,0.19,0,0.01,4
"Burundi",1981,0.222908088377112,73.59,2.74,0,0,0,0,0,0,0,0,0,0,0,0,0,0,0,0,0,0,0,22.69,0,0.14,0.04,17.27,18.18,0,0,0.03,0.49,0,0,0,1.59,0.22,0,0,0.05,0.94,0.04,0,0,1.81,0.11,0.15,0,0.1,7
"Burundi",1982,0.209370066055039,81.36,1.62,0,0,0,0,0,0,0,0,0,0,0,0,0,0,0,0,0,0,0.01,20.64,0,0,0.83,25.83,14.29,0,0,0.09,0.65,0,0,0,0.9,0.45,0,0,0.11,1.09,0.04,0,0,3.42,2.5,0.12,0,0.77,8
"Burundi",1983,0.196716663685587,76.41,1.18,0,0,0,0,0,0,0,0,0,0,0,0,0,0,0,0,0,0,0.01,14.71,0,0.06,0.65,21.18,19.75,0,0,0.1,0.87,0,0,0,0.67,1.3,0,0,0,0.94,0.08,0,0,1.02,6.1,0,0,0.79,7
"Burundi",1984,0.148958837624295,84.04,4.08,0,0,0,0,0,0,0,0,0,0,0,0,0,0,0,0,0,0,0.12,16.28,0,0.05,0.27,17.73,14.16,0,0,0.21,1.58,0,0,0,0.6,0.14,0,0,0,1.29,0.1,0,0,9.11,4.55,0,0,1.77,12
"Burundi",1985,0.164918857286885,84.62,1.65,0,0,0,0,0,0,0,0,0,0,0,0,0,0,0,0,0,0,0.19,19.2,0,0.01,0.28,22.62,12.62,0,0,0.27,3.8,0,0,0,1.8,1.15,0,0,0,3.28,0.11,0,0,2.05,4.63,0.76,0,1.2,9
"Burundi",1986,0.13118221600332,99.61,6.02,0,0,0,0,0,0,0,0,0,0,0,0,0,0,0,0,0,0,0.29,19.21,0,0,0.04,21.3,14.24,0,0,0.24,6.18,0,0,0,2.8,3.24,0,0,0,10.71,0.14,0,0,4.52,4.7,0,0,0.98,5
"Burundi",1987,0.147570235344394,101.99,10.95,0,0,0,0,0,0,0,0,0,0,0,0,0,0,0,0,0,0,0.48,19.65,0,0,0.02,25.35,16.23,0,0,0.18,5.14,0,0,0,1.61,1.2,0,0,0,2.66,0.15,0,0,2.53,6.63,4.22,0,0.99,4
"Burundi",1988,0.179766375416851,89.73,9.6,0,0,0,0.01,0,0,0,0,0,0,0,0,0,0,0,0,0,0,3.68,17.33,0,0.27,0,27.93,14.37,0,0,0.12,4.98,0,0,0,1.18,0,0,0,0,2.16,0.21,0,0,0.01,3.76,0.47,0,0.65,3
"Burundi",1989,0.196795695370682,99.02,10.9,0,0,0,0,0,0,0,0,0,0,0,0,0,0,0,0,0,0,2.93,17.16,0,0.34,0,32.32,20.71,0,0,0.17,1.51,0,0,0,1.24,0,0,0.04,0,2.37,0.25,0,0,1.61,3.46,0,0,1.01,3
"Burundi",1990,0.17155743141128,169.91,9.98,0,0,0,0,0,0,0,0,0,0,0,0,0,0,0,0,0,0,9.7,39.52,0,0.03,0,43,30.4,0,0,0.09,7.3,0,0.73,0,6.2,0,0,0.09,0,2.11,0.32,0,0,0.33,1.73,0,0,0.38,18
"Burundi",1991,0.231800785400292,130.06,12.11,0,0,0,0.02,0,0,0,0,0,0,0,0,0,0,0,0,0,0,1.75,26.07,0,0.61,0,48.81,25.68,0,0,0.02,2.01,0,1.27,0,0.18,0,0,0.09,1.79,1.66,0.36,0,0,0,0.41,0,0,1.22,6
"Burundi",1992,0.211376451171544,163.24,12.66,0.2,0,0,0,0,0,0,0,0,0,0,0,0,0,0,0,0,0,1.75,52.87,0,0.4,0,43.89,20.82,0,0,0.11,1.78,0,0.51,0,0.18,0,0,0,0,2.97,0.32,0,0,0.23,6.4,0,0,2.15,16
"Burundi",1993,0.170759799260608,135.68,8.21,0.06,0,0,0.17,0,0,0,0,0,0,0,0,0,0,0,0,0,0,2.38,26.34,0,0.49,0,36.96,25.4,0,0,0.24,3.74,0,2.15,0,2.17,0.31,0,0,2.07,1.79,1.22,0,0,0,1.35,0,0,2.63,18
"Burundi",1994,0.170232502699263,118.38,7.42,0.06,0,0,0,0.03,0,0,0,0,0,0,0,0,0,0,0,0,0,1.51,19.3,0,0.44,0.65,32.2,27.68,0,0,0.22,2.01,0,2.76,0,1.6,1.34,0,0.07,1.48,1.41,4.55,0,0,0,0.32,0,0,3.33,10
"Burundi",1995,0.169893470790403,118.21,4.14,0.07,0,0,1.48,0.1,0,0,0,0,0,0,0,0,0,0,0,0,0,1.43,9.82,0,0.48,0.76,26.61,30.94,0,0,0.19,1.62,0,1.04,0,2.79,5.46,0,0.37,3.42,0.57,1.81,0,0,0,0.05,0,0,2.06,23
"Burundi",1996,0.139873629384453,77.47,1.01,0.01,0,0,0,0.26,0,0,0,0,0,0,0,0,0,0,0,0,0,1.58,7.49,0,0.42,0.35,21.81,13.82,0,0,2.47,1.82,0,1.3,0,3.26,5.8,0.2,0.05,4.88,1.98,2.63,0,0,0,0,0,0,4.33,2
"Burundi",1997,0.147973759655068,46.69,0,0,0,0,0,0.09,0,0,0,0,0,0,0,0,0,0,0,0,0,0.1,5.41,0,0.03,0.05,13.61,6.13,0,0,0.64,1.52,0,0,0,4.02,5.39,0,0.11,2.97,0.88,1.69,0,0.01,0,0,0,0,1.04,3
"Burundi",1998,0.11813118436145,52.05,0,0,0,0,0,0.09,0,0,0,0,0,0,0,0,0.01,0,0,0,0,0.93,8.31,0,0,0.4,11.81,4.99,0.01,0,1.31,1.06,0,1.8,0,4.04,5.17,0,0.01,4.49,1.93,2.32,0,0.02,0,0,0,0,2.56,0.79
"Burundi",1999,0.133145234101407,58.24,1.06,0,0,0,0,0.09,0,0,0,0,0,0,0,0,0.01,0,0,0,0,1.22,3.57,0,0,0.82,9.62,1.69,0.02,0,0.93,2.24,0,1.4,0,4.27,6.39,0,0.12,3.67,2.56,0.76,0,0.04,0,0,0,0,1.99,15.77
"Burundi",2000,0.107050994127256,46.26,0.24,0.03,0,0,0,0,0,0,0,0,0,0,0,0,0,0,0,0,0,1.2,6.55,0,0,0.97,9.32,3.02,0.01,0,1.01,0.61,0,1.86,0,4.39,5.34,0,0.08,4.25,3.39,1.74,0,0.02,0,0,0,0,1.27,0.96
"Burundi",2001,0.10718476571763,59.03,0.29,0.03,0,0,0,0,0,0,0,0,0,0,0,0,0,0,0,0,0,0.49,8.04,0,0,0.84,8.24,3.25,0.01,0,1.34,1.8,0,1.63,0,11.68,5.66,0,0.51,2.5,3.9,1.69,0,0.02,0,0,0,0,2.26,4.85
"Burundi",2002,0.139696844345993,88.66,0.09,0.03,0,0,0,0.05,0,0,0,0,0,0,0,0,0,0,0,0,0,0.95,17.1,0,0,1.18,10.27,2.71,0.01,0,1.24,4.7,0,0.17,0,9.59,10.17,0,0.19,3.57,2.43,1.19,0,0.05,0,0,0,0,1.8,21.17
"Burundi",2003,0.203150369419738,124.25,0.09,0,0,0,0,0.03,0,0,0,0,0,0,0,0,0,0,0,0,0,1.24,16.58,0,0,0.02,6.56,4.78,0,0,1.15,2.3,0,0.24,0,12.67,12.15,0,0.33,5.22,3.28,3.51,0,0.01,0,0,0,0,5.07,49.02
"Burundi",2004,0.166367582029277,216.91,0.4,0,0,0,0,0.12,0,0,0,0,0,0,0,0,0,0,0,0,0,0.72,25.85,0,0.09,1.49,65.14,10.37,0.05,0,2.88,4.39,0,0.42,0,23.33,11.85,0,0.8,6.56,4.9,9.46,0,0,0,0,0,0,4.3,43.79
"Burundi",2005,0.140220720649826,188.36,1.91,0.17,0,0,0,1.25,0,0,0,0.04,0,0,0,0,0,0,0,0,0,1.18,22.07,0,5.24,0.87,19.57,11.36,0.38,0,1.96,3.44,0,0.38,0,22.87,10.28,0.1,0.69,5.27,4.62,14.78,0,0.01,0,0,0,0,5.13,54.79
"Burundi",2006,0.108039841185715,229.69,16.77,0.2,0,0,0,0,0,0,0,0,0,0,0,0,0.03,0,0,0,0,0.48,34.1,0,2.99,1.33,18.75,14.54,0.2,0,3.7,14.08,0,0.54,0,16.98,13.08,0.08,0.22,8.24,5.36,26.9,0,0.01,0,0,0,0.03,4.5,46.58
"Burundi",2007,0.0904161303009952,205.23,9.18,0.12,0,0,0,0,0,0,0,0,0,0,0,0,0.01,0,0,0,0,0.73,27.19,0,5.14,0.99,19.68,23.02,0.08,0,5.89,3.46,0,3.21,0,23.14,20.23,0.01,2.29,5.98,6.36,15.44,0,0.02,0,0,0,0.24,6.94,25.88
"Burundi",2008,0.10811718345667,276.44,24.1,0,0,0.01,0,0,0,0,0,0,0,0,0,0,0.01,0,0,0,0.08,18.41,59.05,0,3.8,0.22,19.12,23.13,0.2,0,1.49,4.97,0,0.53,0,32.32,25.45,0,1.88,6.95,6,14.17,0,0.01,0,0,0,0.07,4.23,30.24
"Burundi",2009,0.147874070860067,399.59,56.31,0,0,0.05,0.16,0,0,0,0,0,0,0,0,0,0,0,0,0,0.09,0.38,53.06,0,7.73,0.46,114.65,27.9,0.07,0,2.3,4.4,0,0.64,0,18.31,25.11,0,5.7,4.61,9.58,14.42,0,0,0,0,0,0.05,6.06,47.55
"Burundi",2010,0.114231631931565,286.71,39.06,0.04,0,0.24,0.45,0,0,0,0,0,0,0,0,0,0,0.01,0,0,0.03,0.45,57.95,0,3.52,0.47,17.41,29.46,0.06,0,1.59,6.08,0,1.15,0,19.07,19.45,0,1.24,8.1,12.05,20.74,0,0.03,0,0,0,0.07,4.69,43.3
"Burundi",2011,0.128206028173933,272.62,21.2,0.21,0,0.1,0.93,0,0,0,0,0,0,0,0,0,0.09,0.06,0,0,0.05,0.86,64.74,0,1.99,0.62,15.89,32.9,0.08,0,1.67,2.67,0,1.14,0,19.64,17.33,0,0.2,6.63,15.26,17.75,0,0.03,0,0,0.3,0.03,2.82,47.43
"Burundi",2012,0.1391945576887,228.41,26.06,0.35,0,0.03,1.17,0,0,0,0,0,0,0,0,0,0.14,0.02,0.14,0,0.03,0.24,56.98,0,1.16,0.71,14.51,24.06,0.07,0,1.34,1.89,0,0.76,0,17.19,16.43,0,2,3.43,13,1.17,0,0.03,0,0,0,0.09,3.28,42.13
"Burundi",2013,0.141530539356565,250.98,30.7,0.12,0,0.02,2.13,0,0,0,0,0.01,0,0,0,0,0.15,0.01,0,0,0.04,0.17,65.87,0,0.18,0.47,16.5,24.81,0,0,1.19,1.5,0,1.03,0,32.65,13.77,0,0.22,1.84,11.19,6.53,0,0.01,0,0,0.01,0.5,3.33,36.03
"Burundi",2014,0.156726356831592,219,9.04,0.58,0,0.01,0.96,0,0,0,0,0,0,0,0,0,0.15,0.01,0,0.01,0.04,0.07,62.41,0,0.52,0.86,12.17,25.85,0.02,0,1.2,0.52,0,0.99,0,27.64,7.23,0,0.22,1.28,10.46,10.06,0,0.01,0,0,0.1,0.72,5.08,40.79
"Burundi",2015,0.186700386098243,169.8,2.55,0.89,0,0,0.6,0,0,0,0,0,0,0,0,0,0.01,0.01,0,0,0.07,0.02,49.14,0,0,0.76,7.49,17.42,0,0,1.55,1.37,0,0.85,0,27.03,5.47,0,0.37,0.27,7.21,0.31,0,0.01,0,0,0.14,0.04,4.21,42.01
"Burundi",2016,0.501927259039918,560.96,3.64,0.57,0,0,0.24,0,0,0,0,0,0,0,0,0,0,0,0,0,0.1,0.03,52.15,0,0,0.55,5.96,46.09,0,0,1.79,0.98,0,0.57,0,33.9,5.15,0,0.98,2.29,7.49,4.31,0,0,0,0,0.03,0.4,4.16,389.58
"Burundi",2017,0.170257725535152,213.13,2.58,0.19,0,0.03,2.24,0,0,0,0,0,0,0,0,0,0,0,0.04,0,0.07,0.03,36.38,0,0,0.59,5.92,32.87,0,0,1.6,2.17,0,0.56,0,30.97,4.35,0,0.58,4.3,9.29,6.33,0,0,0,0,0.13,1.28,6.54,64.09
"Burundi",2018,0.151829873022777,231.51,9.99,0,0,0,0.47,0,0,0,0,0,0,0,0,0,0,0,0,0.01,0,0.04,44.22,0,0,0.78,7.3,35.8,0,0,1.87,1.63,0,0.9,0,39.96,4.79,0,1.29,7.11,9.58,6.01,0,0.06,0,0,0,0,5.79,53.91
"Burundi",2019,0.168692734040424,227.89,11.53,0,0,0,0.35,0,0,0,0,0,0,0,0,0,0.02,0,0,0.01,0,0.04,31.47,0.01,0,0.9,8.32,41.44,0,0,2.27,1.72,0,0.32,0,34.01,4.83,0,1.7,2.5,6.39,7.34,0,0,0.89,0,0.33,0.74,3.34,67.42
"Burundi",2020,0.169885531994746,215.35,5.46,0,0,0,0.47,0,0,0,0,0,0,0,0,0,0.05,0,0,0,0,0.1,29.93,0,0.37,1.38,8.48,36.68,0,0,1.91,2.27,0,0.35,0,33.37,4.81,0,0.76,3.5,8.45,4.14,0.11,0,1.33,0,0.63,0.54,5,65.26
"Burundi",2021,0.160328670828236,221.73,11.18,0,0,0,1.32,0,0,0,0,0,0,0,0,0,0.12,0,0,0,0,0.11,36.39,0,0.36,0.89,8.94,30.85,0,0,2.5,4.17,0,0.67,0,37.73,3.17,0,1.8,2.82,8.67,1.23,0,0.06,0.59,0,0.53,0.36,5.44,61.83
"Burundi",2022,0.151784297950627,216.1051,14.708984,1.009469,0,0.113457,1.627863,0,0,0,0,0,0,0,0,0,0.559125,0.006232,0,0,0,0.092175,28.569531,0,0.65763,1.71287,11.800457,27.866804,0,0,2.803541,2.48759,0,0.134852,0,37.417691,2.116194,0,1.022506,0.830912,12.563932,1.373578,0,0.007777,0.177311,0,0,0.218507,7.039517,59.186595
"Burundi",2023,0.192774268417457,237.769583,20.075959,3.582737,0,0,1.547365,0,0,0,0,0,0,0.027346,0,0,0,0.029403,0,0,0,0.142904,27.545556,0,0.626569,0.874857,20.899728,18.95244,0,0,2.534678,1.578436,0,0.37846,0,34.398931,0.849906,0,0.633852,0.784991,10.831995,0.023544,0,0.002003,0,0,0.064705,0.234356,3.989388,87.159474
"Burundi",2024,0.189358828108019,205.830417,10.059578,4.682071,0,0,1.460248,0,0,0,0,0,0,0.083275,0,0.001258,0.090674,0.031275,0,0,0,0.225778,24.119803,0,0.58574,1.259987,14.478846,12.111222,0,0,2.57773,2.064932,0,0,0,43.636185,1.326467,0.003269,0.793443,0.753279,9.729589,0.105179,0,0.00438,0,0,0.39023,0.245619,4.86373,70.14663
"Burundi",2025,NA,0,0,0,0,0,0,0,0,0,0,0,0,0,0,0,0,0,0,0,0,0,0,0,0,0,0,0,0,0,0,0,0,0,0,0,0,0,0,0,0,0,0,0,0,0,0,0,0,0
"Cameroon",1960,0.5,0.02,0,0,0,0,0,0,0,0,0,0,0,0,0,0,0,0,0,0,0,0,0,0,0,0,0,0.01,0,0,0,0,0,0,0,0,0,0,0,0,0,0.01,0,0,0,0,0,0,0,0
"Cameroon",1961,0.738658270605744,6.47,0,0,0,0,0,0,0,0,0,0,0,0,0,0,0,0,0,0,0,0,0,0,0,0,0,0,0,0,0,0,0,0,0,0,0,0,0,0,0,5.47,0,0,0,0,0,0,0,1
"Cameroon",1962,0.484358263935275,5.03,0,0,0,0,0,0,0,0,0,0,0,0,0,0,0,0,0,0,0,0,0,0,0,0,0,0.03,0,0,0,0,0,0,0,0,0,0,0,0,0,2.87,0,0,0,0,0,0,0.13,2
"Cameroon",1963,0.757062749895321,3.49,0,0,0,0,0,0,0,0,0,0,0,0,0,0,0,0,0,0,0,0,0,0,0,0,0,0.47,0,0,0,0,0,0,0,0,0,0,0,0,0.01,0,0,0,0,0,0,0,0.01,3
"Cameroon",1964,0.728179129105554,23.24,0,0,0,0,0,0,0,0,0,0,0,0,0,0,0,0,0,0,0,0,0,0,0,0,19.6,0.3,0,0,0,0.01,0,0,0,0,0,0,0,0,0.1,0.09,0,0,0,0,0,0,0.14,3
"Cameroon",1965,0.451549939650136,25.21,0,0,0,0,0,0,0,0,0,0,0,0,0,0,0,0,0,0,0,0,0,0,0,0,15.4,2.13,0,0,0,0.11,0,0,0,0,0,0,0,0,0.28,0.28,0,0,0,0,0,0,0.3,6.71
"Cameroon",1966,0.388878715463388,36.86,0,0,0,0,0,0,0,0,0,0,0,0,0,0,0,0,0,0,0,0,0,0,0,0,20.8,1.9,0,0,0,0,0,0,0,0,0,0,0,0,0.32,0.32,0,0,0,8.45,0,0,0.58,4.49
"Cameroon",1967,0.54870267768595,27.5,0,0,0,0,0,0,0,0,0,0,0,0,0,0,0,0,0,0,0,0,0.06,0,0,0,19.9,3.32,0,0,0,0.04,0,0,0,0,0,0,0,0,0.28,0.36,0,0,0,0,0,0,0.92,2.62
"Cameroon",1968,0.497665143877337,27.6,0,0,0,0,0,0,0,0,0,0,0,0,0,0,0,0,0,0,0,0,0.1,0,0,0,18.9,3.5,0,0,0,0.01,0,0,0,0,0,0,0,0,0.42,0.65,0,0,0,0,0,0,1.32,2.7
"Cameroon",1969,0.425602849393245,30.82,0,0,0,0,0,0,0,0,0,0,0,0,0,0,0,0,0,0,0,0,0.2,0,0.01,0,19.4,3.6,0,0,0,2.77,0,0,0,0,0.03,0,0,0,0.64,0.6,0,0,0,0,0,0,1.57,2
"Cameroon",1970,0.318706904579718,38.87,0.01,0,0,0,0,0,0,0,0,0,0,0,0,0,0,0,0,0,0,0,0.26,0,0,0,19.8,3.04,0,0,0,1.81,0,0,0,1.26,0,0,0,0,0.67,0.83,0,0,0,0,0,0,3.19,8
"Cameroon",1971,0.290727896270702,31.82,0,0,0,0,0,0,0,0,0,0,0,0,0,0,0,0,0,0,0,0.01,0.28,0,0,0,15,5.87,0,0,0,0.01,0,0,0,1.34,0,0,0,0,0.5,0.79,0,0,0,0,0,0,4.02,4
"Cameroon",1972,0.614260881851888,77.36,0.01,0,0,0,0,0,0,0,0,0,0,0,0,0,0,0,0,0,0,0,0.41,0,0,0,60.09,5.53,0,0,0,0.24,0,0,0,1.82,0.06,0,0,0,1.04,0.61,0,0,0,0,0,0,4.55,3
"Cameroon",1973,0.411521248744836,48.84,0.02,0,0,0,0,0,0,0,0,0,0,0,0,0,0,0,0,0,0,0,0.67,0,0,0,30.19,5.83,0,0,0,0.15,0,0,0,2.13,0.11,0,0,0,1.64,0.75,0,0,0,0,0,0,4.35,3
"Cameroon",1974,0.51200136731889,53.74,0.01,0,0,0,0,0,0,0,0,0,0,0,0,0,0,0,0,0,0,0,0.77,0,0,0,37.62,5.65,0,0,0,0.04,0,0,0,1.76,0.2,0,0,0.02,0.86,0.77,0,0,0,0,0,0,5.04,1
"Cameroon",1975,0.382072517928964,78.33,0.02,0,0,0,0,0,0,0,0,0,0,0,0,0,0,0,0,0,0,0,1.46,0,0,0,46.42,8.85,0,0,0,0.07,0,0,0,3.48,0.12,0,0,0,1.02,0.79,0,0,0,3.48,0,0,7.62,5
"Cameroon",1976,0.333525090939972,99.49,0.01,0,0,0,0,0,0,0,0,0,0,0,0,0,0,0,0,0,0,0.09,1.24,0,0,0,51.98,21.28,0,0,0,0.22,0,0,0,3.91,0.13,0,0,0,2.68,0.99,0,0,0,3.2,0,0,9.76,4
"Cameroon",1977,0.183083289946024,143.74,0.08,0,0,0,0,0,0,0,0,0,0,0,0,0,0,0,0,0,0,26.16,1.84,0,0,0,47.7,21.73,0,0,0,0.1,0,0,0,3.87,9.53,0,0,0,4.09,0.84,0,0,2.89,10.2,0,0,8.71,6
"Cameroon",1978,0.280464103274119,131.73,0.05,0,0,0,0,0,0,0,0,0,0,0,0,0,0,0,0,0,0,0.06,2.5,0,3.62,0,56.82,37.18,0,0,0.01,0.12,0,0,0,3.27,1.56,0,0,0,2,1.89,0,0,0.79,4.47,0,0,13.39,4
"Cameroon",1979,0.274843097994426,210.98,0.09,0,0,0,0.01,0,0,0,0,0,0,0,0,0,0,0,0,0,0,0.15,3.17,0,0,0,75.02,77.54,0,0,0.03,0.42,0,0,0,4.35,2.9,0,0,0,1.52,2.39,0,0,3.69,15.2,0,0,13.5,11
"Cameroon",1980,0.288091570086472,201.43,0.07,0,0,0,0,0,0,0,0,0,0,0,0,0,0,0,0,0,0,0.09,3.59,0,0,0.02,100.6,26.77,0,0,0.03,0.29,0,0,0,4.14,2.28,0,0,0,1.66,11.98,0,0,8.32,12.81,0,0,17.78,11
"Cameroon",1981,0.344593179489992,145.39,0.19,0,0,0,0,0,0,0,0,0,0,0,0,0,0,0,0,0,0,0.07,4.28,0,0.01,0.04,80.39,17.38,0,0,0.02,1.09,0,0,0,2.22,0.19,0,0,0,1.64,7.04,0,0,0,1.34,0,0,16.49,13
"Cameroon",1982,0.382987759441276,164.28,1.22,0,0,0,0,0,0,0,0,0,0,0,0,0,0,0,0,0,0,0.03,7.61,0,7.2,0,98.79,12.28,0,0,0.01,0.66,0,0,0,9.91,0.4,0,0,0,2.03,5.48,0,0,0.02,0.03,0.5,0,6.11,12
"Cameroon",1983,0.302031532000555,117.6,0.12,0,0,0,0,0,0,0,0,0,0,0,0,0,0,0,0,0,0,0.03,8.26,0,0.01,0,59.87,12.4,0,0,0.01,0.72,0,0,0,3.1,0,0,0,0,2.55,4.63,0,0,0.02,0.15,0,0,13.73,12
"Cameroon",1984,0.219073475807824,173.15,2,0,0,0,0,0,0,0,0,0,0,0,0,0,0,0,0,0,0,0.02,9.42,0,11.96,0.01,72.27,14.04,0,0,0.01,2.26,0,0,0,3.12,0,0,0,0,3.89,7.35,0,0,12.14,0,0,0,23.66,11
"Cameroon",1985,0.227443622571189,143.1,1.16,0,0,0,0,0,0,0,0,0,0,0,0,0,0,0,0,0,0,0.02,2.94,0,0.14,0,61.19,14.22,0,0,0.01,10.63,0,0,0,3.15,0.13,0,0,0,5.1,5.92,0,0,3.26,3.89,0,0,15.34,16
"Cameroon",1986,0.184149454881029,195.93,4.85,0,0,0,0.01,0,0,0,0,0,0,0,0,0,0,0,0,0,0,0.06,8.23,0,18.03,0.05,71.63,26.71,0,0,0.02,11.85,0,0,0,3.76,0.13,0,0,0,8.23,2.57,0,0,2.71,4.16,0,0,13.93,19
"Cameroon",1987,0.22041594005011,203.45,12.5,0,0,0,0,0,0,0,0,0,0,0,0,0,0,0,0,0,0,0.04,7.52,0,0.56,0.02,73.28,53.25,0,0,0.02,2.84,0,0,0,4.69,0.27,0,0,0,5.97,6.02,0,0,1.37,1.55,0,0,12.55,21
"Cameroon",1988,0.319327677384881,258.78,0.88,0,0,0,0,0,0,0,0,0,0,0,0,0,0,0,0,0,0,0.03,11.13,0,0,0.03,137.59,33.82,0,0,0.01,7.33,0,0,0,17.39,0.2,0,0,0,6.07,6.06,0,0,0.2,0,0,0,15.04,23
"Cameroon",1989,0.1955847719884,306.93,2.15,0,0,0,0,0,0,0,0,0,0,0,0,0,0,0,0,0,0,0.04,9.22,0,0,0.04,97.5,44.92,0,0,0,68.23,0,0,0,13.11,0.09,0,0.27,0.11,4.32,4.73,0,0,0,0,0,0,33.2,29
"Cameroon",1990,0.265357283945944,533.41,4.69,0.01,0,0,0,0,0,0,0,0,0,0,0,0,0,0,0,0,0,0.06,4.32,0,0,0.01,213.04,48.77,0,0,0.01,6.18,0,0.05,0,15,0.02,0,17.26,0,4.6,3.72,0,0,0,0,0,0,151.67,64
"Cameroon",1991,0.249246638074411,423.23,16.41,0.27,0,0,0,0,0,0,0,0,0,0,0,0,0,0,0,0,0,0.07,5.94,0,1.6,0.42,180.5,44.25,0,0,0,12.26,0,0.04,0,4.97,0.43,0,16.94,0,10.63,5.37,0,0,0,0.02,0,0,33.11,90
"Cameroon",1992,0.539753781663594,647.88,9.39,0.21,0,0,0,0,0,0,0,0,0,0,0,0,0,0,0,0,0,0.08,6.66,0,0.4,0.92,470.77,50.44,0,0,0.02,8.01,0,0.05,0,3.87,0.4,0,23.96,0,12.5,6.07,0,0,0,1.09,0,0,25.04,28
"Cameroon",1993,0.644733198038442,583.9,11.4,0.33,0,0,0,0,0,0,0,0,0,0,0,0,0,0,0,0,0,0.46,6.39,0,0.22,0.47,465.64,45.06,0,0,0.04,1.18,0,0.03,0,5.67,0.47,0,1.05,0,2.33,4.27,0,0,0.01,1.1,0,0.01,15.77,22
"Cameroon",1994,0.622743748126077,483.43,10.13,0.26,0,0,0,0,0,0,0,0,0,0,0,0,0,0,0,0,0,1.09,3.06,0,0.15,0.13,377.87,47.59,0,0,0.08,2.65,0,0.04,0,10.95,0.5,0,0.77,0,4.08,3.61,0,0,0,0.11,0,0,12.36,8
"Cameroon",1995,0.610418797217768,416.64,3.16,0.29,0,0,0,0,0,0,0,0,0,0,0,0,0,0,0,0,0,2.29,2.85,0,0.02,0.15,322.87,34.97,0,0,0.08,14.86,0,0.16,0,5.23,0.48,0,1.76,4.04,2.13,3.74,0,0,0,1.4,0,0,13.16,3
"Cameroon",1996,0.528877148081511,411.84,7.1,0.5,0,0,0.02,0.01,0,0,0,0,0,0,0,0,0,0,0,0,0,3.39,2.29,0,0,0.2,291.52,64.69,0.1,0,0.12,1.28,0,0.05,0,11.96,0.45,0,0.97,0.03,2.98,3.97,0,0,0,0.23,0,0,16.98,3
"Cameroon",1997,0.45890594402431,423.46,4.91,0.4,0,0,0,0.05,0,0,0,0,0,0,0,0,0,0,0,0,0,3.33,1.92,0,4.32,0.02,278.08,62.18,0.02,0,0.11,18.74,0,0.27,0,7.98,0.48,0,22.69,0,2.66,3.8,0,0.18,0,0.26,0,0,9.06,2
"Cameroon",1998,0.37377626841076,447.39,9.71,0.21,0,0,0,0.02,0,0,0,0.03,0,0,0,0,0.02,0,0,0,0,7.09,15.02,0,13.68,0.86,264.02,49.71,0.1,0,0.11,1.83,0,0.1,0,17.06,0.86,0,11.4,0,2.86,5.97,0,0.2,0,0.01,0,0,39.5,7.02
"Cameroon",1999,0.423702271433086,370.29,21.9,0.24,0,0,0,0.07,0,0,0,0.1,0,0,0,0,0.02,0,0,0,0,6.63,13.13,0,1.63,0.02,234.61,42.48,0.04,0,0.17,0.5,0,0.11,0,7.01,0.73,0,1.37,0,2.73,11.07,0,0.18,1.15,0.04,0,0,18.13,6.23
"Cameroon",2000,0.30382120323315,279.82,15.81,0.2,0,0,0,0.07,0,0,0,0,0,0,0,0,0.02,0,0,0,0,8.6,8.51,0,0.98,0.01,141.24,49.95,0.04,0,0.16,28.43,0,0.23,0,4.75,0.69,0,0.64,0.09,2.07,8.07,0,0.22,0,0.17,0,0,6.34,2.53
"Cameroon",2001,0.182151801568923,457.61,41.61,0.23,0,0,0,0,0,0,0,0.06,0,0,0,0,0.02,0,0,0,0,134.91,32.57,0,21.12,0,107.94,47.14,0.09,0,0.06,0.29,0,0,0,52.42,0.96,0,0.85,0.01,1.73,5.15,0,0.23,0,0,0,0,5.44,4.78
"Cameroon",2002,0.187355428216176,537.97,7.51,0.3,0,0,0,0.02,0,0,0,0,0,0,0,0,0.03,0,0,0,0,7.49,25.45,0,17.04,0,180.91,99.21,0.1,0,0.19,44.78,0,0.3,0,7.49,5.74,0.01,1.51,0.02,2.97,43.33,0,0.18,0,0,0,0,80.29,13.1
"Cameroon",2003,0.380542446464716,891.15,10.79,0.42,0,0,0,0.01,0,0,0,0,0,0,0,0,0.04,0,0,0,0,7.17,27.08,0,0,0.17,422.3,349.17,0.11,0,0.26,0.03,0,0.44,0,10.85,1.86,0,1.28,5.26,2.69,13.74,0,0.18,0,0,0,0,20.43,16.87
"Cameroon",2004,0.235792189887252,716.89,16.86,0.63,0,0,0,0,0,0,0,0,0,0,0,0,0.09,0,0,0,0,62.09,22.57,0,17.58,0.25,264.74,206.68,0.13,0,0.28,1.96,0,0.52,0,11.56,1.69,0.01,1.56,14.31,2.79,30.03,0,0.16,0,0,0,0.01,43.19,17.2
"Cameroon",2005,0.273858958191292,514.87,19.27,0.69,0,0,0.01,0,0,0,0,0.04,0,0,0,0,0.07,0,0,0,0,7.61,14.55,0,9.81,0.28,179.59,194.38,0.27,0,0.34,0.8,0,0.46,0,17.54,1.85,0.02,1.57,8.74,2.57,4.62,0,0.11,1.08,0,0,0,34.85,13.75
"Cameroon",2006,0.157568579269169,1801.69,98.38,0.31,0,0,0.11,0,0,0,0,0.05,0,0,0,0.01,0.05,0,0,0,0,443.47,69.58,0,40.83,0.36,398.45,252,0.31,0,0.51,63.63,0,0.53,0,18.96,0.74,0,2.99,12.86,2.31,169.6,0,0.13,5.07,0,0,0.02,206.88,13.55
"Cameroon",2007,0.323037177841421,1884.63,18.55,0.27,0,0,0,0,0,0,0,0.06,0,0,0,0.03,0.12,0,0,0,0,0.51,87.76,0.01,17.02,0.28,744.42,756.71,0.16,0,0.46,1.77,0,0.29,0,2.58,0.46,0,44.08,73.64,32.54,51.74,0,0.11,7.79,0,0,0.22,12.4,30.65
"Cameroon",2008,0.470351494743443,927.12,15.58,0.74,0,0,0,0,0,0,0,0.05,0,0,0,0.01,0.18,0,0,0,0.01,0.56,3.67,0,0.12,0.2,255.48,581.31,0.36,0,0.71,4.71,0,0.52,0,0.58,0.52,0,17.81,0.74,2.65,2.92,0,0.26,9.18,0,0,0.22,11.94,16.09
"Cameroon",2009,0.354646157705207,415.78,8.11,0.18,0,0,0.14,0,0,0,0,0.05,0,0,0,0.01,0.13,0,0,0,0.03,0.49,23.96,0,0.24,0.29,226.03,91.04,0.27,0,0.36,2.22,0,0.3,0,0.12,0.41,0.01,15.19,1.03,3.23,2.26,0,0.27,0.63,0,0.09,0.19,7.08,31.42
"Cameroon",2010,0.339037969427792,386.3,42.03,2.56,0,0,0.32,0,0,0,0,0.07,0,0.04,0,0.01,0.11,0,0,0,0,0.34,4.26,0,0.21,0.42,200.27,90.53,0.16,0,0.37,4.3,0,0.24,0,0.17,0.4,0,9.05,0.62,2.22,1.03,0,0.2,0,0,0.3,0.45,7.21,18.41
"Cameroon",2011,0.35618851456776,382.4,24.02,4.3,0,0,0.69,0,0,0,0,0.06,0,0.04,0,0,0.16,0.16,0,0,0,0.32,4.61,0,0.11,0.45,203.58,97.25,0.15,0,0.52,3.89,0,0.45,0,0,0.5,0,4.17,1.76,1.86,0.82,0,0.27,0,0,0.24,0.42,12.24,19.36
"Cameroon",2012,0.308759880594567,322.64,15.99,15.51,0,0,2.65,0,0,0,0,0.04,0,0.05,0,0,0.06,0.22,0.06,0,0,0.4,2.36,0,0,0.29,151.49,88.99,0.13,0,0.85,1.86,0,0.44,0,0,0.83,0.01,1.1,1.92,2.65,1.97,0,0.18,0,0,0.22,0.47,5.15,26.75
"Cameroon",2013,0.303293445091001,377.83,41.33,7.18,0,0,1.44,0,0,0,0,0.05,0,0.06,0,0,0.04,0.16,0,0,0,0.25,4.84,0,0.59,0.37,181.8,84.19,0.14,0,0.63,2.74,0,0.6,0,0,1.14,0,1.66,2.01,2.97,1.34,0,0.11,0.43,0,0.16,2.46,2.65,36.49
"Cameroon",2014,0.257217526704199,512.72,25.04,11.36,0,0,0.83,0.03,0,0,0,0,0,0,0,0,0.02,0.01,6.32,0,0,0.28,9.56,0,0,2.54,222.25,88.56,0.13,0,0.76,3.09,0,0.54,0,0,1.06,0,1.07,2.24,3.21,88.24,0,0.09,0.01,0,0.22,1.98,2.53,40.75
"Cameroon",2015,0.254318436763625,398.94,33.38,16.7,0,0.01,1.15,0.21,0,0,0,0,0,0.04,0,0,0.01,0.04,0.15,0,0,0.33,3.4,0,0,0.61,164.2,73.17,0.1,0,0.55,2.54,0,0.33,0,0,0.69,0,0.21,1.67,4.06,9.51,0,0.1,0,0,0.21,0.3,3.9,81.37
"Cameroon",2016,0.332641682769247,508.64,23.72,11.25,0,0,0.35,0.17,0,0,0,0,0,0.05,0,0,0,0.05,0,0,0,1.65,6.27,0,0,0.51,266.58,88.53,0,0,0.64,3.89,0,0.53,0.01,0,0.37,0.01,1.99,5.34,2.91,2.3,0,0.67,0,0.97,0.24,1.93,8.42,79.29
"Cameroon",2017,0.321341969267854,606.36,29.19,25.57,0,0.02,0.87,0.06,0,0,0,0,0,0.06,0,0,0,0.06,0,0,0,2.1,3.48,0,0,0.32,312.41,104.71,0,0,0.6,3.54,0,0.5,0,0,1.69,0.04,5.95,5.16,3.48,2.66,0,0,2.49,0.3,0.23,2.64,9.58,88.65
"Cameroon",2018,0.34462972184807,725.43,22.55,0,0,0,0.4,0.05,0,0,0,0.01,0,0,0,0,0.05,0.11,0,0,0,0.56,2.84,0,0,0.11,387.7,121.89,0,0,1.09,4.5,0,0.47,0,0,2.84,0.04,5.6,9.64,4.97,15.44,0,0.73,4.58,0,0.29,0.41,16.19,122.37
"Cameroon",2019,0.384303020718162,790.49,34.9,0,0,0,0.33,0.03,0,0,0,0.15,0,0.02,0,0,0.22,0.09,0,0,0,1.34,3.09,0,0,0.11,461.48,126.12,0,0,1.24,9.24,0,0.87,0,0,3.44,0.27,3.47,10.89,8.28,16.39,0,0.08,0.61,0,0.39,1.74,8.78,96.92
"Cameroon",2020,0.241715414886038,616.65,24.61,0,0,0,0.2,0.03,0,0,0,0.15,0,0.02,0,0,0.39,0.1,0,0,0,0.83,2.24,0,1.5,0.08,171.59,127.58,0,0.01,1.17,8.27,0,0.78,0,0,3.54,0,1.64,10.97,8.67,20.85,0,0.07,1.97,0,0.26,1.68,16.28,211.17
"Cameroon",2021,0.215892450302358,528.02,34.03,0,0,0,0.58,0,0,0,0,0.05,0,0.02,0,0.01,0.51,0.08,0,0,0,0.35,2.64,0,1.36,0,137.45,137.14,0,0,1,7.58,0,0.35,0,0,2.98,0,0.95,13.28,10.48,11.81,0,0.21,4.77,0,0.3,0.85,15.87,143.37
"Cameroon",2022,0.275909920727271,775.601112,24.703694,18.8041,0,18.8041,8.011264,0.02135,0,0,0,0.00513,0,0.001013,0.001337,0.009844,0.272788,0.099702,0,0,0,0.359204,2.357751,0,1.381531,0,338.290324,137.751165,0,0,0.789125,9.503365,0,0.232643,0.003042,0,2.448423,0.003364,0,11.18224,9.573526,3.214926,0,0.101981,0,0,0.022012,0.716239,11.695545,175.240384
"Cameroon",2023,0.25321740740976,570.639747,26.435798,9.29082,0,0,0.005255,0,0.001535,0,0,0,0,0,0.029665,0.005557,0.424552,0.090963,0,0,0,1.541331,2.588241,0,1.012676,0,201.458662,113.02393,0,0.007249,1.057004,10.115614,0,0.530868,0,0,2.157003,0,0,9.194743,9.480334,2.571414,0,0.028929,0,0,0.347811,0.749775,11.52688,166.963138
"Cameroon",2024,0.248436880419393,570.648977,25.296818,8.011264,0,9.29082,0.029039,0,0.001461,0,0,0,0,0.001841,0.03082,0.00657,0.160226,0.07872,0,0,0,2.128233,3.461995,0,0.920727,0,191.906821,114.081434,0,0,1.03768,9.582174,0.111152,0.598149,0.002196,0.015693,2.495441,0,1.28717,7.077016,4.493184,4.005562,0,0.075218,0,0,1.340813,0.821908,9.161475,173.137357
"Cameroon",2025,NA,0,0,0,0,0,0,0,0,0,0,0,0,0,0,0,0,0,0,0,0,0,0,0,0,0,0,0,0,0,0,0,0,0,0,0,0,0,0,0,0,0,0,0,0,0,0,0,0,0
"Cape Verde",1975,0.248842693685038,2.14,0,0,0,0,0,0,0,0,0,0,0,0,0,0,0,0,0,0,0,0.03,0.01,0,0.01,0,0.65,0.36,0,0,0,0,0,0,0,0.58,0,0,0,0.5,0,0,0,0,0,0,0,0,0,0
"Cape Verde",1976,0.265146498568124,6.82,0,0,0,0,0,0,0,0,0,0,0,0,0,0,0,0,0,0,0,0.03,0.09,0,0,0.03,0.08,0.6,0,0,0,0,0,0,0,1.09,0.41,0,0,1.24,0.25,0,0,0,0,0,0,0,0,3
"Cape Verde",1977,0.225594356261023,15.75,0,0,0,0,0,0,0,0,0,0,0,0,0,0,0,0,0,0,0,0,0.64,0,0.03,0,0.8,2.06,0,0,0,0.18,0,0,0,1.35,0.02,0,0,5.66,0.14,0,0,0,0,0,0,0,0.87,4
"Cape Verde",1978,0.161171516273959,25.03,0,0,0,0,0,0,0,0,0,0,0,0,0,0,0,0,0,0,0,0.01,1.17,0,0,0,1.8,2.92,0,0,0,0.08,0,0,0,3.72,0.65,0,0,5.8,0.47,1.84,0,0,0,0,0,0,0.57,6
"Cape Verde",1979,0.177752736721386,27.21,0,0,0,0,0,0,0,0,0,0,0,0,0,0,0,0,0,0,0,0.04,1.63,0,0,0,2.4,5.89,0,0,0,0.28,0,0,0,5.19,0.26,0,0,6.69,0.81,0,0,0,0,0,0,0,0.02,4
"Cape Verde",1980,0.177485211002682,38.98,1.82,0,0,0,0,0,0,0,0,0,0,0,0,0,0,0,0,0,0,0,0.56,0,0,0,3.35,4.92,0,0,0,0.61,0,0,0,11.64,0.29,0,0,7.47,0.81,1.49,0,0,0,0,0,0,0.02,6
"Cape Verde",1981,0.149211091557669,36.25,1.07,0,0,0,0,0,0,0,0,0,0,0,0,0,0,0,0,0,0,1.73,1.25,0,0,0,4.06,3.84,0,0,0,1.1,0,0,0,6.37,0.71,0,0,7.22,0.85,0.03,0,0,0,0,0,0,0.02,8
"Cape Verde",1982,0.156337477866648,44.13,1.25,0,0,0,0,0,0,0,0,0,0,0,0,0,0,0,0,0,0,1.35,1.39,0,0.56,0,5.21,8.87,0,0,0,0.7,0,0,0,3.02,0.37,0,0,7.77,0.79,0.02,0,0,0.68,0.84,0,0,0.31,11
"Cape Verde",1983,0.132371114188981,45.6,2.1,0,0,0,0,0,0,0,0,0,0,0,0,0,0,0,0,0,0,1.27,1.68,0,0.43,0,4.01,6.69,0,0,0,4.03,0,0,0,6.22,0.84,0,0,7,0.8,0.05,0,0,0.25,0,0.03,0,0.2,10
"Cape Verde",1984,0.107859755813235,40.61,1.02,0,0,0,0,0,0,0,0,0,0,0,0,0,0,0,0,0,0,1.68,1.7,0,0.34,0.08,4.44,4.81,0,0,0,6.52,0,0,0,5.17,1.1,0,0,6.01,1.92,0.02,0,0,1.28,0,0.01,0,0.51,4
"Cape Verde",1985,0.120002336415701,42.64,1.07,0,0,0,0,0,0,0,0,0,0,0,0,0,0,0,0,0,0,1.47,1.53,0,0,0.1,6.16,6.21,0,0,0,7.52,0,0,0,4.01,0.45,0,0,6.63,1.18,0.03,0,0,0.81,1,0.05,0,0.42,4
"Cape Verde",1986,0.270037640831952,78.12,1.8,0,0,0,0,0,0,0,0,0,0,0,0,0,0,0,0,0,0,1.71,0.77,0,0.01,0.5,5.76,6.1,0,0,0,37.91,0,0,0,6.14,0.57,0,0,5.19,1.62,0.04,0,0,1.22,0.53,0.03,0,0.22,8
"Cape Verde",1987,0.112653748044185,64.89,2.3,0,0,0,0,0,0,0,0,0,0,0,0,0,0,0,0,0,0,2.31,4.07,0,0.18,1.64,4.85,13.2,0,0,0,8.58,0,0,0,8.24,1.37,0,1.1,7.93,1.55,0.06,0,0,0.55,0.6,0.01,0,0.35,6
"Cape Verde",1988,0.110277629215572,62.55,6.35,0,0,0,0,0,0,0,0,0,0,0,0,0,0,0,0,0,0,1.58,2.31,0,0.66,1.01,3.98,7.1,0,0,0,8.28,0,0,0,9.49,0.91,0,1.3,11.45,2.11,0.09,0,0,1.69,0.21,0,0,0.03,4
"Cape Verde",1989,0.125556163844679,61.75,1.16,0,0,0,0,0,0,0,0,0,0,0,0,0,0,0,0,0,0,2.9,1.75,0,0.14,0,4.04,4.38,0,0,0,12.61,0,0,0,7.14,0.79,11.71,0.87,8.32,1.76,0.11,0,0,0.6,0,0,0,0.47,3
"Cape Verde",1990,0.10690965239384,76.6,0.93,0,0,0,0,0,0,0,0,0,0,0,0,0,0,0,0,0,0,3.45,3.55,0,0.14,0,6.79,6.11,0,0,0,6.27,0,0.47,0,9.79,0.98,15.5,5.72,8.91,2.11,0.09,0,0,0.34,0,0,0,0.45,5
"Cape Verde",1991,0.102651796388538,80.07,4.94,0.09,0,0,0,0,0,0,0,0,0,0,0,0,0,0,0,0,0,2.72,7.05,0,0.5,0,5.71,8.15,0,0,0,1.25,0,1.99,0,9.47,0.71,14.23,2.05,11.58,3.96,0.19,0,0,0.25,0,0,0,0.23,5
"Cape Verde",1992,0.111965834475776,80.79,9.16,0.05,0,0,0,0,0,0,0,0,0,0,0,0,0,0,0,0,0,3.36,2.1,0,0.62,0,5.55,11.01,0,0.1,0,2.36,0,1.82,0,8.03,0.11,16,0.88,10.5,3.64,0.2,0,0,0,0,0,0,0.3,5
"Cape Verde",1993,0.106230599235833,82.57,9.39,0.03,0,0,0,0,0,0,0,0,0,0,0,0,0,0,0,0,0,2.43,5.63,0,2.12,0,7.16,7.19,0,0,0,0,0,2.54,0,6.87,0.44,15.55,0.43,12.05,5.8,0.15,0,0,0.5,0,0,0,0.29,4
"Cape Verde",1994,0.103276333771719,82.68,2.96,0.03,0,0,0,0,0,0,0,0,0,0,0,0,0,0,0,0,0,5.81,6.17,0,4.57,0,5.63,8.58,0,0.47,0,0.95,0,3.26,0,8.97,0.3,16.99,0,8.95,3.6,0.01,0,0,0,0,0,0,0.43,5
"Cape Verde",1995,0.104454222592635,77.82,2.25,0.03,0,0,0,0,0,0,0,0,0,0,0,0,0,0,0,0,0,6.43,2.56,0,0.2,0,9.34,10.71,0,0,0,1.91,0,4.57,0,10.41,0.18,13.06,0.99,4.94,3.54,0.15,0,0,0.13,0,0,0,0.42,6
"Cape Verde",1996,0.11056697292621,81.1,3.64,0.03,0,0,0,0,0,0,0,0,0,0,0,0,0,0,0,0,0,3.8,0.36,0,0.5,0,6.5,12.32,0,0,0,1.57,0,6,0,12.09,0.1,15.11,0.46,4.04,4.27,0.04,0,0,2.87,0,0,0,0.4,7
"Cape Verde",1997,0.115576817625201,69.68,2.35,0.05,0,0,0,0,0,0,0,0,0,0,0,0,0,0,0,0,0,4.82,0.17,0,0.22,0,6.05,11.08,0,0.22,0,0.5,0,7.13,0,9.35,0.76,12.36,0.09,2.2,3.42,0.04,0,0.06,0.7,0,0,0,0.11,8
"Cape Verde",1998,0.129072885979628,87.54,2.79,0,0,0,0,0,0,0,0,0,0,0,0,0,0,0,0,0,0,3.87,0.82,0,0.06,0,5.78,10.44,0,0.21,0,0.01,0,7.8,0,9.3,0.1,23.09,1.45,7.77,7.12,0.04,0,0,1.44,0,0,0,0.21,5.24
"Cape Verde",1999,0.152404369387106,89.55,8.46,0,0,0,0,0,0,0,0,0,0,0,0,0,0,0,0,0,0,2.83,0.28,0,0.07,0,7.54,20.23,0,0.11,0,0.18,0,7.58,0,12.46,0.02,20.91,1.75,0.05,3.78,0.02,0,0.02,0.02,0,0,0,0.24,3
"Cape Verde",2000,0.161442770977414,71.03,10.74,0.02,0,0,0,0,0,0,0,0,0,0,0,0,0,0,0,0,0,4.33,1.33,0,0.02,0,4.61,3.07,0,0,0,0.71,0,8.3,0,5.98,0.06,22.82,1.28,1.7,3.02,0.04,0,0.02,0,0,0,0,0.08,2.9
"Cape Verde",2001,0.247628923056638,50.39,3.43,0,0,0,0,0,0,0,0,0,0,0,0,0,0,0,0,0,0,1.8,0.15,0,0.07,0,2.68,2.74,0,0,0,0.04,0,5.38,0,4.18,0.17,23.03,1.95,0.06,0.22,0,0,0,0,0,0,0,0.21,4.28
"Cape Verde",2002,0.137083339032913,44.51,6.31,0.04,0,0,0,0,0,0,0,0.01,0,0,0,0,0,0,0,0,0,1.95,0.59,0,0.05,0,3.18,2.11,0,0,0,1.43,0,7.65,0,1.96,0.06,10.89,2.02,0.06,0.89,0,0,0,0.05,0,0,0,0.25,5.01
"Cape Verde",2003,0.2451287558993,93.49,11.77,0,0,0,0,0,0,0,0,0,0,0,0,0,0,0,0,0,0,2.9,0.65,0,0,0,3.93,3.29,0,0,0,0.22,0,9.64,0,8.11,0.08,42.03,2.2,0.08,2.6,0,0,0,0.07,0,0,0,0.27,5.65
"Cape Verde",2004,0.180270469708947,98.04,3.94,0,0,0,0,0,0,0,0,0.01,0,0,0,0,0,0,0,0,0,2.01,1.64,0,0,0,4.76,4.25,0,0,0,0.77,0,13.2,0,9.48,0.01,35.34,9.24,0.3,4.95,0,0,0,1.15,0,0,0,0.3,6.69
"Cape Verde",2005,0.243094897468426,115.89,2.83,0,0,0,0,0,0,0,0,0,0,0,0,0,0,0,0,0,0,2.5,1.09,0,0,0,4.22,4.35,0,0,0,0.98,0,16.55,0,11.14,0.01,51.35,4.5,0.2,0.02,0,0,0,2.71,0,0,0,1.29,12.15
"Cape Verde",2006,0.276661183904377,109.43,2.53,0,0,0.02,0,0,0,0,0,0,0,0,0,0,0,0,0,0,0,3.05,0.17,0,0,0,4.72,3.55,0.01,0,0,0.31,0,13.82,0,11.83,0.01,53.32,5.74,0.15,0.04,0.53,0,0.01,2.16,0,0,0,0.37,7.09
"Cape Verde",2007,0.224645454971796,123.94,1.89,0,0,0.03,0,0,0,0,0,0,0,0,0,0,0,0,0,0,0,2.54,0.07,0,0,0,6.52,2.46,0.04,0,0,0.85,0,15.87,0,12.1,0.01,50.03,20.9,0.48,0.45,0.54,0,0,1.31,0,0,0,0.75,7.1
"Cape Verde",2008,0.215086556960556,172.53,5.29,0,0,0,0,0,0,0,0,0,0,0,0,0,0.01,0,0,0,0,2.75,0.43,0,0,0,9.25,1.95,0.02,0,0,5.21,0,19.44,0,11.67,0.01,68.95,20.31,0.29,0.85,0.8,0,0,1.22,0,0,0,0.28,23.8
"Cape Verde",2009,0.203434801452464,170.02,17.87,0,0,0,0,0,0,0,0,0,0,0,0,0,0,0,0,0,0.04,2.53,0.38,0,0,0,4.41,1.11,0,0,0,3.48,0,14.24,0,6.23,0.04,59.26,21,0.61,0.71,0.72,0,0,0.3,0,0,0,0.68,36.41
"Cape Verde",2010,0.369083052511488,254.7,17.4,0,0,0,0.2,0,0,0,0,0.01,0,0,0,0,0,0,0,0,0,4.36,0.39,0,0,0.03,4.06,0.44,0,0,0,0.12,0,16.87,0,4.14,0,146.56,21.24,0.1,0.71,0.9,0,0,0,0,0,0,0.15,37.02
"Cape Verde",2011,0.456111152908871,231.07,26.54,0,0,0,0.22,0,0,0,0,0,0,0,0,0,0,0,0,0,0.03,0.47,0.32,0,0,0,5.27,1.61,0.01,0,0,0.53,0,15.21,0,2.39,0.02,151.78,15.94,0,1.19,0.03,0,0.01,0,0,0,0,0.11,9.39
"Cape Verde",2012,0.59679106745071,223.76,12.64,0,0,0,0.16,0,0,0,0,0.01,0,0,0,0,0,0,0.05,0,0.85,0.55,0.25,0,0,0,5.73,1.1,0.01,0,0,0.28,0,18.15,0,0.04,0.09,171.2,5.53,0,1.34,1,0,0,1.43,0,0,0,0.01,3.34
"Cape Verde",2013,0.533421564377161,224.5,15.56,0,0,0,0.41,0,0,0,0,0,0,0,0,0,0,0,0,0,0.83,0.22,0.31,0,0,0,9.41,1.18,0,0,0,0.07,0,18.98,0,0.05,0.02,161.61,5.91,0,0.05,0.06,0,0,2.49,0,0.01,0.05,1.93,5.35
"Cape Verde",2014,0.578820982579571,188.52,11.01,0.02,0,0,0.12,0,0,0,0,0,0,0,0,0,0,0,0,0,0.02,0.26,0,0,0,0,9.51,0.49,0.01,0,0,0.03,0,15.17,0,0,0.06,141.67,0.55,0.13,0.14,0.13,0,0,1.63,0,0,0.04,0.07,7.46
"Cape Verde",2015,0.289564876033058,110,18.19,0,0,0,0.11,0,0,0,0,0.02,0,0,0,0,0,0,0,0,0.01,0.54,0,0,0,0,8.34,0.29,0,0,0,0.24,0,15.18,0,0,0,52.26,0.69,0.04,1.39,0.18,0,0,0.76,0,0,0,0,11.76
"Cape Verde",2016,0.252484927897296,83.69,10.13,0,0,0,0.05,0,0,0,0,0.04,0,0,0,0,0.01,0,0,0,0.06,0.18,0,0,0,0,5.67,0.61,0,0,0,0.34,0,10.86,0,0,0,33.95,0.67,0.04,0.04,0.1,0,0,1.94,0,0.04,0.01,0.02,18.93
"Cape Verde",2017,0.216230187562594,102.73,8.12,0,0,0.02,0.03,0,0,0,0,0.06,0,0,0,0,0.01,0,0,0,0.07,0.01,0,0,0,0,27.53,0.12,0,0,0,0.27,0,10.16,0,0,0,26.95,1.41,0,0.01,0.37,0,0,2.52,0,0,0,0.17,24.9
"Cape Verde",2018,0.187024762526005,81.44,14,0,0,0,0.02,0,0,0,0,0.08,0,0.03,0,0,0.02,0,0,0,0.07,0.01,0,0,0,0,5.59,0.09,0.01,0,0,0.92,0,16.62,0,0,0,22.44,1.88,0,0.02,0.58,0,0.03,14.49,0,0,0,0.22,4.32
"Cape Verde",2019,0.214400110150586,74.05,9.71,0,0,0,0.03,0,0,0,0,0.1,0,0.21,0,0,0.05,0,0,0,0.01,0.01,6.03,0,0,0,4.91,1.01,0,0,0,2.22,0,20.1,0,0,0,24.57,2.03,0,0.02,0.37,0,0,1.06,0,0,0,0.3,1.31
"Cape Verde",2020,0.244698180565604,47.12,2.31,0,0,0,0.02,0,0,0,0,0.08,0,0.14,0,0,0.01,0,0,0,0.01,1.11,0.17,0,0,0,4.8,1.04,0,0,0,0.68,0,16.35,0,0,0,15.36,0.98,0,0.03,0.21,0.11,0,2.71,0,0.02,0,0.49,0.49
"Cape Verde",2021,0.187553258069601,70.53,7.64,0,0,0,0.02,0,0,0,0,0.05,0,9.87,0,0,0,0,0,0,1.02,0.27,1.59,0,0,0,1.29,1.09,0,0,0,1.66,0,22.09,0,0,0,16.2,2.78,0.12,0.03,0.3,0,0.01,2.64,0,0.02,0,0.2,1.64
"Cape Verde",2022,0.276732401779326,34.843071,6.540154,0.568906,0,0,0.008329,0,0,0,0,0.045554,0,0.325295,0,0,0.003554,0,0,0,0.007497,0,0,0,0,0,2.931311,0.734143,0.034345,0,0.000454,0.808567,0,16.278854,0,0,0,3.307066,0,0.063057,0.006737,0.392218,0,0,0,0,0,0,0.170223,2.616807
"Cape Verde",2023,0.234187529054715,59.337965,5.920669,0.762628,0,0,0.039247,0,0,0,0,0.045612,0,4.890199,0,0,0.042171,0.017347,0,0,0,1.503713,0.004325,0,0,0,1.068156,0.466241,0,0,0.013879,0.989118,0,20.749337,0,0,0,17.892912,2.269301,0.082051,0.001669,0.03729,0,0,0.216671,0,0,0.045,0.160191,2.120238
"Cape Verde",2024,0.248126383032995,60.952198,1.56755,0.627717,0,0,0.004557,0,0,0,0,0.030568,0,6.106981,0,0,0,0.014865,0,0,0,1.522224,0.016169,0,0,0,5.537051,0.261564,0,0,0.009481,0.392533,0,22.820336,0,0.023187,0,17.886953,1.934677,0.009199,0.00274,0.036056,0,0,0,0,0,0,0.145727,2.002063
"Cape Verde",2025,NA,0,0,0,0,0,0,0,0,0,0,0,0,0,0,0,0,0,0,0,0,0,0,0,0,0,0,0,0,0,0,0,0,0,0,0,0,0,0,0,0,0,0,0,0,0,0,0,0,0
"Central African Republic",1960,NA,0,0,0,0,0,0,0,0,0,0,0,0,0,0,0,0,0,0,0,0,0,0,0,0,0,0,0,0,0,0,0,0,0,0,0,0,0,0,0,0,0,0,0,0,0,0,0,0,0
"Central African Republic",1961,NA,0,0,0,0,0,0,0,0,0,0,0,0,0,0,0,0,0,0,0,0,0,0,0,0,0,0,0,0,0,0,0,0,0,0,0,0,0,0,0,0,0,0,0,0,0,0,0,0,0
"Central African Republic",1962,1,0.03,0,0,0,0,0,0,0,0,0,0,0,0,0,0,0,0,0,0,0,0,0,0,0,0,0,0.03,0,0,0,0,0,0,0,0,0,0,0,0,0,0,0,0,0,0,0,0,0,0
"Central African Republic",1963,0.551020408163265,0.07,0,0,0,0,0,0,0,0,0,0,0,0,0,0,0,0,0,0,0,0,0,0,0,0,0,0.01,0,0,0,0,0,0,0,0,0,0,0,0.05,0,0,0,0,0,0,0,0,0.01,0
"Central African Republic",1964,0.47087691879636,16.44,0,0,0,0,0,0,0,0,0,0,0,0,0,0,0,0,0,0,0,0,0,0,0,0,9.6,0,0,0,0,0,0,0,0,0,0,0,0,0,0,5.84,0,0,0,0,0,0,0,1
"Central African Republic",1965,0.728784788348338,12.16,0,0,0,0,0,0,0,0,0,0,0,0,0,0,0,0,0,0,0,0.64,0,0,0,0,10.3,0.09,0,0,0,0,0,0,0,0,0,0,0,0,0,0,0,0,0,0,0,0,0.01,1.12
"Central African Republic",1966,0.831871760473871,11.67,0,0,0,0,0,0,0,0,0,0,0,0,0,0,0,0,0,0,0,0,0,0,0,0,10.6,0.1,0,0,0,0,0,0,0,0,0,0,0,0,0,0,0,0,0,0,0,0,0.01,0.96
"Central African Republic",1967,0.817660335833865,16.86,0,0,0,0,0,0,0,0,0,0,0,0,0,0,0,0,0,0,0,0,0,0,0,0,15.2,1.09,0,0,0,0,0,0,0,0,0,0,0,0,0,0.12,0,0,0,0,0,0,0.02,0.43
"Central African Republic",1968,0.838011994191209,12.81,0,0,0,0,0,0,0,0,0,0,0,0,0,0,0,0,0,0,0,0,0.02,0,0,0,11.7,0.76,0,0,0,0,0,0,0,0,0,0,0,0.06,0,0.05,0,0,0,0,0,0,0.02,0.2
"Central African Republic",1969,0.76185482499452,14.69,0,0,0,0,0,0,0,0,0,0,0,0,0,0,0,0,0,0,0,0,0.03,0,0,0,12.7,1.76,0,0,0,0.02,0,0,0,0,0,0,0,0.04,0,0.12,0,0,0,0,0,0,0.02,0
"Central African Republic",1970,0.785591737163997,10.22,0,0,0,0,0,0,0,0,0,0,0,0,0,0,0,0,0,0,0,0,0.07,0,0,0,9,1.02,0,0,0,0,0,0,0,0,0,0,0,0,0,0.06,0,0,0,0,0,0,0.07,0
"Central African Republic",1971,0.778077495541481,9.46,0.01,0,0,0,0,0,0,0,0,0,0,0,0,0,0,0,0,0,0,0,0.04,0,0,0,8.3,0.84,0,0,0,0,0,0,0,0,0,0,0,0.04,0,0.06,0,0,0,0,0,0,0.17,0
"Central African Republic",1972,0.757083953324458,22.6,0.01,0,0,0,0,0,0,0,0,0,0,0,0,0,0,0,0,0,0,0.01,0.05,0,0,0,19.55,0.65,0,0,0,0,0,0,0,0.02,0,0,0,0,0.04,0.03,0,0,0,0,0,0,0.24,2
"Central African Republic",1973,0.649644228605042,17.02,0,0,0,0,0,0,0,0,0,0,0,0,0,0,0,0,0,0,0,0,0.16,0,0,0,13.51,2.15,0,0,0,0.01,0,0,0,0.03,0,0,0,1,0.02,0,0,0,0,0,0,0,0.14,0
"Central African Republic",1974,0.777578116312687,19.55,0.01,0,0,0,0,0,0,0,0,0,0,0,0,0,0,0,0,0,0,0,0.16,0,0,0,17.1,2.18,0,0,0,0.01,0,0,0,0.01,0,0,0,0,0.02,0,0,0,0,0,0,0,0.06,0
"Central African Republic",1975,0.800883790652469,35.38,0.01,0,0,0,0,0,0,0,0,0,0,0,0,0,0,0,0,0,0,0,0.25,0,0,0,31.48,3.38,0,0,0,0.07,0,0,0,0.13,0,0,0,0,0.01,0,0,0,0,0,0,0,0.05,0
"Central African Republic",1976,0.727116757399663,25.99,0.02,0,0,0,0,0,0,0,0,0,0,0,0,0,0,0,0,0,0,0.01,0.35,0,0,0,21.89,3.44,0,0,0,0.02,0,0,0,0.11,0,0,0,0,0.06,0,0,0,0,0,0,0,0.09,0
"Central African Republic",1977,0.810254780719176,31.57,0.01,0,0,0,0,0,0,0,0,0,0,0,0,0,0,0,0,0,0,0.05,0.19,0,0,0,28.3,2.56,0,0,0,0.22,0,0,0,0.12,0,0,0,0,0.05,0,0,0,0,0,0,0,0.07,0
"Central African Republic",1978,0.688349560670168,29.88,0.11,0,0,0,0,0,0,0,0,0,0,0,0,0,0,0,0,0,0,0.07,0.49,0,0,0,24.42,4.23,0,0,0,0.17,0,0,0,0.17,0,0,0,0,0.11,0,0,0,0,0,0,0,0.11,0
"Central African Republic",1979,0.650024187811627,54.24,2.05,0,0,0,0,0,0,0,0,0,0,0,0,0,0,0,0,0,0,0.07,0.51,0,0,0,43.33,5.25,0,0,0,0.11,0,0,0,0.26,0,0,0,0.24,0.1,0,0,0,1.3,0,0,0,0.02,1
"Central African Republic",1980,0.812054541699747,77.31,0.31,0,0,0,0,0,0,0,0,0,0,0,0,0,0,0,0,0,0,0.1,0.29,0,0,0,69.55,3.22,0,0,0,0.07,0,0,0,0.58,0,0,0,0,0.06,0,0,0,2.1,0,0,0,0.03,1
"Central African Republic",1981,0.827484076197224,74.58,0.9,0,0,0,0,0,0,0,0,0,0,0,0,0,0,0,0,0,0,0.07,0.21,0,0,0,67.73,3.58,0,0,0,0.12,0,0,0,0.74,0,0,0,0.06,0,0,0,0,0.04,0,0,0,0.13,1
"Central African Republic",1982,0.705231970592509,70.87,4.22,0,0,0,0,0,0,0,0,0,0,0,0,0,0,0,0,0,0,0.06,0.39,0,0.06,0,59.25,3.26,0,0,0,0.2,0,0,0,0.46,0,0,0,0.49,0.18,0,0,0,1.17,0,0,0,0.13,1
"Central African Republic",1983,0.697427423787562,65.19,4.24,0,0,0,0,0,0,0,0,0,0,0,0,0,0,0,0,0,0,0.06,0.11,0,0.06,0,54.06,4.71,0,0,0,0.24,0,0,0,0.1,0,0,0,0,0.11,0.01,0,0,0.34,0,0,0,0.15,1
"Central African Republic",1984,0.543299003469759,83.87,2.35,0,0,0,0,0,0,0,0,0,0,0,0,0,0,0,0,0,0,0.07,0.23,0,0,0,58.78,18.88,0,0,0,0.19,0,0,0,0.27,0,0,0,0,0.28,0.04,0,0,0.54,0,0,0,0.24,2
"Central African Republic",1985,0.604068442613131,66.26,2.21,0,0,0,0,0,0,0,0,0,0,0,0,0,0,0,0,0,0,0.07,0.05,0,0.05,0,50.87,6.87,0,0,0,1.42,0,0,0,0.03,0,0,0,0,0.25,0.05,0,0,1.01,0,0,0,0.38,3
"Central African Republic",1986,0.494407997716529,94.75,7.34,0,0,0,0,0,0,0,0,0,0,0,0,0,0,0,0,0,0,0.08,0.08,0,0.54,0,65.18,9.12,0,0,0,5.6,0,0,0,0.31,0,0,0,0,0.08,0.06,0,0,4.16,0.11,0,0,0.09,2
"Central African Republic",1987,0.545449566126522,119.12,1.44,0,0,0,0,0,0,0,0,0,0,0,0,0,0,0,0,0,0,0.11,0.15,0,1.17,0,85.94,16.14,0,0,0,0.36,0,0,0,0.44,0,0,0,0,0.08,0,0,0,0.4,8.57,0,0,0.32,4
"Central African Republic",1988,0.426131573158739,111.2,13.49,0,0,0,0,0,0,0,0,0,0,0,0,0,0,0,0,0,0,0.08,0.12,0,6.73,0,69.36,14.68,0,0,0,0.44,0,0,0,0.21,0,0,0,0,0.14,0.05,0,0,0.1,2.52,0,0,0.28,3
"Central African Republic",1989,0.46423747970124,103.74,11.41,0,0,0,0,0,0,0,0,0,0,0,0,0,0,0,0,0,0,0.07,0.06,0,2.82,0,68.27,13.01,0,0,0,1,0,0,0,0.21,0,0,0,0,1.27,0.09,0,0,0.03,0,0,0,0.5,5
"Central African Republic",1990,0.516869843890543,105.76,8.73,0,0,0,0,0,0,0,0,0,0,0,0,0,0,0,0,0,0,0.12,0.06,0,0.74,0,74.15,13.77,0,0,0,1.59,0,0,0,0.34,0,0,0,0,0.07,0.11,0,0,2.12,0.64,0,0,0.32,3
"Central African Republic",1991,0.520688420500057,106.15,8.35,0.27,0,0,0,0,0,0,0,0,0,0,0,0,0,0,0,0,0,0.12,0.09,0,0.51,0,74.87,12.92,0,0,0,0.56,0,0.01,0,0.11,0,0,0,0.94,0.07,0.16,0,0,2.65,0.03,0,0,0.49,4
"Central African Republic",1992,0.475683746301615,116.28,20.21,0.2,2.48,0,0,0,0,0,0,0,0,0,0,0,0,0,0,0,0,0.13,0.09,0,0.26,0,76.9,9.43,0,0,0,0.84,0,0,0,0.22,0.03,0,0,0.03,2.16,0.08,0,0,0,0,0,0,0.22,3
"Central African Republic",1993,0.586393905584918,128.14,14.27,0.26,2.26,0,0,0,0,0,0,0,0,0,0,0,0,0,0,0,0,0.06,0.28,0,0,0,96.53,9.57,0,0,0,0.24,0,0,0,0.44,0,0,0.03,0.82,0.18,0.02,0,0,0,0,0,0,0.18,3
"Central African Republic",1994,0.492076132757314,110.5,10.43,0.07,2.79,0,0,0,0,0,0,0,0,0,0,0,0,0,0,0,0,0.04,0.03,0,0.05,0,75.42,10.15,0,0,0,0.49,0,0,0,0.4,0.02,0,0.02,0.01,0.16,0.01,0,0,0,0,0,0,0.41,10
"Central African Republic",1995,0.365222068692654,142.81,49.8,0.06,2.94,0,0,0,0,0,0,0,0,0,0,0,0,0,0,0,0,0.36,0.04,0,0.1,0,69.33,11.63,0,0,0.01,2.66,0,0,0,0.92,0.01,0,0.19,0.58,0.15,0.02,0,0,0.63,0,0,0,0.38,3
"Central African Republic",1996,0.385279227377169,138.16,30.61,0.06,3.28,0,0,0,0,0,0,0,0,0,0,0,0,0,0,0,0,0.17,0.2,0,7.29,0,78.95,10.56,0,0,0.02,0.97,0,0.01,0,0.92,0.27,0,0.02,0.59,0.14,0.06,0,0,1.47,0,0,0,0.57,2
"Central African Republic",1997,0.425665865609687,71.6,19.97,0,0.05,0,0,0,0,0,0,0,0,0,0,0,0,0,0,0,0,0.13,0.07,0,0.07,0,41.3,8.79,0,0,0.04,0.03,0,0,0,0.45,0.06,0,0.01,0.44,0.07,0.01,0,0.01,0,0,0,0,0.1,0
"Central African Republic",1998,0.437688232693276,67.55,14,0,0,0,0,0,0,0,0,0,0,0,0,0,0,0,0,0,0,0.55,0.08,0,0.03,0,41.68,7.85,0,0,0.03,0.32,0,0,0,0.78,0.02,0.15,0,0.53,0.03,0.91,0,0.01,0,0,0,0,0.24,0.34
"Central African Republic",1999,0.427321242957525,69.49,18.14,0,0,0,0,0,0,0,0,0,0,0,0,0,0,0,0,0,0,0.74,0.89,0,0,0,41.02,7.03,0.01,0,0,0.01,0,0,0,0,0.01,0,0.22,0.28,0,0.02,0,0,0,0,0,0,0.2,0.92
"Central African Republic",2000,0.349107870785077,62.34,22.75,0,0,0,0,0,0,0,0,0,0,0,0,0,0,0,0,0,0,0.16,0.17,0,0,0,27.98,7.2,0.01,0,0.02,1.69,0,0,0,0,0.32,0.29,0.17,0.27,0.08,0.01,0,0.02,0,0,0,0,0.09,1.11
"Central African Republic",2001,0.355872992338412,55.7,15.05,0,0,0,0,0,0,0,0,0,0,0,0,0,0,0,0,0,0,0.2,0.03,0,0,0,28.65,7.05,0.01,0,0,0.32,0,0,0,0.32,0,0.29,0,0.77,0.08,0,0,0.02,0,0,0,0,0.48,2.43
"Central African Republic",2002,0.353341198017703,46.69,12.86,0.05,0,0,0,0,0,0,0,0,0,0,0,0,0,0,0,0,0,0.14,0.41,0,0,0,23.53,7.05,0,0,0,0.49,0,0,0,0.35,0,0,0.12,0.24,0.06,0.44,0,0,0,0,0,0,0.12,0.83
"Central African Republic",2003,0.629676822589152,39.25,1.73,0,0,0,0,0,0,0,0,0.01,0,0,0,0,0,0,0,0,0,0.13,0.04,0,0.01,0,30.78,4.33,0,0,0,0.01,0,0,0,0.59,0.22,0,0.22,0.14,0.17,0,0,0.01,0,0,0,0,0.54,0.32
"Central African Republic",2004,0.532249312061353,60.95,0.1,0,0,0,0,0,0,0,0,0,0,0,0,0,0,0,0,0,0,0.13,0.03,0,0,0,42.73,2.44,0,0,0,1.16,0,0,0,0.55,0.49,0,0.1,0.74,0.14,0,0,0,0,0,0,0,0.39,11.95
"Central African Republic",2005,0.414128921763833,66.21,0.15,0.07,0,0,0,0,0,0,0,0,0,0,0,0,0,0,0,0,0,0.13,0.22,0,0,0.5,38.66,2.96,0.04,0,0.5,0.41,0,0,0,0.35,1.2,0,0.57,1.34,0.08,0,0,0,0,0,0,0,1.56,17.47
"Central African Republic",2006,0.310073551564346,70.99,0.1,0,0,0,0,0,0,0,0,0,0,0,0,0,0,0,0,0,0,0.15,0.22,0,0,0.5,32.56,4.88,0.01,0,1.69,0.01,0,0.31,0,0,5.64,0,0.65,1.76,0.09,0.92,0,0,0,0,0,0,0.55,20.95
"Central African Republic",2007,0.268787437185394,125.21,3.54,0.21,0,0,0.84,0,0,0,0,0,0,0,0,0,0,0,0,0,0,0.35,0.02,0,0,2.46,60.38,5.31,0.08,0,4.86,0.02,0,0.68,0,6.34,1.15,0,0.99,7.55,1.3,5.05,0,0.04,0,0,0,0.01,5.65,18.38
"Central African Republic",2008,0.14937896572477,135.71,12.74,0.02,0,0,0,0,0,0,0,0,0,0,0,0,0,0,0,0,0,1.78,2.35,0,0.39,3.2,32.8,6.81,0.19,0,5.05,2.04,0,0.36,0,2.88,1.23,0,2.15,6.36,12.47,5.66,0,0,0,0,0,0.18,2.89,34.16
"Central African Republic",2009,0.193825662017723,105.38,6.08,0,0,0,0,0,0,0,0,0,0,0,0,0,0,0,0,0,0,0.09,1.04,0,0.04,3.01,32.14,6.57,0,0,3.82,0.52,0,0.35,0,2.79,0.64,0,4.33,5.88,0.81,2.44,0,0,0,0,0.19,0.32,3.8,30.52
"Central African Republic",2010,0.137047699381665,125.34,14.21,0.27,0,0,0.03,0,0,0,0,0.02,0,0,0,0,0,0,0,0,0,5.22,2.59,0,0,2.94,30.42,3.14,0.01,0,3.33,2.55,0,0.41,0,1.99,0,0,3.28,8.68,20.87,3.02,0,0.01,0,0,0.17,0.32,1.4,20.46
"Central African Republic",2011,0.194905862227005,114.62,38.27,0.28,0,0,1.21,0,0,0,0,0,0,0,0,0,0,0,0,0,0,0.02,3.9,0,0,1.91,27.31,5.31,0,0,3.48,0.53,0,0.5,0,0,0,0,1.43,10.24,2.12,0,0,0.02,0,0,0.16,0.13,5.81,11.99
"Central African Republic",2012,0.177914005753862,78.82,13.57,0.42,0,0,0.33,0,0,0,0,0,0.06,0,0,0,0,0,0.01,0,0,0,1.5,0,0,2.23,23.71,2.88,0,0,3.15,0.22,0,0.27,0,0,0,0,0.06,8.55,1.74,0.09,0,0.01,0,0,0.14,0.13,4.31,15.44
"Central African Republic",2013,0.152704996037977,119.03,5.53,0.59,0,0,0.27,0,0,0,0,0.11,0.17,0,0,0,0,0.01,0,0,0,0,0.09,0,4.45,1.76,27.54,4.59,0,0,2.79,0.27,0,1.7,0,2.66,7.7,0,0.12,13.51,3.51,2.6,0,0.01,0,0,0.14,1.03,6.04,31.84
"Central African Republic",2014,0.110998449277568,287.27,9.29,1.01,0,0,3.71,0.41,0.05,0,0,0.36,0.13,0,0,0.03,0,0,0,0,0.04,1.04,6.45,0,4.88,6.06,49.1,27.86,0.07,0.11,7.7,0.9,0,3.72,0.03,17.5,18.46,0.13,1.42,12.87,7.67,26.45,0,0.01,0,0,0.04,1.49,16.17,62.11
"Central African Republic",2015,0.121503275860164,279.59,18.17,0.53,0,0,1.55,0,0,0,0,0.1,0,0,0,0,0,0,0,0,0,0.12,7.25,0,1.49,2.6,37.99,37.67,0.01,0,5.41,5.27,0,3.19,0,11.86,10.1,0.07,1.62,9.45,10.35,27.94,0,0,0.66,0,0.04,0.43,17.59,68.13
"Central African Republic",2016,0.139934317486455,260.73,15.7,0.51,0,0,2.87,0,0,0,0,0.1,0,0,0,0,0,0,0,0,0,0.01,8.29,0,2.97,0.83,32.56,18.31,0.01,0,6.7,6.51,0,2.09,0,11.86,6.98,0.05,1.06,15.86,7.25,25.53,0,0,0.3,0,0.05,0.48,14.2,79.65
"Central African Republic",2017,0.131637429514068,252.46,10.9,1.56,0,0,0.05,0,0,0,0,0.23,0,0,0,0,0,0.01,0,0,0,0.02,5.57,0,3.03,0.71,33.2,48.25,0.01,0,7.75,5.71,0,2.46,0,6.14,9.55,0.01,1.41,13.6,10.29,17.6,0,0,0,0,0.03,0.75,11.74,61.88
"Central African Republic",2018,0.127403370457749,287.12,6.52,0,0,0,3.46,0,0,0,0,0.28,0,0,0,0,0.16,0,0,0,0,0.04,3.7,0,0,0.84,44.51,53.1,0,0,7.42,8.47,0,1.58,0,6.44,9.07,0.86,1.61,26.36,12.2,21.7,0,0,0,0,0,0,17.52,61.28
"Central African Republic",2019,0.174711144013412,335.71,5.78,0,0,0,3.33,0,0,0,0,0.02,0,0,0,0,0,0,0,0,0,0.02,6.55,0,3.35,2.24,49.07,60.79,0,0,7.14,3.61,0,2.11,0,5.48,8.53,0.59,1.91,20.81,10.47,22.1,0,0,0,0,0,0.35,11.23,110.23
"Central African Republic",2020,0.213119368366312,339.27,10.45,0,0,0,0,0,0,0,0,0,0,0,0,0,0,0,0,0,0,0.03,0.25,0,3.01,0.64,38.94,53.06,0,0,5.98,3.31,0,2.76,0.04,6.95,5.92,1.04,1.51,20.59,9.72,27.4,0,0,0,0,0.25,0.28,10.94,136.2
"Central African Republic",2021,0.20954743975314,322.63,6.45,0,0,0,0,0,0,0,0,0,0,0,0,0,0,0,0,0,0,0.01,0,0,3.52,2.24,30.53,69.27,0,0,6.23,7.81,0,1.4,0,4.84,7.28,1.03,0.7,19.48,10.99,13.65,0,0,0,0,1.5,0.1,13.21,122.39
"Central African Republic",2022,0.263609278412963,324.986598,6.875655,0.626728,0,0,3.235348,0,0,0,0,0,0,0,0,0,0,0.004915,0,0,0.0357,0,0,0,2.242138,0.616046,37.933389,55.11172,0,0,5.31222,6.694203,0,1.426814,0,0,5.845816,1.01087,1.12412,11.824278,10.583529,13.871483,0,0,0,0,0,0.061919,10.068837,150.48087
"Central African Republic",2023,0.245301991544051,286.618851,7.336583,1.758897,0,0,0.011443,0,0,0,0,0,0.216263,0,0,0,0,0.03699,0,0,0,0,0,0,1.195091,0.502874,40.421576,47.193086,0,0,5.908388,7.129564,0,0.802097,0,0.271903,3.842038,0.728579,0.87345,15.067776,11.330692,8.487263,0,0,0,0,0.097058,0.05275,8.323932,125.030558
"Central African Republic",2024,0.20797649893355,220.904392,7.380979,5.263363,0,0,0.009444,0,0,0,0,0.021551,0,0,0,0,0,0.026688,0,0,0,0,0.079955,0,1.516793,0.641559,44.253129,20.106192,0,0,5.438165,4.994601,0,1.220527,0,2.370242,4.208474,1.883512,1.075716,10.03752,7.560001,14.587312,0,0.001392,0,0,0.011744,0.051655,3.092202,85.071676
"Central African Republic",2025,NA,0,0,0,0,0,0,0,0,0,0,0,0,0,0,0,0,0,0,0,0,0,0,0,0,0,0,0,0,0,0,0,0,0,0,0,0,0,0,0,0,0,0,0,0,0,0,0,0,0
"Chad",1960,NA,0,0,0,0,0,0,0,0,0,0,0,0,0,0,0,0,0,0,0,0,0,0,0,0,0,0,0,0,0,0,0,0,0,0,0,0,0,0,0,0,0,0,0,0,0,0,0,0,0
"Chad",1961,NA,0,0,0,0,0,0,0,0,0,0,0,0,0,0,0,0,0,0,0,0,0,0,0,0,0,0,0,0,0,0,0,0,0,0,0,0,0,0,0,0,0,0,0,0,0,0,0,0,0
"Chad",1962,1,0.04,0,0,0,0,0,0,0,0,0,0,0,0,0,0,0,0,0,0,0,0,0,0,0,0,0,0.04,0,0,0,0,0,0,0,0,0,0,0,0,0,0,0,0,0,0,0,0,0,0
"Chad",1963,1,0.08,0,0,0,0,0,0,0,0,0,0,0,0,0,0,0,0,0,0,0,0,0,0,0,0,0,0.08,0,0,0,0,0,0,0,0,0,0,0,0,0,0,0,0,0,0,0,0,0,0
"Chad",1964,0.843344098822252,12.57,0,0,0,0,0,0,0,0,0,0,0,0,0,0,0,0,0,0,0,0,0,0,0,0,11.5,0.04,0,0,0,0,0,0,0,0,0,0,0,0,0,0,0,0,0,0,0,0,0.03,1
"Chad",1965,0.809911219389716,14.28,0,0,0,0,0,0,0,0,0,0,0,0,0,0,0,0,0,0,0,0,0,0,0,0,12.8,0.22,0,0,0,0,0,0,0,0,0,0,0,0,0.03,0,0,0,0,0,0,0,0.11,1.12
"Chad",1966,0.751768524930748,15.2,0,0,0,0,0,0,0,0,0,0,0,0,0,0,0,0,0,0,0,0,0,0,0,0,13.1,0.58,0,0,0,0,0,0,0,0,0,0,0,0,0.06,0,0,0,0,0,0,0,0.15,1.31
"Chad",1967,0.553175358874082,15.43,0,0,0,0,0,0,0,0,0,0,0,0,0,0,0,0,0,0,0,0,0.01,0,0,0,11.1,2.44,0,0,0,0,0,0,0,0,0,0,0,0,0.07,0.04,0,0,0,0,0,0,0.19,1.58
"Chad",1968,0.731002257176742,14.37,0,0,0,0,0,0,0,0,0,0,0,0,0,0,0,0,0,0,0,0,0.02,0,0,0,12.2,0.44,0,0,0,0,0,0,0,0,0,0,0,0,0.09,0.02,0,0,0,0,0,0,0.24,1.36
"Chad",1969,0.752686334932518,15.51,0,0,0,0,0,0,0,0,0,0,0,0,0,0,0,0,0,0,0,0,0.02,0,0.05,0,13.4,0.66,0,0,0,0.02,0,0,0,0,0,0,0,0,0.12,0.01,0,0,0,0,0,0,0.23,1
"Chad",1970,0.764879910992253,15.65,0,0,0,0,0,0,0,0,0,0,0,0,0,0,0,0,0,0,0,0,0.01,0,0.05,0,13.6,1.51,0,0,0,0,0,0,0,0,0,0,0,0,0.14,0.08,0,0,0,0,0,0,0.26,0
"Chad",1971,0.805401139292875,23.45,0,0,0,0,0,0,0,0,0,0,0,0,0,0,0,0,0,0,0,0,0.01,0,0.07,0,21,0.89,0,0,0,0,0,0,0,0,0,0,0,0,0.17,0.06,0,0,0,0,0,0,0.25,1
"Chad",1972,0.851110647297737,35.78,0,0,0,0,0,0,0,0,0,0,0,0,0,0,0,0,0,0,0,0,0.03,0,0,0,32.97,1.2,0,0,0,0,0,0,0,0.02,0,0,0,0,0.26,0.04,0,0,0,0,0,0,0.26,1
"Chad",1973,0.597580426339028,28.09,0,0,0,0,0,0,0,0,0,0,0,0,0,0,0,0,0,0,0,0,0.19,0,0.62,0,21.39,3.4,0,0,0,0.02,0,0,0,0.03,0,0,0,0,0.37,0.15,0,0,0,0,0,0,0.92,1
"Chad",1974,0.470566655709992,38.72,0,0,0,0,0,0,0,0,0,0,0,0,0,0,0,0,0,0,0,0,0.28,0,0.4,0,25.54,2.05,0,0,0,0.11,0,0,0,0.19,0,0,0,0,0.48,0.14,0,0,0,0,0,0,3.53,6
"Chad",1975,0.556968061846654,30.15,0,0,0,0,0,0,0,0,0,0,0,0,0,0,0,0,0,0,0,0,0.34,0,0.22,0,22.06,0.92,0,0,0,0.13,0,0,0,0.13,0,0,0,0,0.74,0.09,0,0,0,1.43,0,0,0.09,4
"Chad",1976,0.607755337751102,45.09,0,0,0,0,0,0,0,0,0,0,0,0,0,0,0,0,0,0,0,0,0.17,0,0.13,0,34.69,0.55,0,0,0,0.12,0,0,0,2.32,0.73,0,0,0,0.95,0.08,0,0,0.05,0.12,0,0,0.18,5
"Chad",1977,0.438125725718267,50.71,0,0,0,0,0,0,0,0,0,0,0,0,0,0,0,0,0,0,0,0,0.24,0,0.1,0,32,0.54,0,0,0,0.09,0,0,0,1.67,1.05,0,0,0,0.93,1.21,0,0,0,0,0,0,3.88,9
"Chad",1978,0.493076162187268,72.33,0.02,0,0,0,0,0,0,0,0,0,0,0,0,0,0,0,0,0,0,0,0.43,0,0.05,0,49.04,3.48,0,0,0,0.09,0,0,0,1.76,3.5,0,0,0,1.72,0,0,0,0,0,0,0,0.24,12
"Chad",1979,0.388073829633271,54.11,0,0,0,0,0,0,0,0,0,0,0,0,0,0,0,0,0,0,0,0,0.16,0,1.8,0,31.26,4.72,0,0,0,0.11,0,0,0,0.38,3.35,0,0,0,1.04,0.1,0,0,0,0,0,0,0.19,11
"Chad",1980,0.3459943682608,20.9,0,0,0,0,0,0,0,0,0,0,0,0,0,0,0,0,0,0,0,0,0.06,0,0.09,0.01,10.5,1.47,0,0,0,0.03,0,0,0,0.69,1.43,0,0,0,0.4,0.06,0,0,0,0,0,0,0.16,6
"Chad",1981,0.857140177902735,46.47,0,0,0,0,0,0,0,0,0,0,0,0,0,0,0,0,0,0,0,0,0.04,0,0,0,42.99,0.33,0,0,0,0.08,0,0,0,0.27,0,0,0,0.17,1.23,0.07,0,0,0,0,0,0,0.29,1
"Chad",1982,0.382581290118082,39.06,0,0,0,0,0,0,0,0,0,0,0,0,0,0,0,0,0,0,0,0,0.21,0,0.12,0,23.43,2.33,0,0,0,0.09,0,0,0,1.26,0.43,0,0,0,1.37,0.63,0,0,1.7,2.07,0,0,1.42,4
"Chad",1983,0.312678760962656,51.64,0,0,0,0,0,0,0,0,0,0,0,0,0,0,0,0,0,0,0,0,0.07,0,0.12,0,25.93,4.62,0,0,0,9.2,0,0,0,0.96,0.15,0,0,0.09,2.16,0.24,0,0,0.26,0,0,0,0.84,7
"Chad",1984,0.356697592958541,63.48,0,0,0,0,0.24,0,0,0,0,0,0,0,0,0,0,0,0,0,0,0,0.08,0,0,0.08,35.26,6.64,0,0,0,4.55,0,0,0,0.98,0,0,0,0.6,1.87,0.04,0,0,0.01,0.3,0,0,1.83,11
"Chad",1985,0.234915239781986,95.78,0,0,0,0,0,0,0,0,0,0,0,0,0,0,0,0,0,0,0,0,1.27,0,0,0.11,32.9,7.68,0,0,0,25.09,0,0,0,2.4,0.16,0,0,0.39,2.27,1.88,0,0,0,0,0,0,2.63,19
"Chad",1986,0.305914495290673,102.23,0,0,0,0,0,0,0,0,0,0,0,0,0,0,0,0,0,0,0,0.01,0.27,0,0,0.82,48.77,10.19,0,0,0,24.27,0,0,0,4.28,0.51,0,0,0.07,2.49,0.13,0,0,0,0,0,0,0.42,10
"Chad",1987,0.415099052674135,120.02,0.05,0,0,0,0.02,0,0,0,0,0,0,0,0,0,0,0,0,0,0,0,0.28,0,0,0.27,74.32,6.83,0,0,0,7.33,0,0,0,8.78,0.14,0,0,0.25,4.64,0.29,0,0,0.02,0,0,0,0.8,16
"Chad",1988,0.322977658212808,145.99,0.04,0,0,0,0,0,0,0,0,0,0,0,0,0,0,0,0,0,0,0,0.76,0,0,0.17,74.87,13.13,0,0,0,25.06,0,0,0,2.31,0.02,0,0,0,8.43,0.45,0,0,0.03,0,0,0,0.72,20
"Chad",1989,0.390440141913909,131.06,0.04,0,0,0,0,0,0,0,0,0,0,0,0,0,0,0,0,0,0,0,0.37,0,0,0.01,78.63,13.89,0,0,0,12.42,0,0,0,6.72,0.07,0,2.49,0.04,6.62,0.37,0,0,0,0,0,0,0.39,9
"Chad",1990,0.477989921945464,187.68,0.01,0,0,0,0,0,0,0,0,0,0,0,0,0,0,0,0,0,0,0.01,0.38,0,0,0.39,127.13,13.4,0,0,0,8.94,0,0,0,5.58,0.51,0,5.23,0.11,5.17,0.25,0,0,0,2.27,0,0,0.3,18
"Chad",1991,0.400546752573891,142.85,0,0.07,0,0,0,0,0,0,0,0,0,0,0,0,0,0,0,0,0,0.02,1.13,0,0,0.03,86.83,12.94,0,0,0,2.61,0,0,0,8.15,0.33,0,1.71,0.28,7.73,0.46,0,0,0,2.24,0,0,0.32,18
"Chad",1992,0.425569987806642,152.4,0.06,0.05,0,0,0,0,0,0,0,0,0,0,0,0,0,0,0,0,0,0,1.32,0,0.02,0.02,94.16,19.37,0,0,0,1.74,0,0,0,3.27,0.31,0,0,0,7.13,0.61,0,0,0,0.01,0,0,0.33,24
"Chad",1993,0.404890944155423,151.8,0.11,0.05,0,0,0.22,0,0,0,0,0,0,0,0,0,0,0,0,0,0,0,1.27,0,0.09,0,92.07,20.24,0,0,0,1,0,0,0,6.43,0.17,0,0,0.51,8.23,0.35,0,0,2.68,0,0,0.07,0.31,18
"Chad",1994,0.450981764504367,108.57,0.17,0.05,0,0,0.02,0,0,0,0,0,0,0,0,0,0,0,0,0,0,0.01,0.9,0,0.07,0,69.51,19.06,0,0,0.02,0.09,0,0,0,1.51,0.08,0,0,0,7.27,0.53,0,0,0.24,0.77,0,0,0.27,8
"Chad",1995,0.408598094271635,136.4,0.17,0.06,0,0,0.07,0,0,0,0,0,0,0,0,0,0,0,0,0,0,0,1.08,0,0.13,0,80.86,29.36,0,0,0.08,0.56,0,0.18,0,3.71,0.16,0,0.07,0.27,6.45,0.17,0,0,0.58,0,0,0,0.44,12
"Chad",1996,0.413343097963105,130.69,0.29,0.04,0,0,0,0,0,0,0,0,0,0,0,0,0,0,0,0,0,0,3.84,0,0.19,0,79.35,25.59,0,0,0.05,5.1,0,0.54,0,2.16,0.22,0,0.18,0.29,7.06,0.19,0,0,2.89,0.14,0,0,0.57,2
"Chad",1997,0.333254941724555,107.22,0.37,0.05,0,0,0,0,0,0,0,0,0,0,0,0,0,0,0,0,0,0,1.38,0,0,0,54.05,27.59,0,0,0.01,0.21,0,0.19,0,1.94,0.15,0,0.06,0.45,9.89,0.17,0,0.02,4.31,0.54,0,0,0.84,5
"Chad",1998,0.370083750677996,85.48,0.3,0.12,0,0,0,0,0,0,0,0,0,0,0,0,0,0,0,0,0,0,1.67,0,0,0,48.32,17.05,0.01,0,0,0.08,0,0.3,0,1.4,0.15,0,0.29,0.3,6.52,0.13,0,0.01,0.89,3.82,0,0,0.18,3.94
"Chad",1999,0.33041683624126,78.65,0.31,0.09,0,0,0,0,0,0,0,0,0,0,0,0,0,0,0,0,0,0,2.14,0,0,0,41.62,14.68,0,0,0.33,0.67,0,0.4,0,0,0.17,0,0.51,0.18,6.75,0,0,0.04,1.57,5.69,0,0,0.35,3.15
"Chad",2000,0.320700028198206,60.12,0.21,0.22,0,0,0.12,0,0,0,0,0,0,0,0,0,0,0,0,0,0,0,2.27,0,0,0.04,29.67,14.87,0.01,0,0,0.38,0,0.23,0,0,0.12,0,0.23,0.2,5.84,0.41,0,0.01,0,0.97,0,0,0.21,4.11
"Chad",2001,0.375719776350803,78.98,0.11,0.03,0,0,0,0,0,0,0,0.06,0,0,0,0,0,0,0,0,0,0,1.29,0,0,0,44.53,16.83,0,0,0.03,0.46,0,0.37,0,1.84,0.1,0,0.28,0.1,7.13,0.23,0,0.01,0.02,0.68,0,0,0.35,4.53
"Chad",2002,0.351161869580895,72.46,0.13,0,0,0,0,0,0,0,0,0,0,0,0,0,0,0,0,0,0,0,0.64,0,0,0.02,39.48,12.99,0.01,0,0.1,2.21,0,0.28,0,0.79,0,0,0.5,0,7.79,0,0,0.01,0,0,0,0,0.5,7.01
"Chad",2003,0.409813946387606,103.11,0.26,0.01,0,0,0,0,0,0,0,0.01,0,0,0,0,0,0,0,0,0,0,0.62,0,0,0,62.9,15.08,0.02,0,0.13,0.04,0,0.33,0,1.56,0.05,0,1,0.31,10.11,1.63,0,0,0.77,0,0,0,0.31,7.97
"Chad",2004,0.20987872935576,173.33,0.66,0,0,0,0,0.12,0,0,0,0.01,0,0,0,0,0,0,0,0,0,0,1.22,0,0,0.87,52.67,31.02,0.04,0,1.03,1.16,0,0.43,0,4.37,0,0,3.59,1.49,14.15,8.06,0,0,3.32,0,0,0,1.68,47.44
"Chad",2005,0.218602196118956,176.17,2.05,0,0,0,3.93,0,0,0,0,0.01,0,0,0,0,0,0,0,0,0,0,0.57,0,1.17,0.75,47.17,23.95,0.52,0,0.18,0.1,0,1.01,0,1.59,1.77,0,2.89,2.47,12.76,0,0,0,6.24,0,0,0.02,6.17,60.85
"Chad",2006,0.176747026051947,163.71,8.74,0,0,0,0.07,0,0,0,0,0,0,0,0,0,0,0,0,0,0,0,0.05,0,0,1.51,48.03,26.7,0,0,1.8,0.45,0,2.04,0,6.09,1.57,0,4.91,3.61,12.01,2.41,0,0,4.3,0,0,0.06,2.2,37.16
"Chad",2007,0.146312593914209,235.54,9.9,0,0,0,1.14,0,0,0,0,0,0,0,0,0,0.01,0,0,0,0,1.31,0.17,0,1.75,5.48,53.98,29.46,0.01,0,9.36,0.76,0,2.43,0,6.84,4.06,2.1,5.05,5.87,14.47,9.13,0,0.01,0.82,0,0,0.21,11.63,59.59
"Chad",2008,0.139412922076346,287.94,14.39,0,0,0,0,0,0,0,0,0.06,0,0,0,0,0,0,0,0,0,28.62,0.38,0,1.55,3.52,47.12,32.59,0.29,0,6.46,1.6,0,1.83,0,7.51,4.27,2.28,11.96,10.12,13.18,11.51,0,0.08,0.03,0,0,1.62,6.26,80.71
"Chad",2009,0.251402092609449,363.02,13.98,0,0,0,0.14,0,0,0,0,0.02,0,0,0,0,0,0,0,0,0,19.71,1.72,0,1.38,5.36,46.45,27.93,1.55,0,5.27,1.13,0,0.98,0,8.36,2.17,1.06,14.22,7.05,16.23,5.57,0,0.24,0,0,0.79,0,12.08,169.63
"Chad",2010,0.260217022339434,296.09,13.76,0.04,0,0.03,0.22,0,0,0,0,0.08,0,0,0,0,0,0,0,0,0.01,0.04,7.34,0,0.71,4.64,46.1,20.09,0.02,0,3.78,0.56,0,1.59,0,4.9,1.65,0.97,7.91,12.25,14.94,2.86,0,0.03,0,0,0.57,0.06,11.68,139.26
"Chad",2011,0.239490862070733,254.26,20.82,0.56,0,0.03,2.19,0,0,0,0,0,0,0.07,0,0,0,0,0,0,0,0,1.71,0,0.82,4.31,43.02,14.72,0.01,0,2.22,1.2,0,0.07,0,4.87,0,0,10.06,12.03,13.65,0.38,0,0.05,0,0,0.59,0.11,9.4,111.37
"Chad",2012,0.247068799745306,253.62,20.18,0.5,0,0,2.69,0,0,0,0,0,0.06,0,0,0,0.01,0,0.13,0,0,0,1.74,0,0.04,3.18,41.95,14.78,0.01,0,2.44,0.66,0,0,0,2.57,0,0,1.14,9.89,17.38,0.1,0,0.01,1.17,0,0.76,0.04,19.55,112.64
"Chad",2013,0.293919745474379,228.23,6.64,0.01,0,0,0.16,0,0,0,0,0,0.09,0,0,0,0,0,0,0,0,0,2,0,0,0.95,42.28,11.78,0.01,0,1.38,0.48,0,0.69,0,0,0.14,0,0.96,12.36,20.86,0.01,0,0,0,0,0.38,1.13,13.9,112.02
"Chad",2014,0.183983694673288,167.87,11.19,0.1,0,0,0.05,0,0,0,0,0.1,0,0,0,0,0,0,0,0,0,0.27,0,0,0,3.11,33.53,13.62,0.01,0,2.12,0.23,0,0,0.03,0,0,0,0.85,10.27,31.39,0,0,0,0,0,1.53,1.4,7.2,50.87
"Chad",2015,0.255186628451771,234.67,11.53,0.04,0,0,0.03,0,0,0,0,0,0,0,0,0,0,0,0,0,0,0.08,0.33,0,0,2.11,81.41,15.14,0.01,0,1.2,0.79,0,0.11,0,0,0.74,0,0.31,7.07,26.82,0,0,0,0,0,2.02,0.48,5.37,79.08
"Chad",2016,0.23418398771346,186.75,5.08,0.24,0,0,0.01,0,0,0,0,0,0,0,0,0,0,0.01,0,0,0,0.05,2.32,0,0,1.18,35.38,18.72,0,0,1.46,0.27,0,0.11,0.01,0,0,0,0.93,7.05,26.24,0,0,0,2.69,0,1.94,1.29,5.99,75.78
"Chad",2017,0.218605159873767,236.8,11.21,0.74,0,0.01,0,0,0,0,0,0,0,0,0,0,0,0.01,0,0,0,0.02,0.2,0,0,0,95.57,26.55,0,0,1.24,12.75,0,0,0,4.28,0.24,0,0.63,5.56,26.57,0.03,0,0,0,0.29,2.14,2.48,11.06,35.22
"Chad",2018,0.218499797903355,341,5.65,0,0,0,0,0,0,0,0,0.26,0,0,0,0,0,0.01,0,0,0,0.64,4.78,0,0,0,108.85,42.15,0,0,1.57,4.24,0,0.55,0,1.3,0,0,1.01,10.07,33.63,0.02,0,0.02,5.17,0,2.8,0.78,16.72,100.78
"Chad",2019,0.217160317526888,310.85,5.73,0,0,0,0,0,0,0,0,0,0,0.02,0,0,0,0.06,0,0,0,0,4.45,0,0,0,113.27,45.51,0,0,3.03,3.09,0,0.82,0,0,0,0,2.72,8.2,30.41,2.84,0,0.18,1.14,0,3.15,4.31,12.52,69.4
"Chad",2020,0.20969376855562,290.77,7.28,0,0,0,0,0,0,0,0,0,0,0.02,0,0,0.01,0.01,0,0,0,0.01,0,0,1,0,78.47,42.69,0,0,2.67,1.91,0,0.31,0,0,0,0,2.4,10.49,29.63,5.86,0.26,0.06,0,0,0.58,3.64,11.18,92.29
"Chad",2021,0.214465290038752,324.33,9.48,0,0,0,0.03,0,0,0,0,0,0,0,0,0,0,0.05,0,0,0,0.03,0,0,0.89,0,84.9,37.61,0,0,2.58,5.34,0,0.98,0,0,0,0,7.1,11.61,30.45,1.66,0,0.1,4.71,0,2.63,1.2,10.98,112
"Chad",2022,0.197735123126441,323.23329,12.813816,6.943686,0,0,0.010473,0,0,0,0,0,0,0.005404,0,0,0.003554,0.005263,0,0,0,0,0.079104,0,0,0,106.737474,53.791017,0,0,2.542955,3.206707,0.10978,0.583844,0,2.444428,0,0,4.07447,10.18859,32.930388,0.247153,0,0.615802,0.484401,0,2.955312,1.314617,12.030911,69.114141
"Chad",2023,0.254319577292369,581.087131,12.77014,5.137353,0,0,0.000236,0,0,0,0,0,0,3.610257,0,0,0.016184,0.013244,0,0,0,0,0.113538,0,0.781322,0,99.581785,36.219546,0,0,2.533076,2.320531,0,1.573375,0,2.252052,0.947015,0.000108,2.199848,16.125131,38.825462,3.617432,0.1,0,0,0,258.315808,0.736763,18.744761,74.552164
"Chad",2024,0.401293814457227,1116.462952,4.129937,5.74011,0,0,0,0,0,0,0,0.02094,0,0.466385,0,0,0.051594,0.022583,0,0,0,0.01436,0.00159,0,0.062943,0,102.239879,14.79481,0,0,3.275592,2.603783,0.111152,1.025476,0,0.212783,3.258965,0,5.982846,14.774159,38.163207,55.899703,0,0.013453,0,0,672.770721,0.599,11.722979,178.504002
"Chad",2025,NA,0,0,0,0,0,0,0,0,0,0,0,0,0,0,0,0,0,0,0,0,0,0,0,0,0,0,0,0,0,0,0,0,0,0,0,0,0,0,0,0,0,0,0,0,0,0,0,0,0
"Comoros",1975,1,17.82,0,0,0,0,0,0,0,0,0,0,0,0,0,0,0,0,0,0,0,0,0,0,0,0,17.82,0,0,0,0,0,0,0,0,0,0,0,0,0,0,0,0,0,0,0,0,0,0,0
"Comoros",1976,0.54711732587343,12.09,0,0,0,0,0,0,0,0,0,0,0,0,0,0,0,0,0,0,0,0,0,0,0,0,8.62,0,0,0,0,0,0,0,0,0.1,0,0,0,0,0.05,0,0,0,1.11,2.1,0.11,0,0,0
"Comoros",1977,0.380855027424674,4.81,0,0,0,0,0,0,0,0,0,0,0,0,0,0,0,0,0,0,0,0,0.18,0,0,0,1,0.02,0,0,0,0.14,0,0,0,0.59,0.1,0,0,0,0.05,0.01,0,0,2.72,0,0,0,0,0
"Comoros",1978,0.432255555555556,6,0,0,0,0,0,0,0,0,0,0,0,0,0,0,0,0,0,0,0,0,0.05,0,0,0,1.3,0,0,0,0,0.29,0,0,0,0.01,0,0,0,0,0.17,0,0,0,3.68,0,0.46,0,0.04,0
"Comoros",1979,0.410038786686244,10.37,0,0,0,0,0,0,0,0,0,0,0,0,0,0,0,0,0,0,0,0,0.87,0,0.06,0,5.96,0.03,0,0,0,0.28,0,0,0,0,0,0,0,0,0.33,0,0,0,2.76,0,0.08,0,0,0
"Comoros",1980,0.291174905158258,30.45,0.04,0,0,0,0,0,0,0,0,0,0,0,0,0,0,0,0,0,0,0,0.58,0,0,0,12.32,0.6,0,0,0,0.03,0,0,0,0.4,0,0,0,0,0,0,0,0,3.96,9.68,2.82,0,0.02,0
"Comoros",1981,0.380957827862631,35.37,1.59,0,0,0,0,0,0,0,0,0,0,0,0,0,0,0,0,0,0,0,0.78,0,0,0,19.35,0.65,0,0,0,0.01,0,0,0,0.01,0,0,0,0,0.18,0,0,0,9.41,3.16,0.02,0,0.21,0
"Comoros",1982,0.339898402711351,24.49,0.66,0,0,0,0,0,0,0,0,0,0,0,0,0,0,0,0,0,0,0,0.11,0,0,0,12.18,0.62,0,0,0,0,0,0,0,0.02,0,0,0,0,0.1,0,0,0,3.88,6.27,0.12,0,0.53,0
"Comoros",1983,0.309803102983175,21.49,1.74,0,0,0,0.99,0,0,0,0,0,0,0,0,0,0,0,0,0,0,0,0.09,0,0,0,10.53,0.78,0,0,0,0.05,0,0,0,0,0,0,0,0,0.12,0,0,0,4.99,1.44,0,0,0.76,0
"Comoros",1984,0.357112121957217,23.24,2.18,0,0,0,0.53,0,0,0,0,0,0,0,0,0,0,0,0,0,0,0,0.81,0,0,0,13.16,1.18,0,0,0,0.08,0,0,0,0,0,0,0,0,0.01,0,0,0,2.23,2.75,0.06,0,0.25,0
"Comoros",1985,0.419522699821848,22.53,1.21,0,0,0,0.11,0,0,0,0,0,0,0,0,0,0,0,0,0,0,0.02,0.72,0,0,0,13.98,0.53,0,0,0,0,0,0,0,0.14,0,0,0,0,0,0,0,0,3.66,0.85,0,0,0.31,1
"Comoros",1986,0.554721123143135,23.52,0.86,0,0,0,0.35,0,0,0,0,0,0,0,0,0,0,0,0,0,0,0,1.74,0,0,0,17.19,0.39,0,0,0,0,0,0,0,0.18,0,0,0,0,0.06,0,0,0,2.7,0,0,0,0.05,0
"Comoros",1987,0.488385436231491,33.21,3.25,0,0,0,0.38,0,0,0,0,0,0,0,0,0,0,0,0,0,0,0,2.44,0,0,0,22.62,3.04,0,0,0,0.12,0,0,0,0.22,0,0,0,0,0.03,0,0,0,0.11,0,0,0,0,1
"Comoros",1988,0.763192755313824,34.55,2.18,0,0,0,0,0,0,0,0,0,0,0,0,0,0,0,0,0,0,0,1.58,0,0,0,30.06,0.32,0,0,0,0.01,0,0,0,0.25,0,0,0,0,0.04,0,0,0,0.06,0,0,0,0.05,0
"Comoros",1989,0.515467070690756,32.29,3.81,0,0,0,0.06,0,0,0,0,0,0,0,0,0,0,0,0,0,0,0,3.43,0,0,0,22.57,0.79,0,0,0,0.02,0,0,0,0.27,0,0,0,0,0.04,0.01,0,0,0.24,0,0,0,0.05,1
"Comoros",1990,0.640619559094538,31.69,4.33,0,0,0,0,0,0,0,0,0,0,0,0,0,0,0,0,0,0,0,0.09,0,0,0,24.96,0.46,0,0,0,0,0,0,0,0.58,0,0,0,0,0.05,0,0,0,0.19,0,0,0,0.03,1
"Comoros",1991,0.629665779475972,31.69,3.06,0.06,0,0,0.55,0,0,0,0,0,0,0,0,0,0,0,0,0,0,0.01,1.32,0,0,0,24.89,0.64,0,0,0,0,0,0,0,0,0,0,0,0,0.06,0.01,0,0,0,0,0,0,0.09,1
"Comoros",1992,0.59427390222256,24.28,2.85,0.04,0,0,0.01,0,0,0,0,0,0,0,0,0,0,0,0,0,0,0,1.3,0,0,0,18.42,0.45,0,0,0,0,0,0,0,0,0,0,0,0,0.01,0.05,0,0,0,0.01,0,0,0.14,1
"Comoros",1993,0.499700465096015,30.3,5.56,0.04,0,0,0,0,0,0,0,0,0,0,0,0,0,0,0,0,0,0,0.69,0,0,0.04,20.58,1.64,0,0,0,0.3,0,0.17,0,0,0,0,0,0,0,0.04,0,0,0.15,0,0,0,0.09,1
"Comoros",1994,0.609745049213921,19.52,1.64,0.07,0,0,0.03,0,0,0,0,0,0,0,0,0,0,0,0,0,0,0,0.48,0,0,0.07,15.1,0.39,0,0,0,0.43,0,0.22,0,0,0,0,0,0,0,0,0,0,0.02,0,0,0,0.07,1
"Comoros",1995,0.590586584676649,23.53,4.27,0.06,0,0,0,0,0,0,0,0,0,0,0,0,0,0,0,0,0,0,0.03,0,0,0.09,17.54,0.21,0,0,0,0,0,0.19,0,0,0,0,0,0,0,0.04,0,0,0,0.03,0,0,0.07,1
"Comoros",1996,0.776063040171547,23.95,0.31,0.05,0,0,0.09,0,0,0,0,0,0,0,0,0,0,0,0,0,0,0,0.04,0,0,0.03,21.03,0.95,0,0,0,0,0,0,0,1.37,0,0,0,0,0,0.03,0,0,0.03,0.02,0,0,0,0
"Comoros",1997,0.844716923967159,17.12,0.43,0.04,0,0,0,0,0,0,0,0,0,0,0,0,0,0,0,0,0,0,0.17,0,0,0.06,15.72,0.26,0,0,0,0,0,0,0,0.42,0,0,0,0,0,0.02,0,0,0,0,0,0,0,0
"Comoros",1998,0.586156811829311,20.82,4.16,0,0,0,0,0,0,0,0,0,0,0,0,0,0,0,0,0,0,0,0.14,0,0,0.02,15.37,0.6,0,0,0,0.39,0,0,0,0,0,0,0,0,0,0.03,0,0,0,0.08,0,0,0,0.03
"Comoros",1999,0.746114296096871,15.33,1.58,0,0,0,0,0,0,0,0,0,0,0,0,0,0,0,0,0,0,0,0.07,0,0,0,13.14,0.42,0,0,0,0,0,0,0,0,0,0,0,0,0,0.03,0,0,0,0,0,0,0.02,0.07
"Comoros",2000,0.92210944,12.5,0,0,0,0,0,0,0,0,0,0,0,0,0,0,0,0,0,0,0,0,0.19,0,0,0,12,0.03,0,0,0.01,0,0,0,0,0,0,0,0,0,0,0.03,0,0,0,0.2,0,0,0,0.04
"Comoros",2001,0.745321616130158,12.62,0,0,0,0,0,0,0,0,0,0,0,0,0,0,0,0,0,0,0,0,0.16,0,0,0,10.78,0.03,0,0,0,0,0,0,0,0.05,0,0,0,0,0,0,0,0,0,1.57,0,0,0,0.03
"Comoros",2002,0.974745797685751,12.55,0,0,0,0,0,0,0,0,0,0,0,0,0,0,0,0,0,0,0,0,0.11,0,0,0,12.39,0,0,0,0,0,0,0,0,0.01,0.02,0,0,0,0,0,0,0,0,0,0,0,0.01,0.01
"Comoros",2003,0.927935831111512,12.98,0,0.06,0,0,0,0,0,0,0,0,0,0,0,0,0,0,0,0,0,0,0.28,0,0,0,12.5,0.04,0,0,0,0,0,0,0,0,0,0,0,0,0.07,0,0,0,0,0,0,0,0.01,0.02
"Comoros",2004,0.93708789281706,15.84,0,0,0,0,0,0,0,0,0,0,0,0,0,0,0,0,0,0,0,0,0.29,0,0,0,15.33,0.02,0,0,0,0.04,0,0,0,0,0,0,0,0,0,0,0,0,0,0,0,0,0.16,0
"Comoros",2005,0.875861684189644,17.04,0.03,0,0,0,0,0,0,0,0,0,0,0,0,0,0,0,0,0,0,0,0.29,0,0,0,15.93,0.05,0,0,0,0,0,0,0,0,0.03,0,0,0,0,0,0,0,0,0,0,0,0.68,0.03
"Comoros",2006,0.893230416762946,22.55,0.06,0.01,0,0,0,0,0,0,0,0,0,0,0,0,0,0,0,0,0,0,0.34,0,0,0,21.3,0.02,0.01,0,0,0,0,0,0,0,0,0,0,0,0,0,0,0,0,0,0,0.6,0.2,0.01
"Comoros",2007,0.869003355793368,21.75,0.01,0,0,0,0,0,0,0,0,0,0,0,0,0,0,0,0,0,0,0,0.36,0,0,0,20.26,0.04,0.04,0,0,0.01,0,0,0,0,0,0,0,0,0.52,0,0,0,0,0,0,0.01,0.47,0.03
"Comoros",2008,0.765281715185693,24.3,0.03,0,0,0,0,0,0,0,0,0,0,0,0,0,0,0,0,0,0,0,0.16,0,0,0,21.21,0.01,0.01,0,0,0,0,0,0,0.39,0.94,0,0.05,0,0,0,0,0,0.34,0,0,0.89,0.23,0.04
"Comoros",2009,0.6257197156476,31.2,5.3,0,0,0,0.03,0,0,0,0,0,0,0,0,0,0,0,0,0,0,0,0.16,0,0,0,24.09,0,0,0,0,0,0,0,0,0,0,0,0.05,0,0,0,0,0,0,0,0.35,0.55,0.29,0.38
"Comoros",2010,0.466988753327819,40.7,0.7,0,0,0,0,0,0,0,0,0,0,0,0,0,0,0,0,0,0,0,0.15,0,0,0,22.64,0,0,0,0,0,0,0,0,0,0,0,0,0,0,0.12,0,0,0.26,0,16.13,0.06,0.24,0.4
"Comoros",2011,0.596601872906628,31.24,3.68,0,0,0,0.15,0,0,0,0,0,0,0,0,0,0,0,0,0,0,0,0.16,0,0,0,23.79,0.02,0,0,0,1.3,0,0.11,0,0,0,0,0,0,0,0.12,0,0,0.03,0,0.53,0.26,0.67,0.42
"Comoros",2012,0.369272757021641,46.31,6.71,0.08,0,0,0.46,0,0,0,0,0,0,0,0,0,0,0,0,0,0,0,0.22,0,0,0,25.83,0,0,0,0,0,0,0.14,0,0,0,0,0,0.09,0,0,0,0,0.58,0,7.9,4.08,0,0.22
"Comoros",2013,0.762734746581451,46.4,1.82,0.09,0,0,0.38,0.02,0,0,0,0,0,0,0,0,0,0,0,0,0,0,0.27,0,0,0,40.4,0.01,0,0,0,0,0,0.26,0,0,0,0,0.01,0,0,0,0,0,0,0,2.48,0.37,0,0.29
"Comoros",2014,0.647772589809549,34.98,3.45,0.1,0,0,0.1,0.14,0,0,0,0,0,0,0,0,0,0,0,0,0,0,0.15,0,0,0.01,27.85,0,0,0,0,0.09,0,0.08,0,0,0,0,0,0,0.06,0.01,0,0,0,0,2.17,0.43,0,0.34
"Comoros",2015,0.521436112011346,29.54,4.36,0.17,0,0.01,0.1,0.95,0,0,0,0,0,0,0,0,0,0,0,0,0,0,0.13,0,0,0,20.79,0,0,0,0.11,0.02,0,0,0,0,0,0,0,0,0,0.01,0,0,0,0,0.85,0.98,0,1.06
"Comoros",2016,0.735830132323999,23.86,0.29,0.13,0,0.05,0.03,0,0,0,0,0,0,0,0,0,0,0,0,0,0,0,0.13,0,0,0,20.39,0,0,0,0,0,0,0,0,0,0,0.01,0,0,0,0.01,0,0,0,0.09,1.36,0.34,0,1.03
"Comoros",2017,0.59498984815122,28.05,2.12,0.08,0,0.03,0.23,0,0,0,0,0.01,0,0,0,0,0,0,0,0,0,0,0.11,0,0,0,21.42,0,0,0,0,0,0,0,0,0,0,0,0,0,0,0.04,0,0,0,0.11,1.2,1.11,0.16,1.43
"Comoros",2018,0.44356290954388,33.19,5.05,0,0,0,0.12,0,0,0,0,0,0,0,0,0,0,0,0,0,0,0,0,0,0,0,20.94,0.02,0,0,0,0,0,0,0,0,0,0.06,0.03,0,0,0.2,0,0,0,0,4.74,0.46,0.21,1.36
"Comoros",2019,0.389183286687142,53.37,3.55,0,0,0,0.08,0,0,0,0,0,0,0,0,0,0,0,0,0,0,0,0,0,0,0,23.42,0.02,0,0,0,0,0,0,0,0,0,0,0.03,0,0,0.19,0,0,0,0,23.32,0.74,0.31,1.71
"Comoros",2020,0.49326517081243,42.11,5.5,0,0,0,0.01,0,0,0,0,0,0,0,0,0,0,0,0,0,0,0,0,0,0,0,28.4,0.01,0,0,0,0,0,0,0,0,0,0,0,0.07,0,0.16,0.11,0,0,0,6.05,0.4,0.49,0.91
"Comoros",2021,0.478534315675657,83.73,1,0,0,0,0.02,0,0,0,0,0,0,0,0,0,0.05,0,0,0,0.01,0,0,0,0,0,46.35,0.02,0,0,0,0,0,0,0,0,0,0,0,0.15,0,0.2,0,0,0,0,34.71,0.23,0.22,0.77
"Comoros",2022,0.729805763686248,70.60953,5.273571,1.262386,0,0,0,0,0,0,0,0,0,0,0,0,0.060418,0,0,0,0.0238,0.002883,0,0,0,0,60.027313,0.041943,0,0.039014,0,0,0,0,0,0,0,0,0,0.115436,0,0.250194,0,0,0,0,2.177407,0.168407,0.147061,1.019697
"Comoros",2023,0.649994451079965,50.554568,4.060347,1.270958,0,0,0.049874,0,0,0,0,0,0,0,0,0,0.022657,0,0,0,0,0,0,0,0,0,40.438529,0.043667,0,0,0.009011,0.02836,0,0,0,0,0,0,0,0.071913,0,0,0,0,0,0,2.379685,0.168846,0.748077,1.262644
"Comoros",2024,0.628391197793815,65.927006,0.145533,3.68921,0,0,0.001125,0,0,0,0,0,0,0,0,0,0.012507,0,0,0,0.010577,0,0.000318,0,0,0,51.71112,0.059777,0,0.009163,0.013617,0.011003,0,0,0,0,0,0,0,0.20342,0.10411,0.027693,0,0.009745,0,0,6.056288,0.179584,1.811125,1.871091
"Comoros",2025,NA,0,0,0,0,0,0,0,0,0,0,0,0,0,0,0,0,0,0,0,0,0,0,0,0,0,0,0,0,0,0,0,0,0,0,0,0,0,0,0,0,0,0,0,0,0,0,0,0,0
"CongoDR Kinshasa",1960,0.993437125977999,71.234272,0,0,0,0,0.034272,0,0,0,0,0,0,0,0,0,0,0,0,0,0,0,71,0,0.1,0,0,0.09,0,0,0,0,0,0,0,0,0,0,0,0,0,0,0,0,0,0,0,0,0.01,0
"CongoDR Kinshasa",1961,0.901548192440847,60.22,0,0,0,0,0,0,0,0,0,0,0,0,0,0,0,0,0,0,0,0,57.1,0,0,0,0,0.08,0,0,0,0,0,0,0,0,0,0,0,0,0.04,0,0,0,0,0,0,0,0,3
"CongoDR Kinshasa",1962,0.479220297918592,114.25,0,0,0,0,0,0,0,0,0,0,0,0,0,0,0,0,0,0,0,0,46.3,0,0,0,0,3.95,0,0,0,0,0,0,0,0,0,0,0,0,0,0,0,0,0,0,0,0,0,64
"CongoDR Kinshasa",1963,0.500128715699409,104.39,0,0,0,0,0,0,0,0,0,0,0,0,0,0,0,0,0,0,0,0.01,64.33,0,0,0,0,3.96,0,0,0,0,0,0,0,0,0,0,0,0,0.09,0,0,0,0,0,0,0,0,36
"CongoDR Kinshasa",1964,0.505573548143229,107.32,0,0,0,0,0,0,0,0,0,0,0,0,0,0,0,0,0,0,0,0,66.15,0,0,0,0,0.72,0,0,0,1.08,0,0,0,0,0.1,0,0,0,0.06,1.21,0,0,0,0,0,0,0,38
"CongoDR Kinshasa",1965,0.525562550076892,136.13,0,0,0,0,0,0,0,0,0,0,0,0,0,0,0,0,0,0,0,0.01,87.9,0,0.67,0,0,0.6,0,0,0,0.91,0,0,0,0,0,0,0,0,0,0.65,0,0,0,0,0,0,0.55,44.84
"CongoDR Kinshasa",1966,0.448764875822177,87.53,0,0,0,0,0,0,0,0,0,0,0,0,0,0,0,0,0,0,0,0,48.86,0,0.69,0,1.7,3.53,0,0,0,0,0,0,0,0,0.01,0,0,0,0.37,0,0,0,0,0,0,0,0.2,32.17
"CongoDR Kinshasa",1967,0.432966087872833,86.59,0.05,0,0,0,0,0,0,0,0,0,0,0,0,0,0,0,0,0,0,0.61,47.78,0,0,0,3.2,2.51,0,0,0,0.35,0,0,0,0,0,0,0,0.13,0.31,0.09,0,0,0,0,0,0,0.81,30.75
"CongoDR Kinshasa",1968,0.495241287200767,68.46,0.01,0,0,0,0,0,0,0,0,0,0,0,0,0,0,0,0,0,0,0,44.52,0,0.94,0,3.2,0.95,0,0,0,0.12,0,0,0,0,0.09,0,0,0.1,0.02,0.13,0,0,0,0,0,0,0.3,18.08
"CongoDR Kinshasa",1969,0.513750634739336,68.03,0.3,0,0,0,0,0,0,0,0,0,0,0,0,0,0,0,0,0,0,0.02,46.76,0,1.89,0,4.2,0.8,0,0,0,0.18,0,0,0,0,0.3,0,0,0.12,0.25,0.01,0,0,0,0,0,0,0.2,13
"CongoDR Kinshasa",1970,0.512523334678965,73.06,0.04,0,0,0,0,0,0,0,0,0,0,0,0,0,0,0,0,0,0,0,50.43,0,1.95,0,3.8,2.13,0,0,0,0.11,0,0,0,0.5,0.14,0,0,0,0.16,0.14,0,0,0,0,0,0,0.66,13
"CongoDR Kinshasa",1971,0.520564219161186,81.61,0.69,0,0,0,0,0,0,0,0,0,0,0,0,0,0,0,0,0,0,0.07,56.72,0,2.04,0,4.2,1.3,0,0,0,0.08,0,0,0,0.02,0.1,0,0,0.16,0.11,0.21,0,0,0,0,0,0,0.91,15
"CongoDR Kinshasa",1972,0.554700235618967,99.57,0.29,0,0,0,0,0,0,0,0,0,0,0,0,0,0,0,0,0,0,0.09,72.82,0,1.75,0,5.73,3.82,0,0,0,0.72,0,0,0,0.11,0.24,0,0,0.41,0.11,0.42,0,0,0,0,0,0,1.06,12
"CongoDR Kinshasa",1973,0.548329598427526,117.05,0.63,0,0,0,0,0,0,0,0,0,0,0,0,0,0,0,0,0,0,0,85.55,0,1.41,0,8.44,6.67,0,0,0,1.14,0,0,0,0.83,0.34,0,0,0.31,0.45,0.26,0,0,0,0,0,0,3.02,8
"CongoDR Kinshasa",1974,0.449313030659611,157.61,0.81,0,0,0,0,0,0,0,0,0,0,0,0,0,0,0,0,0,0,1.84,101.92,0,1.08,0,23.1,8.7,0,0,0,1.26,0,0,0,1,0.3,0,0,0,0.54,0.13,0,0,0,0,0,0,5.93,11
"CongoDR Kinshasa",1975,0.536207448432887,157.66,0.62,0,0,0,0,0,0,0,0,0,0,0,0,0,0,0,0,0,0,0.02,112.97,0,1.09,0,20.48,8.82,0,0,0,1.09,0,0,0,0.42,0.33,0,0,0,0.57,0.19,0,0,0,0,0,0,4.06,7
"CongoDR Kinshasa",1976,0.430420673602912,150.68,1.04,0,0,0,0,0,0,0,0,0,0,0,0,0,0,0,0,0,0,0.03,93.96,0,1.29,0,23.07,8.56,0,0,0,0.33,0,0,0,0.46,0.28,0,0,0,0.08,0.22,0,0,0,0,0,0,3.36,18
"CongoDR Kinshasa",1977,0.420329329564798,176.48,3.06,0,0,0,0,0,0,0,0,0,0,0,0,0,0,0,0,0,0,0.08,108.61,0,2.05,0,15,14.5,0,0,0,0.49,0,0,0,1.27,0.11,0,0,0,0.34,0.16,0,0,0,0,0,0,1.81,29
"CongoDR Kinshasa",1978,0.419192593142321,207.81,2.03,0,0,0,0,0,0,0,0,0,0,0,0,0,0,0,0,0,0,0.1,128.96,0,1.29,0,24.33,16.87,0,0,0,0.34,0,0,0,1.64,0.19,0,0,0,1.28,0.28,0,0,0,0,0,0,7.5,23
"CongoDR Kinshasa",1979,0.324121800399265,293.16,27.5,0,0,0,0,0,0,0,0,0,0,0,0,0,0,0,0,0,0,0.07,154.21,0,1.29,0,24.85,20.45,0,0,0,0.78,0,0,0,3.1,0.25,0,0,1.53,1.4,4.91,0,0,0,0,0,0,5.82,47
"CongoDR Kinshasa",1980,0.298432950601693,340.89,39.48,0,0,0,0,0,0,0,0,0,0,0,0,0,0,0,0,0,0,0.1,170.8,0,0.86,0.01,39.75,36.98,0,0,0,0.55,0,0,0,1.9,0.15,0,0,2.03,0.56,1.27,0,0,0,0,4.99,0,13.46,28
"CongoDR Kinshasa",1981,0.236109783983651,299.92,53.18,0,0,0,0,0,0,0,0,0,0,0,0,0,0,0,0,0,0,0.07,124.19,0,0.27,0,26.69,37.18,0,0,0,4.77,0,0,0,2.33,0.32,0,0,0.58,0.29,3.42,0,0,0,14.48,0,0,8.15,24
"CongoDR Kinshasa",1982,0.215346217022164,267.74,43.61,0,0,0,3.02,0,0,0,0,0,0,0,0,0,0,0,0,0,0,0.12,103.56,0,0.03,0,24.71,32.03,0,0,0,3.08,0,0,0,2.09,0.59,0,0,1,0.65,0.55,0,0,0.02,5.69,0,0,20.99,26
"CongoDR Kinshasa",1983,0.242271617351336,212.4,13.81,0,0,0,0,0,0,0,0,0,0,0,0,0,0,0,0,0,0,0.11,90.28,0,0.03,0,23.1,31.99,0,0,0,3.04,0,0,0,1.89,0.54,0,0,1.12,0.89,3.34,0,0,0,0.45,0,0,12.81,29
"CongoDR Kinshasa",1984,0.176980143482185,241.46,26.36,0,0,0,0.03,0,0,0,0,0,0,0,0,0,0,0,0,0,0,0.14,75.86,0,0,0,27.32,26.13,0,0,0,29.11,0,0,0,1.43,0.59,0,0,0,1.07,1.67,0,0,0.02,0,0,0,14.73,37
"CongoDR Kinshasa",1985,0.215391986063813,212.97,9.28,0,0,0,0,0,0,0,0,0,0,0,0,0,0,0,0,0,0,0.13,79.99,0,0,0,29.9,20.1,0,0,0,11.47,0,0,0,1.69,0.95,0,0,0,1.4,0.96,0,0,0,0,0,0,18.1,39
"CongoDR Kinshasa",1986,0.257444094175023,322.22,10.46,0,0,0,0,0,0,0,0,0,0,0,0,0,0,0,0,0,0,0.19,143.06,0,0,0,39.37,44.27,0,0,0,28.45,0,0,0,1.19,0.5,0,0,0,1.04,0.42,0,0,0,0,0,0,12.27,41
"CongoDR Kinshasa",1987,0.190532873947463,359.68,28.04,0,0,0,0,0,0,0,0,0,0,0,0,0,0,0,0,0,0,0.21,121.58,0,0,0.05,42.03,52.86,0,0,0,32.41,0,0,0,1.37,0.93,0,0,0,1.71,5.1,0,0,0,0,0,0,17.39,56
"CongoDR Kinshasa",1988,0.192060291373762,426.6,23.43,0,0,0,0.05,0,0,0,0,0,0,0,0,0,0,0,0,0,0,0.19,136.93,0,0,0.1,80.12,52.46,0,0,0,59.24,0,0,0,3.35,1,0,2.5,0,1.21,1.06,0,0,0,0,0,0,11.96,53
"CongoDR Kinshasa",1989,0.165553184708189,462.51,90.82,0.01,0,0,0.06,0,0,0,0,0,0,0,0,0,0,0,0,0,0,0.2,95.89,0,0,0.11,103.41,44.56,0,0,0,42.05,0,0,0,3.19,0.44,0,1.32,0,0.9,1.19,0,0,0,0,0,0,24.36,54
"CongoDR Kinshasa",1990,0.145713981205521,792.52,69.77,0.01,0,0,0.11,0,0,0,0,0,0,0,0,0,0,0,0,0,0,2.03,95.35,0,0.01,0.4,180.18,115.29,0,0,0,146.3,0,0.32,0,3.89,0.22,0,3.89,0,1,3.44,0,0,77.2,0,0,0,41.11,52
"CongoDR Kinshasa",1991,0.428571848366076,616.04,21.02,0.24,0,0,0.04,0,0,0,0,0,0,0,0,0,0,0,0,0,0,1.46,30.82,0,0,1.28,87.24,389.13,0,0,0.01,11.39,0,0.63,0,5.74,0.8,0.04,0.19,5.67,1.96,2.69,0,0,0.01,0,0,0,12.68,43
"CongoDR Kinshasa",1992,0.152805138124948,173.01,4.78,0.23,0,0,0.04,0,0,0,0,0,0,0,0,0,0,0,0,0,0,1.66,32.94,0,0,1.02,32.69,31.26,0,0,0.02,12.68,0,0.18,0,7.14,0.75,0,0.29,1.44,2.26,2.43,0,0,1.5,0,0,0,5.7,34
"CongoDR Kinshasa",1993,0.199274748932736,106.17,0.51,0.22,0,0,0.05,0,0,0,0,0,0,0,0,0,0,0,0,0,0,1.41,30.91,0,0,0.21,23.31,24.83,0,0,0,0.4,0,0.19,0,6.49,0.83,0,0.46,3.38,1.02,2.74,0,0,0,0,0,0.03,1.18,8
"CongoDR Kinshasa",1994,0.196941699642872,114.06,4.45,0.21,0,0,0,0,0,0,0,0,0,0,0,0,0,0,0,0,0,1.5,29.31,0,0,0.48,28.85,27.81,0,0,0.16,0.56,0,0.24,0,5.17,1.26,0,0.93,4.08,2.91,4.32,0,0,0,0,0,0,0.82,1
"CongoDR Kinshasa",1995,0.197893316303697,136.94,5.38,0.16,0,0,0,0,0,0,0,0,0,0,0,0,0,0,0,0,0,1.36,36.25,0,0,0,32.78,34.15,0,0,0.1,5.85,0,0.55,0,7.83,1.91,0.02,1.27,4,1.31,2.22,0,0,0,0,0,0.01,0.79,1
"CongoDR Kinshasa",1996,0.160702981173975,123.7,4.53,0.14,0.22,0,0.03,0.14,0,0,0,0,0,0,0,0,0,0,0,0,0,1.78,15.52,0,0.01,2.6,29.4,34.36,0.05,0,0.1,1.84,0,1.7,0,4.7,6.29,0,4.21,4.46,4.33,1.86,0,0,2.45,0,0,0,2.98,0
"CongoDR Kinshasa",1997,0.13270596241582,123.39,5.76,0,0.22,0,0.01,0.23,0,0,0,0,0,0,0,0,0,0,0,0,0,1.17,30.79,0,0.1,0.26,22.4,15.94,0.03,0,1.62,1.28,0,1.28,0,7.31,7.94,0.01,1.23,6.72,1.84,5.02,0,0.06,8.34,0,0,0,3.83,0
"CongoDR Kinshasa",1998,0.155182924190634,92.53,0.04,0.02,0,0,0,0,0,0,0,0,0,0,0,0,0.06,0,0,0,0,1.07,24.93,0,0.01,0.32,18.99,2.93,0.04,0,0.12,2.28,0,0.5,0,8.1,2.54,0,1.25,4.21,2.28,13.52,0,0,2.4,0,0,0,6.79,0.13
"CongoDR Kinshasa",1999,0.137359374135951,94.85,0.12,0.03,0,0,0,0.05,0,0,0,0,0,0,0,0,0.06,0,0,0,0,0.99,22.73,0,0,1.35,17.28,12.2,0.13,0,0.44,3.8,0,0.16,0,2.46,2.22,0.03,1.03,9.3,4.26,2.43,0,0,0,0,0,0,2.61,11.17
"CongoDR Kinshasa",2000,0.121715472176139,109.92,0.47,0.01,0,0,0.01,0,0,0,0,0,0,0,0,0,0.05,0,0,0,0,2.65,26.68,0,0,0.88,13.93,12.76,0.07,0,0.59,2.36,0,0.2,0,4.67,5.66,0,0.85,7.69,3.98,8.03,0,0.03,0,0,0,0,5.6,12.75
"CongoDR Kinshasa",2001,0.144542636742369,147.52,0.32,0.03,0,0,0,0,0,0,0,0,0,0,0,0,0.05,0,0,0,0,3.05,43.23,0,0.17,1.27,11.91,12.94,0.07,0,1.31,1.59,0,0.18,0,12,3.87,0,1.95,5.46,4.38,17.04,0,0.09,0,0,0,0,6.38,20.23
"CongoDR Kinshasa",2002,0.208908722910384,363.39,0.85,0.03,0,0,0.27,0.06,0,0,0,0.1,0,0,0,0,0.05,0,0,0,0,5.44,41.26,0,0,1.12,12.94,21.11,0.07,0,2.28,3.87,0,1.52,0,135.03,12.47,4.7,3.35,7.69,4.41,14.93,0,0.07,0,0,0,0.01,9.77,79.99
"CongoDR Kinshasa",2003,0.194186875576672,5157.91,0.63,0.07,0,0,0,0.47,0,0,0,0.04,0,0,0,0,0.04,0,0,0,0,5.06,789.63,0,0,1.9,1394.97,548.8,0.15,0,2.41,446.16,0,0.96,0,220.55,17.1,2.4,5.64,170.97,34.71,22.66,0,0.02,0,0,0,0,74.49,1418.08
"CongoDR Kinshasa",2004,0.161933563823041,1209.7,48.47,0.01,0,0,0,0.07,0,0,0,0.07,0,0,0,0,0.09,0,0,0,0,3.04,268.29,0,0,2.7,154.78,79.26,0.32,0,4.08,23.8,0,1.22,0,58.75,18,0.17,6.32,23.3,4.85,300.97,0,0,0,0,0,0,20.29,190.85
"CongoDR Kinshasa",2005,0.196629521996361,1022.35,379.3,0.32,0,0,0,0.22,0,0,0,0.09,0,0,0,0,0.06,0,0,0,0,0.32,155.4,0,3.08,4.64,65.43,51.09,0.35,0,5.89,1.02,0,1.72,0,46.23,19.29,0.51,10.19,23.71,7.3,77.57,0,0,0,0,0,0,24.83,143.79
"CongoDR Kinshasa",2006,0.340374474733849,1519.07,28.11,0.31,0,0,1.54,0.05,0,0,0,0.16,0.03,0,0,0,0.14,0,0,0,0,4.41,229.42,0,7.9,6.14,60.76,35.7,2.54,0,12.79,1.27,0,2.12,0,29.88,20.71,1.82,19.13,39.98,7.65,139.94,0,0,0,0,0,0.03,28.07,838.47
"CongoDR Kinshasa",2007,0.138256850869374,803.91,22.93,1.64,0,0,0.54,0,0,0,0,0.33,0,0,0,0,0.09,0,0,0,0,5.95,209.77,0,4.47,6.11,28.73,75.14,1,0,15.65,4.14,0,3.56,0,50.74,23.33,1.49,17.69,33.39,10.4,120.69,0,0,0.14,0,0,0.08,32.99,132.92
"CongoDR Kinshasa",2008,0.125339241578083,997.72,51.22,2.51,0,0,1.5,0.77,0,0,0,0.56,0,0.01,0,0.01,0.3,0,0,0,0.21,6.38,174.38,0,6.73,6.8,31.24,61.21,1.97,0,17.83,8.16,0,3.45,0,47.79,34.88,1.26,43.22,67.96,8.55,192.85,0,0.07,5.37,0,0,0.97,22.93,196.63
"CongoDR Kinshasa",2009,0.132540074397341,1103.98,65.7,2.16,0,0,6.86,0.08,0,0,0,0.72,0,0.03,0,0,0.06,0,0,0,0,2.43,177.02,0,5.42,7.1,30.95,79.42,2.03,0.06,9.32,12.19,0,3.46,0,43.36,28.05,0.48,42.74,61.65,10.49,225.46,0,0.02,2.69,0,0.27,0.22,44.85,238.69
"CongoDR Kinshasa",2010,0.149738740773034,2406.89,80.43,5.67,0,0,8.21,0,0,0,0,0.51,0,0,0,0,0.05,0,0,0,0.04,129.64,648.8,0,6.3,6.47,26.58,77.11,1.14,0.12,8.79,9.58,0,3.27,0,422.16,28.3,0.21,306.2,72.15,6.47,251.24,0,0.02,4.58,0,2.4,1.27,26.52,272.66
"CongoDR Kinshasa",2011,0.227376132377394,3131.45,0,5.99,0,0,10.43,0,0,0,0,0.32,0,0,0,0,0.07,0,0,0,0,0.71,340.65,0,2.87,8.08,1162.18,93.89,1,0,10.3,738.89,0,2.29,0,18.28,31.82,0.03,30.32,239,13.44,383.3,0,0,0.47,0,0.34,0.05,36.73,0
"CongoDR Kinshasa",2012,0.191627069119669,1668.2,93.86,6.85,0,0,2.69,0,0,0,0,0.34,0.06,0,0,0,0.02,0.03,2.9,0,0,0.24,131.13,0,0.53,7.45,29.53,599.62,0.64,0,12.95,6.92,0,3.47,0,22.16,32.57,0.04,16.63,76.52,16.44,223.46,0,0,0,0,0,0.12,100.99,280.04
"CongoDR Kinshasa",2013,0.149651987416304,1219.18,103.79,6.29,0,0,7.41,0,0,0,0,0.15,0,0.01,0,0,0.05,0,0,0,0,0.39,144.89,0,0.15,7.28,36.16,88.08,0.64,0,11.54,7.44,0,2.94,0,11.48,45.12,0,9.53,83.94,24.15,260.69,0,0,0.63,0,0,1.46,46.81,318.16
"CongoDR Kinshasa",2014,0.18418271452649,1205.26,53.8,11.52,0,0,4.62,0,0,0,0,0,0,0.03,0,0,0.01,0,0,0,0,0.42,150.61,0,0,3.84,39.98,92.51,0.83,0,0,8.45,0,3.58,0,9.94,36.44,0,5.31,61.94,19.44,275.24,0,0,0,0,0.03,1.36,39.95,385.41
"CongoDR Kinshasa",2015,0.317238779217361,1450.22,43.83,9.71,0,0,0.52,0,0,0,0,0,0,0,0,0,0.01,0,0,0,0,0.38,89.45,0,0,3.76,63.81,87.03,0.6,0,5.46,8.39,0,3.19,0,7.09,24.43,0,4.14,53.56,21.54,218.57,0,0,0,0,0.01,0.17,34.88,769.69
"CongoDR Kinshasa",2016,0.173295834164433,1009.67,41.43,10.09,0,0.04,4.98,0,0,0,0,0.01,0,0,0,0,0.01,0.01,0,0,0,0.24,103.1,0,0,1.15,62.94,85.27,0.11,0,7.13,12.51,0,3.56,0,13.29,18.52,0.12,6.27,55.9,22.58,174.9,0,0,0,0,0.03,0.99,43.86,340.63
"CongoDR Kinshasa",2017,0.191223007365624,1228.92,40.63,14.61,0,0.05,0.03,0,0,0,0,0.02,0,0,0,0,0.03,0.01,0,0,0,0.29,113.86,0,0,1.51,34.89,141.15,0.13,0,10.88,11.18,0,3.53,0.03,22.28,28.86,0.31,13.99,67.25,23.11,214.32,0,0,0,0,0.01,2.45,37.85,445.66
"CongoDR Kinshasa",2018,0.192198510106553,1472.93,43.82,0,0,0,4.45,0,0,0,0,0,0,1.26,0,0,0.07,0.14,0,0,0.08,0.4,136.67,0,0,0.59,24.28,153.16,0.07,0,9.18,16.47,0,4.69,0,26.34,34.81,0.28,7.37,86.73,27.86,304.22,0,0.01,0,0,0.01,0.02,76.91,513.04
"CongoDR Kinshasa",2019,0.237990134126146,1616.24,27.12,0,0,0,4.3,0,0,0,0,0,0,0,0,0,0.07,0,0,0,0.04,0.32,111.38,0,2.52,3.23,23.61,223.88,0.02,0,11.23,12.04,0,3.1,0,19.05,28.21,0.1,4.4,88.7,32.31,270.09,0,0,0,0,0,0,64.72,685.8
"CongoDR Kinshasa",2020,0.274138245695489,1680.79,44.05,0,0,0,0,0,0,0,0,0,0,0.25,0,0,0,0.66,0,0,0.04,0.34,111.57,0,1.66,5.65,43.76,189,0,0.27,8.5,7.12,0,3.07,0.05,17.39,40.04,0,5.14,83.28,32.79,187.88,0.02,0,0,0,0.04,0,79.23,818.99
"CongoDR Kinshasa",2021,0.310821790695823,1701.59,42.13,0,0,0,2.53,0,0,0,0,0.01,0,0.47,0,0,0.1,0.07,0,0,0.05,0.41,113.01,0,2.08,2.18,35.32,191.2,0.02,0.24,7.85,12.13,0,4.54,0,25.45,30.46,0,6.17,115.54,35.4,100.79,0,0.04,0,0,0.58,0.36,69.01,903.45
"CongoDR Kinshasa",2022,0.23875455806319,1401.181851,21.331698,14.219768,0,0,5.557892,0,0,0,0,0,0,0.496076,0,1.075069,1.333163,0.017464,0,0,0.118999,0.316883,111.595725,0,0.433165,0.515929,100.828215,180.337532,0.109849,0.279653,8.416167,8.537815,0.27445,3.54588,0,18.331928,22.982957,0,11.676852,87.33508,38.592955,62.577495,0,0.011666,0,0,0.037867,0.294802,72.756976,627.241881
"CongoDR Kinshasa",2023,0.404367928860973,1971.354024,50.606473,14.333985,0,0,1.295753,0,0,0.021626,0,0.028951,0,0.146242,0,0.95904,0.113287,0.054136,0,0,0.075692,0.413634,113.227906,0,0.796408,1.915726,87.405678,144.589454,0.005657,0,8.339983,9.077487,0.083472,3.583497,0,22.960216,34.695339,0.109699,7.706399,92.091923,37.716298,49.946635,0,0.004005,0,0,0.12941,0,60.371488,1228.548525
"CongoDR Kinshasa",2024,0.33835299129482,1828.52678,14.534049,27.967703,0,0,0.776488,0,0,0,0,0,0,0.120161,0,0,0.127091,0.048677,0,0,0.179811,0.413365,113.897853,0,10.239041,4.618917,93.517788,155.221864,0.007519,0,9.705446,7.507308,0.083364,4.763422,0,24.706249,22.962542,0.103743,5.579436,94.54807,35.132778,122.770486,0,0.005569,0,0,1.732493,0.159018,49.828355,1027.268174
"CongoDR Kinshasa",2025,NA,0,0,0,0,0,0,0,0,0,0,0,0,0,0,0,0,0,0,0,0,0,0,0,0,0,0,0,0,0,0,0,0,0,0,0,0,0,0,0,0,0,0,0,0,0,0,0,0,0
"CongoR Brazzaville",1960,NA,0,0,0,0,0,0,0,0,0,0,0,0,0,0,0,0,0,0,0,0,0,0,0,0,0,0,0,0,0,0,0,0,0,0,0,0,0,0,0,0,0,0,0,0,0,0,0,0,0
"CongoR Brazzaville",1961,NA,0,0,0,0,0,0,0,0,0,0,0,0,0,0,0,0,0,0,0,0,0,0,0,0,0,0,0,0,0,0,0,0,0,0,0,0,0,0,0,0,0,0,0,0,0,0,0,0,0
"CongoR Brazzaville",1962,1,0.02,0,0,0,0,0,0,0,0,0,0,0,0,0,0,0,0,0,0,0,0,0,0,0,0,0,0,0,0,0,0,0,0,0,0,0,0,0,0,0,0,0,0,0,0,0,0,0.02,0
"CongoR Brazzaville",1963,0.892310430758277,1.06,0,0,0,0,0,0,0,0,0,0,0,0,0,0,0,0,0,0,0,0,0,0,0,0,0,0.05,0,0,0,0,0,0,0,0,0,0,0,0,0,0,0,0,0,0,0,0,0.01,1
"CongoR Brazzaville",1964,0.886932024108574,12.33,0,0,0,0,0,0,0,0,0,0,0,0,0,0,0,0,0,0,0,0,0,0,0,0,11.6,0.22,0,0,0,0,0,0,0,0,0,0,0,0,0.02,0.01,0,0,0,0,0,0,0.48,0
"CongoR Brazzaville",1965,0.765160407884127,12.52,0,0,0,0,0,0,0,0,0,0,0,0,0,0,0,0,0,0,0,0,0,0,0,0,10.9,0.17,0,0,0,0.04,0,0,0,0,0,0,0,0.01,0.34,0.02,0,0,0,0,0,0,0.05,0.99
"CongoR Brazzaville",1966,0.442310348422199,22.27,0,0,0,0,0,0,0,0,0,0,0,0,0,0,0,0,0,0,0,0,0,0,0,0,13.6,0.92,0,0,0,0,0,0,0,0,0,0,0,0,0,0.05,0,0,0,5.29,0,0,0.05,2.36
"CongoR Brazzaville",1967,0.503385727388576,14.04,0,0,0,0,0,0,0,0,0,0,0,0,0,0,0,0,0,0,0,0,0.01,0,0.79,0,9.6,1.66,0,0,0,0,0,0,0,0,0,0,0,0,0,0.02,0,0,0,0,0,0,0.04,1.92
"CongoR Brazzaville",1968,0.862951253333333,18.75,0,0,0,0,0,0,0,0,0,0,0,0,0,0,0,0,0,0,0,0,0.01,0,0,0,17.4,0.31,0,0,0,0,0,0,0,0,0,0,0,0,0.39,0,0,0,0,0,0,0,0.03,0.61
"CongoR Brazzaville",1969,0.936696231604698,14.47,0,0,0,0,0,0,0,0,0,0,0,0,0,0,0,0,0,0,0,0,0.03,0,0,0,14,0.35,0,0,0,0,0,0,0,0,0,0,0,0,0.04,0.02,0,0,0,0,0,0,0.03,0
"CongoR Brazzaville",1970,0.91871944733288,10.02,0,0,0,0,0,0,0,0,0,0,0,0,0,0,0,0,0,0,0,0.01,0.03,0,0,0,9.6,0.27,0,0,0,0,0,0,0,0,0,0,0,0,0.07,0.01,0,0,0,0,0,0,0.03,0
"CongoR Brazzaville",1971,0.575078816824536,11.89,0,0,0,0,0,0,0,0,0,0,0,0,0,0,0,0,0,0,0,0.01,0.02,0,0,0,8.7,2.21,0,0,0,0,0,0,0,0.85,0,0,0,0.04,0.02,0.01,0,0,0,0,0,0,0.03,0
"CongoR Brazzaville",1972,0.960628249485773,26.58,0,0,0,0,0,0,0,0,0,0,0,0,0,0,0,0,0,0,0,0,0.02,0,0.02,0,26.05,0.24,0,0,0,0,0,0,0,0.04,0,0,0,0.03,0.07,0,0,0,0,0,0,0,0.11,0
"CongoR Brazzaville",1973,0.91853624342004,19.14,0,0,0,0,0,0,0,0,0,0,0,0,0,0,0,0,0,0,0,0,0.14,0,0,0,18.34,0.29,0,0,0,0.06,0,0,0,0.04,0,0,0,0.05,0.06,0,0,0,0,0,0,0,0.16,0
"CongoR Brazzaville",1974,0.669206871757879,22.66,0,0,0,0,0,0,0,0,0,0,0,0,0,0,0,0,0,0,0,0,0.19,0,1.49,0,18.34,0.1,0,0,0,0.13,0,0,0,0.03,0.02,0,0,0,0.07,0.06,0,0,0,0,0,0,2.23,0
"CongoR Brazzaville",1975,0.642762259184897,40.11,0.01,0,0,0,0,0,0,0,0,0,0,0,0,0,0,0,0,0,0,0,0.33,0,0.42,0,31.34,0.21,0,0,0,0.35,0,0,0,0.06,0.02,0,0,0,0.06,0.14,0,0,0,0,0,0,7.17,0
"CongoR Brazzaville",1976,0.668721542935254,51.55,0,0,0,0,0,0,0,0,0,0,0,0,0,0,0,0,0,0,0,0,0.23,0,0.56,0,41.75,0.21,0,0,0,0.29,0,0,0,0.08,0.04,0,0,0,0.05,0.16,0,0,0,4.17,0,0,4.01,0
"CongoR Brazzaville",1977,0.639764920623019,38.58,0,0,0,0,0,0,0,0,0,0,0,0,0,0,0,0,0,0,0,0.01,0.22,0,0.01,0,30.6,0.53,0,0,0,0.04,0,0,0,1.5,0.03,0,0,0,0.05,0.14,0,0,2.95,0.4,0,0,2.1,0
"CongoR Brazzaville",1978,0.562238497654433,56.98,0,0,0,0,0,0,0,0,0,0,0,0,0,0,0,0,0,0,0,0,0.4,0,0,0,41.98,1.02,0,0,0,0.03,0,0,0,0.4,0,0,0,0,0.08,0.1,0,0,4.99,5.57,0,0,2.41,0
"CongoR Brazzaville",1979,0.637743055186013,64.88,0.01,0,0,0,0,0,0,0,0,0,0,0,0,0,0,0,0,0,0,0,0.32,0,0,0,51.33,1.52,0,0,0,0.04,0,0,0,0.32,0,0,0,0,0.08,0.15,0,0,3.98,5.29,0,0,1.84,0
"CongoR Brazzaville",1980,0.463678901343324,78.67,0.02,0,0,0,0,0,0,0,0,0,0,0,0,0,0,0,0,0,0,0,0.22,0,0,0,51.7,8.29,0,0,0,0.09,0,0,0,0.49,0.04,0,0,0.81,0.08,0.3,0,0,4.93,9.99,0,0,1.71,0
"CongoR Brazzaville",1981,0.71967525264468,49.47,0.78,0,0,0,0,0,0,0,0,0,0,0,0,0,0,0,0,0,0,0,0.14,0,0.01,0,41.82,2.15,0,0,0,0.04,0,0,0,0.11,0,0,0,0.09,0.04,0.31,0,0,1.15,0.51,0,0,2.32,0
"CongoR Brazzaville",1982,0.567237949179766,69.49,0.56,0,0,0,0,0,0,0,0,0,0,0,0,0,0,0,0,0,0,0,0.12,0,0.01,0,51.79,4.32,0,0,0,0.05,0,0,0,0.17,0.31,0,0,0.35,0.16,0.16,0,0,1.7,4.89,1.02,0,0.88,3
"CongoR Brazzaville",1983,0.347114332893822,86.31,0.06,0,0,0,0,0,0,0,0,0,0,0,0,0,0,0,0,0,0,0.01,0.11,0,0,0.04,47.16,6.75,0,0,0,0.09,0,0,0,0.63,0,0,0,0,0.15,0.12,0,0,14.36,9.33,4.04,0,1.46,2
"CongoR Brazzaville",1984,0.360335679347523,83.18,0.04,0,0,0,0,0,0,0,0,0,0,0,0,0,0,0,0,0,0,0.01,1.54,0,0,0.03,47.62,7.14,0,0,0,10.2,0,0,0,0.14,0.06,0,0,0,0.13,0.08,0,0,2.69,6.21,4.1,0,1.19,2
"CongoR Brazzaville",1985,0.506882718093697,50.84,0.05,0,0,0,0,0,0,0,0,0,0,0,0,0,0,0,0,0,0,0.01,0.1,0,0,0,35.35,5.98,0,0,0,4.34,0,0,0,0.13,0.06,0,0,0,0.21,0.15,0,0,0.35,1.03,0.37,0,0.71,2
"CongoR Brazzaville",1986,0.748299973843731,106.86,0.25,0,0,0,0,0,0,0,0,0,0,0,0,0,0,0,0,0,0,0,2.38,0,0,0,92.09,7.27,0,0,0,1.77,0,0,0,1.07,0.06,0,0,0,0.14,0.19,0,0,0,0,0.01,0,0.63,1
"CongoR Brazzaville",1987,0.737694782258962,137.54,0.08,0,0,0,0.01,0,0,0,0,0,0,0,0,0,0,0,0,0,0,0,3.14,0,0,0,117.63,6.22,0,0,0,8.27,0,0,0,0.25,0.02,0,0,0,0.16,0.29,0,0,0,0,0,0,0.47,1
"CongoR Brazzaville",1988,0.535911731103249,78.51,0.13,0,0,0,0,0,0,0,0,0,0,0,0,0,0,0,0,0,0,0.01,0.17,0,0,0,56.42,8.58,0,0,0,5.21,0,0,0,2.98,0.15,0,1,0,0.13,0.53,0,0,0,0,0,0,0.2,3
"CongoR Brazzaville",1989,0.697627463030845,82.61,0.12,0,0,0,0.02,0,0,0,0,0,0,0,0,0,0,0,0,0,0,0.02,0.01,0,0,0.03,68.48,7.73,0,0,0,2.66,0,0,0,0.37,0.1,0,1.98,0,0.14,0.43,0,0,0,0,0,0,0.52,0
"CongoR Brazzaville",1990,0.597906583690615,221.72,0.38,0,0,0,0,0,0,0,0,0,0,0,0,0,0,0,0,0,0,0.02,0.83,0,0,0,169.31,6.78,0,0,0,16.38,0,0,0,0.4,0.04,0,4.34,0.08,0.17,0.4,0,0,0,0,0,0,19.59,3
"CongoR Brazzaville",1991,0.642081035513445,147.46,3.26,0.1,0,0,0,0,0,0,0,0,0,0,0,0,0,0,0,0,0,0.02,0.37,0,0,0,117.09,9.06,0,0,0,12.19,0,0,0,0.17,0.05,0,0.22,0.58,0.13,0.61,0,0,0,0,0,0,0.61,3
"CongoR Brazzaville",1992,0.462384374008285,101.83,1.92,0.1,0,0,0.02,0,0,0,0,0,0,0,0,0,0,0,0,0,0,0.02,6.62,0,0,0,67.34,11.01,0,0,0,8.59,0,0,0,0.06,0.11,0,0,0.04,0.5,0.6,0,0,0,0.01,0,0,0.89,4
"CongoR Brazzaville",1993,0.694078561843432,117.7,2.4,0.19,0,0,0,0,0,0,0,0,0,0,0,0,0,0,0,0,0,0.03,0.63,0,0,0,97.1,13.23,0,0,0,0.27,0,0,0,0.04,0.06,0,0,1.19,0.13,0.34,0,0,0,0,0,0,0.09,2
"CongoR Brazzaville",1994,0.849296886860533,323.65,0.38,0.07,0,0,0.01,0,0,0,0,0,0,0,0,0,0,0,0,0,0,0.03,2.06,0,0,0,297.83,12.49,0,0,0,0.33,0,0,0,0.06,0.06,0.01,0,0,0.12,0,0,0,0,0,0,0,0.2,10
"CongoR Brazzaville",1995,0.753038294119144,149.46,0.3,0.08,0,0,0.01,0,0,0,0,0,0,0,0,0,0,0,0,0,0,0.03,0.87,0,0,0,129.03,11.08,0,0,0,0.23,0,0,0,0.05,0.03,0.07,0.01,0.32,0.14,0,0,0,0,0,0,0,0.21,7
"CongoR Brazzaville",1996,0.402572534017054,436.64,0.18,0.04,0,0,0,0,0,0,0,0,0,0,0,0,0,0,0,0,0,0.02,0.66,0,0,0,250.25,6.66,0.03,0,0,50.36,0,0.28,0,2.32,0.03,0,106.73,0.56,0.13,1.54,0,0,0,0.01,0,0,6.84,10
"CongoR Brazzaville",1997,0.872657608494389,313.21,0.12,0,0,0,0,0,0,0,0,0,0,0,0,0,0,0,0,0,0,0.03,0.7,0,0,0.13,292.36,10.37,0.07,0,0,2.96,0,0,0,0.24,0.79,0,0,1.24,0.38,0,0,0,0,0,0,0,3.82,0
"CongoR Brazzaville",1998,0.290950906023791,75.26,0.17,0,0,0,0,0,0,0,0,0,0,0,0,0,0.03,0,0,0,0,0.09,1.35,0,0,0,35.99,13.47,0.25,0,0,3.46,0,0,0,0.07,0.54,0,0,10.77,0.11,5.49,0,0.04,0,0,0,0,3.3,0.13
"CongoR Brazzaville",1999,0.439790147233713,133.63,0.04,0,0,0,0,0,0,0,0,0,0,0,0,0,0.03,0,0,0,0,0.09,0.06,0,0,0,32.88,3.76,0.06,0,0,81.91,0,0.02,0,2.9,1.45,0,0.07,0.89,0.41,5.18,0,0.07,0,0,0,0,3.18,0.63
"CongoR Brazzaville",2000,0.427669936302216,38.49,0.07,0.02,0,0,0,0,0,0,0,0,0,0,0,0,0.02,0,0,0,0,0.06,0.01,0,0,0,24.55,2.34,0.11,0,0,1.72,0,0.77,0,0,1.98,0,0.03,1.63,0.6,0.04,0,0.07,0,0,0,0,0.67,3.8
"CongoR Brazzaville",2001,0.343742295842786,39.85,0.17,0,0,0,0,0,0,0,0,0,0,0,0,0,0.01,0,0,0,0,0.17,0.21,0,0,0.03,20.56,1.66,0.02,0,0,1.45,0,0.18,0,1.43,0.34,0,0.83,1.68,0.06,0,0,0.11,0,0,0,0,0.34,10.6
"CongoR Brazzaville",2002,0.542790300196619,65.01,0.16,0.06,0,0,0,0,0,0,0,0,0,0,0,0,0.01,0,0,0,0,0.06,1.3,0,0,0.08,47.28,2.6,0.18,0,0,3.16,0,0.42,0,0.18,0.36,0,0,2.16,0.36,0.32,0,0.03,0,0,0,0,0.4,5.89
"CongoR Brazzaville",2003,0.3375121222193,43.62,0.1,0.01,0,0,0,0,0,0,0,0,0,0,0,0,0.01,0,0,0,0,0.09,0.86,0,0,0.15,24.01,1.82,0.18,0,0,0.18,0,0.12,0,2.74,0.69,0,0.13,3.02,0.02,3.97,0,0,0,0,0,0,0.17,5.35
"CongoR Brazzaville",2004,0.622779015586149,79.81,0.31,0.06,0,0,0,0,0,0,0,0,0,0,0,0,0.01,0,0,0,0,0.12,1.43,0,0,0.14,62.62,1.12,0.51,0,0,0.74,0,0.16,0,1.28,1.73,0,0.19,3.56,0.2,4.87,0,0.02,0,0,0,0.04,0.35,0.35
"CongoR Brazzaville",2005,0.576182336904113,1448.04,0.17,0.08,0,0,0,0,0,0,0,0,0,0,0,0,0,0,0,0,0,3.15,21.28,0,0,0.14,1085.58,72.42,0.63,0,0,62.18,0,0.19,0,6.08,2.64,0,138.08,2.22,11.9,0.58,0,0.01,0,0,0,0.01,22.25,18.45
"CongoR Brazzaville",2006,0.611231463729123,326.72,0.4,0.25,0,0,0,0,0,0,0,0.03,0,0,0,0,0.02,0,0,0,0,0.05,1.86,0,0,0.01,251.4,7.36,0.23,0,0,42.41,0,0.24,0,0.14,1,0,0.44,3.2,0,0.64,0,0,0,0,0.02,0.59,3.7,12.73
"CongoR Brazzaville",2007,0.319461153621304,73.98,4.99,1.05,0,0,0,0,0,0,0,0.03,0,0,0,0,0.11,0,0,0,0,0.04,0.31,0,0,0.03,38.92,8.41,0.5,0,0.42,0,0,0.31,0,0,0.69,0,0.97,3.15,0.41,0.2,0,0,0,0,0.04,0.03,2.48,10.89
"CongoR Brazzaville",2008,0.907132781548001,412.37,10.62,0.34,0,0.01,0,0,0,0,0,0.01,0,0,0,0,0.05,0,0,0,0,0.05,1.11,0,0,0.05,392.6,1.22,0.8,0,0.01,0.4,0,0.13,0,0,0.04,0,0.68,1.57,0.19,0.02,0,0.01,0,0,0.03,0.14,0.81,1.48
"CongoR Brazzaville",2009,0.250725009420414,263.07,0.38,0.01,0,0,0,0,0,0,0,0.05,0,0,0,0.01,0.11,0,0,0,0.04,0.09,10.02,0,0.08,0,112.83,35.25,0.63,0,0,32.58,0,0,0,0,0.1,0,44.35,0.62,5.34,0,0,0.02,0,0,0.03,0.17,7.64,12.72
"CongoR Brazzaville",2010,0.536219481552466,1274.43,5.98,0.27,0,0,0,0,0,0,0,0.12,0,0.01,0,0,0.04,0.03,0,0,0,0.05,60.58,0,0.1,0,918.93,9.38,0.58,0,0,117.03,0,0.07,0,0,0.57,0,0.49,1.38,10.68,78.75,0,0,0,0,0.03,0.62,21.94,46.8
"CongoR Brazzaville",2011,0.478560353495602,262.67,7.22,0.15,0,0,0.25,0,0,0,0,0.06,0,0,0,0,0.05,0.06,0,0,0,0.01,0.21,0,0.02,0.02,89.95,157.68,0.36,0,0,0.04,0,0.28,0,0,0.19,0,0.52,0.12,0.47,0,0,0.03,0,0,0,0.4,1.63,2.95
"CongoR Brazzaville",2012,0.301153857808837,97.37,5.07,0.05,0,0,0.55,0,0,0,0,0.04,0,0,0,0,0.02,0,0.28,0,0,0.03,0.22,0,0.08,0.01,34.66,38.06,0.27,0,0.47,0.03,0,0.04,0,0,0.06,0,1.51,0.97,0.08,0.08,0,0.02,0,0,0.33,0.48,0.74,13.22
"CongoR Brazzaville",2013,0.547885658920329,97.55,6.13,0.13,0,0,0.57,0,0,0,0,0,0,0,0,0,0.02,0.01,0,0,0,0.05,0.19,0,3.56,0.01,70.98,0.75,0.19,0,0,0.16,0,0,0,0,0.42,0.02,1.47,0,0.14,0,0,0.01,0,0,0.31,0.28,1.18,10.97
"CongoR Brazzaville",2014,0.518999502389194,73.43,6.39,0.02,0,0,0.16,0,0,0,0,0.01,0,0,0,0,0.03,0.01,0,0,0,0.01,0.01,0,0,0,51.54,0.65,0.25,0,9.83,0.69,0,0.09,0,0,0.49,0,0.3,0.47,0.18,0,0,0.01,0,0,0.36,0.25,0,1.68
"CongoR Brazzaville",2015,0.718528494816222,64.74,0.94,0.11,0,0.02,0.1,0,0,0,0,0,0,0,0,0,0,0.02,1.21,0,0,0.02,0.08,0,0,0.02,54.75,0.49,0.23,0,1.92,0.88,0,0,0,0,0.24,0,0.05,0,0.27,0,0,0.01,0,0,0.38,0.14,0.32,2.54
"CongoR Brazzaville",2016,0.623837881798433,56.41,3.82,0.11,0,0.03,0.04,0,0,0,0,0,0,0,0,0,0,0,0,0,0,0.04,1.21,0,0,0.02,44.16,0.43,0.01,0,0,0.65,0,0,0,0,0.36,0.1,0.13,0,0.2,0.12,0,0,0,0,0.33,0.31,0.11,4.23
"CongoR Brazzaville",2017,0.644491473898722,69.68,3.17,0.1,0,0.07,0,0,0,0,0,0,0,0,0,0,0.03,0.01,1,0,0,0.04,0.02,0,0,0,55.71,0.54,0.01,0.11,0,0.88,0,0.14,0,0.02,0.26,0.15,1,0,0.26,2.38,0,0,0,0,0.43,0.68,0.24,2.43
"CongoR Brazzaville",2018,0.584084911772099,81.14,2.81,0,0,0,0,0,0,0,0,0.01,0,0,0,0,0.04,0.01,0,0,0,0.02,0.02,0,0,0,60.97,0.66,0,0,0.03,0.63,0,0,0.03,0.24,0.53,0.03,0.75,0.01,0.2,2.68,0,0,0,0,0.52,0.18,0.24,10.53
"CongoR Brazzaville",2019,0.572229869799121,125.18,3.12,0,0,0,0,0,0,0,0,0,0,0.01,0,0,0.09,0.01,0,0,0,0,0.02,0,2.52,0,93.52,0.72,0.09,0,0,0.34,0,0,0,0.27,0.61,0.01,0.56,0,0.08,8.09,0,0,0,0,1.68,1.58,0.35,11.51
"CongoR Brazzaville",2020,0.544043123560164,105.23,4.07,0,0,0,0,0,0,0,0,0,0,0.01,0,0,0,0.02,0,0,0,0.04,0.3,0,0.14,0,75.18,0.62,0,0,0.02,0.1,0,0,0,0.06,0.65,0,0.23,0.35,0.19,1.11,0,0.02,0,0,1.47,1.05,0.91,18.69
"CongoR Brazzaville",2021,0.376152934441306,92.49,8.78,0,0,0,0,0,0,0,0,0,0,0,0,0,0.08,0.03,0,1.4,1.55,0,0.94,0,0.11,0,52.26,0.7,0,0,0.02,0.83,0,0,0,0.52,0.9,0.01,1.06,0.74,0.31,0.12,0,0.02,0,0,0.9,0.26,0.99,19.96
"CongoR Brazzaville",2022,0.674514626979886,137.124329,4.779882,0,0,0,0,0,0,0,0,0,0,0.001621,0.001337,0,0.055087,0.027759,0,0,0,0,0.009097,0,0.005728,1.460715,111.715378,0.523329,0.005743,0,0.016639,0.333532,0,0,0.000331,0.39583,0.576843,0.004695,0.243962,0.374039,0.393693,0.045867,0,0.003803,0,0,0,0.193899,3.023737,12.931783
"CongoR Brazzaville",2023,0.654142647232854,127.42078,3.006038,0.369039,0,0,0,0,0,0,0,0,0,0,0,0,0.053407,0.064792,0,0,0,0.018209,0.891418,0,0.007137,0,102.050384,0.677421,0.005657,0,0.028404,1.100315,0,0,0,0.901201,0.426353,0,0.161777,0.287746,0.54237,0,0,0.002658,0,0,0,0.409171,2.802987,13.614296
"CongoR Brazzaville",2024,0.620638853689873,111.583583,4.193114,0.068318,0,0,0,0,0,0,0,0.009943,0,0,0.021268,0,0,0.044349,0,0,0,0,0.004557,0.02117,0.009195,0,86.925324,0.472925,0.015039,0,0.695796,0.558723,0,0.029384,0,0.300485,0.586612,0,0.069661,0.06715,0.280878,0.009067,0,0.018256,0,0,5.661383,0.255439,0.30403,10.961517
"CongoR Brazzaville",2025,NA,0,0,0,0,0,0,0,0,0,0,0,0,0,0,0,0,0,0,0,0,0,0,0,0,0,0,0,0,0,0,0,0,0,0,0,0,0,0,0,0,0,0,0,0,0,0,0,0,0
"Cote d'Ivoire",1960,NA,0,0,0,0,0,0,0,0,0,0,0,0,0,0,0,0,0,0,0,0,0,0,0,0,0,0,0,0,0,0,0,0,0,0,0,0,0,0,0,0,0,0,0,0,0,0,0,0,0
"Cote d'Ivoire",1961,1,1,0,0,0,0,0,0,0,0,0,0,0,0,0,0,0,0,0,0,0,0,0,0,0,0,0,0,0,0,0,0,0,0,0,0,0,0,0,0,0,0,0,0,0,0,0,0,0,1
"Cote d'Ivoire",1962,0.980394079011861,2.02,0,0,0,0,0,0,0,0,0,0,0,0,0,0,0,0,0,0,0,0,0,0,0,0,0,0.02,0,0,0,0,0,0,0,0,0,0,0,0,0,0,0,0,0,0,0,0,0,2
"Cote d'Ivoire",1963,0.901170234271467,2.11,0,0,0,0,0,0,0,0,0,0,0,0,0,0,0,0,0,0,0,0,0,0,0,0,0,0.11,0,0,0,0,0,0,0,0,0,0,0,0,0,0,0,0,0,0,0,0,0,2
"Cote d'Ivoire",1964,0.709218912207559,34.7,0,0,0,0,0,0,0,0,0,0,0,0,0,0,0,0,0,0,0,0,0,0,0,0,28.6,0.05,0,0,0,0.01,0,0,0,0,0,0,0,0,0,0.02,0,0,0,0,0,0,0.02,6
"Cote d'Ivoire",1965,0.793437696,31.25,0,0,0,0,0,0,0,0,0,0,0,0,0,0,0,0,0,0,0,0,0,0,0,0,27.7,0.79,0,0,0,0.01,0,0,0,0,0,0,0,0,0,0.02,0,0,0,0,0,0,0.1,2.63
"Cote d'Ivoire",1966,0.605216311681789,31.12,0,0,0,0,0,0,0,0,0,0,0,0,0,0,0,0,0,0,0,0,0.03,0,0,0,23.4,1.43,0,0,0,0,0,0,0,0,0,0,0,0,0,0.03,0,0,0,0,0,0,0.19,6.04
"Cote d'Ivoire",1967,0.790670819996952,32.4,0,0,0,0,0,0,0,0,0,0,0,0,0,0,0,0,0,0,0,0,0.11,0,0,0,28.7,2.34,0,0,0,0.01,0,0,0,0,0,0,0,0,0,0.04,0,0,0,0,0,0,0.36,0.84
"Cote d'Ivoire",1968,0.783287731327233,37.98,0,0,0,0,0,0,0,0,0,0,0,0,0,0,0,0,0,0,0,0,0.1,0,0,0,33.5,2.25,0,0,0,0.01,0,0,0,0,0,0,0,0,0.04,0.05,0,0,0,0,0,0,0.52,1.51
"Cote d'Ivoire",1969,0.581481645352418,43.39,0.01,0,0,0,0,0,0,0,0,0,0,0,0,0,0,0,0,0,0,0,0.16,0,0,0,32.3,5.89,0,0,0,0.01,0,0,0,0,0,0,0,0,0.03,0.14,0,0,0,0,0,0,0.85,4
"Cote d'Ivoire",1970,0.54135518737245,41.82,0,0,0,0,0,0,0,0,0,0,0,0,0,0,0,0,0,0,0,0,0.23,0,0.53,0,30,5.93,0,0,0,0.05,0,0,0,0.56,0,0,0,0,0.04,0.08,0,0,0,0,0,0,1.4,3
"Cote d'Ivoire",1971,0.449556140562734,45.5,0.04,0,0,0,0,0,0,0,0,0,0,0,0,0,0,0,0,0,0,0,0.28,0,1.19,0,29,8.56,0,0,0,0.03,0,0,0,0.82,0,0,0,0,0.21,0.09,0,0,0,0,0,0,2.28,3
"Cote d'Ivoire",1972,0.630493554670057,65.29,0.04,0,0,0,0,0,0,0,0,0,0,0,0,0,0,0,0,0,0,0,0.39,0,0.31,0,51.27,3.39,0,0,0,0.21,0,0,0,0.92,0,0,0,0,0.15,0.1,0,0,0,0,0,0,6.51,2
"Cote d'Ivoire",1973,0.51741581992152,57.95,0.06,0,0,0,0,0,0,0,0,0,0,0,0,0,0,0,0,0,0,0,0.87,0,0,0,40.5,8.63,0,0,0,0.26,0,0,0,2.16,0,0,0,0,0.34,0.1,0,0,0,0,0,0,4.03,1
"Cote d'Ivoire",1974,0.570859198837422,60.49,0.36,0,0,0,0,0,0,0,0,0,0,0,0,0,0,0,0,0,0,0,1.08,0,0,0,45.09,5.73,0,0,0,0.2,0,0,0,1.28,0.04,0,0,0.02,0.14,1.46,0,0,0,0,0,0,4.09,1
"Cote d'Ivoire",1975,0.591955737191777,83.66,0.17,0,0,0,0,0,0,0,0,0,0,0,0,0,0,0,0,0,0,0,1.86,0,0,0,63.24,10.79,0,0,0,0.21,0,0,0,1.02,0.22,0,0,0,0.3,0.2,0,0,0,0,0,0,4.65,1
"Cote d'Ivoire",1976,0.559429569932993,85.86,0.15,0,0,0,0,0,0,0,0,0,0,0,0,0,0,0,0,0,0,0.09,3.78,0,0,0,63.32,7.86,0,0,0,0.17,0,0,0,1.41,0.17,0,0,0,0.09,2.34,0,0,0,0,0,0,5.48,1
"Cote d'Ivoire",1977,0.584005785467128,85,0.23,0,0,0,0,0,0,0,0,0,0,0,0,0,0,0,0,0,0,0.15,4.09,0,0,0,64.1,6.94,0,0,0,0.12,0,0,0,1.58,0.08,0,0,0,0.07,0.15,0,0,0,0,0,0,6.49,1
"Cote d'Ivoire",1978,0.440980730273371,100.63,0.33,0,0,0,0.01,0,0,0,0,0,0,0,0,0,0,0,0,0,0,0.16,4.21,0,0,0,62.76,18.8,0,0,0,0.05,0,0,0,1.34,0.2,0,0,0,0.13,0.25,0,0,0,0,0,0,12.39,0
"Cote d'Ivoire",1979,0.443543783768652,151.2,0.15,0,0,0,0,0,0,0,0,0,0,0,0,0,0,0,0,0,0,0.18,11.83,0,0.02,0.01,96.29,21.59,0,0,0,0.02,0,0,0,1.86,0.23,0,0,0,0.17,0.92,0,0,0,0,0,0,15.93,2
"Cote d'Ivoire",1980,0.618228331106728,166.52,0.24,0,0,0,0,0,0,0,0,0,0,0,0,0,0,0,0,0,0,0.01,10.01,0,0.02,0,129.55,14.73,0,0,0,0.05,0,0,0,2.12,0.03,0,0,0,0.25,3.71,0,0,0,0,0,0,4.8,1
"Cote d'Ivoire",1981,0.545099605866537,106.62,2.92,0,0,0,0,0,0,0,0,0,0,0,0,0,0,0,0,0,0,0.01,4.89,0,0.04,0,77.53,10.85,0,0,0,0.16,0,0,0,0.83,0,0,0,0,0.18,3.9,0,0,0,0,0,0,4.31,1
"Cote d'Ivoire",1982,0.544666132238335,110.79,1.83,0,0,0,0,0,0,0,0,0,0,0,0,0,0,0,0,0,0,0.01,6.16,0,0.07,0,79.94,15.22,0,0,0,0.33,0,0,0,0.44,0.3,0,0,0,0.21,2.11,0,0,0.02,0,0,0,4.15,0
"Cote d'Ivoire",1983,0.585286300179932,147.31,0.75,0,0,0,0,0,0,0,0,0,0,0,0,0,0,0,0,0,0,0.03,3.05,0,0.11,0,110.43,21.34,0,0,0,0.8,0,0,0,3.89,0.31,0,0,0,0.29,1.54,0,0,0.03,0,0,0,4.74,0
"Cote d'Ivoire",1984,0.526867372823496,120.73,0.65,0,0,0,0,0,0,0,0,0,0,0,0,0,0,0,0,0,0,0.01,3.23,0,0.17,0,84.93,18.59,0,0,0,0.68,0,0,0,0.58,0.18,0,0,0,0.23,1.03,0,0,0.06,0,0,0,10.39,0
"Cote d'Ivoire",1985,0.457664966188592,121.99,7.94,0,0,0,0,0,0,0,0,0,0,0,0,0,0,0,0,0,0,0.02,2.92,0,0.18,0.01,79.31,18.31,0,0,0,0.67,0,0,0,0.43,0.2,0,0,0,0.2,1.18,0,0,0.05,0,0,0,10.57,0
"Cote d'Ivoire",1986,0.407929176149294,169,16.22,0,0,0,0,0,0,0,0,0,0,0,0,0,0,0,0,0,0,0.05,2.92,0,0.23,0.01,100.88,32.82,0,0,0,0.98,0,0,0,0.59,0.1,0,0,0,0.24,2.02,0,0,0.04,0,0,0,10.9,1
"Cote d'Ivoire",1987,0.690500787266414,230.53,2.81,0,0,0,0,0,0,0,0,0,0,0,0,0,0,0,0,0,0,0.05,4.65,0,0.15,0,190.58,15.96,0,0,0,2.89,0,0,0,1,0.28,0,0,0,0.5,1.9,0,0,0,0,0,0,8.76,1
"Cote d'Ivoire",1988,0.557425546424228,260.28,18.41,0,0,0,0,0,0,0,0,0,0,0,0,0,0,0,0,0,0,0.05,4.85,0,0.2,0.08,191.56,23.36,0,0,0,2.15,0,0,0,0.65,0.21,0,0,0,0.42,3.94,0,0,0,0,0,0,11.4,3
"Cote d'Ivoire",1989,0.595204910420257,273.86,25.79,0.01,0,0,0,0,0,0,0,0,0,0,0,0,0,0,0,0,0,0.06,3.74,0,0.15,0,208.81,14.63,0,0,0,1.14,0,0,0,0.49,0.11,0,0.01,0,0.39,2.46,0,0,0,0,0,0,10.07,6
"Cote d'Ivoire",1990,0.544220321236614,693.79,55.23,0,0,0,0,0,0,0,0,0,0,0,0,0,0,0,0,0,0,0.06,4.51,0,0.73,0.07,501.42,22.53,0,0,0,2.01,0,0.27,0,1.17,0.33,0,0.11,0,1.25,1.71,0,0,0,0,0,0,80.39,22
"Cote d'Ivoire",1991,0.521395218659759,503.16,51.03,0.27,0,0,0,0,0,0,0,0,0,0,0,0,0,0,0,0,0,0.09,3.6,0,3.66,0.51,356.55,32.7,0,0,0,2.42,0,0.08,0,1.45,1.01,0,0.07,0.17,4.21,2.55,0,0,0,0,0,0,10.79,32
"Cote d'Ivoire",1992,0.736244397657647,570.08,12,0.27,0.06,0,0,0,0,0,0,0,0,0,0,0,0,0,0,0,0,0.07,3.71,0,0.85,0.03,487.78,25.16,0,0,0,0.13,0,0.13,0,0.62,0.62,0.01,0.1,0,7.52,1.39,0,0,0,0,0,0,9.63,20
"Cote d'Ivoire",1993,0.691543546202136,752.48,43.12,0.24,0,0,0,0,0,0,0,0,0,0,0,0,0,0,0,0,0,0.07,3.43,0,0.36,0,622.14,45.95,0,0,0.02,0.27,0,0.13,0,0.78,0.5,0,0.18,0.23,6.14,0.73,0,0,0.2,0,0,0,6.99,21
"Cote d'Ivoire",1994,0.670737954017657,956.28,20.4,0.29,0.07,0,0,0,0,0,0,0,0,0,0,0,0,0,0,0,0,1,12.59,0,0.48,0,778.62,52.01,0,0,0,0.1,0,0.17,0,0.24,0.4,0,57.15,0,3.03,0.58,0,0,0.18,0,0,0,5.97,23
"Cote d'Ivoire",1995,0.570110893870103,870.06,54.87,0.47,0,0,0,0,0,0,0,0,0,0,0,0,0,0,0,0,0,1.64,10.95,0,0.25,0,648.97,75.26,0,0,0.12,29.59,0,0.14,0,0.59,11.99,0.1,0.28,0.06,1.14,1.38,0,0,0.04,0,0,0,22.22,10
"Cote d'Ivoire",1996,0.591756880480999,641.96,58.39,0.32,0,0,0,0,0,0,0,0,0,0,0,0,0,0,0,0,0,1.7,5.73,0,0,0,488.31,34.73,0.02,0,0,0.51,0,0.13,0,0.67,2.13,0.01,0.71,0.38,1.58,11.41,0,0,0.01,0,0,0,20.22,15
"Cote d'Ivoire",1997,0.527922103593299,366.75,33.51,0.36,0,0,0,0,0,0,0,0,0,0,0,0,0,0,0,0,0,1.57,16.07,0,0.98,0,262.57,21.47,0.25,0,0,0.5,0,0.07,0,5.97,0.23,0,4.08,0.15,0.41,2.1,0,0.16,0,0,0,0,4.3,12
"Cote d'Ivoire",1998,0.299943622103834,646.9,39.99,0.24,0,0,0,0,0,0,0,0,0,0,0,0,0.01,0,0,0,0,1.85,35.55,0,0,0.02,336.07,40.01,0.19,0,0.02,28.25,0,0.11,0,23.56,0.2,0,64.22,0.17,0.53,7.69,0,0.34,0,0,0,0,45.54,22.34
"Cote d'Ivoire",1999,0.441625643300781,474.11,56.1,0.24,0,0,0,0,0,0,0,0,0,0,0,0,0,0,0,0,0,1.93,4.23,0,0.99,0.04,305.81,40.34,0.15,0,0,0.16,0,0.02,0,10.23,0.09,0,16.33,0.28,0.53,1.39,0,0.32,1.18,0,0,0,18.76,14.99
"Cote d'Ivoire",2000,0.520843991386491,331.19,23.41,0,0,0,0.01,0,0,0,0,0,0,0,0,0,0,0,0,0,0,2.23,14.35,0,0,0,236.09,15.91,0.15,0,0,0.21,0,0,0,10.3,0.15,0,12.61,0.21,0.31,1.09,0,0.3,0.33,0,0,0,3.53,10
"Cote d'Ivoire",2001,0.586393520805602,202.35,4.31,0,0,0,0,0,0,0,0,0.01,0,0,0,0,0,0,0,0,0,2.12,2.98,0,0,0,153.3,19.01,0.14,0,0,0.32,0,0,0,7.59,0.24,0.03,7.12,0.11,0.26,1.21,0,0.19,0.01,0,0,0,1.45,1.95
"Cote d'Ivoire",2002,0.502588857973411,1017.08,5.21,0.01,0,0,0,0,0,0,0,0.03,0,0,0,0,0,0,0,0,0,2.6,44.84,0,0.69,0.06,710.43,32.78,0.03,0,0,0.32,0,0.49,0,24.33,0.51,0.08,43.35,0.23,3.17,11.72,0,0.15,0.26,0,0,0,78.73,57.06
"Cote d'Ivoire",2003,0.33395843113286,350.09,2.44,0.13,0,0,0,0.03,0,0,0,0.01,0,0,0,0,0,0,0,0,0,2.87,5.26,0,0,0,183.16,54.7,0.23,0,0,0.71,0,0.02,0,14.89,0.87,0,1.12,2.78,1.83,2.14,0,0.12,0.34,0,0,0,13.85,62.59
"Cote d'Ivoire",2004,0.274123001829493,252.14,1.9,0.19,0,0,0,0,0,0,0,0.02,0,0,0,0,0,0,0,0,0,3.04,8.44,0,0,0.62,116.44,14.46,0.66,0,0,49.73,0,1.25,0,1.98,3.04,0.1,3.92,1.64,2.19,5.88,0,0.12,0.12,0,0,0,4.65,31.75
"Cote d'Ivoire",2005,0.351522830309924,174.81,1.37,0.26,0,0,0,0,0,0,0,0.06,0,0,0,0,0,0,0,0,0,3.13,5.06,0,0,0.33,99.28,13.2,0.1,0,0,1.18,0,0.58,0,2.42,3.86,0.23,3.61,3.61,2.91,3.07,0,0.13,0.15,0,0,0,6.5,23.77
"Cote d'Ivoire",2006,0.374520294519761,242.03,16.61,1.03,0,0.01,0.01,0,0,0,0,0.03,0,0,0,0,0,0,0,0,0,3.61,5.01,0,0,0.63,142.74,13,0.26,0,1.98,0.76,0,0.02,0,1,3.75,0.12,4.28,7.83,1.88,3.05,0,0.09,0,0,0,0.02,3.39,30.92
"Cote d'Ivoire",2007,0.252390319775173,186.5,6.54,0.85,0,0,0.01,0,0,0,0,0.01,0,0,0,0,0,0,0,0,0,4.9,6.55,0,0,0,82.32,20.54,0.49,0,2.72,0.82,0,0.55,0,1.51,4.67,0.2,3.09,5.74,1.59,2.32,0,0.08,0,0,0,0.04,3.93,37.03
"Cote d'Ivoire",2008,0.238475632373933,242.24,19.51,1.73,0,0,0,0,0,0,0,0.02,0,0,0,0,0,0,0,0,0,5.16,5.19,0,1.39,0.32,70.13,25.61,0.09,0,0.05,1.74,0,0.02,0,0.1,3.6,0.18,5.23,5.55,1.52,0.34,0,0.76,1.71,0,0,0.1,3.37,88.82
"Cote d'Ivoire",2009,0.494904787793814,1816.66,10.39,0.98,0,0.01,0,0,0,0,0,0.04,0,0,0,0,0,0,0,0,0,17.75,38.03,0,4.02,0.55,1243.68,15.87,0.15,0,0.03,65.97,0,0.42,0,42.96,1.57,0.03,50.77,2.97,2.53,0.4,0,0.37,1.75,0,0,0.16,43.74,271.52
"Cote d'Ivoire",2010,0.207115218675767,476.15,85.04,1.23,0,0.01,0.03,0,0,0,0,0.05,0,0,0,0,0,0.01,0,0,0,4.47,3.44,0,0.01,0.46,153.59,97.63,0.02,0.09,0.41,2.24,0,0.51,0,5.46,1.72,0,4.96,1.24,2.57,26.07,0,0.19,0.94,0,0.76,0.11,6.93,75.96
"Cote d'Ivoire",2011,0.585917740800856,741.34,8.33,1.03,0,0,0.79,1.13,0,0,0,0.02,0.08,0,0,0,0,0.1,1.51,0,0,1.8,2.7,0,5.92,1.45,561.71,19.46,0.03,0.1,0.79,1.22,0,0.32,0,8.92,7.43,0.09,4.47,5.3,7.02,13.54,0,0.06,1.56,0,0.02,0.31,10.18,73.95
"Cote d'Ivoire",2012,0.421872909853191,2299.83,30.88,1.04,0,0,0.49,0,0,0,0,0.01,0,0,0,0,0,0.11,0.21,0,0,98.92,273.64,0,0.09,0.37,1448.27,14.39,0.02,0,0.05,7.62,0,0.07,0,0,7.61,0.06,21.18,3.01,18.84,77.43,0,0.12,8.43,0,0.02,0.46,139.24,147.25
"Cote d'Ivoire",2013,0.217540823983202,1552.51,243.06,1.89,0,0.01,0.56,0,0,0,0,0.01,0.01,0,0,0,0,0.04,0,0,0,0.07,1.95,0,0,0.66,234.92,508.89,0.01,0,0,0.62,0,0.08,0,0,1.02,0.05,234.94,2.3,2.17,2.22,0,0.14,2.87,0,0.01,0.84,3.56,309.61
"Cote d'Ivoire",2014,0.461988419814159,522.34,26.59,2.56,0,0,0.12,0,0,0,0,0,0,0,0,0,0,0.01,0,0,0,0.06,0.59,0,0.75,0.49,334.86,18.73,0.01,0,0,0.54,0,0.16,0,0,1.09,0.03,0.49,1.8,2.56,6.48,0,0.03,3.87,0,0.7,1.2,5.71,112.91
"Cote d'Ivoire",2015,0.514976774836512,402.14,22.03,3.54,0,0.02,0.19,0,0,0,0,0,0.01,0,0,0,0,0.02,0,0,0,0.04,0.4,0,0,0.47,278.71,15.85,0.01,0,0.01,1.29,0,0.06,0,0,1.08,0.02,0.18,0.81,2.5,1.07,0,0.02,0.11,0,0.45,0.18,3.59,69.48
"Cote d'Ivoire",2016,0.436602389755043,500.66,22.55,6.02,0,0.03,1.54,0,0,0,0,0,0,0,0,0,0,0.03,0,0,0,0.05,0.29,0,0,0.39,295.47,14.44,0,0,0.01,0.77,0,0.09,0,0,0.35,0.03,1.2,0.76,1.52,0.79,0,0.16,2.96,0,0.02,0.95,4.13,146.11
"Cote d'Ivoire",2017,0.274765517482265,693.61,38.43,6.3,0,0,0.02,0,0,0,0,1.15,0,0,0,0,0.05,0.05,0,0,0,0.03,0.14,0,0,0.24,297.08,58.2,0,0,0.02,3.2,0,0.07,0,0,0.3,0.03,120.13,1.1,1.07,0.49,0,0,2.42,0,1.04,1.41,3.93,156.71
"Cote d'Ivoire",2018,0.412074769962213,709.25,24.96,0,0,0,0.08,0,0,0,0,0,0,0,0,0,0,0.02,0,0,0,0.02,0.1,0,0,0.18,406.93,16.76,0,0,0.02,4.79,0,0.09,0,0.01,0.4,0.05,8.27,1.1,0.95,0.88,0,0.24,26.17,0,0,0,18.01,199.22
"Cote d'Ivoire",2019,0.405572565749479,774.3,52.53,0,0,0,0.04,0,0,0,0,0,0,0,0,0.03,0.01,0.03,0,0,0,0.01,0.86,0,0,0.11,463.53,136.66,0,0,0.02,3.4,0,0.13,0,0.03,0.15,0.71,8.33,1.22,0.92,1.74,0,0.05,10.72,0,0.01,0.8,11.47,80.79
"Cote d'Ivoire",2020,0.311956307076553,720.73,63.17,0,0,0,0.06,0,0,0,0,0,0,0,0,0.03,0,0,0,0,0,0.01,0.28,0,0,0,328.8,86.71,0,0,0.02,3.28,0,0.19,0,0,0.14,0.08,2.93,1.05,0.6,1.88,0,0.08,9.73,0,0.53,0.63,15.42,205.11
"Cote d'Ivoire",2021,0.341563245572431,724.09,34.26,0,0,0,0.05,0,0,0,0,0,0,0,0,0.06,0.02,0.02,0,0,0,1.16,0.34,0,0,0,361.17,92.74,0,0,0.02,4.34,0,0.14,0,0.02,0.19,0.4,11.48,1.34,0.56,4.75,0,0.23,3.92,0,0.02,0.27,10.2,196.39
"Cote d'Ivoire",2022,0.375129384736758,1136.398529,136.889734,10.497797,0,0,0.04248,0,0,0,0,0,0,0,0,0,0.007108,0.022916,0,0,0,0.523873,0.217401,0,0.106067,0.5739,642.598374,101.728497,0.045793,0,0.044789,3.3112,0,0.127646,1.521197,0.029006,0.203655,0.103617,1.233948,1.307426,2.712832,3.486839,0,0.018626,0,0,0.010482,0.244825,24.662934,204.125567
"Cote d'Ivoire",2023,0.323606342563257,1132.387969,127.966791,16.222194,0,0,0.626924,0,0,0,0,0,0,0,0,0,0.011281,0.03349,0,0,0,0.299131,0.741315,0,0.146992,0.911976,550.299919,119.958871,0.027033,0,0.073529,2.743914,0,0.475822,0,0.086597,0.10006,0.099729,1.10951,2.698389,0.635087,4.638156,0,0.0575,2.156937,0,0.291173,0.276235,15.410789,284.288625
"Cote d'Ivoire",2024,0.328288201438726,989.030801,94.522447,16.337509,0,0,0.01704,0,0,0,0,1.184701,0,0,0,0,0.039585,0.03626,0,0,0,0.147694,1.762656,0,0.217267,0.985896,451.977299,71.924509,0,0,0.063536,3.096307,0,0.406035,0.00037,0.122216,0.07355,0.093843,1.111893,1.68441,1.704202,0.324179,0,0.080675,2.387063,0,0.88361,0.600195,17.674405,319.571449
"Cote d'Ivoire",2025,NA,0,0,0,0,0,0,0,0,0,0,0,0,0,0,0,0,0,0,0,0,0,0,0,0,0,0,0,0,0,0,0,0,0,0,0,0,0,0,0,0,0,0,0,0,0,0,0,0,0
"Djibouti",1977,0.644117095139801,43.8,0,0,0,0,0,0,0,0,0,0,0,0,0,0,0,0,0,0,0,0,0,0,0,0,33.7,0.1,0,0,0,0,0,0,0,0,0,0,0,0,0,0,0,0,0,10,0,0,0,0
"Djibouti",1978,0.499412923761219,94.61,0.02,0,0,0,0,0,0,0,0,0,0,0,0,0,0,0,0,0,0,0,0.05,0,0,0,29.21,0.18,0,0,0,0,0,0,0,0,0,0,0,0,0.06,0.09,0,0,0,60,4,0,0,1
"Djibouti",1979,0.814159327521458,20.59,0,0,0,0,0,0,0,0,0,0,0,0,0,0,0,0,0,0,0,0,0,0,0,0,18.53,0.88,0,0,0,0,0,0,0,0,0,0,0,0.16,0,0,0,0,0,0,0,0,0.02,1
"Djibouti",1980,0.355618566101555,60.14,0,0,0,0,0,0,0,0,0,0,0,0,0,0,0,0,0,0,0,0,0.05,0,0,0.03,26.95,3.51,0,0,0,0.13,0,0,0,0,0.02,0,0,0.3,0.12,0,0,0,3,23.01,0,0,0.02,3
"Djibouti",1981,0.411038113993,51.47,0,0,0,0,0.02,0,0,0,0,0,0,0,0,0,0,0,0,0,0,0,0.03,0,0,0,31.37,2.71,0,0,0,0.34,0,0,0,0,0,0,0,0.37,0.08,0.02,0,0,7.22,6,0,0,0.31,3
"Djibouti",1982,0.731042361040256,47.52,0.19,0,0,0,0,0,0,0,0,0,0,0,0,0,0,0,0,0,0,0,0,0,0.08,0,40.44,1.85,0,0,0.1,0.1,0,0,0,0,0,0,0,0,0.02,0.01,0,0,1.71,0,0,0,0.02,3
"Djibouti",1983,0.496121122768892,54.21,0.28,0,0,0,0,0,0,0,0,0,0,0,0,0,0,0,0,0,0,0.01,0,0,0.08,0,36.2,2.78,0,0,0.15,0,0,0,0,0,0,0,0,0,0.1,0,0,0,11.43,0,0,0,0.18,3
"Djibouti",1984,0.300727041828533,83.16,1.27,0,0,0,0,0,0,0,0,0,0,0,0,0,0,0,0,0,0,0.27,0,0,0,0,38.24,2.45,0,0,0.14,0.52,0,0,0,0.01,0.04,0,0,0,1.33,0.01,0,0,13.51,20,0,0,0.37,5
"Djibouti",1985,0.481490596364074,70.46,0.01,0,0,0,0,0,0,0,0,0,0,0,0,0,0,0,0,0,0,0,0.07,0,0,0,47.68,3.92,0,0,0.13,1.24,0,0,0,0,0,0,0,0,0.38,0,0,0,6.13,6.81,0,0,0.09,4
"Djibouti",1986,0.28161072687783,98.07,1.26,0,0,0,0,0,0,0,0,0,0,0,0,0,0,0,0,0,0,0,0.23,0,0,0,40.74,6.61,0,0,0.07,15.28,0,0,0,0,0,0,0,0,0.17,0,0,0,2.3,27.36,0,0,0.05,4
"Djibouti",1987,0.385306548626854,86.09,1.43,0,0,0,0,0,0,0,0,0,0,0,0,0,0,0,0,0,0,0.02,0.08,0,0.01,0,46.45,2.03,0,0,0,6.19,0,0,0,0,0,0,0,0,0.24,0.27,0,0,0.91,25.37,0,0,0.09,3
"Djibouti",1988,0.338645399775645,79.19,3.57,0,0,0,0,0,0,0,0,0,0,0,0,0,0,0,0,0,0,0.13,0.07,0,0.08,0,41.63,4.24,0,0,0,17.28,0,0,0,0,0,0,0,0,0.26,0.24,0,0,0.95,6.65,0,0,0.09,4
"Djibouti",1989,0.393098847521876,68.67,3.76,0,0,0,0,0,0,0,0,0,0,0,0,0,0,0,0,0,0,0,0.02,0,0.12,0,40.45,3.03,0,0,0,12.96,0,0,0,0,0,0,0,0,0.08,0.13,0,0,0.64,3.1,0,0,0.38,4
"Djibouti",1990,0.289231486342024,182.87,5.81,0,0,0,0,0,0,0,0,0,0,0,0,0,0,0,0,0,0,0,0.02,0,0.04,0.03,58.42,2.14,0,0,0,18.25,0,0,0,0,0,0,0,0,0.14,0.11,0,0,74.56,17.11,0.2,0,0.04,6
"Djibouti",1991,0.362659284946883,90.85,9.99,0,0,0,0,0,0,0,0,0,0,0,0,0,0,0,0,0,0,0,0.13,0,0.04,0.12,48.91,1.9,0,0,0,22.05,0,0.79,0,0,0,0,0,0,0.26,0.22,0,0,2.28,1.59,1.4,0,0.17,1
"Djibouti",1992,0.34639670491838,99.09,6.28,0,0,0,0,0,0,0,0,0,0,0,0,0,0,0,0,0,0,0.82,0.13,0,0.06,0.08,43.46,1.29,0,0,0,38.04,0,0.1,0,0.01,0,0,0,0,0,0.18,0,0,1.96,0.44,1.83,0,0.41,4
"Djibouti",1993,0.317068341013368,110.27,5.67,0,0,0,0,0,0,0,0,0,0,0,0,0,0,0,0,0,0,0,0.16,0,0,0,47.18,0.94,0,0,0,38.92,0,1.4,0,0.02,0,0,0,0,0,0.21,0,0,7.34,4.49,0.72,1,0.22,2
"Djibouti",1994,0.318022943311618,111.84,17.96,0.05,0,0,0,0,0,0,0,0,0,0,0,0,0,0,0,0,0,0,0.73,0,0,0,57.44,1.68,0,0,0,15,0,1.8,0,0,0,0,0,0,0,0.02,0,0,9.94,4.62,0.46,0.01,0.13,2
"Djibouti",1995,0.354485673330984,91.88,28.15,0.03,0,0,0,0,0,0,0,0,0,0,0,0,0,0,0,0,0,0,0.61,0,0,0,46.13,1.61,0,0,0,5.78,0,0.01,0,0,0.01,0,0,0,0.04,0,0,0,4,4.33,0.04,0,0.14,1
"Djibouti",1996,0.425094122095694,82.94,17.89,0.05,0,0,0,0,0,0,0,0,0,0,0,0,0,0,0,0,0,0,0.11,0,0,0,50.46,1.44,0,0,0,4.27,0,0,0,0,0,0,0,0,0,0,0,0,3.61,4.96,0,0,0.15,0
"Djibouti",1997,0.483017951205868,72.82,11.43,0.04,0,0,0,0,0,0,0,0,0,0,0,0,0,0,0,0,0,0,0.09,0,0,0,48.92,1.64,0,0,0,1.71,0,0,0,0,0,0,1.06,0,0,0,0,0.01,4.21,3.61,0,0,0.1,0
"Djibouti",1998,0.447120520590155,69.55,16.95,0,0,0,0,0,0,0,0,0,0,0,0,0,0,0,0,0,0,0,0.08,0,0,0,43.07,1.9,0.02,0,0,1.63,0,0,0,0,0.05,0,1.43,0,0.39,0,0,0.01,0.49,3.43,0,0,0.08,0.02
"Djibouti",1999,0.524970781408422,62.01,9.98,0,0,0,0,0,0,0,0,0,0,0,0,0,0,0,0,0,0,0,0.03,0,0,0,43.63,0.45,0,0,0,1.87,0,0,0,0,0,0,0,0,0,0,0,0,2.25,2.17,0,0,0.24,1.39
"Djibouti",2000,0.245962412512618,57.01,13.92,0.05,0,0,0,0,0,0,0,0,0,0,0,0,0,0,0,0,0,0,0,0,0,0,21.9,0.3,0,0,0,5.12,0,0,0,0.21,0.28,0,0,0,0.42,0,0,0.04,8.58,4.95,0,0,0.1,1.14
"Djibouti",2001,0.532846884544722,32.97,2.99,0,0,0,0,0,0,0,0,0,0,0,0,0,0,0,0,0,0,0,0,0,0,0,23.72,0.09,0,0,0,1.05,0,0,0,0.89,0.01,0,0,0,0.13,0,0,0.01,1.87,1.15,0,0,0.12,0.94
"Djibouti",2002,0.49332142070848,40.51,5.44,0.04,0,0,0,0,0,0,0,0,0,0,0,0,0,0,0,0,0,0,0.04,0,0,0,27.65,0.03,0,0,0,1.34,0,0,0,0.53,0.08,0,0,0,0.11,0.02,0,0,2.26,0,0,0,0.1,2.87
"Djibouti",2003,0.394617203031375,41.19,8.06,0.04,0,0,0,0,0,0,0,0,0,0,0,0,0,0,0,0,0,0,0.03,0,0,0,24.03,0.58,0,0,0,1.04,0,0,0,0,0,0,0,0,0,0,0,0,0,0,2.93,0,0.36,4.12
"Djibouti",2004,0.403890751356132,42.38,7.16,0.09,0,0,0,0,0,0,0,0,0,0,0,0,0,0,0,0,0,0,0.01,0,0,0.03,25.14,0.29,0,0,0,0.86,0,0,0,0,0.03,0,0,0,0,0,0,0,0.48,0,1.76,0,0.38,6.15
"Djibouti",2005,0.436895620341745,56.26,6.38,0.1,0,0,0,0.46,0,0,0,0,0,0,0,0,0,0,0,0,0,0,0.02,0,0,0.06,35.74,0.39,0.06,0,0,1.24,0,0.31,0,0.76,0.11,0,0,0,0,0,0,0,0,0,1.89,0.02,1.15,7.57
"Djibouti",2006,0.600220969197232,94.46,4.59,0.53,0,0.02,0,0,0,0,0,0,0,0,0,0,0,0,0,0,0,0,0.02,0,0,0.01,72.24,0.14,0.08,0,0.38,0.8,0,0,0,0,0.47,0,0,0,0.14,0,0,0,2.96,0,0.84,0.01,1.03,10.2
"Djibouti",2007,0.545978899927459,78.94,3.67,0.57,0,0,0,0,0,0,0,0,0,0,0,0,0,0,0,0,0,0,0,0,0.01,0,57.22,0.28,0,0,0,0.85,0,0,0,1.43,0,0,1.49,0.04,0.03,0,0,0.01,2.1,0,0.27,0.01,0.75,10.21
"Djibouti",2008,0.459848780001883,80.38,3.74,0.25,0,0,0,0,0,0,0,0,0,0,0,0,0,0,0,0,0,0,0,0,0.01,0,52.11,0.2,0.09,0,0,0.25,0,0,0,0,0,0,0.56,0.13,0.86,0,0,0,12.93,0,0.01,0.43,0.27,8.54
"Djibouti",2009,0.23766318143048,111.51,28.82,0,0,0,0,0,0,0,0,0,0,0,0,0,0,0,0,0,0,0,0,0,0,0,42.58,1.12,0.53,0,0,12.03,0,0,0,0,0.8,0,2.67,0.2,0.46,2.35,0,0,10.15,0,2.87,0.19,0.39,6.35
"Djibouti",2010,0.319199040979326,109.64,37.98,0.27,0,0.02,0,0,0,0,0,0,0,0,0,0,0.01,0,0,0,0,0,0,0,0.01,0,46.81,0.23,0.01,0,0,0.44,0,0,0,0,0.33,0,0.02,0.07,0.16,0.01,0,0,6.61,0,3.66,0.8,0.15,12.05
"Djibouti",2011,0.271179505560132,99.1,16.57,0.39,0,0,0.19,0,0,0,0,0,0,0,0,0,0,0,1,0,0,0,0.12,0,0,0,45.08,6.8,0.02,0,0,0.47,0,0,0,0,0,0,0.81,0,0.7,0.02,0,0,7.96,0,0.67,0.09,2.86,15.35
"Djibouti",2012,0.252467222880552,99.74,24.84,1.16,0,0,0.17,0,0,0,0,0,0,0,0,0,0,0,0.05,0,0,0,0,0,0,0,41.19,2.66,0.02,0,0,4.95,0,0,0,0,0,0,0.01,0.07,0.34,0.11,0,0,5.61,0,7.1,0.19,2.52,8.75
"Djibouti",2013,0.300626372920296,87.55,6.23,0.31,0,0,0.2,0,0,0,0,0.02,0,0,0,0,0,0,0,0,0,0,0,0,0,0.01,43.05,1.82,0,0,0.06,0.17,0,0,0,0,0,0,0,0.07,0.27,0.1,0,0,9.23,0,0.01,1.39,15.36,9.25
"Djibouti",2014,0.263491000989636,101.62,26.46,0,0,0,0.06,0,0,0,0,0.03,0,0,0,0,0,0,0,0,0,0,0,0,0,0.01,41.43,1.1,0.01,0,0.18,0.21,0,0,0,1.33,0.48,0,0,2.2,0.01,0,0,0,14.77,0,0.66,2.97,1.56,8.15
"Djibouti",2015,0.275592287662891,121.81,17.84,0.08,0,0,0.03,0,0,0,0,0.02,0,0,0,0,0,0,0,0,0,0,0,0,0,0.01,57.46,1.43,0,0,0.11,4.26,0,0,0,0,0.25,0,0,0.8,0.14,0.03,0,0,15.25,0.8,12.92,3.94,0.78,5.66
"Djibouti",2016,0.341469398745774,131.36,9.13,0,0,0,0.01,0,0,0,0,0,0,0,0,0,0,0,0,0,0,0,0,0,0,0,49.79,1.14,0,0,0.04,0.87,0,0,0,0,0,0,0,1.47,0.22,0,0,0,57.2,2.06,0.05,1.78,0.85,6.75
"Djibouti",2017,0.276426534717004,98.76,16.92,0.19,0,0,0.03,0,0,0,0,0,0,0,0,0,0,0,0,0,0,0.01,0,0,0,0,44.11,0.54,0,0,0,0.15,0,0.23,0,0,0,0,0,0.93,0,0.05,0.12,0,17.68,1.05,0.22,3.47,1.44,11.62
"Djibouti",2018,0.36261613849477,91.79,9.5,0,0,0,0,0,0,0,0,0,0,0,0,0,0,0,0,0,0,0.01,0,0,0,0.01,50.61,0.38,0,0.06,0,0.65,0,0,0,0,0,0,0,1.5,0,0.08,0,0.03,0.07,0,0.04,17.07,1.42,10.36
"Djibouti",2019,0.228221237522714,162.06,44.06,0,0,0,0.03,0,0,0,0,0,0,0,0,0,0,0,0,0,0,0,0,0,0,0.01,47.54,0.98,0,0,0,0.99,0,0,0,0,0,0,0.18,0.75,0,0.89,0,0,32.43,0,0.03,6.47,1.36,26.34
"Djibouti",2020,0.240112912571404,110.69,13.42,0,0,0,0.03,0,0,0,0,0,0,0,0,0,0,0,0,0,0,0.07,0,0,0.02,0.01,43.55,0.46,0,0,0,17.2,0,0,0,0,0.62,0,0,0.79,0,1.58,0.43,0.01,8.18,0,0.03,0.73,1.28,22.28
"Djibouti",2021,0.262146059954564,54.51,11.82,0,0,0,0,0,0,0,0,0,0,0,0,0,0,0,0,0,0,0,0,0,1.15,0.02,12.04,0.18,0.34,0,0,0.48,0,0,0,0,0.3,0,0,0.88,0,0.39,0,0,4.12,0,0,0.74,0.28,21.77
"Djibouti",2022,0.305570954242183,71.335579,27.491999,0,0,0,0.005911,0,0,0,0,0,0,0,0,0,0,0,0,0,0,0,0,0,0.442378,0.008764,17.99132,0.198772,0,0.027582,0,0.995351,0,0,0,0,0.126281,0,0,0.304754,0.019337,0.208864,0,0,0,0,0,1.572688,0.22575,21.715828
"Djibouti",2023,0.325270636735672,97.807055,43.034233,0.13096,0,0,0.011443,0,0,0,0,0,0,0,0,0,0,0,0,0,0,0,0,0,0.375396,0.008759,26.002236,0.434698,0,0.0029,0.009011,1.405709,0,0,0,0,0.142052,0,0,1.052367,0.124324,0,0,0,0,0,0.018045,0.607119,0.373457,24.074346
"Djibouti",2024,0.32702664573668,73.762226,14.522922,0.294802,0,0,0.027761,0,0,0,0,0,0,0,0,0,0,0,0,0,0,0.01436,0,0,0.327151,0,34.896367,0.151539,0,0,0,0.086461,0,0.0045,0.015878,0,0.143778,0,0,1.004709,0,0,0,0,0,0,0,3.771144,0.194534,18.30632
"Djibouti",2025,NA,0,0,0,0,0,0,0,0,0,0,0,0,0,0,0,0,0,0,0,0,0,0,0,0,0,0,0,0,0,0,0,0,0,0,0,0,0,0,0,0,0,0,0,0,0,0,0,0,0
"Egypt",1951,NA,0,0,0,0,0,0,0,0,0,0,0,0,0,0,0,0,0,0,0,0,0,0,0,0,0,0,0,0,0,0,0,0,0,0,0,0,0,0,0,0,0,0,0,0,0,0,0,0,0
"Egypt",1952,NA,0,0,0,0,0,0,0,0,0,0,0,0,0,0,0,0,0,0,0,0,0,0,0,0,0,0,0,0,0,0,0,0,0,0,0,0,0,0,0,0,0,0,0,0,0,0,0,0,0
"Egypt",1953,NA,0,0,0,0,0,0,0,0,0,0,0,0,0,0,0,0,0,0,0,0,0,0,0,0,0,0,0,0,0,0,0,0,0,0,0,0,0,0,0,0,0,0,0,0,0,0,0,0,0
"Egypt",1954,NA,0,0,0,0,0,0,0,0,0,0,0,0,0,0,0,0,0,0,0,0,0,0,0,0,0,0,0,0,0,0,0,0,0,0,0,0,0,0,0,0,0,0,0,0,0,0,0,0,0
"Egypt",1955,NA,0,0,0,0,0,0,0,0,0,0,0,0,0,0,0,0,0,0,0,0,0,0,0,0,0,0,0,0,0,0,0,0,0,0,0,0,0,0,0,0,0,0,0,0,0,0,0,0,0
"Egypt",1956,NA,0,0,0,0,0,0,0,0,0,0,0,0,0,0,0,0,0,0,0,0,0,0,0,0,0,0,0,0,0,0,0,0,0,0,0,0,0,0,0,0,0,0,0,0,0,0,0,0,0
"Egypt",1957,NA,0,0,0,0,0,0,0,0,0,0,0,0,0,0,0,0,0,0,0,0,0,0,0,0,0,0,0,0,0,0,0,0,0,0,0,0,0,0,0,0,0,0,0,0,0,0,0,0,0
"Egypt",1958,NA,0,0,0,0,0,0,0,0,0,0,0,0,0,0,0,0,0,0,0,0,0,0,0,0,0,0,0,0,0,0,0,0,0,0,0,0,0,0,0,0,0,0,0,0,0,0,0,0,0
"Egypt",1959,NA,0,0,0,0,0,0,0,0,0,0,0,0,0,0,0,0,0,0,0,0,0,0,0,0,0,0,0,0,0,0,0,0,0,0,0,0,0,0,0,0,0,0,0,0,0,0,0,0,0
"Egypt",1960,0.894440049358189,119.66,0.03,0,0,0,0,0,0,0,0,0,0,0,0,0,0,0,0,0,0,0,0,0,0,0,0,0.48,0,0,0,6.15,0,0,0,0,0,0,0,0,0,0,0,0,0,0,0,0,0,113
"Egypt",1961,0.898210261361743,123.61,0.04,0,0,0,0,0,0,0,0,0,0,0,0,0,0,0,0,0,0,0,0,0,0,0,0,0.67,0,0,0,5.89,0,0,0,0,0,0,0,0,0.01,0,0,0,0,0,0,0,0,117
"Egypt",1962,0.910442437121337,188.76,0.03,0,0,0,0,0,0,0,0,0,0,0,0,0,0,0,0,0,0,0,0,0,0,0,0,3.57,0,0,0,5.16,0,0,0,0,0,0,0,0,0,0,0,0,0,0,0,0,0,180
"Egypt",1963,0.727043624064412,208.78,0.05,0,0,0,0,0,0,0,0,0,0,0,0,0,0,0,0,0,0,0.34,0,0,0,0,0,11.21,0,0,0,14.16,0,0,0,0,0,0,0,0.03,0,5.99,0,0,0,0,0,0,0,177
"Egypt",1964,0.635259548561039,241.12,0.06,0,0,0,0,0,0,0,0,0,0,0,0,0,0,0,0,0,0,0.65,0,0,0,0,0,23.81,0,0,0,25.29,0,0,0,0,0,0,0,0,0,2.31,0,0,0,0,0,0,0,189
"Egypt",1965,0.567678707968893,124.7,0.05,0,0,0,0,0,0,0,0,0,0,0,0,0,0,0,0,0,0,0.02,0,0,0.04,0,0,10.06,0,0,0,22.6,0,0,0,0,0,0,0,0,0,1.3,0,0,0,0,0,0,0,90.63
"Egypt",1966,0.379601759716567,108.69,0.08,0,0,0,0,0,0,0,0,0,0,0,0,0,0,0,0,0,0,1.06,0,0,0.02,0,0,6.36,0,0,0,13.95,0,0,0,0,0.01,0,0,0,0,0.57,0,0,0,22.48,0,0,3.06,61.1
"Egypt",1967,0.320389080385016,49.6,0.07,0,0,0,0,0,0,0,0,0,0,0,0,0,0,0,0,0,0,1.21,0.02,0,0.06,0,19.4,8.7,0,0,0,18.22,0,0,0,0,0.05,0,0,0,0,0,0,0,0,0,0,0,0.24,1.63
"Egypt",1968,0.697840705112696,58.36,0.06,0,0,0,0,0,0,0,0,0,0,0,0,0,0,0,0,0,0,0,0.03,0,0,0,1.3,8.24,0,0,0,48.03,0,0,0,0,0.09,0,0,0,0.08,0,0,0,0,0,0,0,0,0.53
"Egypt",1969,0.263726874691873,24.22,0.11,0,0,0,0,0,0,0,0,0,0,0,0,0,0,0,0,0,0,0,0.16,0,0.45,0,7.3,6.51,0,0,0,7.4,0,0,0,0,0.06,0,0,0,0.16,0.07,0,0,0,0,0,0,0,2
"Egypt",1970,0.496879473410139,180.89,0.1,0,0,0,0,0,0,0,0,0,0,0,0,0,0,0,0,0,0,0,0.28,0,4.28,0,9.1,10.38,0,0,0,31.46,0,0,0,0.62,0.07,0,0,0,0.08,0.81,0,0,122.71,0,0,0,0,1
"Egypt",1971,0.410527523426768,151.54,0.2,0,0,0,0,0,0,0,0,0,0,0,0,0,0,0,0,0,0,0.01,0.06,0,1.38,0.01,8.5,7.56,0,0,0,12.67,0,0,0,0.01,0.1,0,0,0,0.07,0.22,0,0,90.75,0,0,0,0,30
"Egypt",1972,0.688181681488356,115.61,0.2,0,0,0,0,0,0,0,0,0,0,0,0,0,0,0,0,0,0,0,0.17,0,0.05,0.01,2.9,7.64,0,0,0,3.22,0,0,0,0.37,0.1,0,0,0,0.15,0.43,0,0,95.37,0,0,0,0,5
"Egypt",1973,0.248528575391682,603.22,1.09,0,0,0,0.02,0,0,0,0,0,0,0,0,0,0,0,0,0,0,0.02,0.56,0,4.14,0,0,56.46,0,0,0,31.34,0,0,0,0.19,0.22,0,0,0,0.1,3.93,0,0,195.26,168.5,140.39,0,0,1
"Egypt",1974,0.389271810412515,1223.11,9.13,0,0,0,0.01,0,0,0,0,0,0,0,0,0,0,0,0,0,0,0.01,0.15,0,0.95,0,4.02,62.29,0,0,0,11.09,0,0,0,0.83,0.27,0,0,0,0.11,5.08,0,0,242.9,708,121.27,0,0,57
"Egypt",1975,0.310835991465054,1968.75,50.17,0,0,0,1.68,0,0,0,0,0,0,0,0,0,0,0,0,0,0,0.31,0.17,0,4.8,0,22.95,73.41,0,0,0,6.04,0,0,0,5.28,0.2,0,0,3.05,0.07,6.34,0,0,450.31,948.91,284.06,0,0,111
"Egypt",1976,0.209363312639871,1660.6,30.06,0,0,0,0.02,0.01,0,0,0,0,0,0,0,0,0,0,0,0,0,0.48,0.41,0,5.39,0.06,15.2,123.11,0,0,0,1.35,0,0,0,3.24,0.16,0,0,0,0.54,4.63,0,0,341.31,492.19,348.55,0,9.89,284
"Egypt",1977,0.212511078554744,1337.41,67.26,0,0,0,0.02,0.08,0,0,0,0,0,0,0,0,0,0,0,0,0,32.04,4.41,0,6.11,0.45,10.5,66.44,0,0,0,6.83,0,0,0,13.56,0.16,0,0,0.67,0.09,6.23,0,0,205.54,299.62,149.6,0,3.8,464
"Egypt",1978,0.259578405567958,1561.97,118.75,0,0,0,2.66,0.06,0,0,0,0,0,0,0,0,0,0,0,0,0,4.44,0.26,0,7.4,0.23,19.78,76.34,0,0,0,3.23,0,0,0,7.31,0.28,0,0,0.44,0.22,7.05,0,0,141.71,211.18,268.34,0,2.29,690
"Egypt",1979,0.313732719122413,1241.13,132.66,0,0,0,3.14,0.02,0,0,0,0,0,0,0,0,0,0,0,0,0,1.05,0.54,0,10.81,1.22,59.7,132.04,0,0,0,3.6,0,0,0,14.58,0.31,0,0,0.61,0.18,37.8,0,0,12.42,22.48,149.03,0,10.94,648
"Egypt",1980,0.492596045993445,1252.37,123.49,0,0,0,5.79,0.01,0,0,0,0,0,0,0,0,0,0,0,0,0,1.8,3.96,0,4.05,1.02,34.6,111.65,0,0,0,1.17,0,0,0,17.05,1.16,0,0,0.51,0.87,28.49,0,0,8.64,4.7,11.28,0,31.13,861
"Egypt",1981,0.553992774741313,1217.43,72.73,0,0,0,11.17,0.01,0,0,0,0,0,0,0,0,0,0,0,0,0,7.01,1.64,0,11.91,4.16,69.88,70.91,0,0,0,6.83,0,0,0,21.38,0.55,0,0,0.37,3.36,16.47,0,0,1.57,3.8,6.94,0,9.74,897
"Egypt",1982,0.527570902146728,1296.52,72.43,0,0,0,1.74,0.01,0,0,0,0,0,0,0,0,0,0,0,0,0,18.32,0.15,0,6.44,5.61,49.06,125.65,0,0,0,9.91,0,0,0,17.31,0.47,0,0,0.7,2.14,13.09,0,0,0.01,3.82,7.9,0,33.76,928
"Egypt",1983,0.63600591297278,1313.03,59.95,0,0,0,12.47,0,0,0,0,0,0,0,0,0,0,0,0,0,0,16.99,0.14,0,1.83,2.18,21.93,98.68,0,0,0,11.91,0,0,0,12.76,1.15,0,0,2,1.75,16.04,0,0,0.42,1.22,5.46,0,6.15,1040
"Egypt",1984,0.571722124970071,1729.89,100.84,0,0,0,6.67,0,0,0,0,0,0,0,0,0,0,0,0,0,0,22.58,3.39,0,5.4,7.4,50.45,143.46,0,0,0.05,39.92,0,0,0,19.06,0.54,0,0,1.25,0.17,20.59,0,0,0.05,0.76,2.34,0,10.97,1294
"Egypt",1985,0.636421953497762,1770.16,95.55,0,0,0,0.39,0,0,0,0,0,0,0,0,0,0,0,0,0,0,21.24,0.45,0,2.67,5,41.17,138.17,0,0,0.01,12.77,0,0,0,12.24,0.36,0,0,2.1,0.66,24.76,0,0,1.77,1.02,0.39,0,8.44,1401
"Egypt",1986,0.478262150609504,1750.65,157.5,0,0,0,6.59,0.01,0,0,0,0,0,0,0,0,0,0,0,0,0,17.24,0.8,0,1.42,7.6,92.98,112.9,0,0,0.02,25.83,0,0,0,27.98,0.25,0,0,0.51,0.16,23.09,0,0,30.41,50,0.22,0,6.14,1189
"Egypt",1987,0.383539146097032,1740.91,111.45,0.05,0,0,8.44,0,0,0,0,0,0,0,0,0,0,0,0,0,0,30.56,3.54,0,38.11,6.74,109.51,174.69,0,0,0,33.56,0,0,0,27.45,0.34,0,0,2.08,10.15,12.89,0,0,2.05,90,11.94,0,21.36,1046
"Egypt",1988,0.329718774356479,1604.41,186.69,0.01,0,0,1.53,0,0,0,0,0,0,0,0,0,0,0,0,0,0,9.97,1.55,0,3.66,23.68,73.14,218.04,0,0,0,120.36,0,0,0,22.83,0.55,0,2,0.88,1.55,33.23,0,0,10.32,0,0.06,0,32.36,862
"Egypt",1989,0.416642651738204,1556.56,108.25,0.03,0,0,9.88,0,0,0,0,0,0,0,0,0,0,0,0,0,0,4.05,0.33,0,2.43,28.49,68.75,218.04,0,0,0,61.13,0,0,0,29.23,0.87,0,0.28,0.45,0.99,17.87,0,0,15.28,0,0,0,21.21,969
"Egypt",1990,0.271438667904724,5622.38,169.79,0,0,0,17.29,0.03,0,0,0,0,0,0,0,0,0,0,0,0,0,3.25,6.88,0,19.65,24.78,149.66,351.21,0,0,0,90.56,0,0.47,0,44.4,2.63,0,1.48,0.64,2.6,15.32,0,0,409.34,1383.31,420.09,0,32,2477
"Egypt",1991,0.663426036430793,9600.52,640.75,0.08,0,0,7.33,0,0,0,0,0,0,0,0,0,0,0,0,0,0,9.01,0.41,0,20.73,21.44,163.6,236.92,0,0,4.82,83.05,0,0,0,18,0.75,0,0.51,1.5,19.29,25.69,0,0,31.63,200.16,300.03,0,35.82,7779
"Egypt",1992,0.268712768830481,3768.6,110.59,0.32,0.05,0,4.31,0.03,0,0,0,0,0,0,0,0,0,0,0,0,0,27.83,6.97,0,23.11,66.96,301.47,917.79,0,0,0.09,139.36,0,0.09,0,27.96,0.37,0,0.6,0.9,3.16,18.73,0,0,52.72,256.37,111.83,0.07,34.92,1662
"Egypt",1993,0.306596764904589,4355.16,2168.11,0.42,0,0,4.72,0,0,0,0,0,0,0,0,0,0,0,0,0,0,16.44,0.66,0,26.29,4.91,260.68,266.9,0,0,0.07,146.32,0,0.1,0,21.21,1.1,0.05,1.63,6.13,7.8,11.49,0,0,92.17,202.9,99.83,0,73.23,942
"Egypt",1994,0.193739143967739,2689.36,188.99,0.21,0.07,0,4.44,0,0,0,0,0,0,0,0,0,0,0,0,0,0,18.83,0.87,0,25.13,6.87,549.48,348.7,0,0,0.03,650.22,0,0.13,0,20.23,3.07,0,0.69,2.88,8.68,9.21,0,0,48.98,22.97,35.77,0.04,26.87,716
"Egypt",1995,0.197387657551789,2016.65,242.83,0.23,0,0,5.21,0,0,0,0,0,0,0,0,0,0,0,0,0,0,27,0.65,0,93.26,5.14,503.9,214.13,0,0,0.08,23.4,0,0.08,0,24.7,1.19,2.71,1.36,7.32,9.89,8.13,0,0,61.99,41.07,25.51,0,66.87,650
"Egypt",1996,0.220685078638598,2047.92,201.46,0.54,0,0,6.96,0,0,0,0,0,0,0,0,0,0,0,0,0,0,25.09,0.3,0,32.71,4.16,302.6,442.89,0.02,0,0.05,25.11,0,0,0,30.72,4.73,0.01,2.73,11.83,11.77,10.02,0,0,30.81,11.09,17.29,0,114.03,761
"Egypt",1997,0.219670092261885,1712.8,125.52,1.47,0,0,14.38,0,0,0,0,0,0,0,0,0,0,0,0,0,0,23.38,0.19,0,30.68,2.81,287.12,427.31,0.37,0,0.05,18.03,0,0,0,23.51,3.25,0,12.39,2.25,7.58,9.78,0,1.72,53.61,6.08,48.27,0,17.05,596
"Egypt",1998,0.280591802194147,1861.03,91.71,0.76,0,0,12.73,0,0,0,0,0,0,0,0,0,0.15,0,0,0,0,26.19,0.12,0,32.2,2.36,317.31,139.74,1.51,0,0.03,15.55,0,0,0,24.69,1.61,0,11.62,1.05,11.73,17.8,0,1.61,152,42.95,39.09,0.04,14.73,901.75
"Egypt",1999,0.297707248039218,1574.52,146.77,0.67,0,0,4.14,0.06,0,0,0,0,0,0,0,0,0.1,0,0,0,0,22.25,0.02,0,40.36,2.7,270.38,125.16,0.82,0,0.12,27.83,0,0,0,19.17,1.22,0,2.33,0.9,10.84,5.31,0,1.69,33.8,7.73,47.23,0,15.12,787.8
"Egypt",2000,0.343377714187685,1476.72,111.32,0.66,0,0,8.43,0.01,0,0,0,0,0,0,0,0,0.09,0,0,0,0,24.86,0.01,0,42.43,3.46,259.58,78.95,0.73,0,0.12,11.64,0,0,0,17.99,1.09,0,4.94,2.57,7.01,4.1,0,0,25.1,0.01,50.69,0.04,10.69,810.2
"Egypt",2001,0.345806519134282,1451.7,93.32,0.65,0,0,7,0.01,0,0,0,0,0,0,0,0,0.01,0,0,0,0,23.31,0.01,0,25.17,3.7,227.96,115.36,0.41,0,0.04,7.46,0,0,0,20.75,0.92,0.01,8.28,1.92,3.15,3.56,0,0,36.82,3.38,52.01,0,11.03,805.46
"Egypt",2002,0.49792012640038,1487.53,56.37,1.99,0,0,3.26,0.01,0,0,0,0.04,0,0,0,0,0.06,0,0,0.02,0,19.6,0.09,0,16.07,5.16,139.73,91.23,0.3,0,0.08,8.05,0,0,0,17.59,0.6,0,13.49,2.22,4.27,12.19,0,0,13.81,0,36.3,0.01,11.7,1033.29
"Egypt",2003,0.288526640215914,1258.76,68.61,1.71,0,0,5.2,0.01,0,0,0,0.06,0,0,0,0,0.05,0,0,0.02,0,18.09,0.02,0,41.18,4.47,145.6,129.83,3.56,0,0.15,10.77,0,0,0,13.49,0.66,0,9.39,0.93,2.76,3.55,0,0,120.81,0,35.23,0.03,13.38,629.2
"Egypt",2004,0.357951762817432,1569.96,115.16,2.2,0,0,5.46,0.01,0,0,0,0.1,0,0,0,0,0.05,0,0,0.01,0,18.24,0.05,0,22.13,3.94,152.25,137.28,1.1,0,0.02,26.11,0,0.13,0,14.11,0.66,0,19.81,1.67,1.62,77.99,0,0,27.74,0,25.28,0.26,12.6,903.98
"Egypt",2005,0.269687808315878,1253.79,110.6,4.4,0,0,6.75,0.01,0,0,0,0.1,0.02,0,0,0,0.03,0,0,0,0,18.63,0.01,0.01,20.5,4.27,139.69,140.07,3.74,0,0.33,4.52,0,0.13,0,12.11,0.56,0.02,28.48,1.56,9.51,6.83,0,0.11,87.57,0,32.95,1.2,17.81,601.27
"Egypt",2006,0.207498055253868,1044.99,69.08,5.64,0,0.1,9.89,0.01,0,0,0,1.35,0,0,0,0,0.02,0,0,0,0,21.12,0.08,0,29.4,4.25,139,172.17,3.27,0,0.4,11.69,0,0.12,0,13.82,0.54,0.01,33.16,1.99,2.85,18.77,0,0.34,50.7,0,31.3,0.62,16.14,407.16
"Egypt",2007,0.264927086802934,1428.15,104.92,5.77,0,0.07,12.59,0,0,0,0,0.17,0,0.11,0,0,0.02,0,0,0,0,26.15,0.05,0.41,64.2,4.21,149.55,195.42,6.94,0,0.36,5.88,0,0.07,0,15.35,0.36,0.07,14.59,2.42,7.17,4.27,0,0.85,89.63,0,23.89,0.72,17.97,673.97
"Egypt",2008,0.23596437760129,1627.27,163.65,7.47,0,0.04,7.23,0.14,0,0,0,0.19,0,0.02,0,0,0.04,0,0,0,0.01,28.02,0.04,0.18,47.58,1.12,220.37,218.37,12.75,0,0.34,9.04,0,0.12,0,20.52,0.22,0.09,16.32,2.18,1.66,11.81,0,0.67,120.16,0,26.84,0.95,14.73,694.4
"Egypt",2009,0.172474780851078,1271.32,153.72,5.57,0,0.05,3.01,0,0,0,0,0.2,0,0.11,0,0,0.02,0,0,0,0,11.47,0.02,0.23,16.49,1.02,186.94,192.42,14.3,0,0.28,12.22,0,0.16,0,18.56,0.69,0.03,21.15,1.74,8.99,36.97,0,0.1,91.46,0,66.55,0.91,17.25,408.69
"Egypt",2010,0.165932965013066,1117.62,167.51,4.16,0,0.02,4.22,0,0,0,0,0.23,0,0.1,0,0,0.09,0.06,0,0,0.04,7.36,0.18,0.26,18.47,1.86,210.56,155.42,9.11,0,0.12,7.11,0,0.09,0,11.01,0.67,0.01,7.84,1.41,6.35,16.75,0,0.08,160.74,0,27.24,1.3,9.2,288.05
"Egypt",2011,0.143865798827621,948.37,117.38,3.8,0,0.01,8.48,0.47,0,0,0,0.39,0,0.17,0.01,0.01,0.09,0.1,0,0.12,0.03,8.75,1.62,0.15,12.06,1.95,180.93,209.81,8.4,0,0.76,24.04,0,0.17,0,10.06,1.87,0.09,16.86,5.6,11.85,17.41,0,0,132.53,0,15.66,3.51,15.5,137.73
"Egypt",2012,0.181296103112812,1536.39,194.85,4.14,0,0.03,12.57,0,0,0,0,0.37,0,0.12,0,0,0.16,0.22,0.07,0,0.04,6.83,3.2,0.01,13.86,1.45,196.46,153.81,1.95,0,0.53,4.33,0,0.13,0,6.71,1.16,0.09,3.99,8.92,14.37,14.63,0,0,128.86,0,15.01,503.92,7.17,236.43
"Egypt",2013,0.58354631990095,6106.46,88.45,2.93,0,0.04,4.88,0,0,0,0,0.48,0,0.09,0,0,0.06,0.26,0,0.01,0.01,5.01,0.2,0,5.16,1.99,107.99,277.34,0.69,0,0.29,3.87,0,0.13,0,4.22,2.07,0.12,3.61,11.39,16.81,33.15,0,0,68.5,0,4612.18,538.83,8.43,307.27
"Egypt",2014,0.663970010890874,3913.84,112.62,3.64,0,0.02,3.62,0,0,0,0,0.3,0.02,0.09,0,0,0.06,0.08,0,0,0.03,3.05,0.95,0,3.22,2.24,111.59,275.89,0.73,0,0.82,21.85,0,0.14,0,0.88,2.59,0.12,1.71,11.17,24.06,14.54,0,0,45.61,0,3171.48,5.32,8.1,87.3
"Egypt",2015,0.596495558442707,3211.47,110.18,1.75,0,0.03,1.53,0.03,0,0,0,0.07,0,0.04,0.01,0,0.06,0.19,0.78,0,0.05,3.54,0.51,0,1.8,1.95,126.42,229.32,0.49,0,0.09,30.93,0,0.14,0.01,0.78,4.41,0.11,0.67,6.62,19.78,18.66,0,0,69.3,0,2460.31,0.08,14.28,106.55
"Egypt",2016,0.484500653622072,3031.93,215.38,2.81,0,0.07,0.43,0.07,0,0,0,0.1,0,0.18,0,0,0.02,0.1,0,0.01,0.04,4.01,0.28,0,2.6,1.36,253.35,180.44,0.24,0.03,0.06,18.09,0,0.21,0,0.99,3.92,0.11,1.26,4.88,11.62,15.63,0,0,84.44,0,2068.76,1.21,7.75,151.48
"Egypt",2017,0.161426346603493,1063.04,139.97,2.79,0,0.05,0.16,0.18,0,0,0,0.08,0,0.2,0,0,0.03,0.05,0.03,0,0.01,2.78,0.26,0,2.84,0.91,280.06,201.37,0.29,0.08,0.09,16.79,0,0.05,0,4.36,4.18,0.12,1.67,2.19,9.81,29.82,0,0,108.57,0,146.04,3.53,7.08,96.6
"Egypt",2018,0.225282108417759,2022.63,298.38,0,0,0,0.2,0.18,0,0,0,0.08,0,1.69,0,0.01,0.06,0.14,0,0.01,0.17,6.19,0.31,0,0.72,0.57,178.2,541.57,0.39,0,0.04,12.45,0,0.08,0,7.01,4.59,0.15,3.8,3.33,13.06,33.63,0,0.23,688.61,0,50.7,0.38,4.88,170.82
"Egypt",2019,0.16064610568219,1984.59,355.68,0,0,0,0.2,0.27,0.01,0,0,0.04,0,2.3,0,0,0.69,0.16,0,0,0.02,4.88,0.27,0,0.34,0.37,192.65,469.57,0.43,0,0.11,27.48,0,0.07,0,6.95,5.08,0.14,3.96,2.38,15.66,34.83,0,0.24,335.83,0,278.05,2.67,6.36,236.9
"Egypt",2020,0.190905701911838,1593.58,300.03,0,0,0,0.06,0.23,0,0,0,0,0,2.75,0,0,0.83,0.14,0,0,0.02,5.02,1.85,0,1.57,0.26,260.13,186.03,0.01,0,0.05,26.29,0,0.09,0,10.52,4.9,0.1,2.17,2.86,17.97,23.68,0,0.13,501.88,0,45.37,2.73,4.12,191.79
"Egypt",2021,0.168862739698236,1583.28,369.16,0,0,0,0.06,0.33,0,0,0,4.39,0.04,3.64,0,0,3.51,1.25,0,0,1.71,4.94,1.01,0,2.38,0.38,284.46,180.23,2.83,0.05,0.03,14.56,0,0.11,0.3,5.94,2.97,2.54,44.12,5.88,27,22.52,0,0.14,358.12,0,14.97,2.08,18.58,203.05
"Egypt",2022,0.169975668759044,1496.127754,442.198176,60.293156,0,0.00999,0.159765,0,0,0,0,0.056447,0,3.756323,0.840416,0.013333,1.068873,0.121352,0,0,0.136849,5.596096,4.217323,0,0,0.359865,268.747399,236.977644,0.054897,0,0.035975,43.526578,0,0.070536,0.026671,9.724685,2.769077,6.016098,10.829757,3.702109,30.593354,12.353313,0,0.060042,160.27451,0,29.58996,2.844864,7.547612,151.554709
"Egypt",2023,0.219286055605124,1407.266328,445.115204,42.214375,0,0,0.203887,0.024387,1.211018,0,0.991791,0.020891,0,2.791143,0.828282,0.009338,1.160461,0.134231,0,1.899155,0.117993,5.799485,0.229779,0,0,0.395736,377.574151,172.540321,0.037716,0,0.041145,13.343125,0,0.228777,0,10.998213,4.567047,0.138246,1.674173,3.110857,32.952865,13.15237,0,0.211273,4.99093,0,10.122198,2.275585,10.928303,245.231877
"Egypt",2024,0.168554733287593,1325.585823,368.907472,182.782381,0,0.006634,0.192272,0.06223,0.012478,0,0,0.060906,0,10.983092,0.061886,0.042899,1.308792,0.125894,0,0.022126,0.093797,8.89941,0.261253,0.150737,0,0.390228,224.50599,177.70612,0.132216,0,0.121359,13.357193,0,0.132431,0.018981,4.761155,6.583644,0.129945,1.667105,5.125426,23.568983,19.196896,0,0.138409,65.867407,0,0.7272,3.155012,7.102065,197.223799
"Egypt",2025,NA,0,0,0,0,0,0,0,0,0,0,0,0,0,0,0,0,0,0,0,0,0,0,0,0,0,0,0,0,0,0,0,0,0,0,0,0,0,0,0,0,0,0,0,0,0,0,0,0,0
"Equatorial Guinea",1968,NA,0,0,0,0,0,0,0,0,0,0,0,0,0,0,0,0,0,0,0,0,0,0,0,0,0,0,0,0,0,0,0,0,0,0,0,0,0,0,0,0,0,0,0,0,0,0,0,0,0
"Equatorial Guinea",1969,NA,0,0,0,0,0,0,0,0,0,0,0,0,0,0,0,0,0,0,0,0,0,0,0,0,0,0,0,0,0,0,0,0,0,0,0,0,0,0,0,0,0,0,0,0,0,0,0,0,0
"Equatorial Guinea",1970,NA,0,0,0,0,0,0,0,0,0,0,0,0,0,0,0,0,0,0,0,0,0,0,0,0,0,0,0,0,0,0,0,0,0,0,0,0,0,0,0,0,0,0,0,0,0,0,0,0,0
"Equatorial Guinea",1971,NA,0,0,0,0,0,0,0,0,0,0,0,0,0,0,0,0,0,0,0,0,0,0,0,0,0,0,0,0,0,0,0,0,0,0,0,0,0,0,0,0,0,0,0,0,0,0,0,0,0
"Equatorial Guinea",1972,NA,0,0,0,0,0,0,0,0,0,0,0,0,0,0,0,0,0,0,0,0,0,0,0,0,0,0,0,0,0,0,0,0,0,0,0,0,0,0,0,0,0,0,0,0,0,0,0,0,0
"Equatorial Guinea",1973,1,0.03,0,0,0,0,0,0,0,0,0,0,0,0,0,0,0,0,0,0,0,0,0,0,0,0,0,0,0,0,0,0,0,0,0,0.03,0,0,0,0,0,0,0,0,0,0,0,0,0,0
"Equatorial Guinea",1974,1,15,0,0,0,0,0,0,0,0,0,0,0,0,0,0,0,0,0,0,0,0,0,0,0,0,0,0,0,0,0,0,0,0,0,0,0,0,0,0,0,0,0,0,15,0,0,0,0,0
"Equatorial Guinea",1975,NA,0,0,0,0,0,0,0,0,0,0,0,0,0,0,0,0,0,0,0,0,0,0,0,0,0,0,0,0,0,0,0,0,0,0,0,0,0,0,0,0,0,0,0,0,0,0,0,0,0
"Equatorial Guinea",1976,NA,0,0,0,0,0,0,0,0,0,0,0,0,0,0,0,0,0,0,0,0,0,0,0,0,0,0,0,0,0,0,0,0,0,0,0,0,0,0,0,0,0,0,0,0,0,0,0,0,0
"Equatorial Guinea",1977,NA,0,0,0,0,0,0,0,0,0,0,0,0,0,0,0,0,0,0,0,0,0,0,0,0,0,0,0,0,0,0,0,0,0,0,0,0,0,0,0,0,0,0,0,0,0,0,0,0,0
"Equatorial Guinea",1978,NA,0,0,0,0,0,0,0,0,0,0,0,0,0,0,0,0,0,0,0,0,0,0,0,0,0,0,0,0,0,0,0,0,0,0,0,0,0,0,0,0,0,0,0,0,0,0,0,0,0
"Equatorial Guinea",1979,0.755102040816327,0.07,0,0,0,0,0,0,0,0,0,0,0,0,0,0,0,0,0,0,0,0,0,0,0,0,0,0.01,0,0,0,0.06,0,0,0,0,0,0,0,0,0,0,0,0,0,0,0,0,0,0
"Equatorial Guinea",1980,0.340850330364838,1.18,0,0,0,0,0,0,0,0,0,0,0,0,0,0,0,0,0,0,0,0,0,0,0,0,0.4,0.48,0,0,0,0,0,0,0,0.29,0,0,0,0,0.01,0,0,0,0,0,0,0,0,0
"Equatorial Guinea",1981,0.336419140823029,4.26,0,0,0,0,0,0,0,0,0,0,0,0,0,0,0,0,0,0,0,0,0,0,0,0,1.98,1.08,0,0,0,0,0,0,0,0.06,0,0,0,0,0.12,0,0,0,0,0,0,0,0.02,1
"Equatorial Guinea",1982,0.29362552864283,5.1,0,0,0,0,0,0,0,0,0,0,0,0,0,0,0,0,0,0,0,0,0.02,0,0,0.02,2.32,1.04,0,0,0,0.95,0,0,0,0.21,0,0,0,0,0.47,0,0,0,0,0,0,0,0.07,0
"Equatorial Guinea",1983,0.30705,4,0.63,0,0,0,0,0,0,0,0,0,0,0,0,0,0,0,0,0,0,0,0,0,0,0,1.8,1.03,0,0,0,0,0,0,0,0.03,0,0,0,0,0.46,0,0,0,0,0,0,0,0.05,0
"Equatorial Guinea",1984,0.403462482427044,7.97,0.31,0,0,0,0,0,0,0,0,0,0,0,0,0,0,0,0,0,0,0,0.03,0,0,0,4.72,1.47,0,0,0,0.01,0,0,0,0.07,0,0,0,0,0.29,0.02,0,0,0,0,0,0,0.05,1
"Equatorial Guinea",1985,0.247638475203218,6.97,0.34,0,0,0,0,0,0,0,0,0,0,0,0,0,0,0,0,0,0,0,0.02,0,0,0,2.85,1.16,0,0,0,1.18,0,0,0,0.09,0,0,0,0,0.15,0,0,0,0.03,0,0,0,0.15,1
"Equatorial Guinea",1986,0.353692433560358,10.61,0.59,0,0,0,0,0,0,0,0,0,0,0,0,0,0,0,0,0,0,0,0.04,0,0,0,5.92,1.05,0,0,0,1.5,0,0,0,0.11,0,0,0,0,0.14,0,0,0,0.1,0,0,0,0.16,1
"Equatorial Guinea",1987,0.314316854255786,33.52,0.6,0,0,0,0,0,0,0,0,0,0,0,0,0,0,0,0,0,0,0,0.12,0,0,0,14.08,0.54,0,0,0,3.63,0,0,0,0.13,0,0,11.7,0,0.16,0.34,0,0,0.08,0,0,0,0.14,2
"Equatorial Guinea",1988,0.541265933922997,24.8,0.75,0,0,0,0,0,0,0,0,0,0,0,0,0,0,0,0,0,0,0.01,0.12,0,0,0,17.97,1.43,0,0,0,2.31,0,0,0,0.02,0,0,1,0,0.02,0.03,0,0,0,0,0,0,0.14,1
"Equatorial Guinea",1989,0.380601789192017,35.88,0.03,0,0,0,0,0,0,0,0,0,0,0,0,0,0,0,0,0,0,0.01,0.03,0,0,0,14.97,1.56,0,0,0,1.78,0,0,0,0.01,0,0,16.1,0,0,0.14,0,0,0.2,0,0,0,0.05,1
"Equatorial Guinea",1990,0.425219800072263,43.7,0.71,0,0,0,0,0,0,0,0,0,0,0,0,0,0,0,0,0,0,0.01,0.12,0,0,0,16.09,2.01,0,0,0,0.07,0,0,0,0.01,0,0,23.4,0,0,0.09,0,0,0.1,0,0,0,0.09,1
"Equatorial Guinea",1991,0.3150046635155,41.48,1,0,0,0,0,0,0,0,0,0,0,0,0,0,0,0,0,0,0,0.01,0.08,0,0,0,8.8,1.34,0,0,0,1.22,0,0.13,0,0,0.02,0,20.43,0,0,0,0,0,0,6.23,0,0,0.22,2
"Equatorial Guinea",1992,0.394853897980261,35.88,1.49,0,0,0,0,0,0,0,0,0,0,0,0,0,0,0,0,0,0,0.01,0.38,0,0,0,9.93,0.45,0,0,0,3.39,0,0.1,0,0,0.05,0,19.89,0,0,0,0,0,0,0,0,0,0.19,0
"Equatorial Guinea",1993,0.422579154163269,27.85,1.33,0,0,0,0,0,0,0,0,0,0,0,0,0,0,0,0,0,0,0.01,0.37,0,0,0,8.93,0.05,0,0,0,1.34,0,0.02,0,0.03,0.02,0,15.63,0,0,0,0,0,0,0,0,0,0.12,0
"Equatorial Guinea",1994,0.409196148919236,16.94,1.32,0,0,0,0,0,0,0,0,0,0,0,0,0,0,0,0,0,0,0,0.04,0,0,0,6.56,0.06,0,0,0.01,0.19,0,0.03,0,0.02,0.04,0,8.52,0,0.11,0,0,0,0,0,0,0,0.04,0
"Equatorial Guinea",1995,0.448559490185854,22.39,0.77,0.03,0,0,0,0,0,0,0,0,0,0,0,0,0,0,0,0,0,0.01,0.17,0,0,0,8.68,0.07,0,0,0,0.16,0,0.03,0,0.06,0,0,12.2,0,0.05,0,0,0,0,0,0,0,0.16,0
"Equatorial Guinea",1996,0.409458167619377,23.96,0.23,0.04,0,0,0,0,0,0,0,0,0,0,0,0,0,0,0,0,0,0.01,0.14,0,0,0,9.41,0.03,0,0,0,0.89,0,0.95,0,0,0.01,0,12.03,0,0.06,0.02,0,0,0,0,0,0,0.14,0
"Equatorial Guinea",1997,0.479574530926057,18.62,0.02,0.02,0,0,0,0,0,0,0,0,0,0,0,0,0,0,0,0,0,0.01,0,0,0,0.03,5.96,0.07,0,0,0,0,0,0,0,0,0,0,11.39,0,0.01,0.01,0,0,0,0,0,0,0.1,1
"Equatorial Guinea",1998,0.470884358475671,20.13,0.13,0,0,0,0,0,0,0,0,0,0,0,0,0,0,0,0,0,0,0.01,0,0,0,0,6.02,0.07,0,0,0,0.3,0,0,0,0.01,0.03,0,12.39,0,0,0,0,0,0.13,0,0,0,0.08,0.96
"Equatorial Guinea",1999,0.424219267721441,16.19,0.07,0,0,0,0,0,0,0,0,0,0,0,0,0,0,0,0,0,0,0.01,0,0,0,0,6.31,0.06,0,0,0,0.3,0,0,0,0,0.03,0,8.39,0,0.03,0,0,0,0,0,0,0,0.05,0.94
"Equatorial Guinea",2000,0.488793853321122,19.56,0.06,0.02,0,0,0,0,0,0,0,0,0,0,0,0,0,0,0,0,0,0,0,0,0,0,9.23,0.02,0.01,0,0,0,0,0,0,0,0.04,0.02,10.09,0,0.03,0,0,0.01,0,0,0,0,0,0.03
"Equatorial Guinea",2001,0.445310613150586,14.56,0.03,0,0,0,0,0,0,0,0,0,0,0,0,0,0,0,0,0,0,0,0,0,0,0,5.2,0,0,0,0,0.02,0,0,0,0.04,0.04,0,8.16,0,0.03,0,0,0,0,0,0,0,0.18,0.86
"Equatorial Guinea",2002,0.483046654897488,15.18,0.19,0,0,0,0,0,0,0,0,0,0,0,0,0,0,0,0,0,0,0,0,0,0,0,6.05,0.06,0.01,0,0,0,0,0,0,0.02,0,0,8.64,0,0.03,0,0,0,0,0,0,0,0.1,0.08
"Equatorial Guinea",2003,0.476605119291469,19.43,0.03,0,0,0,0,0,0,0,0,0,0,0,0,0,0,0,0,0,0,0.01,0,0,0,0,6.17,0,0.01,0,0,0.77,0,0,0,0,0,0,11.88,0.01,0.04,0,0,0,0,0,0,0,0.28,0.23
"Equatorial Guinea",2004,0.713333574062815,41.67,0.01,0,0,0,0,0,0,0,0,0,0,0,0,0,0,0,0,0,0,0.01,0,0,0,0,6.75,0,0.01,0,0,0,0,0,0,0,0,0.05,34.54,0,0.05,0,0,0.01,0,0,0,0,0.21,0.03
"Equatorial Guinea",2005,0.604727904824451,31.79,0.09,0.05,0,0,0,0,0,0,0,0,0,0,0,0,0,0,0,0,0,0.01,0,0,0,0,6.19,0,0.01,0,0,0,0,0,0,0,0,0.05,23.9,0,0.05,0,0,0,0,0,0,0,1.25,0.19
"Equatorial Guinea",2006,0.590785077660038,20.75,0.01,0,0,0,0,0,0,0,0,0,0,0,0,0,0,0,0,0,0,0,0,0,0,0,5.33,0,0.01,0,0,0,0,0,0,0,0,0.05,15.03,0,0.03,0,0,0,0,0,0,0,0.23,0.06
"Equatorial Guinea",2007,0.575525534631095,27.78,0.01,0.13,0,0,0,0,0,0,0,0,0,0,0,0,0,0,0,0,0,0,0,0,0,0,5.75,0,0,0,0,0,0,0,0,0,0,0,20.21,0,0,0,0,0.01,0,0,0,0.02,1.62,0.03
"Equatorial Guinea",2008,0.542768724279835,20.25,0.09,0,0,0,0,0,0,0,0,0,0,0,0,0,0,0,0,0,0,0.01,0,0,0,0,5.68,0.02,0.01,0,0,0.18,0,0,0,0,0,0,13.79,0,0,0,0,0.01,0,0,0,0.23,0.22,0.01
"Equatorial Guinea",2009,0.69858343753708,26.48,0.1,0,0,0,0,0,0,0,0,0,0,0,0,0,0,0,0,0,0,0.01,0,0,0,0,3.96,0.04,0,0,0,0,0,0,0,0,0,0,21.77,0,0,0,0,0,0,0,0,0,0.43,0.17
"Equatorial Guinea",2010,0.468394446651575,85.52,0.32,0.02,0,0,0,0,0,0,0,0,0,0,0,0,0,0,0,0,0,0.01,0,0,0,0,4.49,0.05,0.01,0,0,54.65,0,0,0,0,0,0,19.7,0,0.57,5.51,0,0.01,0,0,0,0,0.05,0.13
"Equatorial Guinea",2011,0.33818303291054,31.44,0.32,0.29,0,0,0.02,0,0,0,0,0,0,0,0,0,0,0,0,0,0,0.01,0.18,0,0,0,5.09,0.08,0.01,0,0,0,0,0,0,0,0,0.01,15.35,0,0.06,8.37,0,0.02,0,0,0,0.01,1.57,0.05
"Equatorial Guinea",2012,0.34885672914744,18.76,0.07,0.28,0,0,0.03,0,0,0,0,0,0,0,0,0,0,0,0,0,0,0.02,0.11,0,0,0,4.53,0.02,0.01,0,0,0,0,0,0,0,0,0,9.27,0,0.01,4.01,0,0,0,0,0,0.01,0.01,0.38
"Equatorial Guinea",2013,0.373625863459719,14.38,0.04,0.14,0,0,0.03,0,0,0,0,0,0,0,0,0,0,0,0,0,0,0.02,0,0,0,0,4.55,0.03,0.01,0,0,0.15,0,0,0,0,0,0.04,1.82,0,0.01,7.29,0,0,0,0,0,0.02,0,0.23
"Equatorial Guinea",2014,0.435964458141359,16.16,0,0.03,0,0,0.01,0,0,0,0,0,0,0,0,0,0,0,0,0,0,0.02,0,0,0,0,4.05,0.05,0,0,0,0,0,0,0,0,0,0.14,1.92,0,0.01,9.68,0,0,0,0,0,0.02,0.05,0.18
"Equatorial Guinea",2015,0.375298438934803,6.6,0.02,0.03,0,0,0.03,0,0,0,0,0,0,0,0,0,0,0,0,0,0,0.02,0,0,0,0,3.37,0.01,0,0,0,0.13,0,0,0,0,0,0.07,2.17,0,0,0.46,0,0,0,0,0,0,0.1,0.19
"Equatorial Guinea",2016,0.25805225640625,8.69,0.06,0.18,0,0,0.01,0,0,0,0,0,0,0,0,0,0,0,0,0,0,0.02,0,0,0,0,3.07,0.07,0,0,0,0,0,0,0,0,0,0.09,2.18,0,0,0.85,0,0,0,0,0,0,0.03,2.13
"Equatorial Guinea",2017,0.272013682331945,8.2,0.15,0,0,0,0.02,0,0,0,0,0,0,0,0,0,0,0,0,0,0,0.01,0,0,0,0,3.22,0.03,0,0,0,0.02,0,0,0,0,0,0.02,1.51,0,0,0.81,0,0,0,0,0.01,0,0.18,2.22
"Equatorial Guinea",2018,0.296768782070962,6.04,0.18,0,0,0,0.01,0,0,0,0,0,0,0,0,0,0,0,0,0,0,0.01,0,0,0,0,2.14,0.02,0,0,0,0,0,0,0,0,0,0.04,2.11,0,0,0,0,0,0,0,0.01,0,0.21,1.31
"Equatorial Guinea",2019,0.330787737889273,5.44,0.11,0,0,0,0.01,0,0,0,0,0,0,0,0,0,0,0,0,0,0,0,0,0,0,0,2.2,0.02,0,0,0,0,0,0,0,0,0,0.1,2.13,0,0,0,0,0,0,0,0,0,0.36,0.51
"Equatorial Guinea",2020,0.380826808389793,4.71,0.08,0,0,0,0,0,0,0,0,0,0,0,0,0,0,0,0,0,0,0,0,0,0,0,2.23,0.02,0,0,0,0,0,0,0,0,0,0.12,1.84,0,0,0,0,0,0,0,0,0.07,0.21,0.14
"Equatorial Guinea",2021,0.313958518316144,7.26,0.12,0,0,0,0,0,0,0,0,0,0,0,0,0,0,0,0,0,0,0,0,0,0,0,2.67,0.01,0,0,0,0,0,0,0,0,0,0.11,2.98,0.08,0.01,0.04,0,0,0,0,0.58,0.14,0.18,0.34
"Equatorial Guinea",2022,0.276213994028511,7.39355,0.754674,0.005886,0,0,0,0,0,0,0,0,0,0,0,0,0,0,0,0,0,0,0,0,0,0,2.449679,0.020835,0,0,0,0,0,0,0,0,0,0.140798,2.816738,0,0,0.04672,0,0,0,0,0.026883,0.06653,0.524725,0.540082
"Equatorial Guinea",2023,0.383266742958117,6.942348,0,0.625323,0,0,0.014919,0,0,0,0,0,0,0,0,0,0,0.004697,0,0,0,0,0,0,0,0,2.209887,0.031151,0,0,0,0,0,0,0,0,0,0.076617,3.627406,0,0,0.026669,0,0,0,0,0.032353,0.063404,0.114922,0.115
"Equatorial Guinea",2024,0.247902663667744,7.105844,0.082817,0.535944,0,0,0.008079,0,0,0,0,0,0,0,0,0,0,0,0,0,0,0,0,0.02117,0,0,1.784361,0.085259,0,0,0,0,0,0,0,0,0,0.081425,2.62086,0,0,0.316972,0,0,0,0,0,0.059419,0.079254,1.430284
"Equatorial Guinea",2025,NA,0,0,0,0,0,0,0,0,0,0,0,0,0,0,0,0,0,0,0,0,0,0,0,0,0,0,0,0,0,0,0,0,0,0,0,0,0,0,0,0,0,0,0,0,0,0,0,0,0
"Eritrea",1993,0.291791263431712,49.86,0,0.1,0,0,1.58,0.05,0,0,0,0,0,0,0,0,0,0,0,0,0,0,0,0,0.66,1.07,0,0,0,0,0,25,0,0,0,0.03,6.79,0,0.03,4.02,0.07,4,0,0,0.67,0.94,0,0.01,0.84,4
"Eritrea",1994,0.101089313578742,107.94,0.06,0.05,0,0,4.72,0.06,0,0,0,0,0,0,0,0,0,0,0,0,0,0.01,4.46,0,0.77,0.17,2.49,20.01,0,0,0,14.93,0,0,0,5.6,9.12,0,0.05,8.91,3.19,7.73,0,0,11.86,0.29,0,0,4.46,9
"Eritrea",1995,0.116070242419459,99.91,0.66,0.07,0,0,4.88,0,0,0,0,0,0,0,0,0,0,0,0,0,0,0,3.1,0,6.88,0.68,1.96,22.13,0,0,0.19,16.4,0,0.13,0,4.35,14.13,0,0.21,5.36,3.71,3.67,0,0,2.03,3.05,0.17,0,1.15,5
"Eritrea",1996,0.11730744663636,130.56,2.01,0.08,0,0,1.7,0,0,0,0,0,0,0,0,0,0,0,0,0,0,0.02,3.52,0,4.38,0.82,4.09,22.28,2.77,0,0.28,28.05,0,0,0,11.89,13.42,0,0.2,2.12,8.67,2.77,0,0,2.43,0.24,0.23,0,3.59,15
"Eritrea",1997,0.0872457956215173,97.63,12.41,0,0,0,1.08,0,0,0,0,0,0,0,0,0,0,0,0,0,0,0.01,1.03,0,4.64,0.59,1.79,10.16,0.01,0,0.11,12.74,0,0,0,5.87,8.81,0,0.41,5.03,1.13,1.69,0,0.35,7.52,5.19,3.68,0,1.38,12
"Eritrea",1998,0.116218942138678,129.27,15.55,0,0,0,0.37,0,0,0,0,0,0,0,0,0,0,0,0,0,0,0.02,0.55,0,11.32,0.41,1.15,5.38,0,0,0.24,24.59,0,0,0,5.31,5.39,0,0.48,2.8,1.32,1.81,0,0.41,19.27,3.19,8.71,0,0.8,20.2
"Eritrea",1999,0.144874680775123,99.69,0.43,0.03,0,0,0.1,0,0,0,0,0,0,0,0,0,0,0,0,0,0,0.04,0.2,0,9.3,0.36,1.21,3.49,0.01,0,0.33,30.27,0,0,0,7.93,7.44,0,0.23,4.3,1.73,0.7,0,0.18,9.9,2.22,6.87,0,0.95,11.47
"Eritrea",2000,0.164746612644628,121.14,0.4,0.04,0,0,0.59,0.18,0,0,0,0,0,0,0,0,0,0,0,0,0,0.09,1.11,0,11.03,0.31,3.3,3.64,0.05,0,0.54,18.61,0,0.11,0,15.8,6.41,0,0.34,5.48,1.54,1.13,0,0.22,2.6,5.32,1.03,0,1.78,39.49
"Eritrea",2001,0.193028609590389,155.02,3.47,0,0,0,0.05,0.08,0,0,0,0,0,0,0,0,0,0,0,0,0,0.02,4.06,0,13.85,0.21,5.17,4.72,0,0,0.76,57.27,0,0.4,0,11.92,4.55,0,0.23,7.36,2.06,4.87,0,0.19,1.7,1.32,0.44,0,1.39,28.93
"Eritrea",2002,0.157239449125305,131.28,4.29,0.1,0,0,0.63,0.03,0,0,0,0.01,0,0,0,0,0,0,0,0,0,1.01,5.97,0,10.18,0.19,4.29,3.7,0,0,1.53,8.89,0,0.28,0,12.59,13.46,0,0.08,4.24,2.14,1.2,0,0.18,5.43,0,4.82,0,1.1,44.94
"Eritrea",2003,0.269788121023298,187.58,11.74,0.05,0,0,1.66,1.2,0,0,0,0,0,0,0,0,0,0,0,0,0,0.94,3.37,0,11.46,2.07,1.43,5.8,0,0,1.94,10.34,0,0,0,8.27,21.55,0,0.83,2.39,1.81,4.36,0,0.15,1.51,0,0,0,2.59,92.12
"Eritrea",2004,0.313865603521607,178.67,1.61,0,0,0,0.81,0.16,0,0,0,0,0,0,0,0,0,0,0,0,0,0.17,0.37,0,7.17,1.63,0.81,4.35,0.78,0,2.5,16.41,0,0,0,12.5,18.63,0,0.2,3.2,0.97,5.04,0,0.07,0.75,0,0,0,5.15,95.39
"Eritrea",2005,0.411563026151632,227.41,7.24,0.22,0,0,0.01,0.03,0,0,0,0,0,0,0,0,0,0,0,0,0,0.12,0.32,0,3.14,1.58,1.14,4.92,0.7,0,2.8,25,0,0,0,5.83,18.83,0,0.32,3.14,1.89,3.07,0,0.04,0.95,0,0,0,4.24,141.88
"Eritrea",2006,0.128306950030913,66.64,9.91,0.01,0,0,0,0,0,0,0,0,0,0,0,0,0,0,0,0,0,0.36,0.95,0,1.48,1.14,0.85,4.83,0.7,0,2.03,3.53,0,0,0,3.27,17.9,0,1.17,2.08,0.84,5.54,0,0.01,0,0,1.86,0.02,0.84,7.32
"Eritrea",2007,0.113429962216532,49.19,8.37,0.21,0,0,0.05,0,0,0,0,0.01,0,0,0,0.02,0.01,0,0,0,0,0.09,0.84,0,1.11,0.69,0.9,3.9,0.05,0,1.5,1.79,0,0,0,4.43,10.18,0,0.23,2.64,0.47,6.4,0,2.1,0,0,0,0.19,1.4,1.61
"Eritrea",2008,0.143506235889143,59.93,17.71,0.01,0,0,0,0,0,0,0,0,0,0,0,0.01,0,0,0,0,0,0,1.99,0,0.78,0.4,0.8,1.28,0.13,0,1.1,2.03,0,0,0,3.88,8.9,0,1.75,1.93,0.79,5.57,0,6.68,0.05,0,0,0.68,0.05,3.41
"Eritrea",2009,0.127561797656677,58.42,8.78,0,0,0,0,0,0,0,0,0,0,0,0,0.01,0,0,0,0,0.01,0,0,0,0.56,0.46,0.53,1.43,0.01,0,0.61,0.83,0,0,0,3.65,9.63,0.04,1.78,3.39,1.08,6.45,0,13.25,0,0,1.3,0.44,0.56,3.62
"Eritrea",2010,0.790511952340921,458.48,9.86,0,0,0,0,0,0,0,0,0,0,0,0,0,0.01,0,0,0,0,0.02,0,0,0.91,0.7,0.65,1.14,0.01,0,1.53,0.85,0,0,0,2.84,9.63,0,0.18,1.27,0.85,407.06,0,15.8,0,0,3.68,0.53,0.01,0.95
"Eritrea",2011,0.895165573944986,583.9,9.45,0.01,0,0,0,0,0,0,0,0.15,0,0,0,0,0.03,0,0,0,0,0.01,0.11,0,0.81,0.54,0.79,0.8,0.02,0,0.35,1.9,0,0,0,0.12,8.07,0,0.03,1.03,0.59,552.28,0,0,0.08,0,1.53,4.37,0.75,0.08
"Eritrea",2012,0.756296031699714,488.87,1.73,0.01,0,0.02,0.3,0,0,0,0,0.01,0,0,0,0,0,0,0,0,0,0,0.1,0,0.06,0,0.7,1.61,0,0,0.23,0.53,0,0,0,0,3.2,0.01,0,0.55,0.31,421.74,0,0,0,0,53.48,1.86,2.17,0.25
"Eritrea",2013,0.962476641589259,525.69,1.14,0,0,0.03,0,0,0,0,0,0.01,0,0,0,0,0,0,0,0,0,0,0,0,0,0,0.65,0.8,0,0,0.22,1.94,0,0,0,0,0.79,0,0.15,1.14,0.5,515.72,0,0,0,0,0.16,2.2,0.04,0.2
"Eritrea",2014,0.979146924429147,539.59,1.32,0,0,0.04,0,0,0,0,0,0,0.01,0,0,0,0,0,0,0,0,0,0,0,0,0,0.22,0.49,0,0,0.17,0.97,0,0,0,0,0.14,0,0,0.75,0.3,533.93,0,0,0,0,0.04,0.12,0.94,0.15
"Eritrea",2015,0.8440258833972,565.41,2.74,0,0,0.08,0.03,0,0,0,0,0,0,0,0,0,0,0,0,0,0,0,0,0,0,2.65,0.15,0.6,0,0,0.77,0.67,0,0,0,0,1.37,0,0,0.03,0.76,518.17,0,0,0,0,36.13,0,1.18,0.08
"Eritrea",2016,0.947713709091271,463.62,1.12,0,0,0.15,0.03,0,0,0,0,0,0,0,0,0,0,0,0,0,0,0,0.62,0,0,0.14,0.17,0.92,0,0,1.37,0.43,0,0,0.26,0,1.99,0,0.55,0.13,0.74,451.32,0,0.09,0,0.08,2.11,0.2,1.06,0.14
"Eritrea",2017,0.858216755867316,456.37,3.5,0.01,0,0.11,0,0,0,0,0,0,0,0,0,0,0,0,0,0,0,0,0,0,0,0.13,0.45,2.26,0,0,1.39,1.31,0,0,0.2,0,0.52,0.01,2.62,0.07,3.37,422.41,0,0,0,0,16.52,0.54,0.82,0.13
"Eritrea",2018,0.215300520757269,28.28,0.44,0,0,0,0.03,0,0,0,0,0,0,0.02,0,0,0,0,0,0,0,0.01,0,0,0,0.12,0.53,4.67,0,0,1.51,0.53,0,0,0,0,0.69,0,1.33,0.33,1.94,4.11,0,0,0,0,11.12,0.09,0,0.81
"Eritrea",2019,0.8462820274951,322.09,7.14,0,0,0,0,0,0,0,0,0,0,0.09,0,0,0.02,0,0,0,0,0.01,0,0,0,0.03,0.46,4.79,0,0,1.47,2.05,0,0,0,0,0.68,0.06,0.33,0.3,1.75,6.43,0,0,0,0,296.09,0.3,0.03,0.06
"Eritrea",2020,0.149392666115801,18.93,2,0,0,0,0,0,0,0,0,0,0,0.06,0,0,0.04,0,0,0,0,0.02,0,0,0.19,0,0.42,4.11,0,0,1.47,1.02,0,0,0,0,0.27,0,0.07,0.35,1.34,2.63,0.11,0,0,0,4.5,0.19,0.04,0.1
"Eritrea",2021,0.144268524930748,15.2,2.35,0,0,0,0.02,0,0,0,0,0,0,0.11,0,0,0.04,0,0,0,0,0.03,0,0,0.19,0.01,0.64,3.84,0,0,1.44,1.63,0,0,0,0,0,0,0,1.16,1.19,2.25,0,0,0,0,0,0.11,0.19,0
"Eritrea",2022,0.213701997667343,13.451017,0.518249,0.020486,0,0,0,0,0,0,0,0,0,0.346363,0,0,0.010662,0,0,0,0,0.013295,0,0,0,0.026742,1.139855,1.705438,0,0,1.372979,5.44343,0,0,0,0,0,0,0,0.64532,0,1.100606,0,0,0,0,0.953743,0.044707,0.109142,0
"Eritrea",2023,0.411062538621088,20.849429,1.138357,0.002478,0,0,0,0,0,0,0,0,0,0.283636,0,0,0.00971,0,0,0,0,0.019374,0,0,0,0,0.617133,1.489728,0,0,1.29145,0.351238,0,0,0,0,0,0,0.038616,0.262167,0.912076,1.086844,0,0,0,0,13.068337,0.047702,0.230583,0
"Eritrea",2024,0.113562505449834,10.299178,0.799275,0.004063,0,0,0.050309,0,0.001348,0,0,0,0,0.273573,0,0,0.00938,0,0,0,0,0.024501,0,0,0,0,0.598495,1.29987,0,0,1.378395,0.769654,0,0,0,0,0,0,0,0.468316,0.845558,1.287534,0,0,0,0,2.002667,0.427352,0.058888,0
"Eritrea",2025,NA,0,0,0,0,0,0,0,0,0,0,0,0,0,0,0,0,0,0,0,0,0,0,0,0,0,0,0,0,0,0,0,0,0,0,0,0,0,0,0,0,0,0,0,0,0,0,0,0,0
"Eswatini",1968,0.934051180984801,9.15,0,0,0,0,0,0,0,0,0,0,0,0,0,0,0,0,0,0,0,0,0,0,0.01,0,0,0,0,0,0,0,0,0,0,0,0,0,0,0.04,0,8.84,0,0,0,0,0,0,0.03,0.23
"Eswatini",1969,0.96294295097663,10.66,0,0,0,0,0.02,0,0,0,0,0,0,0,0,0,0,0,0,0,0,0,0,0,0,0,0,0.03,0,0,0,0,0,0,0,0,0,0,0,0.09,0,10.46,0,0,0,0,0,0,0.06,0
"Eswatini",1970,0.649898626012652,6.78,0,0,0,0,0.02,0,0,0,0,0,0,0,0,0,0,0,0,0,0,0,0.01,0,0.04,0,0,0.04,0,0,0,0,0,0,0,0.11,0,0,0,0.14,0,5.37,0,0,0,0,0,0,0.05,1
"Eswatini",1971,0.544785003412644,5.02,0.01,0,0,0,0.01,0,0,0,0,0,0,0,0,0,0,0,0,0,0,0,0.01,0,0.03,0,0,0.07,0,0,0,0,0,0,0,0.05,0.03,0,0,0.21,0,3.56,0,0,0,0,0,0,0.04,1
"Eswatini",1972,0.547394214887601,15.12,0.02,0,0,0,0.03,0.01,0,0,0,0,0,0,0,0,0,0,0,0,0,0,0.03,0,1.1,0,0,0.07,0,0,0,0,0,0,0,0.05,0.01,0,0,0.82,0,10.92,0,0,0,0,0,0,0.06,2
"Eswatini",1973,0.519134468934367,11.95,0.02,0,0,0,0.03,0,0,0,0,0,0,0,0,0,0,0,0,0,0,0,0.01,0,1.32,0,0,0.13,0,0,0,0,0,0,0,0.11,0.12,0,0,0.66,0.01,8.42,0,0,0,0,0,0,0.12,1
"Eswatini",1974,0.433691057413199,12.97,0.03,0,0,0,0.02,0,0,0,0,0,0,0,0,0,0,0,0,0,0,0,0.02,0,0.61,0,0,0.5,0,0,0,0,0,0,0,0.37,0.19,0,0,1.5,0.01,8.29,0,0,0,0,0,0,0.43,1
"Eswatini",1975,0.295553505598563,10.78,0.02,0,0,0,0.03,0,0,0,0,0,0,0,0,0,0,0,0,0,0,0.01,0,0,0.51,0.07,0,0.77,0,0,0.02,0,0,0,0,0.19,0.05,0,0,2.25,0,5.19,0,0,0,0,0,0,0.67,1
"Eswatini",1976,0.200054865066228,9.81,0.06,0,0,0,0.05,0.04,0,0,0,0,0,0,0,0,0,0,0,0,0,0.02,0.02,0,0.77,0.03,0,1.13,0,0,0.02,0,0,0,0,0.46,0.26,0,0,1.34,0,3.66,0,0,0,0,0,0,0.95,1
"Eswatini",1977,0.457027975700767,23.82,0.12,0,0,0,0.04,0,0,0,0,0,0,0,0,0,0,0,0,0,0,0.03,0.03,0,1.83,0.01,0,1.12,0,0,0.03,0,0,0,0,0.36,0.33,0,0,1.02,0,15.74,0,0,0,0,0,0,2.16,1
"Eswatini",1978,0.30375590280131,33.99,0.18,0,0,0,0.06,0.01,0,0,0,0,0,0,0,0,0,0,0,0,0,0.01,0.04,0,0.68,0,0,12.82,0,0,0.08,0,0,0,0,0.94,0.39,0,0,3.13,0,13.11,0,0,0,0,0,0,1.54,1
"Eswatini",1979,0.333470272044807,33.17,0.34,0,0,0,0.06,0.01,0,0,0,0,0,0,0,0,0,0,0,0,0,0.02,0.07,0,0.86,0.01,0,13,0,0,0.14,0,0,0,0,0.75,0,0,0,0.79,0.04,13.79,0,0,0,0,0,0,1.29,2
"Eswatini",1980,0.305381771200775,34.3,0.44,0,0,0,0.13,0.01,0,0,0,0,0,0,0,0,0,0,0,0,0,0.02,0.04,0,0.58,0,0.1,2.49,0,0,0.15,0,0,0,0,1.22,0.05,0,0,1.64,0,15.01,0,0,0,0,0,0,1.42,11
"Eswatini",1981,0.222665776183377,25.53,0.95,0,0,0,0.08,0,0,0,0,0,0,0,0,0,0,0,0,0,0,0,0,0,0.24,0,0.05,2.28,0,0,0.18,0.02,0,0,0,1.19,0,0,0,4.11,0,8.4,0,0,0,0,0,0,1.03,7
"Eswatini",1982,0.230432833788326,21.06,0.96,0,0,0,0.11,0,0,0,0,0,0,0,0,0,0,0,0,0,0,0,0.11,0,0.32,0,0.1,2.79,0,0,0.11,0.05,0,0,0,0.85,0,0,0,1.15,0.05,6.42,0,0,0,0,0,0,1.04,7
"Eswatini",1983,0.272208844977249,22.66,0.45,0,0,0,0.13,0,0,0,0,0,0,0,0,0,0,0,0,0,0,0.01,0,0,0.15,0,0.06,3.71,0,0,0.09,0,0,0,0,0.54,0,0,0,0.78,0.12,4.52,0,0,0,0,0,0,2.1,10
"Eswatini",1984,0.209308774314601,19.57,0.94,0,0,0,0.3,0,0,0,0,0,0,0,0,0,0,0,0,0,0,0,0.19,0,0.14,0.02,0.14,1.84,0,0,0.02,0.09,0,0,0,0.51,0.09,0,0,3.4,0.05,3.68,0,0,0,0,0,0,1.16,7
"Eswatini",1985,0.23101763626994,20.34,0.75,0,0,0,0.32,0,0,0,0,0,0,0,0,0,0,0,0,0,0,0,0.09,0,0.12,0,0.7,1.75,0,0,0,0.3,0,0,0,0.43,0.18,0,0,0.55,0.03,2.73,0,0,0,0,0,0,4.39,8
"Eswatini",1986,0.16654780156158,27.24,0.51,0,0,0,0.16,0,0,0,0,0,0,0,0,0,0,0,0,0,0,0.02,0.62,0,2.9,0.02,0.98,2.89,0,0,0.04,0.69,0,0,0,0.78,0,0,0,2.45,0,5.63,0,0,0,0,0,0,1.55,8
"Eswatini",1987,0.214786265152565,32.76,0.17,0,0,0,0.61,0,0,0,0,0,0,0,0,0,0,0,0,0,0,0,0.34,0,6.63,0.03,0.32,3.74,0,0,0.07,0.74,0,0,0,0.72,0.47,0,0,0.26,0.06,4.85,0,0,0,0,0,0,1.75,12
"Eswatini",1988,0.169234697889298,32.84,0.04,0,1.54,0,0.31,0,0,0,0,0,0,0,0,0,0,0,0,0,0,0,0,0,4.11,0.01,0.14,3.49,0,0,0.1,4.09,0,0,0,1.9,0.12,0,0,0,0,5.25,0,0,0,0,0,0,1.74,10
"Eswatini",1989,0.165425364343634,37.44,0.02,0,1.82,0,0.7,0,0,0,0,0,0,0,0,0,0,0,0,0,0,0.01,0.42,0,3.44,0.06,0.2,4.32,0,0,0.08,1.66,0,0,0,5.29,0.06,0,0,0,0,6.49,0,0,0,0,0,0,1.87,11
"Eswatini",1990,0.186005981994387,42.95,0.09,0,0.1,0,0.83,0,0,0,0,0,0,0,0,0,0,0,0,0,0,0.01,0.01,0,4.98,0.07,0.16,5.28,0,0,0.07,5.56,0,0,0,1.41,0.04,0,0,0,0.08,7.15,0,0,0,0,0,0,3.11,14
"Eswatini",1991,0.172744979446146,35.59,2.42,0.24,0.1,0,0.96,0,0,0,0,0,0,0,0,0,0,0,0,0,0,0,0.54,0,2.13,0.06,0.06,4.14,0,0,0.06,1.38,0,0,0,1.65,0.54,0,0,0.96,0,5.8,0,0,0,0,0,0,2.55,12
"Eswatini",1992,0.182699167657551,34.8,3.29,0.21,3.31,0,0.35,0,0,0,0,0,0,0,0,0,0,0,0,0,0,0.02,0.7,0,0.39,0.06,0.06,4.38,0,0,0.08,0.47,0,0,0,1.28,0.57,0,0,0,0,5.26,0,0,0,0,0,0,2.37,12
"Eswatini",1993,0.213051350442138,40.8,3.33,0.22,2.49,0,0.58,0,0,0,0,0,0,0,0,0,0,0,0,0,0,0,0.36,0,0.27,0,0.16,3.92,0,0,0.07,0.44,0,0,0,1.49,0.6,0,0,0.38,0,10.96,0,0,0,0,0,0,1.53,14
"Eswatini",1994,0.197526389396206,34.79,7.13,0.12,1.93,0,0.57,0,0,0,0,0,0,0,0,0,0,0,0,0,0,0,0.29,0,0.27,0,0.03,8.1,0,0,0.08,0.15,0,0,0,0.93,0,0,0,0.16,0,4.07,0,0,0,0,0,0,0.96,10
"Eswatini",1995,0.197441557623473,56.74,5.59,0.23,2.4,0,0.51,0,0,0,0,0,0,0,0,0,0,0,0,0,0,0,0.34,0,2.01,0,0.04,11.13,0,0,0.07,0.94,0,0,0,2.03,0.34,0,0,0.49,0,17.9,0,0,0,0,0,0,0.72,12
"Eswatini",1996,0.193283365839646,39.86,10.22,0.17,2.6,0,0.35,0,0,0,0,0,0,0,0,0,0,0,0,0,0,0,0.09,0,0.16,0,0.08,7.04,0,0,0.17,0.28,0,0,0,2.19,0.17,0,0,0.45,0,4.45,0,0,0,0,0,0,0.44,11
"Eswatini",1997,0.196565589846372,25.88,9.34,0.18,1.06,0,0.22,0,0,0,0,0,0,0,0,0,0,0,0,0,0,0,0.03,0,1.07,0,0.06,3.69,0,0,0.16,0.73,0,0,0,0.9,0.8,0,0,0.12,0,4.7,0,0.41,0,0,0,0,0.41,2
"Eswatini",1998,0.272259386017588,26.05,6.24,0.05,0,0,0.08,0.02,0,0,0,0,0,0,0,0,0,0,0,0,0,0,0.03,0,0.05,0,0.08,2.12,0,0,0.08,0.36,0,0,0,0.41,0.07,0,0,0.09,0,5.5,0,0.23,0,0,0,0,0.12,10.52
"Eswatini",1999,0.224229153828551,20.17,4.61,0,0,0,0.11,0.03,0,0,0,0,0,0,0,0,0,0,0,0,0,0,0.11,0,3.38,0,0.08,2.36,0,0,0.12,0.52,0,0,0,0,0.12,0,0,0,0.04,7.15,0,0.06,0,0,0,0,0.28,1.2
"Eswatini",2000,0.279447030765379,13.51,5.99,0.01,0,0,0.03,0.03,0,0,0,0,0,0,0,0,0,0,0,0,0,0,0.03,0,1.22,0,0.04,0.89,0,0,0.1,0.58,0,0,0,0.03,0.1,0,0,0.02,0,3.48,0,0.03,0.13,0,0,0,0.27,0.53
"Eswatini",2001,0.232170915334029,16.24,6.54,0,0,0,0.07,0.05,0,0,0,0,0,0,0,0,0,0,0,0,0,0,0,0,1.15,0,0.04,0.79,0,0,0.1,0.73,0,0,0,1.08,0.1,0,0,0,0,2.14,0,0.02,3.19,0,0,0,0.1,0.14
"Eswatini",2002,0.177531757745568,18.33,4.52,0.03,0,0,0.11,0.1,0,0,0,0,0,0,0,0,0,0,0,0,0,0,0,0,0.96,0,0.03,0.7,0,0,0.31,4.21,0,0,0,1.1,0.17,0,0,0.18,0,1.4,0,0.02,4.08,0,0,0,0.22,0.19
"Eswatini",2003,0.223523689928902,19.27,5.02,0.07,0,0,0.08,0.02,0,0,0,0,0,0,0,0,0,0,0,0,0,0,0,0,0.4,0,0.02,0.83,0,0,0.07,7.04,0,0,0,0.22,0.39,0,0,0.07,0.07,1.4,0,0.01,1.81,0,0,0,0.43,1.32
"Eswatini",2004,0.181679517909035,14.78,4.86,0.06,0,0,0.05,0.02,0,0,0,0,0,0,0,0,0,0,0,0,0,0,0,0,0.6,0.07,0.08,0.31,0,0,0.3,3.1,0,0,0,0.28,0.38,0,0,0.18,0,1.43,0,0.01,0.87,0,0,0,0.61,1.57
"Eswatini",2005,0.564849959183674,35,25.91,0.06,0,0,0.01,0,0,0,0,0,0,0,0,0,0,0,0,0,0,0,0,0,0.2,0.04,0.18,0.49,0,0,0.02,0.59,0,0,0,0.08,0.45,0,0,0,0,1.15,0,0,0,0,0,0,3.77,2.05
"Eswatini",2006,0.474661270810144,17.26,11.61,0.06,0,0.02,0.35,0,0,0,0,0,0,0,0,0,0,0,0,0,0,0,0,0,0.18,0.05,0.22,0.19,0.04,0,0.15,0.5,0,0,0,0.02,0.43,0,0,0.01,0,0.24,0,0.01,0,0,0,0,0.96,2.22
"Eswatini",2007,0.169875377148104,23.1,7.26,0.34,0,0,0.71,0.01,0,0,0,0,0,0,0,0,0,0,0,0,0,0.02,0.18,0,0.42,0.3,0.3,0.74,0,0,1.68,1.28,0,0,0,0.04,0.76,0,0,0,0.02,3.81,0,0,0,0,0,0,1.36,3.87
"Eswatini",2008,0.226190056890606,21.84,3.18,0.18,0,0.01,0.25,0,0,0,0,0,0,0,0,0,0,0,0,0,0,0.01,0.02,0,0.11,0.26,0.3,1.52,0.1,0,0.33,0.93,0,0,0,0,2.31,0,0,0,0.14,2.49,0,0,0,0,0,0,0.63,9.07
"Eswatini",2009,0.399021372637482,26.09,1.19,0.1,0,0.03,0.41,0.11,0,0,0,0,0,0,0,0,0,0,0,0,0,0,0,0,0.4,0.3,0.16,1.27,0,0,0.18,0.05,0,0.38,0,0,3.22,0,1.17,0.14,0.02,0.08,0,0,0,0,0,0,0.9,15.98
"Eswatini",2010,0.491778515436084,34.49,4.36,0.18,0,0.13,0.35,0,0,0,0,0,0,0,0,0,0,0,0,0,0,0,0,0,0.35,0.19,0.16,0.28,0,0,0.05,0.38,0,0.66,0,0,1.61,0,0,0,0.11,0.02,0,0,1.24,0,0,0,0.75,23.67
"Eswatini",2011,0.423642976193801,74.71,15.11,0.17,0,0.06,1.45,0.19,0,0,0,0,0,0,0,0,0,0,0,0,0,0,0,0,0.6,0.37,0.21,1.66,0,0,0,0.35,0,0.42,0,0,1.79,0,0,0.04,0.23,0.03,0,0,4.54,0,0,0.01,1.61,45.87
"Eswatini",2012,0.514399369685142,62.65,0.99,0.32,0,0.02,1.43,0,0,0,0,0,0,0,0,0,0,0,0.04,0,0,0.04,0,0,0,0.47,0.12,0.35,0,0,0,0,0,0,0,0,1.47,0,0,0.07,0.22,7.67,0,0.01,4.09,0,0,0.01,1.33,44
"Eswatini",2013,0.558999376028135,51.85,1.8,0.04,0,0.03,1.53,0.05,0,0,0,0,0,0,0,0,0,0,0,0,0,0.06,0,0,0,0.56,0.12,0.37,0,0,0.05,0,0,0,0,0,1.79,0.14,0,0.74,0.02,2.01,0,0,2.75,0,0,0.12,1.2,38.47
"Eswatini",2014,0.627624724618044,55.83,0.5,0.12,0,0.01,1.02,0.05,0,0,0,0,0,0,0,0,0,0,0,0,0,0,0,0,0,0.44,0.15,0.25,0,0,0.03,0.19,0,0.17,0,0,0.69,0.12,0.02,2.43,0.12,1.57,0,0,1.85,0,0,0.15,1.92,44.03
"Eswatini",2015,0.742777053487633,41.94,0.94,0.72,0,0.02,0.8,0.04,0,0,0,0,0,0,0,0,0,0,0,0,0,0.06,0,0,0,0.49,0.1,0.12,0,0,0.18,0.02,0,0.22,0,0,0.63,0.09,0,0.25,0.55,0.26,0,0,0.06,0,0,0.02,0.27,36.1
"Eswatini",2016,0.558916654526782,76.78,1.18,0.23,0,0.02,0.49,0.08,0,0,0,0,0,0,0,0,0,0,0,0,0,0.03,0,0,0,0.23,0.12,0.21,0,0,0.04,0.06,0,0.22,0,0,0.79,0.11,0.01,0.88,0.54,0.01,0,0,8.53,0,5.92,0.1,0.56,56.42
"Eswatini",2017,0.644273959060387,87.43,3.74,0.16,0,0.03,6.36,0.05,0,0,0,0,0,0,0,0,0,0,0,0,0,0.02,0,0,0,0.15,0.14,0.57,0,0,0.03,0.22,0,0,0,0,0.46,0.15,0,0.26,0.07,0.39,0,0,2.51,0,1.89,0.27,0.25,69.71
"Eswatini",2018,0.540263520484962,90.35,7.47,0,0,0,0.48,0.03,0,0,0,0,0,0,0,0,0,0,0,0,0,0,0,0,0,0,0.27,0.53,0,0,0.02,0.15,0,0,0,0,0.53,0.07,0,0.1,1.1,0.42,0,0,14.62,0,0,0,0.23,64.33
"Eswatini",2019,0.682112981219375,57.28,6.56,0,0,0,0.6,0.07,0,0,0,0,0,0,0,0,0,0,0,0,0,0,0,0,0,0,0.61,0.6,0,0,0.02,0.03,0,0,0,0,0.64,0.09,0,0.09,0.33,0.48,0,0,0,0,0,0.09,0.24,46.83
"Eswatini",2020,0.751796996350393,75.76,6.73,0,0,0,0.4,0.06,0,0,0,0,0,0,0,0,0,0,0,0,0,0.06,0,0,0,0.03,0.27,0.36,0,0,0,0,0,0,0,0,0.63,0.05,0.01,0.15,0.34,0.59,0.03,0,0,0,0.01,0.05,0.66,65.33
"Eswatini",2021,0.701629099222521,74.15,7.34,0,0,0,0.13,0.08,0,0,0,0,0,0,0,0,0.01,0,0,0,0,0,0,0,0,0.86,0.15,0.38,0,0,0,0,0,0,0,0,0.93,0.05,0,0.47,0.66,0.55,0,0.02,0,0,0.29,0.06,0.52,61.65
"Eswatini",2022,0.725579030693974,83.366797,3.576455,0.188585,0,0.000152,0.066822,0.184326,0,0,0,0,0,0,0,0,0.007108,0,0,0,0,0.028737,0,0,0,0.846257,0.181945,0,0,0,0,0.666536,0,0,0,0,0.597718,0.071279,0,0.501608,2.245641,0.17461,0,0.005828,0,0,0,0.033333,3.188173,70.801684
"Eswatini",2023,0.622715495360262,79.71854,1.020516,0.318087,3.584197,0,0.09945,0.00147,0,0,0,0,0,0,0,0,0.006474,0.006508,0,0,0,0.024761,0,0,0,0.014389,7.787566,0.178216,0,0,0,0,0,0,0,0,0.671584,0.075691,0,0.693092,0.912632,0.165318,0,0.004005,1.27223,0,0,0.015502,0.585648,62.281204
"Eswatini",2024,0.743644871325234,80.657074,3.825989,0.385983,2.133319,0,0.072911,0.041387,0,0,0,0,0,0,0,0,0.00938,0,0,0,0,0.026008,0.004478,0,0,0,0.125841,0.342145,0,0,0,0,0,0,0,0,0.769027,0.064983,0,0.626058,0,0.199003,0,0.001392,1.481022,0,0.649356,0.044932,0.467353,69.386507
"Eswatini",2025,NA,0,0,0,0,0,0,0,0,0,0,0,0,0,0,0,0,0,0,0,0,0,0,0,0,0,0,0,0,0,0,0,0,0,0,0,0,0,0,0,0,0,0,0,0,0,0,0,0,0
"Ethiopia",1951,NA,0,0,0,0,0,0,0,0,0,0,0,0,0,0,0,0,0,0,0,0,0,0,0,0,0,0,0,0,0,0,0,0,0,0,0,0,0,0,0,0,0,0,0,0,0,0,0,0,0
"Ethiopia",1952,NA,0,0,0,0,0,0,0,0,0,0,0,0,0,0,0,0,0,0,0,0,0,0,0,0,0,0,0,0,0,0,0,0,0,0,0,0,0,0,0,0,0,0,0,0,0,0,0,0,0
"Ethiopia",1953,NA,0,0,0,0,0,0,0,0,0,0,0,0,0,0,0,0,0,0,0,0,0,0,0,0,0,0,0,0,0,0,0,0,0,0,0,0,0,0,0,0,0,0,0,0,0,0,0,0,0
"Ethiopia",1954,NA,0,0,0,0,0,0,0,0,0,0,0,0,0,0,0,0,0,0,0,0,0,0,0,0,0,0,0,0,0,0,0,0,0,0,0,0,0,0,0,0,0,0,0,0,0,0,0,0,0
"Ethiopia",1955,NA,0,0,0,0,0,0,0,0,0,0,0,0,0,0,0,0,0,0,0,0,0,0,0,0,0,0,0,0,0,0,0,0,0,0,0,0,0,0,0,0,0,0,0,0,0,0,0,0,0
"Ethiopia",1956,NA,0,0,0,0,0,0,0,0,0,0,0,0,0,0,0,0,0,0,0,0,0,0,0,0,0,0,0,0,0,0,0,0,0,0,0,0,0,0,0,0,0,0,0,0,0,0,0,0,0
"Ethiopia",1957,NA,0,0,0,0,0,0,0,0,0,0,0,0,0,0,0,0,0,0,0,0,0,0,0,0,0,0,0,0,0,0,0,0,0,0,0,0,0,0,0,0,0,0,0,0,0,0,0,0,0
"Ethiopia",1958,NA,0,0,0,0,0,0,0,0,0,0,0,0,0,0,0,0,0,0,0,0,0,0,0,0,0,0,0,0,0,0,0,0,0,0,0,0,0,0,0,0,0,0,0,0,0,0,0,0,0
"Ethiopia",1959,NA,0,0,0,0,0,0,0,0,0,0,0,0,0,0,0,0,0,0,0,0,0,0,0,0,0,0,0,0,0,0,0,0,0,0,0,0,0,0,0,0,0,0,0,0,0,0,0,0,0
"Ethiopia",1960,0.470181958840784,14.71,0.01,0,0,0,0,0,0,0,0,0,0,0,0,0,0,0,0,0,0,0,0,0,0,0,0,0.3,0,0,0,6.13,0,0,0,0,0,0,0,0.27,0,0,0,0,0,0,0,0,0,8
"Ethiopia",1961,0.567961989330362,21.17,0.01,0,0,0,0,0,0,0,0,0,0,0,0,0,0,0,0,0,0,0,0,0,0,0,0,0.35,0,0,0,5.41,0,0,0,0,0,0,0,0.39,0.01,0,0,0,0,0,0,0,0,15
"Ethiopia",1962,0.803923518982994,25.72,0.01,0,0,0,0,0,0,0,0,0,0,0,0,0,0,0,0,0,0,0.01,0,0,0,0,0,0.7,0,0,0,1.4,0,0,0,0,0,0,0,0.6,0,0,0,0,0,0,0,0,0,23
"Ethiopia",1963,0.707744292858003,22.76,0.01,0,0,0,0,0,0,0,0,0,0,0,0,0,0,0,0,0,0,0.04,0,0,0,0,0,0.69,0,0,0,2.06,0,0,0,0,0,0,0,0.95,0.01,0,0,0,0,0,0,0,0,19
"Ethiopia",1964,0.532475745598275,12.65,0.02,0,0,0,0,0,0,0,0,0,0,0,0,0,0,0,0,0,0,0.04,0,0,0,0,0,0.88,0,0,0,1.58,0,0,0,0,0.1,0,0,0.96,0.01,0.06,0,0,0,0,0,0,0,9
"Ethiopia",1965,0.523407818365127,16.76,0.02,0,0,0,0,0,0,0,0,0,0,0,0,0,0,0,0,0,0,0,0,0,0,0,0,1.17,0,0,0,1.65,0,0,0,0,0.1,0,0,1.4,0.01,0.55,0,0,0,0,0,0,0,11.86
"Ethiopia",1966,0.630691936605827,22.17,0.05,0,0,0,0,0,0,0,0,0,0,0,0,0,0,0,0,0,0,0.01,0,0,0.01,0,0,3.13,0,0,0,1.03,0,0,0,0,0.23,0,0,0,0.06,0.36,0,0,0,0,0,0,0,17.29
"Ethiopia",1967,0.369255834641955,25.13,0.08,0,0,0,0,0,0,0,0,0,0,0,0,0,0,0,0,0,0,0.1,0.04,0,0.03,0,0,5.56,0,0,0,2.01,0,0,0,0,0.16,0,0,3,0.03,0.36,0,0,0,0,0,0,0.01,13.75
"Ethiopia",1968,0.288181065211699,33.17,0.08,0,0,0,0,0,0,0,0,0,0,0,0,0,0,0,0,0,0,0,0.08,0,0.02,0,0,3.63,0,0,0,7.27,0,0,0,0,0.11,0,0,7.36,0,0.53,0,0,0,0,0,0,0.07,14.02
"Ethiopia",1969,0.336263384283412,30.42,0.28,0,0,0,0.01,0,0,0,0,0,0,0,0,0,0,0,0,0,0,0,0.08,0,0.07,0,0,3.91,0,0,0,1.89,0,0,0,0,0.2,0,0,8.16,0.01,0.77,0,0,0,0,0,0,0.04,15
"Ethiopia",1970,0.235299500009076,32.86,0.24,0,0,0,0.01,0,0,0,0,0,0,0,0,0,0,0,0,0,0,0.03,0.09,0,0.05,0,0,5.15,0,0,0,9.03,0,0,0,0.22,0.18,0,0,6.68,0.01,1.11,0,0,0,0,0,0,0.06,10
"Ethiopia",1971,0.421583156499123,37.64,0.5,0,0,0,0.02,0,0,0,0,0,0,0,0,0,0,0,0,0,0,0.03,0.12,0,0.05,0.18,0,0,0,0,0,3.87,0,0,0,0.33,0.11,0,0,6.85,0.04,2.44,0,0,0,0,0,0,0.1,23
"Ethiopia",1972,0.271398663784056,38.61,0.56,0,0,0,0.03,0,0,0,0,0,0,0,0,0,0,0,0,0,0,0,0.13,0,0.04,0.38,0,7,0,0,0,2.82,0,0,0,0.52,0.12,0,0,7.18,0.09,2.5,0,0,0,0,0,0,0.24,17
"Ethiopia",1973,0.217063536617703,51.76,1.31,0,0,0,0.02,0.07,0,0,0,0,0,0,0,0,0,0,0,0,0,0,0.14,0,0.26,0.47,0,8.47,0,0,0,4.43,0,0,0,0.68,0.4,0,0,10.27,1.25,4.37,0,0,0,0,0,0,0.62,19
"Ethiopia",1974,0.177476581122969,82.77,5.24,0,0,0,1.22,0,0,0,0,0,0,0,0,0,0,0,0,0,0,0,0.3,0,0.48,0.52,0,12.04,0,0,0,11.2,0,0,0,3.58,0.94,0,0,7.7,0.8,4.81,0,0,0.01,0,0,0,5.93,28
"Ethiopia",1975,0.193154301546226,76.33,4.61,0,0,0,0.54,0,0,0,0,0,0,0,0,0,0,0,0,0,0,0,0.38,0,0.07,0.27,0.79,16.49,0,0,0.02,3.02,0,0,0,2.69,0.34,0,0,11.93,0.29,6.27,0,0,0,1,0,0,2.62,25
"Ethiopia",1976,0.238743029165273,76.26,1.9,0,0,0,0.03,0,0,0,0,0,0,0,0,0,0,0,0,0,0,0.08,0.39,0,0.08,2.12,0,10.88,0,0,0.01,3.22,0,0,0,5.67,0.4,0,0,15.54,0.59,4.02,0,0,0,0,0,0,0.33,31
"Ethiopia",1977,0.190363239465526,64.45,1.62,0,0,0,0.85,0,0,0,0,0,0,0,0,0,0,0,0,0,0,0.01,0.45,0,0.19,0.25,0.4,11.16,0,0,0.01,1.62,0,0,0,10.59,0.42,0,0,20.36,0.56,3.02,0,0,1.51,0,0,0,0.43,11
"Ethiopia",1978,0.198781502459759,70.67,3.05,0,0,0,1.87,0,0,0,0,0,0,0,0,0,0,0,0,0,0,0.03,0.76,0,0.25,0.19,0,14.24,0,0,0,2.5,0,0,0,4.54,0.37,0,0,23.98,0.54,5.45,0,0,0.26,0,0,0,0.64,12
"Ethiopia",1979,0.172689127744484,75.13,1.67,0,0,0,0.25,0,0,0,0,0,0,0,0,0,0,0,0,0,0,0.08,0.2,0,0.07,2.12,0,17.51,0,0,0,5.68,0,0,0,5.5,1.49,0,0,19.7,0.59,6.1,0,0,0,0,0,0,1.17,13
"Ethiopia",1980,0.195602603543305,95.68,1.67,0,0,0,1.07,0,0,0,0,0,0,0,0,0,0,0,0,0,0,0.07,0.1,0,0.06,0.25,3.2,16.71,0,0,0,8.11,0,0,0,3.82,1,0,0,31.43,1.21,4.53,0,0,0,0,0,0,2.45,20
"Ethiopia",1981,0.147155527900089,83.07,3.2,0,0,0,4.44,0,0,0,0,0,0,0,0,0,0,0,0,0,0,0.52,0.82,0,0.1,0.73,2.19,14.7,0,0,0,16.21,0,0,0,4.21,1.85,0,0,19.91,1.02,1.14,0,0,0,0,0,0,8.03,4
"Ethiopia",1982,0.126871298541384,82.02,1.28,0,0,0,6.51,0,0,0,0,0,0,0,0,0,0,0,0,0,0,0.28,0.16,0,0.61,0.68,2.74,12.48,0,0,0.01,11.79,0,0,0,3.17,1.91,0,0,17.79,1.44,9.88,0,0,0.08,0,0,0,8.21,3
"Ethiopia",1983,0.109509182610977,99.35,2.56,0,0,0,3.62,0,0,0,0,0,0,0,0,0,0,0,0,0,0,1.21,0.39,0,4.07,2.67,5,11.26,0,0,0.02,16.09,0,0,0,2.52,2.29,0,0,15.48,1.98,5.21,0,0,0.28,0,0,0,16.7,8
"Ethiopia",1984,0.123675783264735,193.78,3.61,0,0,0,11.94,0,0,0,0,0,0,0,0,0,0,0,0,0,0,0.86,0.23,0,0.47,2.68,5.19,29.45,0,0,0.09,45.87,0,0,0,9.22,8.96,0,0,17.92,5.78,9.36,0,0,0.33,0,0,0,20.82,21
"Ethiopia",1985,0.182468339337537,423.03,7.46,0,0,0,8.64,0,0,0,0,0,0,0,0,0,0,0,0,0,0,2,8.21,0,2.23,10.6,6.53,26.62,0,0,0.03,83,0,0,0,8.02,11.96,0,0,24.61,6.02,36.37,0,0,0,0,0,0,34.73,146
"Ethiopia",1986,0.214194426735554,405.78,7.27,0,0,0,8.33,0,0,0,0,0,0,0,0,0,0,0,0,0,0,0.94,5.48,0,0.01,8.99,10.29,27.22,0,0,0.28,152.9,0,0,0,8.37,9.4,0,0,35.16,3.66,14.12,0,0,0.23,0,0,0,19.13,94
"Ethiopia",1987,0.199527336760926,320.43,15.56,0,0,0,15.65,0,0,0,0,0,0,0,0,0,0,0,0,0,0,1.27,2.34,0,0.67,11.64,7.19,27.93,0,0,0.13,128.92,0,0,0,6.84,11.65,0,0,35.1,7.61,14.02,0,0,0,0,0,0,25.91,8
"Ethiopia",1988,0.20655492751294,569.23,14.4,0,0,0,7.17,0,0,0,0,0,0,0,0,0,0,0,0,0,0,13.34,6.57,0,5.1,10.53,9.44,38.91,0,0,0.14,233.27,0,0,0,22.56,16.85,0,0,53.23,8.84,34.15,0,0,0,0,0,0,25.73,69
"Ethiopia",1989,0.181363597643519,398.62,13.12,0.02,0.6,0,9.66,0,0,0,0,0,0,0,0,0,0,0,0,0,0,1.46,3.94,0,4.29,16.46,11.51,52.41,0,0,0.14,149.33,0,0,0,10.68,21.11,0,1.09,32.28,5.49,20.05,0,0,0.12,0,0,0,18.86,26
"Ethiopia",1990,0.135372322102118,587.29,11.23,0.03,0.01,0,12.52,0.04,0,0,0,0,0,0,0,0,0,0,0,0,0,1.21,4.55,0,0.94,21.19,15.41,46.69,0,0,0.85,173.71,0,0.13,0,24.92,25.47,0,6.48,48.93,7.53,35.6,0,0,68.6,0,0,0,28.25,53
"Ethiopia",1991,0.107855093348404,468.01,17.64,0.36,0.02,0,9.32,0.01,0,0,0,0,0,0,0,0,0,0,0,0,0,2.79,2.55,0,1.23,18.28,8.35,47.52,0,0,0.97,83.06,0,0.53,0,26.03,25.94,0,8.87,42.5,12.66,38.53,0,0,0,0.87,0,0,31.98,88
"Ethiopia",1992,0.189082031407837,532.28,10.5,0.46,0.03,0,7.97,0.03,0,0,0,0,0,0,0,0,0,0,0,0,0,3.1,3.86,0,6.83,7.96,10.85,203.59,0,0,0.79,42.67,0,0.1,0,28.48,26.9,0,4.52,45.45,4.54,34.12,0,0,0,0.44,0,0,21.09,68
"Ethiopia",1993,0.151881309616183,427.62,47.64,0.28,0,0,4.99,0,0,0,0,0,0,0,0,0,0,0,0,0,0,1.72,2.67,0,16.37,1.31,12.37,52.13,0,0,0.63,12.05,0,0.18,0,34.36,9.87,0,1.09,52.26,9.05,16.79,0,0,0.19,0.07,0,0,19.6,132
"Ethiopia",1994,0.158663737378037,569.36,43.89,0.33,0,0,7.6,0.14,0,0,0,0,0,0,0,0,0,0,0,0,0,2.2,4.63,0,3.94,3.81,17.77,166.71,0,0,3.11,41.11,0,0.23,0,32.51,29.08,0,0.15,25.62,5.98,43.38,0,0,0.15,0.01,0,0,15.01,122
"Ethiopia",1995,0.140733618945266,570.28,62.49,0.53,0,0,7.28,0.06,0,0,0,0,0,0,0,0,0,0,0,0,0,2.59,3.41,0,4.32,7.65,10.95,75.64,0,0,8.2,159.13,0,0.29,0,39.52,24.61,0,0.21,39.06,7.06,42.67,0,0,0.06,0,0,0,4.55,70
"Ethiopia",1996,0.102559311383026,449.36,50.15,0.53,0,0,9.23,0.15,0,0,0,0,0,0,0,0,0,0,0,0,0,2.22,8.57,0,4.53,7.24,11.17,81.43,2.82,0,13.73,40.31,0,0.32,0,60.16,21.38,0,0.52,39.3,5.83,19.97,0,0,0,0,0,0,13.8,56
"Ethiopia",1997,0.0955294557512666,381.39,37.33,0.46,0,0,4.74,0.18,0,0,0,0,0,0,0,0,0,0,0,0,0,2.45,6.65,0,3.52,6.63,7.93,58.3,0.11,0,15.89,31.67,0,0.56,0,35.44,28.42,0,0.97,35.95,2.39,21.69,0,6.55,0.18,0,0,0,13.38,60
"Ethiopia",1998,0.0965177495834935,382.5,26.08,0.54,0,0,3.8,0.06,0,0,0,0,0,0,0,0,0.12,0,0,0,0,3.21,7.9,0,3.11,7,10.88,65.98,0.24,0,16.71,46.22,0,0.25,0,36.84,26.72,0,0.33,32.45,4.55,13.03,0,11.89,0.46,0.05,0,0,10.85,53.23
"Ethiopia",1999,0.105616356392922,341.35,40.38,0.64,0,0,0.75,0.21,0,0,0,0.18,0,0,0,0,0.07,0,0,0,0,4.86,2.86,0,4.09,5.94,10.87,38.42,0.16,0,16.76,18.7,0,0.46,0,31.22,23.93,0,0.69,18.88,2.96,12.04,0,8.79,5.32,0.01,0,0,14.81,77.35
"Ethiopia",2000,0.145951592762487,396.51,34.03,0.49,0,0,1.92,0.27,0,0,0,0.02,0,0,0,0,0.05,0,0,0,0,3.76,8.9,0,2.56,5.66,9.7,38.63,1.19,0,21.63,26.16,0,0.2,0,25.72,23.57,0,0.48,20.72,3.59,11.35,0,11.91,3.07,0.13,0,0.04,10.94,129.82
"Ethiopia",2001,0.108663191266282,398.52,52.39,0.5,0,0,1.56,0.18,0,0,0,0.03,0,0,0,0,0.05,0,0,0,0,6.96,13.36,0,2.75,5.05,6.89,25.88,0.55,0,21.09,14.04,0,0.53,0,44.18,16.25,0,0.44,20.62,2.26,27.61,0,16.02,12.29,0.2,0,0.01,12.38,94.45
"Ethiopia",2002,0.133701253666783,529.01,50.53,0.84,0,0,1.54,0.79,0,0,0,0.17,0,0,0,0,0.02,0,0,0.02,0,4.3,1.57,0,2.68,4.58,10.48,43.98,0.23,0,25.3,49.24,0,0.67,0,34.79,28.48,2.15,2.82,21.31,2.12,43.66,0,27.56,5.87,0,0,0.03,6.88,156.4
"Ethiopia",2003,0.309663589161316,1094.02,56.53,1.05,0,0,3.12,1.28,0,0,0,0.36,0,0,0,0,0.01,0,0,0.03,0,7.57,7.98,0,2.97,9.16,15.92,48.63,0.42,0,33.38,47.57,0,0.48,0,57.23,37.18,0.82,3.46,28.63,5.3,62.92,0,29.94,2.38,0,0.57,0.02,38.02,591.09
"Ethiopia",2004,0.191394405505127,1071.07,33.33,2.07,0,0,1.88,0.8,0,0,0,0.69,0,0.05,0,0,8.7,0,0,0.01,0,4.3,9.44,0,2.62,9.06,26.64,126.09,1.59,0,42.44,11.21,0,0.44,0,57.52,34.04,0.01,2.45,50.76,3.24,147.13,0,25.45,1.09,0,0,0.2,59.48,408.34
"Ethiopia",2005,0.298027979518645,1289.29,34.17,2.37,0,0,1.87,1.21,0,0,0,0.77,0,0,0,0,0.01,0,0,0,0,7.64,5.34,0,4.06,11.08,15.59,50.96,1.49,0,44.1,86.93,0,0.15,0,58.66,38.07,0.08,6.05,68.37,2.65,75.48,0,24.1,1.3,0,0,2.49,64.93,679.37
"Ethiopia",2006,0.143259238162107,1051.64,57.85,2.29,0,0.02,1.34,0.16,0,0,0,0.61,0,0,0,0,0.05,0,0,0,0,17.59,6.6,0,5.74,13.21,17.75,56.76,1.17,0,50.63,105.39,0,1.73,0,49.76,41.8,0.13,9.72,41.53,2.76,164.61,0,23.3,0,0,0,0.88,62.48,315.78
"Ethiopia",2007,0.157151081619817,1284.49,36.03,3.3,0,0.04,1.85,0.06,0,0,0,0.5,0,0.02,0,0.02,0.16,0,0,0,0,7.18,13.13,0,6.43,9.98,20.49,96.48,2.43,0,58.94,75.47,0,0.98,0,50.76,34.14,0.13,35.75,44.72,2.43,291.07,0,23.6,4.26,0,0,1.89,90.52,371.73
"Ethiopia",2008,0.221781153707408,1886.63,47.12,4.39,0,0.01,10.13,0.34,0,0,0,1.21,0,0,0,0.01,0.45,0,0,0,0,20.6,8.77,0,7.52,15.99,19.2,98.25,3.11,0,72.67,65.86,0,1.43,0,113.63,37.28,0.21,60.54,46.94,3.15,253.68,0,20.18,7.08,0,0,2.96,152.55,811.37
"Ethiopia",2009,0.205494447217335,1841.92,97.76,4.16,0,0.04,4.16,0.4,0,0,0,1.03,0,0.12,0,0,0.27,0.05,0,0.01,0,12.66,6.3,0,15.37,23.49,38.71,79.82,2.23,0.28,52.47,53.97,0,1.63,0,85.9,37.81,0.02,98.93,44.6,5.4,342.92,0,7.89,5.37,0,0.91,4.02,87.18,726.04
"Ethiopia",2010,0.315253367453517,1485.36,93.89,10.2,0,0,2.33,0,0,0,0,1.22,0,0.13,0,0,0.1,0,0,0.06,0.03,9.71,4.18,0,7.96,25.64,13.72,96.45,1.39,0.28,49.23,18.31,0,0.74,0,54.25,32.56,0,39.46,39.42,6.23,0.16,0,15.28,15.51,0,0.23,2.45,140.38,803.86
"Ethiopia",2011,0.247724437156159,1404.78,120.57,11.61,0,0.01,18.82,0.19,0,0,0,2.93,0,0.17,0,0,0.16,0.02,2,0.03,0.06,12.05,8.5,0,21.95,23.65,13.64,101.21,1.1,0.19,49.52,34.96,0,1.4,0,67.9,29.09,0.02,38.82,40.67,11.34,0.2,0,0.86,10.16,0,0.94,1.43,118.67,659.94
"Ethiopia",2012,0.267734367419804,1418.85,108.67,20.44,0,0.03,27.92,0.02,0,0,0,3.1,0,0.13,0,0,0.39,0.01,0.06,0.02,0.01,8.42,3.26,0,8.43,31.13,21.09,116.84,0.85,0.18,42.66,15.83,0,0.77,0,79.34,39.77,0.04,14.74,27.23,9.54,0,0,0.66,14.03,0,0.1,3.83,123.38,695.93
"Ethiopia",2013,0.252991523987998,1445.07,150.12,27.34,0,0.02,13.63,0.04,0,0,0,3.59,0.01,0.13,0,0,0.27,0,3,0.02,0,10.63,2.52,0,12.31,20.64,47.04,85.99,0.09,0.19,45.77,11.04,0,0.78,0,76.65,62.29,0.04,8.22,30.2,9.95,0,0,0.78,5.71,0,0.04,2.98,131.84,681.2
"Ethiopia",2014,0.240390945839993,1429.78,82.77,42.91,0,0.04,9.94,0.21,0,0,0,3.62,0.03,0.03,0,0,23.48,0,0,0.02,0,9.67,3.36,0,16.87,40.89,61.09,59.56,0.09,0.42,48.27,30.09,0,0.88,0.05,89.95,60.09,0.05,7.96,35.27,14.26,0,0,0.35,6.6,0,2.42,3.65,108.17,666.72
"Ethiopia",2015,0.312158541153322,1377.54,54.2,46.02,0,0.03,3.88,0.24,0,0,0,3.23,0.1,0.06,0,0.01,27.29,0.01,0.18,0.01,0,8.1,1.78,0,6.08,24.75,21.61,49.12,0.07,0.42,38.78,34.93,0,0.59,0.04,80.48,48.67,0.04,6.84,35.14,19.78,0,0,0.13,9.34,1.77,2.25,0.71,103.24,747.62
"Ethiopia",2016,0.301602922017092,1650.61,62.61,61.59,0,0.01,5.25,0.48,0,0,0,3.23,0,0.09,0,0,42.29,0.01,1.5,0,0,8.61,2.01,0,17.49,22.04,27.09,141.73,0.01,0.36,39.23,35.28,0,1.32,0.04,73.85,52.87,0.04,7.63,47.95,14.17,0.2,0,0.26,5.78,1.68,2.49,3.98,90.74,876.7
"Ethiopia",2017,0.0914376089365746,820.11,38.9,46.95,0,0.05,3.65,0.74,0,0,0,3.8,0.02,0.07,0,0,8.62,0,0,0.21,0,11.37,3.73,0,31.3,22.56,60.7,155.14,0.05,0.48,40.62,37.54,0,0.72,0.02,82.37,60.19,0.04,8.25,79.95,16.81,0.03,0,0,8.38,0.52,1.18,5.83,89.32,0
"Ethiopia",2018,0.21718123732509,2219.55,70.31,0,0,0,1.77,1.57,0,0,0,5.66,0.01,0.52,0,0,0.24,0,0,0.01,0,14.35,4.1,0,27.16,25.35,26.33,188.01,0.07,0.8,45.46,50.37,0,1.2,0,84.98,68.39,0.05,8.5,87.33,16.87,451.49,0,1.6,25.51,0,20.06,0.73,103.51,887.24
"Ethiopia",2019,0.198898704165451,2386.69,64.05,0,0,0,1.32,5.03,0,0,0,6.05,0,3.35,0,0,0.64,0,0,0.21,0,12.9,5.91,0,109.04,25.2,76.54,156.99,0.08,0.38,46.95,38.8,0,1.92,0.09,107.66,91.58,0.05,7.94,93.17,17.31,438.74,0,1.03,0,0,57.25,3.67,91.61,921.23
"Ethiopia",2020,0.186167314443271,2430.93,72.54,0,0,0,2.16,3.07,0,0,0,5.85,0.11,0.92,0,0.01,1.29,0,0,0.29,0,12.56,3.98,0,57.69,27.49,87.56,478.51,0,0.26,47.13,32.5,0,2.26,0,115.47,101.88,0.04,8.26,65.71,20.15,350.52,0,1.27,0.04,0,12.46,2.68,84.41,831.86
"Ethiopia",2021,0.313957439836002,2447.81,60.96,0,0,0,8.5,3.56,0,0,0,4.45,0.05,1.79,0,0.13,2.2,0,0,0.13,0,16.24,10.63,0,65.86,37.21,55.88,175.01,0.02,1.17,47.97,53.22,0.22,3.01,0,75.66,88.63,1.25,11.96,85.65,25.45,164.88,0,1.05,0.03,0,12.74,1.45,99.14,1331.71
"Ethiopia",2022,0.26704225187566,3036.147827,55.555054,135.897544,0,0.007294,3.186562,1.906061,0,0,0,4.755984,0.005853,2.774798,0,0.015962,0,0.05501,0,0.23507,0.065449,14.736408,4.490022,0,66.792281,30.551148,111.709666,275.597038,9.77896,1.308287,46.305886,43.782158,0.10978,3.255656,0.062887,107.554899,74.639029,0.084569,10.664586,78.329829,24.17201,121.013555,0.0336,1.204013,0,0,183.233129,1.194796,119.287001,1501.795993
"Ethiopia",2023,0.287494051434014,3139.972992,84.047319,82.964756,0,0,10.64893,4.075229,0.010742,0,0.1075,5.759045,0.035683,1.516678,0,0,0.270015,0.049072,0,0.043767,0.054066,19.695843,4.469909,0,96.242056,25.39041,95.9539,279.797163,0.043253,0.095544,42.924849,87.270629,0.111297,3.825337,0.054905,141.176147,81.736639,0.356401,15.979315,77.987035,18.891243,215.54451,0.015,0.905593,0,0,7.171693,1.690725,114.346069,1618.714725
"Ethiopia",2024,0.272764698839763,2744.919504,59.831793,104.330415,0,0.008677,4.753862,2.655207,0.011553,0,0.102161,6.026133,0.041841,1.463193,0,0.001742,2.150518,0.10562,0,0.059003,0,19.210724,3.56964,0,42.044125,22.548982,75.904302,220.511767,0.00564,0.080495,43.388265,150.326207,0,2.406623,0.184282,120.089967,65.512653,0.112684,16.489257,69.714485,11.700624,220.598769,0.01468,0.841998,0,0,6.549589,1.934814,99.803143,1369.834071
"Ethiopia",2025,NA,0,0,0,0,0,0,0,0,0,0,0,0,0,0,0,0,0,0,0,0,0,0,0,0,0,0,0,0,0,0,0,0,0,0,0,0,0,0,0,0,0,0,0,0,0,0,0,0,0
"Gabon",1960,NA,0,0,0,0,0,0,0,0,0,0,0,0,0,0,0,0,0,0,0,0,0,0,0,0,0,0,0,0,0,0,0,0,0,0,0,0,0,0,0,0,0,0,0,0,0,0,0,0,0
"Gabon",1961,NA,0,0,0,0,0,0,0,0,0,0,0,0,0,0,0,0,0,0,0,0,0,0,0,0,0,0,0,0,0,0,0,0,0,0,0,0,0,0,0,0,0,0,0,0,0,0,0,0,0
"Gabon",1962,1,0.02,0,0,0,0,0,0,0,0,0,0,0,0,0,0,0,0,0,0,0,0,0,0,0,0,0,0.02,0,0,0,0,0,0,0,0,0,0,0,0,0,0,0,0,0,0,0,0,0,0
"Gabon",1963,0.980394079011861,1.01,0,0,0,0,0,0,0,0,0,0,0,0,0,0,0,0,0,0,0,0,0,0,0,0,0,0.01,0,0,0,0,0,0,0,0,0,0,0,0,0,0,0,0,0,0,0,0,0,1
"Gabon",1964,0.670167825395223,12.47,0,0,0,0,0,0,0,0,0,0,0,0,0,0,0,0,0,0,0,0,0,0,0,0,10,0.46,0,0,0,0,0,0,0,0,0,0,0,0,0.01,0,0,0,0,0,0,0,0,2
"Gabon",1965,0.63824702822674,10.84,0,0,0,0,0,0,0,0,0,0,0,0,0,0,0,0,0,0,0,0,0,0,0,0,8.5,1.1,0,0,0,0,0,0,0,0,0,0,0,0,0,0,0,0,0,0,0,0,0,1.24
"Gabon",1966,0.755117312581265,11.35,0,0,0,0,0,0,0,0,0,0,0,0,0,0,0,0,0,0,0,0,0,0,0,0,9.8,0.56,0,0,0,0,0,0,0,0,0,0,0,0,0,0,0,0,0,0,0,0,0.03,0.96
"Gabon",1967,0.587428195642475,13.12,0,0,0,0,0,0,0,0,0,0,0,0,0,0,0,0,0,0,0,0,0,0,0,0,9.8,1.95,0,0,0,0.02,0,0,0,0,0,0,0,0,0,0.2,0,0,0,0,0,0,0.04,1.11
"Gabon",1968,0.828689933935944,10.57,0,0,0,0,0,0,0,0,0,0,0,0,0,0,0,0,0,0,0,0,0.01,0,0,0,9.6,0.33,0,0,0,0,0,0,0,0,0,0,0,0,0.01,0.01,0,0,0,0,0,0,0.05,0.56
"Gabon",1969,0.865645821753477,15.08,0.01,0,0,0,0,0,0,0,0,0,0,0,0,0,0,0,0,0,0,0,0.04,0,0,0,14,0.92,0,0,0,0,0,0,0,0,0,0,0,0,0.04,0.01,0,0,0,0,0,0,0.06,0
"Gabon",1970,0.867238294895531,20.01,0,0,0,0,0,0,0,0,0,0,0,0,0,0,0,0,0,0,0,0,0.05,0,0,0,18.6,1.12,0,0,0,0.04,0,0,0,0,0,0,0,0,0.02,0.03,0,0,0,0,0,0,0.15,0
"Gabon",1971,0.880300391694079,19.41,0,0,0,0,0,0,0,0,0,0,0,0,0,0,0,0,0,0,0,0,0.08,0,0,0,18.2,0.51,0,0,0,0.08,0,0,0,0.01,0,0,0,0,0.01,0.3,0,0,0,0,0,0,0.22,0
"Gabon",1972,0.91742824250032,30.17,0,0,0,0,0,0,0,0,0,0,0,0,0,0,0,0,0,0,0,0,0.09,0,0,0,28.89,0.51,0,0,0,0.05,0,0,0,0.02,0,0,0,0,0.14,0.1,0,0,0,0,0,0,0.37,0
"Gabon",1973,0.442395761888432,25.92,0,0,0,0,0,0,0,0,0,0,0,0,0,0,0,0,0,0,0,0,0.3,0,0,0,15.99,4.03,0,0,0,0.13,0,0,0,0.01,0,0,0,0,0.02,0,0,0,0,5,0,0,0.44,0
"Gabon",1974,0.809376632799901,30.36,0.01,0,0,0,0,0,0,0,0,0,0,0,0,0,0,0,0,0,0,0,0.27,0,0,0,27.23,1.98,0,0,0,0.11,0,0,0,0,0,0,0,0,0.02,0,0,0,0,0,0,0,0.74,0
"Gabon",1975,0.617534481986619,54.97,0.01,0,0,0,0,0,0,0,0,0,0,0,0,0,0,0,0,0,0,0,0.27,0,0,0,41.98,1.52,0,0,0,0.03,0,0,0,0.01,0,0,0,0,0.01,0,0,0,0,10,0,0,1.14,0
"Gabon",1976,0.565991363841244,36.86,7.91,0,0,0,0,0,0,0,0,0,0,0,0,0,0,0,0,0,0,0,0.31,0,0,0,26.54,0.95,0,0,0,0.03,0,0,0,0.1,0,0,0,0,0,0,0,0,0,0,0,0,1.02,0
"Gabon",1977,0.702761315911394,30.49,2.45,0,0,0,0,0,0,0,0,0,0,0,0,0,0,0,0,0,0,0,0.19,0,0,0,25.4,0.96,0,0,0,0.03,0,0,0,0.44,0,0,0,0,0.02,0,0,0,0,0,0,0,1,0
"Gabon",1978,0.676324414157665,43.82,0.08,0,0,0,0,0,0,0,0,0,0,0,0,0,0,0,0,0,0,0,0.2,0,0,0,35.22,7.61,0,0,0,0.1,0,0,0,0.06,0,0,0,0,0.05,0,0,0,0,0,0,0,0.5,0
"Gabon",1979,0.686561647947829,34.75,0.08,0,0,0,0,0,0,0,0,0,0,0,0,0,0,0,0,0,0,0,0.17,0,0,0,28.43,4.39,0,0,0,0.16,0,0,0,1.16,0,0,0,0,0.01,0,0,0,0,0,0,0,0.35,0
"Gabon",1980,0.7028815817101,53.9,0.14,0,0,0,0,0,0,0,0,0,0,0,0,0,0,0,0,0,0,0,0.3,0,0,0,44.6,7.18,0,0,0,0.13,0,0,0,0.4,0,0,0,0,0.01,0,0,0,0,0,0,0,0.14,1
"Gabon",1981,0.751077068314666,44.77,0.27,0,0,0,0,0,0,0,0,0,0,0,0,0,0,0,0,0,0,0,0.36,0,0,0,38.64,0.48,0,0,0,0.28,0,0,0,0.16,0,0,0,0,0.01,0.01,0,0,0,3.28,0,0,0.28,1
"Gabon",1982,0.837757017994784,61.11,0.31,0,0,0,0,0,0,0,0,0,0,0,0,0,0,0,0,0,0,0,1.6,0,0,0,55.89,0.35,0,0,0,0.34,0,0,0,0.14,0,0,0,0,0.05,0.01,0,0,0.06,0.61,0,0,0.75,1
"Gabon",1983,0.772015497555494,61.82,0.39,0,0,0,0,0,0,0,0,0,0,0,0,0,0,0,0,0,0,0,1.4,0,0,0,54.22,0.84,0,0,0,0.86,0,0,0,0.05,0,0,0,0,0.06,0.03,0,0,0,2.39,0,0,0.58,1
"Gabon",1984,0.750105715211255,73.5,0.08,0,0,0,0,0,0,0,0,0,0,0,0,0,0,0,0,0,0,0,2.03,0,0,0,63.47,0.48,0,0,0,0.57,0,0,0,0,0,0,0,0,0.05,0.01,0,0,0,3.74,0,0,1.07,2
"Gabon",1985,0.608863307127241,60.26,0.07,0,0,0,0,0,0,0,0,0,0,0,0,0,0,0,0,0,0,0,2.41,0,0,0,46.48,0.78,0,0,0,0.68,0,0,0,0.01,0,0,0,0,0.06,0.02,0,0,0,6.07,0,0,1.68,2
"Gabon",1986,0.500058031921959,75.66,0.83,0,0,0,0,0,0,0,0,0,0,0,0,0,0,0,0,0,0,0,1.69,0,0,0,51.25,1,0,0,0,0.31,0,0,0,1.37,0,0,0,0,0.06,0.03,0,0,0,14.73,0,0,3.39,1
"Gabon",1987,0.652109513816354,83.61,0.12,0,0,0,0,0,0,0,0,0,0,0,0,0,0,0,0,0,0,0,3.14,0,0,0.56,67,1.34,0,0,0,0.06,0,0,0,0.08,0,0,0,0,0.6,0.04,0,0,0,7.02,0,0,2.65,1
"Gabon",1988,0.825642371223724,102.98,0.25,0.02,0,0,0,0,0,0,0,0,0,0,0,0,0,0,0,0,0,0,2.88,0,0,0,93.44,1.28,0,0,0,0,0,0,0,0.34,0,0,0,0,0.06,0.01,0,0,0,0,0,0,3.7,1
"Gabon",1989,0.738679898371261,122.59,5.07,0,0,0,0,0,0,0,0,0,0,0,0,0,0,0,0,0,0,0,2.69,0,0,0,105.06,1.75,0,0,0,0.76,0,0,0,0.35,0,0,0.07,0,0.05,0.06,0,0,0,0.7,0,0,5.03,1
"Gabon",1990,0.769319128510879,157.89,0.14,0,0,0,0,0,0,0,0,0,0,0,0,0,0,0,0,0,0,0,1.89,0,0,0,137.76,1.67,0,0,0,0.03,0,0,0,0.42,0,0,0.05,0.02,0.04,0.08,0,0,0,0,0,0,13.79,2
"Gabon",1991,0.813329189023697,140.99,0.42,0,0,0,0,0,0,0,0,0,0,0,0,0,0,0,0,0,0,0,2.63,0,0,0,126.86,1,0,0,0,0.07,0,0,0,0,0,0,0.03,0,0.02,0.09,0,0,0,0,0,0,7.87,2
"Gabon",1992,0.786301549956686,88.41,0.54,0.05,0,0,0,0,0,0,0,0,0,0,0,0,0,0,0,0,0,0,3.37,0,0,0,78.24,1.51,0,0,0,0,0,0,0,0,0,0,0.06,0,0,0.07,0,0,0,0.01,0,0,2.56,2
"Gabon",1993,0.85031917192963,134.5,0.54,0,0,0,0,0,0,0,0,0,0,0,0,0,0,0,0,0,0,0,3.5,0,0,0,123.91,2.07,0,0,0,0,0,0,0,0,0,0,0.06,0,0,0,0,0,0,0.11,0,0,3.31,1
"Gabon",1994,0.899034256099171,219.43,0.23,0.07,0,0,0,0,0,0,0,0,0,0,0,0,0,0,0,0,0,0,2.71,0,0,0,207.98,4.14,0,0,0,0.01,0,0,0,0,0,0,0.05,0,0,0.01,0,0,0,0.29,0,0,1.94,2
"Gabon",1995,0.728280439456085,189.92,0.26,0.1,0,0,0,0,0,0,0,0,0,0,0,0,0,0,0,0,0,0,3.32,0,0,0,160.74,1.99,0,0,0,20.29,0,0,0,0.01,0,0.28,0,0,0,0,0,0,0,0.16,0,0,0.77,2
"Gabon",1996,0.887157320673765,200.28,0.24,0.07,0,0,0,0,0,0,0,0,0,0,0,0,0,0,0,0,0,0,1.9,0,0,0,188.56,3.13,0,0,0,0.46,0,0,0,0.05,0,0,0.25,0,0,0,0,0,0,0,0,0,3.62,2
"Gabon",1997,0.793778067569737,98.62,0.83,0.05,0,0,0,0,0,0,0,0,0,0,0,0,0,0,0,0,0,0,1.59,0,0,0,87.72,1.74,0,0,0,0.56,0,0,0,0.1,0,0,0.12,0,0,0,0,0,0,0.06,0,0,3.85,2
"Gabon",1998,0.849262555793027,81.87,0.5,0.02,0,0,0,0,0,0,0,0,0,0,0,0,0,0,0,0,0,0,0.17,0,0,0,75.39,1.3,0,0,0,0.56,0,0,0,0,0.01,0,0.31,0,0,0,0,0.01,0,0.05,0,0,1.69,1.86
"Gabon",1999,0.813619241824992,59.96,0.33,0.03,0,0,0,0,0,0,0,0,0,0,0,0,0,0,0,0,0,0,0.13,0,0,0,54.02,1.26,0.01,0,0,0.77,0,0,0,0,0,0,0.39,0,0,0,0,0.05,0,0,0,0,1.27,1.7
"Gabon",2000,0.78218801154493,46.63,0.99,0.06,0,0,0,0,0,0,0,0,0,0,0,0,0,0,0,0,0,0.03,0.09,0,0,0,41.17,1.06,0,0,0,0.02,0,0,0,0.03,0,0,0.48,0.07,0,0,0,0.01,0,0,0,0,1.28,1.34
"Gabon",2001,0.707627942231944,67.82,3.28,0.05,0,0,0,0,0,0,0,0,0,0,0,0,0,0,0,0,0,0.01,0.22,0,0,0,56.82,2.96,0,0,0,0.02,0,0,0,0.78,0,0.05,0.49,0,0,0,0,0.01,0,0,0,0,0.88,2.25
"Gabon",2002,0.774500330402699,75.17,4.02,0.07,0,0,0,0,0,0,0,0,0,0,0,0,0,0,0,0,0,0,0.04,0,0,0,65.98,0.65,0,0,0,0.54,0,0,0,0.27,0,0.07,0.1,0,0,0.23,0,0.02,0,0,0,0,0.92,2.26
"Gabon",2003,0.868582854152485,124.45,2.07,0.02,0,0,0,0,0,0,0,0,0,0,0,0,0,0,0,0,0,0,0.07,0,0,0,115.9,0.97,0,0,0,0.01,0,0,0,0.2,0,0,0.24,0,0,0,0,0.01,0,0,0,0,1.48,3.48
"Gabon",2004,0.738803328412688,73.8,2.79,0.04,0,0,0,0,0,0,0,0,0,0,0,0,0,0,0,0,0,0.01,0.52,0,0,0,63.26,1.42,0,0,0,0.1,0,0,0,0.75,0.07,0,0.22,0,0,0,0,0,0,0,0,0,1.74,2.88
"Gabon",2005,0.647817007273041,77.41,6.8,0.05,0,0,0,0,0,0,0,0,0,0,0,0,0,0,0,0,0,0.02,0.05,0,0,0,61.74,3.74,0,0,0,0.14,0,0,0,0.03,0.17,0,0.32,0,0,0,0,0,0,0,0,0.01,2.55,1.79
"Gabon",2006,0.768655345006278,68.11,1.92,0,0,0.02,0,0,0,0,0,0,0,0,0,0,0,0,0,0,0,0,0.37,0,0,0,59.58,2.97,0,0,0,0.12,0,0,0,0,0,0,0.18,0,0,0,0,0,0.48,0,0,0,1.34,1.13
"Gabon",2007,0.762145070719541,76.97,2.35,0,0,0,0,0,0,0,0,0,0,0,0,0,0,0,0,0,0,0.05,0.05,0,0,0,67.05,2.67,0,0,0,0.24,0,0,0,0,0,0,0.16,0,0,0,0,0.01,1.43,0,0,0,1.91,1.05
"Gabon",2008,0.750589536028572,71.63,4.48,0.05,0,0,0,0,0,0,0,0,0,0,0,0,0,0,0,0,0,0.01,0.18,0,0,0,61.83,2.62,0,0,0,0.2,0,0,0,0,0,0,0.45,0,0,0,0,0.02,0.59,0,0,0.07,0.65,0.48
"Gabon",2009,0.777750009880803,88.22,4.97,0.13,0,0,0,0,0,0,0,0,0,0,0,0,0,0,0,0,0,0,0.23,0,0,0.02,77.58,2.67,0,0,0,0.02,0,0,0,0,0.02,0,0.43,0,0,0,0,0,0,0,0,0.01,0.98,1.16
"Gabon",2010,0.536558745821798,109.88,26.71,0.25,0,0,0,0,0,0,0,0,0,0,0,0,0,0,0,0,0,0,0.18,0,0,0.02,75.84,2.57,0,0,0,0.11,0,0,0,0,0,0,0.15,0,0.01,2,0,0,0.48,0,0.03,0.01,0.07,1.45
"Gabon",2011,0.49739566816168,101.42,13.46,0.62,0,0,0.08,0,0,0,0,0,0,0,0,0,0,0,0,0,0,0,0.22,0,0,0.03,69.55,3.01,0,0,0,0.02,0,0.08,0,0,0,0,0.1,0,0,8.82,0,0.02,2.53,0,0,0.02,1.58,1.28
"Gabon",2012,0.564776225489834,98.33,5.32,0.49,0,0,0.03,0,0,0,0,0.01,0,0,0,0,0,0,0.02,0,0,0,0.17,0,0,0.02,72.25,2.6,0,0,0.03,0.21,0,0,0,0,0,0,0,0,0,14.1,0,0,0.44,0,0.02,0.07,0.05,2.5
"Gabon",2013,0.545083636227331,102.68,4.56,0.55,0,0,0.16,0,0,0,0,0,0,0,0,0,0,0,0,0,0,0,0.19,0,0,0.02,74.32,2.32,0,0,0.06,0.09,0,0,0,0,0.05,0,0.09,0,0.01,12.67,0,0.05,1.18,0,0,0.39,0.07,5.9
"Gabon",2014,0.606656913377623,132.89,4.98,0.3,0,0,0.01,0,0,0,0,0,0,0,0,0,0,0,0,0,0,0.09,0,0,0,0.01,102.02,1.81,0,0,0.01,0.08,0,0,0,0,0.1,0,0.01,0,0.01,15.1,0,0,0.9,0,0,0.36,0.16,6.94
"Gabon",2015,0.582218876411706,115.16,2.71,0.32,0,0,0.02,0,0,0,0,0.04,0,0,0,0,0,0,0,0,0,0.37,0,0,0,0,86.16,1.68,0,0,0,0.07,0,0,0,0,0.07,0,0.01,0,0.01,14.58,0.02,0,0.28,0,0,0.07,0.11,8.64
"Gabon",2016,0.37962648765416,56.78,4.34,0.3,0,0,0,0,0,0,0,0.03,0,0,0,0,0,0,0,0,0,0.27,0,0,0,0,31.18,0.95,0,0,0.01,0.23,0,0,0,0,0.15,0,0.07,0,0.02,14.58,0,0,0,0,0,0.23,0.05,4.37
"Gabon",2017,0.639826700067324,143.65,3.58,0.1,0,0.01,0,0,0,0,0,0,0,0,0,0,0,0,0,0,0,0.14,0,0,0,0,112.97,0.75,0,0,0.01,0.01,0,0,0,0,0.08,0,0.1,0,0,19.98,0,0,0,0,0,0.34,0.29,5.29
"Gabon",2018,0.887197327073838,140.49,4.13,0,0,0,0,0,0,0,0,0.03,0,0,0,0,0,0,0,0,0,0,0,0,0,0,132.24,0.74,0,0,0,0.25,0,0,0,0,0.24,0,0.1,0,0.02,0.02,0,0.01,0,0,0.01,0,0.3,2.4
"Gabon",2019,0.89220234960095,166.07,5.54,0,0,0,0,0,0,0,0,0.01,0,0,0,0,0,0,0,0,0,0.19,0,0,0,0,156.76,0.72,0,0,0,0.44,0,0,0,0,0.25,0.53,0.64,0,0,0.03,0,0,0,0,0,0.13,0.5,0.33
"Gabon",2020,0.836266224800322,63.79,2.2,0,0,0,0,0,0,0,0,0,0,0,0,0,0,0,0,0,0,0.1,0.12,0,0,0,58.27,0.69,0,0,0,0.17,0,0,0,0,0.22,0,0.01,0.1,0.01,0,0,0,0,0,0,0.06,0.48,1.36
"Gabon",2021,0.569568494126024,106,6.15,0,0,0,0,0,0,0,0,0,0,0,0,0,0,0,0,0,0,0.19,0,0,0,0,77.74,0.78,0.34,0,0,0.12,0,0,0,0,17.65,0,0.07,0.09,0,0,0,0.01,0,0,0.02,0.06,0.35,2.43
"Gabon",2022,0.900275626881641,143.159357,3.174082,0.32828,0,0,0,0,0,0,0,0.024306,0,0,0,0,0,0.017211,0,0,0,0.176995,0,0,0,0,135.787364,0.675187,1.087537,0,0,0.093794,0,0,0,0,0.264752,0,0.060461,0.528293,0.023135,0,0,0,0,0,0,0.102178,0.300119,0.515663
"Gabon",2023,0.815338108374575,69.538145,1.949118,0.579036,0,0,0,0,0,0,0,0.022522,0,0,0,0,0,0.021181,0,0,0,0.043458,0,0,0,0,62.713037,0.574983,0,0,0,0.082426,0,0,0,0,0.318156,0,0.202233,0.547868,0.032914,0,0,0.002533,0,0,0.005001,0.088833,0.180528,2.174318
"Gabon",2024,0.737313191870957,59.707381,4.14255,0.560454,0,0,0.007165,0,0,0,0,0,0,0,0,0,0,0.014755,0,0,0,0.022868,0,0.02117,0,0,51.064305,0.687567,0,0,0,0.293578,0,0,0,0,0.339162,0,0.157342,0.273348,0.079685,0,0,0.004177,0,0,0,0.162032,0.27039,1.606833
"Gabon",2025,NA,0,0,0,0,0,0,0,0,0,0,0,0,0,0,0,0,0,0,0,0,0,0,0,0,0,0,0,0,0,0,0,0,0,0,0,0,0,0,0,0,0,0,0,0,0,0,0,0,0
"Gambia",1965,0.880466438609468,4.16,0,0,0,0,0.01,0,0,0,0,0,0,0,0,0,0,0,0,0,0,0,0,0,0,0,0,0.11,0,0,0,0,0,0,0,0,0,0,0,0,0,3.9,0,0,0,0,0,0,0.02,0.12
"Gambia",1966,0.505162780928377,3.45,0,0,0,0,0.01,0,0,0,0,0,0,0,0,0,0,0,0,0,0,0,0,0,0,0,0,0.14,0,0,0,0,0,0,0,0,0,0,0,0,0,2.34,0,0,0,0.67,0,0,0.03,0.26
"Gambia",1967,0.639020042652973,3.07,0,0,0,0,0.01,0,0,0,0,0,0,0,0,0,0,0,0,0,0,0,0,0,0,0,0,0.31,0,0,0,0,0,0,0,0,0.04,0,0,0,0,2.42,0,0,0,0,0,0,0.03,0.26
"Gambia",1968,0.730389030612245,3.36,0,0,0,0,0.03,0,0,0,0,0,0,0,0,0,0,0,0,0,0,0,0,0,0,0,0,0.02,0,0,0,0,0,0,0,0,0,0,0,0,0,2.84,0,0,0,0,0,0,0.05,0.42
"Gambia",1969,0.492259329367226,3.44,0,0,0,0,0.03,0,0,0,0,0,0,0,0,0,0,0,0,0,0,0,0,0,0,0,0,0.16,0,0,0,0,0,0,0,0,0,0,0,0,0.01,2.19,0,0,0,0,0,0,0.05,1
"Gambia",1970,0.753591429267105,1.11,0,0,0,0,0.03,0,0,0,0,0,0,0,0,0,0,0,0,0,0,0,0,0,0,0,0,0.07,0,0,0,0,0,0,0,0.01,0,0,0,0,0.01,0.96,0,0,0,0,0,0,0.03,0
"Gambia",1971,0.479500325391661,2.51,0,0,0,0,0.03,0,0,0,0,0,0,0,0,0,0,0,0,0,0,0,0,0,0,0,0,0.06,0,0,0,0,0,0,0,0,0,0,0,0,0,1.42,0,0,0,0,0,0,0,1
"Gambia",1972,0.600869971520114,4.24,0,0,0,0,0.04,0,0,0,0,0,0,0,0,0,0,0,0,0,0,0.01,0,0,0,0,0,0.06,0,0,0,0,0,0,0,0,0,0,0,0,0,3.13,0,0,0,0,0,0,0,1
"Gambia",1973,0.487469857452459,3.62,0,0,0,0,0.05,0,0,0,0,0,0,0,0,0,0,0,0,0,0,0,0,0,0,0,0,0.22,0,0,0,0.01,0,0,0,0,0,0,0,0,0.03,2.31,0,0,0,0,0,0,0,1
"Gambia",1974,0.503063725490196,4.08,0,0,0,0,0.03,0,0,0,0,0,0,0,0,0,0,0,0,0,0,0,0,0,0,0,0,0.28,0,0,0,0,0,0,0,0.07,0,0,0,0,0,2.7,0,0,0,0,0,0,0,1
"Gambia",1975,0.741682190573483,3.87,0,0,0,0,0.04,0,0,0,0,0,0,0,0,0,0,0,0,0,0,0,0,0,0,0,0,0.46,0,0,0,0,0,0,0,0.07,0,0,0,0,0,3.3,0,0,0,0,0,0,0,0
"Gambia",1976,0.374400948701648,5.72,0,0,0,0,0.05,0,0,0,0,0,0,0,0,0,0,0,0,0,0,0,0,0,0.16,0,0,1.24,0,0,0.02,0,0,0,0,0.1,0,0,0,0,0.04,3.11,0,0,0,0,0,0,0,1
"Gambia",1977,0.269089747470707,13.83,0.37,0,0,0,0.08,0,0,0,0,0,0,0,0,0,0,0,0,0,0,0.01,0,0,0.07,0.01,0,3.44,0,0,0.02,0,0,0,0,0.12,0,0,0,0,0,5.84,0,0,0.22,0,0.69,0,1.96,1
"Gambia",1978,0.203999834422953,22.47,0.03,0,0,0,0.06,0,0,0,0,0,0,0,0,0,0,0,0,0,0,0.02,0.18,0,0.41,0,0,4.64,0,0,0.03,0,0,0,0,0.47,0,0,0,0,0.07,6.95,0,0,1.68,5.23,0.61,0,1.09,1
"Gambia",1979,0.203796096407962,18.07,0,0,0,0,0.04,0,0,0,0,0,0,0,0,0,0,0,0,0,0,0.01,0.01,0,0.08,0,0,4.44,0,0,0.04,0,0,0,0,2.11,0,0,0,0,0.08,5.14,0,0,3.39,0.67,0.04,0,0.02,2
"Gambia",1980,0.233026722053444,31.75,0.03,0,0,0,0.03,0,0,0,0,0,0,0,0,0,0,0,0,0,0,0.03,0,0,0.6,0.01,1.1,12.59,0,0,0.03,0.09,0,0,0,0.61,0.2,0,0,0,0.02,5.28,0,0,5.39,0.99,0.7,0,0.05,4
"Gambia",1981,0.181551219512195,41,0.58,0,0,0,0.04,0,0,0,0,0,0,0,0,0,0,0,0,0,0,0.01,0,0,2.36,0.01,0.57,4.98,0,0,0.03,0,0,0,0,1.31,0,0,0,0.1,0.02,4.71,0,0,9.46,11.65,0,0,0.17,5
"Gambia",1982,0.165859895903905,28.18,3.82,0,0,0,0.05,0,0,0,0,0,0,0,0,0,0,0,0,0,0,0.02,0.14,0,0.16,0.02,0.85,7.16,0,0,0.02,0,0,0,0,0.96,0,0,0,0.19,0.02,4.34,0,0,2.81,1.01,0,0,0.61,6
"Gambia",1983,0.221834156218968,23.69,0.07,0,0,0,0.04,0,0,0,0,0,0,0,0,0,0,0,0,0,0,0.03,0.03,0,0.42,0.02,0.46,8.3,0,0,0.05,0,0,0,0,0.69,0.92,0,0,0,0.02,3.64,0,0,1.76,0,0,0,1.24,6
"Gambia",1984,0.170268856758204,35.76,3.36,0,0,0,0.03,0,0,0,0,0,0,0,0,0,0,0,0,0,0,0.04,0.06,0,0.16,0,2.88,7.84,0,0,0.04,0.04,0,0,0,2.37,0.37,0,0,0.13,0.04,4.86,0,0,2.6,0.3,0,0,0.64,10
"Gambia",1985,0.166474580454214,32.47,1.21,0,0,0,0.04,0,0,0,0,0,0,0,0,0,0,0,0,0,0,0.01,0,0,0.39,0,3.56,5.15,0,0,0.03,1.75,0,0,0,2.98,0.84,0,0,0.19,0.07,4.55,0,0,0.11,0.67,0,0,0.92,10
"Gambia",1986,0.173537777145946,60.34,1.59,0,0,0,0.03,0,0,0,0,0,0,0,0,0,0,0,0,0,0,0.02,0,0,0.12,0,5.8,5.65,0,0,0.16,15.32,0,0,0,5.98,1.13,0,0,0.17,0.05,14.51,0,0,0.03,0.6,0,0,0.18,9
"Gambia",1987,0.151189022336136,53.16,4.45,0,0,0,0.04,0,0,0,0,0,0,0,0,0,0,0,0,0,0,0.02,0.06,0,0.13,0,4.56,7.53,0,0,0.09,9.17,0,0,0,1.94,1.41,0,0,0.25,0,11.76,0,0,0,0.56,0,0,1.19,10
"Gambia",1988,0.133633179338541,59.51,3.83,0,0,0,0.03,0,0,0,0,0,0,0,0,0,0,0,0,0,0,0.02,0.02,0,6.96,0,1.1,6.61,0,0,0.01,8.21,0,0,0,5.14,3.84,0,0,0.4,0,11.63,0,0,0,0.38,0,0,0.33,11
"Gambia",1989,0.108502900055449,62.06,2.04,0,0,0,0.03,0,0,0,0,0,0,0,0,0,0,0,0,0,0,0.07,0,0,10.35,0,4.2,5.44,0,0,0.01,5.98,0,0,0,3.68,3.04,0,0,0.25,4.18,8.27,0,0,0,3.79,0,0,0.73,10
"Gambia",1990,0.122178746082454,64.25,6.44,0,0,0,0.02,0,0,0,0,0,0,0,0,0,0,0,0,0,0,3.17,0.28,0,3.34,0.04,7.97,4.36,0,0,0.04,0.85,0,0.83,0,4.69,2.33,0,0,0.49,0.04,12.98,0,0,0,4.18,0,0,0.2,12
"Gambia",1991,0.0910823523062763,62.41,4.01,0,0,0,0,0,0,0,0,0,0,0,0,0,0,0,0,0,0,6.29,0.26,0,1.53,0.76,6.99,6.6,0,0,0.02,3.54,0,0.64,0,2.65,1.66,0,0,1.3,6.7,8.88,0,0,0,4.42,0,0,0.16,6
"Gambia",1992,0.119350225008754,53.31,5.08,0,0,0,0.04,0,0,0,0,0,0,0,0,0,0,0,0,0,0,3.74,0.23,0,3.17,0.47,7.14,6.28,0,0,0.15,2.19,0,0.73,0,2.05,1.32,0,0,0.42,0.51,10.28,0,0,0,0.02,0,0,0.49,9
"Gambia",1993,0.153888562543174,52.73,12.73,0,0,0,0.06,0,0,0,0,0,0,0,0,0,0,0,0,0,0,0.04,0.2,0,0.85,0,7.2,5.53,0,0,0.25,3.35,0,1.01,0,1.19,1.27,0,0,0.62,1.38,4.57,0,0,0.08,0.01,0,0.04,0.35,12
"Gambia",1994,0.16407528879862,41.23,11.5,0.1,0,0,0.08,0,0,0,0,0,0,0,0,0,0,0,0,0,0,0.04,0.14,0,0.63,0,4.6,6.06,0,0,0.18,1.08,0,1.3,0,2.85,0.73,0,0,0,0.04,3.57,0,0,0.15,0,0,0,0.18,8
"Gambia",1995,0.147484381787369,29.11,2.29,0.02,0,0,0.07,0,0,0,0,0,0,0,0,0,0,0,0,0,0,0.01,0.08,0,0.42,0,4.55,6.51,0,0,0.64,0.36,0,0,0,1.73,0.45,0,0,1.11,0.05,3.88,0,0,0.52,0.01,0,0,0.41,6
"Gambia",1996,0.149146029837894,21.51,0.1,0.05,0.72,0,0.03,0.04,0,0,0,0,0,0,0,0,0,0,0,0,0,0.03,0,0,0.25,0,3.65,4.53,0,0,0.56,0.11,0,0,0,2.06,0.37,0,0,1.24,0,3.5,0,0,0,0,0,0,0.27,4
"Gambia",1997,0.143485762323616,21.05,0.21,0.07,0.8,0,0,0.04,0,0,0,0,0,0,0,0,0,0,0,0,0,0,0.18,0,0.18,0.03,2.97,4,0,0,0.88,0.29,0,0,0,2.17,0.77,0,0,0.66,0,2.52,0,0.05,0,0,0,0,0.23,5
"Gambia",1998,0.135401944045313,19.57,0.58,0,0,0,0,0.05,0,0,0,0,0,0,0,0,0,0,0,0,0,0.01,0.09,0,0.5,0.01,3.12,4.09,0,0,0.69,0.47,0,0,0,0.46,0.27,0,0,0.66,0.03,1.49,0,0.06,1.87,0.05,0,0.67,0.26,4.14
"Gambia",1999,0.118814247628607,16.63,2.23,0.07,0,0,0,0.04,0,0,0,0,0,0,0,0,0,0,0,0,0,0.07,0.1,0,0.12,0.01,2.5,2.87,0,0,0.67,0.3,0,0,0,0.05,0.22,0,0.02,0.61,0,1.94,0,0.04,1.54,0,0,0.26,0.54,2.43
"Gambia",2000,0.13038285167008,19.04,3.28,0.02,0,0,0,0.03,0,0,0,0,0,0,0,0,0,0,0,0,0,0.28,0.18,0,0.02,0.03,0.78,2.6,0,0,0.64,1.08,0,0,0,0.15,0.19,0,0,0.74,0,2.1,0,0.04,3.45,0,0,0.01,0.18,3.24
"Gambia",2001,0.135217587502145,17.29,3.1,0.01,0,0,0,0.03,0,0,0,0,0,0,0,0,0,0,0,0,0,0.21,0.21,0,0.06,0.05,0.88,2.22,0,0,0.44,0.01,0,0,0,0.67,0.24,0,0.11,0.39,0,3.77,0,0.02,2.7,0,0,0.33,0.27,1.57
"Gambia",2002,0.192355715163402,22.79,8.2,0.08,0,0,0,0,0,0,0,0,0,0,0,0,0,0,0,0,0,0.15,0.19,0,0.16,0.05,0.98,1.79,0,0,0.46,0.02,0,0,0,0.32,0.69,0,0.06,0.49,0,1.73,0,0.02,4.02,0,0,0,0.57,2.81
"Gambia",2003,0.188478854296486,24.74,8.86,0.05,0,0,0,0.02,0,0,0,0,0,0,0,0,0,0,0,0,0,0.29,0.28,0,0.13,0.11,1.06,2.1,0.01,0,0.66,1.04,0,0,0,0.38,0.3,0,0.01,0.33,0,0.93,0,0,3.69,0,0,0,0.71,3.78
"Gambia",2004,0.12364295815773,15.08,2.66,0.07,0,0,0,0.05,0,0,0,0,0,0,0,0,0,0,0,0,0,0.77,0.27,0,0.03,0.07,0.96,1.89,0.01,0,0.48,0.01,0,0,0,0.46,0.26,0,0,0.56,0,0.49,0,0,1.89,0,0,0,0.93,3.22
"Gambia",2005,0.123893318118803,17.88,4.38,0.08,0,0,0,0.05,0,0,0,0,0,0,0,0,0,0,0,0.01,0,0.89,0.4,0.01,0,0.12,0.73,1.39,0.03,0,0.16,0.25,0,0,0,0.29,0.26,0,0.23,0.66,0,1.51,0,0,1.94,0,0,0,2.5,1.99
"Gambia",2006,0.187133918598001,33.42,10.99,0.04,0,0.02,0.03,0,0,0,0,0,0,0,0,0,0.03,0,0,0,0,0.01,0.52,0.04,0.26,0.07,1.14,1.33,0.02,0,0.3,0.3,0,0,0,0.08,0.25,0,0.3,0.75,0,4.1,0,0,6.63,0,0,0.39,1.17,4.65
"Gambia",2007,0.145837260546498,38.76,6.39,0.1,0,0,0,0,0,0,0,0.01,0,0,0,0,0.02,0,0,0,0,0.02,1.29,0.03,0.3,0.05,1.08,0.9,0.01,0,0.09,0,0,0,0,10.07,0.12,0,4.81,0.83,0,5.03,0,0.01,4.34,0,0,0.06,1.54,1.66
"Gambia",2008,0.17276519026871,35.59,1.08,0.03,0,0.03,0,0.03,0,0,0,0,0,0,0,0,0,0,0,0,0,0,0.53,0.04,0.26,0.16,1.77,0.81,0.09,0,0.07,1.44,0,0,0,3.89,0.07,0,2.2,0.93,0,3.77,0,0.01,5.55,0,0,0.02,0.77,12.04
"Gambia",2009,0.180036012474678,32.24,11.39,0.02,0,0.04,0,0.03,0,0,0,0.01,0,0,0,0,0,0,0,0,0,0.08,0.54,0.02,0.34,0.16,0.67,0.33,0.02,0,0.23,1.39,0,0,0,0.71,0.11,0,2.98,0.92,0,3.73,0,0.02,2.05,0,0.09,0.18,1.23,4.95
"Gambia",2010,0.696004784602645,203.04,17.22,0.11,0,0.02,0,0.04,0,0,0,0.02,0.01,0,0,0,0,0,0,0,0,0.1,0.41,0.04,0.36,0.18,0.56,0.6,0.02,0,0.05,0,0,0.12,0,0,0.13,0,3.97,0.85,0,168.32,0,0.03,2.79,0,0.1,0.27,0.46,6.26
"Gambia",2011,0.662647657944067,161.37,11.45,0.06,0,0.03,1.3,0.01,0,0,0,0,0.01,0,0,0,0.01,0,0,0,0,0.04,0.33,0.04,0.3,0.19,0.68,0.47,0.02,0,0.25,0.15,0,0.16,0,0,0.29,0,5.72,0.68,0,130.65,0,0.04,1.33,0,1.4,0.26,2.96,2.54
"Gambia",2012,0.747517293644996,148,7.46,0.05,0,0.02,1.37,0,0,0,0,0.01,0,0,0,0,0,0,0,0,0,0.03,0.29,0,0,0.11,0.76,0.24,0.02,0,0.17,0.13,0,0.16,0,0,0.05,0,2.56,0.64,0,127.66,0,0,0.9,0,2.23,0.43,0.46,2.25
"Gambia",2013,0.761777172791724,195.15,7.04,0.04,0,0.02,2,0,0,0,0,0,0,0,0,0,0,0,0,0,0,0.12,0.3,0,0,0.23,0.92,0.23,0.01,0,0.09,0,0,0.26,0,0,0.13,0.01,1.93,0.44,0,170.02,0,0,0.28,0,5.91,1.12,1.23,2.82
"Gambia",2014,0.821053327359482,120.84,0.35,0.04,0,0.09,0.42,0,0,0,0,0,0,0.01,0,0,0,0,0,0,0,0.08,0.27,0,0,0.32,0.35,0.36,0.02,0,0.07,0.02,0,0.29,0,0,0.2,0,0.26,0.63,0,109.42,0,0.01,2.62,0,0.97,1.83,0.21,2
"Gambia",2015,0.597216099937876,126.93,2.64,0.08,0,0.08,0.4,0,0,0,0,0.04,0,0.03,0,0,0,0,0,0,0,0.12,0.18,0,0,0.45,0.96,0.26,0,0.03,0.18,0,0,0.07,0,0,0.14,0,0.05,0.7,0.02,96.83,0,0,8.42,0,0.21,12.67,0.04,2.33
"Gambia",2016,0.715698812050311,93.85,1.78,0.3,0,0.05,0.23,0.05,0,0,0,0,0,0.02,0,0,0,0,0,0,0,0.1,0.19,0,0,0.26,0.3,0.27,0,0,0.08,0.2,0,0,0,0,0.15,0.04,0.48,0.44,0,79.17,0,0.06,4.82,0.09,1.13,1.18,0.04,2.42
"Gambia",2017,0.518588775316169,104.65,0.41,0.02,0,0.09,0.41,0.01,0,0,0.01,0.01,0,0.02,0,0,0,0,0,0,0,0.1,0.07,0,0,0.25,0.29,1.36,0,0,0.11,0.02,0,0,0,0,0.13,0.02,3.24,0.57,0.05,72.84,0,0,1.97,0.11,1.7,2.1,0.05,18.69
"Gambia",2018,0.223023796217819,91.48,3.51,0,0,0,0.34,0,0,0,0,0.02,0,0.02,0,0,0.01,0,0,0,0.01,0.15,0.23,0,0,0.01,6.31,3.23,0,0,0.04,4.92,0,0,0.04,0.06,0.31,0,2.24,0.83,0.07,24.09,0,0.03,33.94,0,4.47,3.67,0.12,2.81
"Gambia",2019,0.221146498622521,64.16,4.22,0,0,0,0.33,0,0,0,0.01,0.02,0,0.02,0,0,0.01,0,0,0,0.02,0.13,0.08,0,0,0.35,3.24,1.75,0,0,0.3,0.09,0,0,0,0.01,0.28,0.07,1.46,1.12,0.13,25.34,0,0.01,13.44,0,3.78,1.76,0.28,5.91
"Gambia",2020,0.283238992931695,55.68,3.01,0,0,0,0.2,0,0,0,0.01,0,0,0.02,0,0,0.05,0,0,0,0,0.12,0.03,0,0,0.39,1.16,2.99,0,0,0,0.02,0,0,0,0,0.29,0,1.53,1.08,0.2,27.77,0.11,0.07,7.73,0,3.53,0.89,1.65,2.83
"Gambia",2021,0.273403258824091,52.02,5.89,0,0,0,0.05,0,0,0,0.01,0,0.45,0.01,0,0,0.02,0,0,0,0,0.12,0.06,0,0,0.35,1.04,2.15,0,0,0,0.91,0,0,0,0.05,0.24,0,0.44,1.12,1.04,25.5,0,0.03,4.56,0,0.85,4.01,0.34,2.78
"Gambia",2022,0.164698686710792,61.343403,6.285813,0.98719,0,0.026177,0,0,0,0,0,0.017676,0,0.016212,0.006503,0,0.033938,0.002243,0,0,0.0357,0.181669,0.117333,0,0,0.463093,4.994315,1.476518,0,0,0.00499,0.342563,0,0,0.001521,0.152783,0.21552,0,0.487738,1.292989,0.955312,19.147169,0,0,11.459581,0,0.385354,3.530246,3.984295,4.738962
"Gambia",2023,0.173671327786871,58.44389,11.890864,0.417308,0,0,0,0,0,0,0,0.054044,0.005407,0.003885,0.000762,0,0.058269,0,0,0,0,0.169331,0.052913,0,0,0.291788,5.369567,3.031559,0,0,0.305307,1.472561,0,0,0,0.013947,0,0.000585,0.395175,1.794155,0.974422,15.610928,0,0,0,0,0.291173,0.92813,2.910633,12.401177
"Gambia",2024,0.235398042421105,71.827989,3.104335,2.989605,0,0.007959,0.126151,0,0.006799,0,0,0,0,0.01475,0,0,0.043774,0.001199,0,0.103008,0,0.247175,0.050729,0.02117,0.012324,0.202574,9.086398,1.73956,0,0,0.425165,0.243596,0,0,0.003138,0.005738,0,0,0.895672,1.357114,0.190028,12.819295,0.031755,0,3.814855,0,0.228017,1.134977,2.58373,30.337399
"Gambia",2025,NA,0,0,0,0,0,0,0,0,0,0,0,0,0,0,0,0,0,0,0,0,0,0,0,0,0,0,0,0,0,0,0,0,0,0,0,0,0,0,0,0,0,0,0,0,0,0,0,0,0
"Ghana",1957,NA,0,0,0,0,0,0,0,0,0,0,0,0,0,0,0,0,0,0,0,0,0,0,0,0,0,0,0,0,0,0,0,0,0,0,0,0,0,0,0,0,0,0,0,0,0,0,0,0,0
"Ghana",1958,NA,0,0,0,0,0,0,0,0,0,0,0,0,0,0,0,0,0,0,0,0,0,0,0,0,0,0,0,0,0,0,0,0,0,0,0,0,0,0,0,0,0,0,0,0,0,0,0,0,0
"Ghana",1959,NA,0,0,0,0,0,0,0,0,0,0,0,0,0,0,0,0,0,0,0,0,0,0,0,0,0,0,0,0,0,0,0,0,0,0,0,0,0,0,0,0,0,0,0,0,0,0,0,0,0
"Ghana",1960,0.64564358137137,2.53,0,0,0,0,0,0,0,0,0,0,0,0,0,0,0,0,0,0,0,0,0,0,0,0,0,0.05,0,0,0,0.01,0,0,0,0,0,0,0,0.01,0,0.34,0,0,0,0,0,0,0.12,2
"Ghana",1961,0.609665154651282,2.61,0,0,0,0,0,0,0,0,0,0,0,0,0,0,0,0,0,0,0,0,0,0,0.02,0,0,0.03,0,0,0,0,0,0,0,0,0,0,0,0.01,0,0.29,0,0,0,0,0,0,0.26,2
"Ghana",1962,0.314524723103165,5.59,0.03,0,0,0,0,0,0,0,0,0,0,0,0,0,0,0,0,0,0,0,0,0,0,0,0,2.2,0,0,0,0,0,0,0,0,0,0,0,0.01,0,0.87,0,0,0,0,0,0,0.48,2
"Ghana",1963,0.575059223074426,17.76,0.05,0,0,0,0,0,0,0,0,0,0,0,0,0,0,0,0,0,0,0,0,0,0,0,0,1.37,0,0,0,0,0,0,0,0,0,0,0,0,0.02,3.24,0,0,0,0,0,0,0.08,13
"Ghana",1964,0.309715338690065,19.86,0.23,0,0,0,0,0,0,0,0,0,0,0,0,0,0,0,0,0,0,0,0,0,0,0,0,3.42,0,0,0,0.02,0,0,0,0,0.02,0,0,0,0.12,6.67,0,0,0,0,0,0,1.38,8
"Ghana",1965,0.555330223388606,45.49,0.11,0,0,0,0.07,0,0,0,0,0,0,0,0,0,0,0,0,0,0,0,0,0,0,0,0,3.81,0,0,0,5.04,0,0,0,0,0.07,0,0,0,0,1.61,0,0,0,0,0,0,1.55,33.23
"Ghana",1966,0.42450625,64,0.14,0,0,0,0.11,0,0,0,0,0,0,0,0,0,0,0,0,0,0,0.43,0,0,0,0,0,10.08,0,0,0,0,0,0,0,0,0.11,0,0,0,0,1.34,0,0,0,8.54,0,0,3.92,39.33
"Ghana",1967,0.291465350869379,47.62,0.15,0,0,0,0.13,0,0,0,0,0,0,0,0,0,0,0,0,0,0,0.38,0,0,0,0,2.8,3.92,0,0,0,6.6,0,0,0,4.88,0,0,0,0,0.04,1.36,0,0,0,0,0,0,3.83,23.53
"Ghana",1968,0.244890088130528,47.97,0.16,0,0,0,0.12,0,0,0,0,0,0,0,0,0,0,0,0,0,0,0,0,0,0.19,0,2.6,5.03,0,0,0,4.26,0,0,0,0,0.03,0,0,0,0.02,15.19,0,0,0,0,0,0,4.06,16.31
"Ghana",1969,0.304140574698499,58.92,0.29,0,0,0,0.12,0,0,0,0,0,0,0,0,0,0,0,0,0,0,0,0,0,1.98,0,2.7,7.38,0,0,0,0.08,0,0,0,0,0.36,0,0,0,0.18,13.76,0,0,0,0,0,0,4.07,28
"Ghana",1970,0.289517509317983,52.43,0.23,0,0,0,0.14,0,0,0,0,0,0,0,0,0,0,0,0,0,0,0,0.02,0,0.39,0,1.3,7.36,0,0,0,0.09,0,0,0,0.44,0.18,0,0,0,0.02,13.17,0,0,0,0,0,0,6.09,23
"Ghana",1971,0.275248729515894,54.82,0.34,0,0,0,0.16,0,0,0,0,0,0,0,0,0,0,0,0,0,0,0,0,0,0.25,0.01,1.3,6.73,0,0,0,0.1,0,0,0,0.3,0.12,0,0,0,0.1,16.73,0,0,0,0,0,0,7.68,21
"Ghana",1972,0.296344673621298,57.28,0.26,0,0,0,0.16,0.01,0,0,0,0,0,0,0,0,0,0,0,0,0,0,0,0,0.34,0,1.32,11.78,0,0,0,0.12,0,0,0,0.78,0.41,0,0,0,0.05,4.42,0,0,0,0,0,0,11.63,26
"Ghana",1973,0.255137751566636,42.52,0.41,0,0,0,0.2,0.01,0,0,0,0,0,0,0,0,0,0,0,0,0,0,0.01,0,1.39,0.04,0,10.2,0,0,0,0.32,0,0,0,0.99,0.65,0,0,0,0.17,4.42,0,0,0,0,0,0,6.71,17
"Ghana",1974,0.232979539561132,34.45,0.43,0,0,0,0.23,0.02,0,0,0,0,0,0,0,0,0,0,0,0,0,0,0.04,0,2.38,0.05,0,8.68,0,0,0,0.37,0,0,0,0.47,0.2,0,0,0.07,0.07,2.66,0,0,0,0,0,0,11.78,7
"Ghana",1975,0.378312556493128,114.04,1.99,0,0,0,0.26,0.01,0,0,0,0,0,0,0,0,0,0,0,0,0,0.07,0.07,0,0.6,0,0,65.75,0,0,0,12.68,0,0,0,0.97,1.13,0,0,0,0.05,3.04,0,0,0,0,0,0,18.42,9
"Ghana",1976,0.252905292526571,46.41,0.99,0,0,0,0.7,0,0,0,0,0,0,0,0,0,0,0,0,0,0,0.05,0.1,0,0.12,0.02,0,5.94,0,0,0,0.3,0,0,0,1.88,0.46,0,0,0,0.06,5.57,0,0,0.01,0,0,0,12.21,18
"Ghana",1977,0.194003495091129,62.71,3.02,0,0,0,1.49,0,0,0,0,0,0,0,0,0,0,0,0,0,0,0.15,0.11,0,0.05,0.02,2,9.62,0,0,0,0.31,0,0,0,7.01,0.46,0,0,0,0.09,4.91,0,0,0,0,0,0,13.47,20
"Ghana",1978,0.127864312324501,84.99,8.03,0,0,0,1.31,0,0,0,0,0,0,0,0,0,0,0,0,0,0,0.34,0.1,0,0.13,0.03,1.3,13.8,0,0,0,0.61,0,0,0,3.29,0.39,0,0,0,0.14,8.56,0,0,8.98,9.42,0,0,15.56,13
"Ghana",1979,0.151355716790151,117.67,5.6,0,0,0,1.92,0,0,0,0,0,0,0,0,0,0,0,0,0,0,0.24,0.17,0,0.02,0.03,0,18.6,0,0,0,0.53,0,0,0,6.41,0.68,0,0,0.5,0.09,23.8,0,0,8.09,8.54,0,0,15.45,27
"Ghana",1980,0.1638934315922,146.39,2.54,0,0,0,0.65,0,0,0,0,0,0,0,0,0,0,0,0,0,0,0.14,0.05,0,0.01,0.03,3.25,31.01,0,0,0,0.5,0,0,0,4.84,1.15,0,0,0.43,0.19,36.25,0,0,12.26,12.98,0,0,14.11,26
"Ghana",1981,0.202630810212251,115.1,5.33,0,0,0,0.72,0,0,0,0,0,0,0,0,0,0,0,0,0,0,0.12,0.08,0,0.06,0.02,2.18,37.8,0,0,0,0.26,0,0,0,2.33,0.2,0,0,0.22,0.15,15.3,0,0,11.13,3.19,0,0,8.01,28
"Ghana",1982,0.212802095988298,88.65,5.16,0,0,0,0.52,0,0,0,0,0,0,0,0,0,0,0,0,0,0,0.05,0.2,0,0,0.1,2.34,32.35,0,0,0.01,0.2,0,0,0,1.93,0.21,0,0,0.11,0.16,12.22,0,0,6.45,0,0,0,8.64,18
"Ghana",1983,0.183215175393293,74.93,7.37,0,0,0,1.77,0.02,0,0,0,0,0,0,0,0,0,0,0,0,0,0.11,0.03,0,0.28,0.24,1.9,25.44,0,0,0.04,1.88,0,0,0,5.37,1.43,0,0,0,0.64,10.13,0,0,0.05,0,0,0,6.23,12
"Ghana",1984,0.207051576019496,108.39,12.67,0,0,0,1.91,0,0,0,0,0,0,0,0,0,0,0,0,0,0,0.12,0.05,0,0,0.05,1.25,16.04,0,0,0.02,0.81,0,0,0,4.22,0.41,0,0,0.01,4.75,5.05,0,0,0.06,0,0,0,36.97,24
"Ghana",1985,0.158085683507708,113.76,24.04,0,0,0,0.33,0,0,0,0,0,0,0,0,0,0,0,0,0,0,0.14,0.11,0,0.08,0.02,1.4,21.67,0,0,0.02,0.59,0,0,0,3.72,0.45,0,0,0,9.74,14.98,0,0,0.07,0,0,0,18.4,18
"Ghana",1986,0.146648946755281,148.48,29.44,0,0,0,0.39,0,0,0,0,0,0,0,0,0,0,0,0,0,0,0.2,0.2,0,0.08,0.07,1.94,28.9,0,0,0.1,4.8,0,0,0,10.82,0.49,0,0,0,3.14,28.52,0,0,0.05,7.85,0,0,17.49,14
"Ghana",1987,0.134197615061897,152.4,20.82,0.01,0,0,0.25,0,0,0,0,0,0,0,0,0,0,0,0,0,0,0.25,0.2,0,0.31,0.06,8.07,27.46,0,0,0.08,10.38,0,0,0,13.31,4.11,0,0,0,3.76,32.26,0,0,0.01,0,0,0,19.06,12
"Ghana",1988,0.145714245438416,262.17,63.21,0,0,0,0.67,0,0,0,0,0,0,0,0,0,0,0,0,0,0,0.27,0.17,0,11.28,0.09,16.12,35.04,0,0,0.02,8.5,0,0,0,20.74,0.91,0,0,0.51,10.64,55.86,0,0,0.04,2.18,0,0,20.92,15
"Ghana",1989,0.152410781733146,372.79,97.94,0.02,0,0,0.68,0.01,0,0,0,0,0,0,0,0,0,0,0,0,0,8.09,0.08,0,5.02,0.1,12.12,47.22,0,0,0.01,14.45,0,0,0,20.73,0.5,0,1.51,6.47,5.4,77.49,0,0,1.14,6.03,0,0,39.78,28
"Ghana",1990,0.313668671633825,578.07,71.9,0.01,0.01,0,0.79,0.03,0,0,0,0,0,0,0,0,0,0,0,0,0,2.03,0.21,0,3.19,0.51,12.39,297.75,0,0,0.02,10.54,0,0,0,24.81,0.64,0,3.21,1.98,3.7,28.36,0,0,0.67,5.4,0,0,94.92,15
"Ghana",1991,0.177170711000989,653.59,116.06,0.2,0,0,0.6,0.01,0,0,0,0,0,0,0,0,0,0,0,0,0,2.3,2.16,0,3.46,2.25,25.92,170.3,0,0,0.02,12.36,0,0,0,15.07,12.75,0,0.53,2.53,11.57,59.86,0,0,7.81,4.93,0,0,39.9,163
"Ghana",1992,0.130015214691161,353.06,71.29,2.71,0.02,0,0.4,0.03,0,0,0,0,0,0,0,0,0,0,0,0,0,1.36,0.74,0,6.14,0.61,46.88,28.62,0,0,0.14,17.03,0,0,0,41.71,1.61,0,0.04,2.13,0.68,61.55,0,0,0.9,2.79,0,0,38.68,27
"Ghana",1993,0.143786979782484,338.24,85.65,6.79,0,0,0.36,0,0,0,0,0,0,0,0,0,0,0,0,0,0,0.48,0.54,0,13.24,0.19,27,55.64,0,0,0.14,4.19,0,0,0,17.98,0.63,0,0.06,3.62,1.18,41.63,0,0,0.76,2.95,0,0,29.21,46
"Ghana",1994,0.205732638823222,354.18,137.56,2.3,0.03,0,0.37,0.06,0,0,0,0,0,0,0,0,0,0,0,0,0,0.35,0.12,0,16.69,0.25,32.74,28.46,0,0,0.12,5.7,0,0,0,22.06,0.61,0,0.13,0.43,0.9,33.28,0,0,1.24,1.07,0,0,16.71,53
"Ghana",1995,0.171077507487764,391.95,126.65,0.28,0,0,0.24,0.13,0,0,0,0,0,0,0,0,0,0,0,0,0,1.97,0.08,0,36.28,0.74,28.74,48.75,0,0,0.53,1.65,0,0,0,40.53,0.44,0,0.03,1.17,0.48,25.27,0,0,0,1.31,0,0,22.68,54
"Ghana",1996,0.14748894895904,382.47,115.3,1.84,0,0,0.17,0.09,0,0,0,0,0,0,0,0,0,0,0,0,0,23.83,0.04,0,42.25,0.8,20.98,44.48,0,0,0.55,1.09,0,0.28,0,26.4,1.58,0,3.73,3.85,0.6,37.59,0,0,1.68,4.35,0,0,20.99,30
"Ghana",1997,0.129944866799861,329.52,77.17,5.08,0,0,0.05,0.17,0,0,0,0,0,0,0,0,0,0,0,0,0,6.32,0.14,0,38.98,0.72,17.05,44.36,0,0,0.51,0.88,0,0,0,19.7,1.13,0,1.83,3.76,0.28,40.4,0,0.09,11.61,1.22,0,0,14.07,44
"Ghana",1998,0.206124910028253,426.09,159.81,0.62,0,0,0.05,0.07,0,0,0,0,0,0,0,0,0.02,0,0,0,0,4.59,0.3,0,35.27,0.71,10.78,38.99,0.03,0,0.21,0.86,0,0,0,24.07,1.11,0,8.54,0.65,0.47,82.74,0,0.06,3.18,1.63,0,0,17.01,34.32
"Ghana",1999,0.176938581805672,400.09,119.55,0.15,0,0,0.18,0.19,0,0,0,0,0,0,0,0,0.02,0,0,0,0,3.78,0.38,0,38.01,0.56,10.5,40.23,0,0,0.57,0.56,0,0.42,0,15.91,0.76,0,14.73,0.58,0.64,92.24,0,0.08,5.1,1.3,0,0,12.77,40.88
"Ghana",2000,0.170629955073305,414.08,122.73,0.17,0,0,0.2,0.11,0,0,0,0,0,0,0,0,0.03,0,0,0,0,1.04,0.23,0,37.15,0.64,9.06,33.2,0,0,0.41,0.26,0,0,0,28.59,3.22,0,5.63,5.93,0.66,80.21,0,0.05,4.92,0.09,0,0,16.21,63.34
"Ghana",2001,0.180815930451713,409.98,42.98,0.2,0,0,0.06,0.02,0,0,0,0.01,0,0,0,0,0.03,0,0,0,0,1.56,0.19,0,40.95,0.6,7.97,23.83,0,0,0.27,0.19,0,0,0,116.67,0.54,0,3.75,2.01,0.37,97.95,0,0.12,4.24,0.72,0,0,11.23,53.52
"Ghana",2002,0.1650952376026,455.27,29.27,0.24,0,0,0.05,0.08,0,0,0,0.04,0,0,0,0,0.01,0,0,0,0,0.38,0.17,0,51.48,0.51,11.4,34.82,0.04,0,1.14,2.7,0,0.21,0,96.31,0.7,0,9,1.35,7.42,122.62,0,0.24,3.83,0,0,0,12.39,68.87
"Ghana",2003,0.14649792339031,494.36,29.75,12.38,0,0,0.06,0.06,0,0,0,0.03,0,0,0,0,0.01,0,0,0,0,1.57,0.19,0,56.7,0.27,20.03,49.13,0,0,1.32,0.43,0,0.05,0,65.81,0.61,0,13.06,0.42,7.72,129.22,0,0.43,0.54,0,0,0,20.64,83.93
"Ghana",2004,0.334127601853565,1870.02,1020.69,15.22,0,0,0.26,0.07,0,0,0,0.06,0,0,0,0,0.02,0,0,0,0,24.58,2.68,0,59.72,0.18,74.96,71,0.03,0,1.13,2.74,0,0.05,0,152.58,1.73,0,19.09,0.46,7.63,281.06,0,0.01,5.12,0,0,0,48.54,80.41
"Ghana",2005,0.160366718678777,975.05,44.22,13.7,0,0,0.2,0.12,0,0,0,0.06,0,0,0,0,0.02,0,0,0,0,0.51,3.31,0.01,56.71,0.26,105.13,322,0.37,0,1.24,3.52,0,0.05,0,70.49,1.09,0,68.06,26.68,12.26,121.25,0,0.06,5.09,0,0,0.01,51.73,66.9
"Ghana",2006,0.142202665203762,634.07,43.66,0.27,0,0,0.19,0.17,0,0,0,0.12,0,0,0,0,0.05,0,0,0,0,0.09,18.45,0.01,66.15,0.11,31.86,59.91,0.01,0,2.31,2.88,0,0.05,0,96.96,1.02,0,2.18,0.76,13.94,169.55,0,0.02,1.04,0,0,0.04,53.85,68.42
"Ghana",2007,0.130208980383107,722.11,46.48,1.56,0,0,0.35,0.12,0,0,0,0.22,0,0,0,0,0.02,0,0,0,0,0.15,13.14,0,72.13,0.56,52.04,52.71,0.16,0,3.74,11.08,0,0.06,0,142.23,1.21,0,6.19,1.65,13.83,152,0,0.09,1.13,0,0,0.03,78.57,70.66
"Ghana",2008,0.120732473083816,752.11,54.03,2.51,0,0,0.16,0.19,0,0,0,0.11,0,0,0,0,0.23,0,0,0,0.01,0.18,20.11,0.02,85.41,0.15,56.03,71.69,0.14,0,0.93,3.45,0,0.06,0,120.22,0.99,0,17.54,1.34,8.32,150.77,0,0.16,3.35,0,0,0.47,74.01,79.53
"Ghana",2009,0.116325053214722,884.93,64.8,2.47,0,0.01,0.47,0.17,0,0,0,0.18,0,0,0,0,0.13,0,0,0,0.02,2.11,5.12,0.01,88.38,0.18,62.93,61.16,0.12,0,2.31,1.14,0,0.19,0,98.33,2.46,0,65.8,1.29,11.95,156.67,0,0.57,4.67,0,0.89,0.06,99.8,150.54
"Ghana",2010,0.146617813590818,756.31,70,6.73,0,0,0.52,0.16,0,0,0,0.15,0,0.01,0,0,0.16,0.01,0,0,0,2.27,30.07,0.01,102.04,0.31,47,58.16,0.06,0,1.33,1.19,0,0.22,0,72.87,3.64,0,18.73,0.32,13.74,0,0,0.63,3.68,0,0.32,0.21,114.2,207.57
"Ghana",2011,0.198926440471428,787.81,46.46,5.06,0,0.01,3.31,0.4,0,0,0,0.19,0,0.01,0,0,0.12,0.03,0,0,0,4,14.29,0.01,72.53,0.9,50.54,99.32,0.08,0,0.6,16.25,0,0.17,0,63.14,8.05,0,6,0.07,17.05,0.28,0,0.31,0.58,0,0.8,0.39,70.72,306.14
"Ghana",2012,0.148196375767843,795.21,115.39,23.44,0,0,5.31,0.2,0,0,0,0.14,0,0.01,0,0,0.02,0.03,0.27,0,0,3.96,14.34,0.01,88.46,1.22,60.31,78.63,0.08,0,0.9,0.69,0,0.16,0,40.72,8.27,0.01,0.7,0.37,18.41,2.61,0,4.99,0.85,0,0.16,0.79,100.88,222.88
"Ghana",2013,0.122786211398797,605.05,65.79,9.85,0,0.02,8,0.18,0,0,0,0.16,0.06,0.02,0,0,0.05,0,0,0,0,4.59,7.56,0.01,81.04,1.61,67.33,57.01,0,0,0.18,14.56,0,0.16,0,21.51,6.56,0,1.23,0.46,27.76,5.83,0,0.56,0.33,0,0.15,2.11,99.73,120.64
"Ghana",2014,0.145528998274785,517.22,41.25,19.04,0,0,3.09,0.11,0,0,0,0.11,0,0,0,0,0.04,0.01,3.04,0,0,3.26,2.72,0,47.94,1.64,71.54,36.7,0,0,1.05,1.4,0,0.25,0,31.04,6.49,0,0.14,0.83,18.16,0.46,0,0.61,0,0,1.4,3.01,78.57,143.32
"Ghana",2015,0.169163452123914,550.13,25.22,41.84,0,0.01,2.98,0.32,0,0,0,0.02,0.02,0.02,0,0,0.02,0.02,0,0,0,1.46,4.08,0,39.15,1.47,51.1,58.31,0,0,0.43,2.46,0,0.15,0,32.48,4.1,0.01,1.1,0.85,18.51,0.48,0,0.74,0,0,2.79,0.28,74.72,184.99
"Ghana",2016,0.214110713926346,561.67,33.42,24.16,0,0.02,1.17,0.47,0,0,0,0.09,0,0.22,0,0,0.02,0,0,0,0,2.75,8.57,0,50.56,1.06,82.29,27.91,0,0,0.4,1.33,0,0.25,0.04,30.64,3.36,0,0.46,0.64,12.64,0.15,0,0.32,0,0.09,1.88,1.63,46.22,228.91
"Ghana",2017,0.220814680388897,551.39,51.2,47.99,0,0.07,2.41,0.38,0,0,0,0.09,0.01,0.27,0,0,0.01,0,0,0,0,1.15,5.13,0,17.43,1.04,37.67,57.92,0.01,0,0.32,1.75,0,0,0,19.74,2.89,0.01,0.58,1.58,19.34,0.55,0,0,0,0.11,0.62,4.49,43.35,233.28
"Ghana",2018,0.174209773351264,688.42,71.04,0,0,0,1.91,0.24,0,0,0,0.14,0.01,1.07,0,0,0.09,0.01,0,0,0,3.08,5.76,0,45.07,0.8,57.83,79.15,0.02,0,0.05,1.77,0,0,0.02,20.19,4.4,0.01,1.38,1.02,19.04,56.28,0,0.7,0,0,1.95,0.13,79.64,235.62
"Ghana",2019,0.188837523037309,601.66,47.8,0,0,0,1.63,0.26,0,0,0,0.2,0.02,1.49,0,0,0.37,0.01,0,0,0,3.42,2.61,0,21.28,1,28.8,103.18,0.01,0,0.31,2.34,0,0.07,0.09,20.02,4.59,0,1.47,1.01,19.57,70.7,0,0.3,2.01,0,1.61,1.49,49.99,214.01
"Ghana",2020,0.188510556498437,609.62,49.49,0,0,0,1.46,0.49,0,0,0,0.1,0.12,1.47,0,0,0.52,0,0,0,0.05,4.04,0.51,0,8.29,1.03,70.95,98.8,0,0.01,0.2,1.01,0,0.07,0,13.09,3.37,0,0.64,2.03,21.31,47.76,0,0.26,5.63,0,3.28,1.04,56.93,215.67
"Ghana",2021,0.233855622444376,779.89,31.75,0,0,0,1.69,0.3,0,0,0,0.76,0.82,3.61,0,0,0.54,0,0,0.01,0.09,2.99,1.02,0,9.31,0.98,77.32,267.95,1.04,0,0.51,1.17,0,0.08,0.77,9.26,6,0.12,0.81,4.35,20.65,34.88,0,0.36,4.35,0,0.67,0.63,52.71,242.39
"Ghana",2022,0.172558602027855,546.59166,60.186829,38.07761,0,0.043816,0.688484,0.076852,0,0,0,0.695398,0.009366,4.333777,0.001337,0.028611,0.386583,0.007624,0,0,0,5.354572,4.903965,0,3.307054,0.663038,24.529735,110.61261,0,0,0.268268,2.191107,0,0.043597,0.058638,3.001552,7.599656,0.290529,0,3.405432,13.068814,21.016449,0,0.255988,5.278372,0,0.099987,0.406913,67.551059,168.148038
"Ghana",2023,0.222480754084408,540.19069,48.773765,27.713628,0,0,1.669125,0.024753,0.275731,0,0,0.691671,0.008651,2.068228,0,0.005388,0.338244,0.036924,0,0,0,1.541042,5.200879,0,3.845463,1.06137,11.644437,138.142785,0.027033,0.007249,0.182572,1.58993,0,0.011129,0.024645,2.070667,14.307575,0,0,3.562182,10.369669,15.534341,0,0.317763,0,0,0.181766,0.562332,49.777319,198.622434
"Ghana",2024,0.19174922246453,563.096066,19.358343,56.296891,0,0,0.679319,0.152679,0.279785,0,0,0.55616,0.008368,1.958197,0.097042,0.007507,0.315152,0.043625,0,0,0,1.042842,12.542435,0,1.344757,0.361159,58.661777,92.489878,0,0,0.173366,1.409714,0,0,0.046538,2.864781,13.68314,0,0.12035,3.396225,13.314588,25.384972,0,0.389559,0,0,0.361413,0.469364,51.887572,203.398568
"Ghana",2025,NA,0,0,0,0,0,0,0,0,0,0,0,0,0,0,0,0,0,0,0,0,0,0,0,0,0,0,0,0,0,0,0,0,0,0,0,0,0,0,0,0,0,0,0,0,0,0,0,0,0
"Guinea",1958,NA,0,0,0,0,0,0,0,0,0,0,0,0,0,0,0,0,0,0,0,0,0,0,0,0,0,0,0,0,0,0,0,0,0,0,0,0,0,0,0,0,0,0,0,0,0,0,0,0,0
"Guinea",1959,NA,0,0,0,0,0,0,0,0,0,0,0,0,0,0,0,0,0,0,0,0,0,0,0,0,0,0,0,0,0,0,0,0,0,0,0,0,0,0,0,0,0,0,0,0,0,0,0,0,0
"Guinea",1960,0.722222222222222,0.06,0,0,0,0,0,0,0,0,0,0,0,0,0,0,0,0,0,0,0,0,0,0,0,0,0,0.05,0,0,0,0.01,0,0,0,0,0,0,0,0,0,0,0,0,0,0,0,0,0,0
"Guinea",1961,0.502183236624037,2.27,0,0,0,0,0,0,0,0,0,0,0,0,0,0,0,0,0,0,0,0,0,0,0,0,0,1.26,0,0,0,0,0,0,0,0,0,0,0,0,0.01,0,0,0,0,0,0,0,0,1
"Guinea",1962,0.523821793913783,9.85,0,0,0,0,0,0,0,0,0,0,0,0,0,0,0,0,0,0,0,0,0,0,0,0,0,3.85,0,0,0,0,0,0,0,0,0,0,0,0,0,0,0,0,0,0,0,0,0,6
"Guinea",1963,0.540270551853564,23.31,0,0,0,0,0,0,0,0,0,0,0,0,0,0,0,0,0,0,0,0,0,0,0,0,0,8.28,0,0,0,0,0,0,0,0,0,0,0,0,0.03,0,0,0,0,0,0,0,0,15
"Guinea",1964,0.625860507795182,15.47,0,0,0,0,0,0,0,0,0,0,0,0,0,0,0,0,0,0,0,0,0,0,0,0,1.7,1.7,0,0,0,0.03,0,0,0,0,0,0,0,0,0.02,0.01,0,0,0,0,0,0,0.01,12
"Guinea",1965,0.74587099972173,26.02,0,0,0,0,0,0,0,0,0,0,0,0,0,0,0,0,0,0,0,0,0,0,0,0,0.7,1.93,0,0,0,0.89,0,0,0,0,0,0,0,0,0.03,0.03,0,0,0,0,0,0,0.08,22.36
"Guinea",1966,0.671369315995574,14.74,0,0,0,0,0,0,0,0,0,0,0,0,0,0,0,0,0,0,0,0,0,0,0,0,0,1.9,0,0,0,0,0,0,0,0,0,0,0,0,0.01,0.02,0,0,0,0.41,0,0,0.49,11.91
"Guinea",1967,0.620124190778174,8.7,0,0,0,0,0,0,0,0,0,0,0,0,0,0,0,0,0,0,0,0,0.03,0,0,0,0,1.74,0,0,0,0.01,0,0,0,0,0,0,0,0,0.01,0,0,0,0,0,0,0,0.29,6.62
"Guinea",1968,0.62391867500865,6.54,0,0,0,0,0,0,0,0,0,0,0,0,0,0,0,0,0,0,0,0,0.03,0,0,0,0,1.51,0,0,0,0.01,0,0,0,0,0,0,0,0,0.03,0,0,0,0,0,0,0,0.02,4.94
"Guinea",1969,0.466619362622556,12.83,0,0,0,0,0,0,0,0,0,0,0,0,0,0,0,0,0,0,0,0,0.02,0,0,0,0,1.52,0,0,0,3.24,0,0,0,0,0,0,0,0,0.03,0,0,0,0,0,0,0,0.02,8
"Guinea",1970,0.404175428369903,11.99,0.01,0,0,0,0,0,0,0,0,0,0,0,0,0,0,0,0,0,0,0,0.01,0,0,0,0,1.32,0,0,0,5.6,0,0,0,0,0,0,0,0,0.01,0,0,0,0,0,0,0,0.04,5
"Guinea",1971,0.464331535963353,10.17,0,0,0,0,0,0,0,0,0,0,0,0,0,0,0,0,0,0,0,0,0.01,0,0,0,0,0.49,0,0,0,3.43,0,0,0,0.01,0,0,0,0.08,0.11,0,0,0,0,0,0,0,0.04,6
"Guinea",1972,0.508381273556834,2.84,0,0,0,0,0,0,0,0,0,0,0,0,0,0,0,0,0,0,0,0,0,0,0,0,1.76,0,0,0,0,0.05,0,0,0,0.01,0,0,0,0,0.01,0,0,0,0,0,0,0,0.01,1
"Guinea",1973,0.497316039171722,11.01,0.01,0,0,0,0,0,0,0,0,0,0,0,0,0,0,0,0,0,0,0,0.02,0,0,0,0,0.02,0,0,0,5.94,0,0,0,0,0,0,0,0,0.01,0,0,0,0,0,0,0,0.01,5
"Guinea",1974,0.436215710721218,17.77,1.23,0,0,0,0,0,0,0,0,0,0,0,0,0,0,0,0,0,0,0,0.03,0,0,0,0,0,0,0,0,0.03,0,0,0,0,0,0,0,0,0,0,0,0,0,10,0,0,0.48,6
"Guinea",1975,0.663318621210356,9.98,0.46,0,0,0,0,0,0,0,0,0,0,0,0,0,0,0,0,0,0,0,0.02,0,0,0,0,0.01,0,0,0,0.05,0,0,0,0.03,0,0,0,0,0.01,0,0,0,0,1.36,0,0,0.04,8
"Guinea",1976,0.647215476297554,7.53,0.08,0,0,0,0,0,0,0,0,0,0,0,0,0,0,0,0,0,0,0,0.04,0,0,0,0.31,0.02,0,0,0,0.05,0,0,0,0.07,0,0,0,0,0,0,0,0,0.23,0,0,0,0.73,6
"Guinea",1977,0.26942558023319,10.93,0.46,0,0,0,0,0,0,0,0,0,0,0,0,0,0,0,0,0,0,0,0.05,0,0.33,0,0.2,0.04,0,0,0,0.13,0,0,0,2.77,0,0,0,0,0,0,0,0,2.85,0,0,0,0.1,4
"Guinea",1978,0.34996678153877,22.26,1.47,0,0,0,0,0,0,0,0,0,0,0,0,0,0,0,0,0,0,0,0.06,0,0,0,0,0.47,0,0,0,0.13,0,0,0,0.82,0,0,0,0,0.01,0,0,0,4.73,0.45,1.93,0,0.19,12
"Guinea",1979,0.478202549565401,57.28,2.99,0,0,0,0,0,0,0,0,0,0,0,0,0,0,0,0,0,0,0.01,0.18,0,0,0.25,4.5,38.71,0,0,0,0.35,0,0,0,1.47,0,0,0,0,0.03,0,0,0,1.08,0.41,1.27,0,0.03,6
"Guinea",1980,0.279717814941609,35.62,2.07,0,0,0,0,0,0,0,0,0,0,0,0,0,0,0,0,0,0,0.02,0.1,0,0,0.01,10.2,12.85,0,0,0,0.15,0,0,0,0.29,0,0,0,0,0.11,0,0,0,0.15,0.1,0.54,0,0.03,9
"Guinea",1981,0.25849251061847,66.19,3.15,0,0,0,0,0,0,0,0,0,0,0,0,0,0,0,0,0,0,0,0.13,0,0.04,0.05,18.1,3.61,0,0,0,3.58,0,0,0,0.07,0,0,0,0,0.01,0.01,0,0,0.19,25,0.2,0,0.05,12
"Guinea",1982,0.25999615817964,61.49,2.43,0,0,0,0,0,0,0,0,0,0,0,0,0,0,0,0,0,0,0,0.2,0,0.02,0,12.32,6.88,0,0,0,1.44,0,0,0,0.22,0,0,0,0,0.06,0.12,0,0,2.67,26.54,0,0,0.59,8
"Guinea",1983,0.22199718868268,28.79,3.32,0,0,0,0,0,0,0,0,0,0,0,0,0,0,0,0,0,0,0,0.04,0,0.5,0,9.46,6.73,0,0,0,0.96,0,0,0,0.07,0,0,0,0,0.26,0.09,0,0,0.78,0,0,0,0.58,6
"Guinea",1984,0.218696742710333,74.52,2.86,0,0,0,0,0,0,0,0,0,0,0,0,0,0,0,0,0,0,0.01,0.22,0,3.42,0.14,9.42,8.46,0,0,0,3.49,0,0,0,0.11,0.11,0,0,0,0.33,0.12,0,0,0.18,29.82,0,0,9.83,6
"Guinea",1985,0.176302291439473,67.1,5.82,0,0,0,0,0,0,0,0,0,0,0,0,0,0,0,0,0,0,0.02,1.1,0,0.66,0.01,21.78,8.01,0,0,0,3.2,0,0,0,3.03,0.2,0,0,0,0.34,0.38,0,0,3.32,0.05,0,0,11.18,8
"Guinea",1986,0.244268140779009,102.86,3.7,0,0,0,0,0,0,0,0,0,0,0,0,0,0,0,0,0,0,0.02,0.47,0,3.6,0,46.07,12.98,0,0,0,6.82,0,0,0,0.36,2.64,0,0,0,5.92,0.39,0,0,0,5.1,0,0,2.79,12
"Guinea",1987,0.198725109900261,143.47,22.75,0,0,0,0,0,0,0,0,0,0,0,0,0,0,0,0,0,0,0.04,0.51,0,2.92,0.04,50.78,24.16,0,0,0,5.15,0,0,0,0.42,1.18,0,0,0,0.4,0.74,0,0,5.88,7.72,0,0,4.78,16
"Guinea",1988,0.263732232482321,179.72,26.82,0,0,0,0,0,0,0,0,0,0,0,0,0,0,0,0,0,0,0.05,0.37,0,1.07,0.08,83.56,15.46,0,0,0,12.81,0,0,0,0.56,0.49,0,0,0.16,0.58,1.17,0,0,3.62,11.35,0,0,6.57,15
"Guinea",1989,0.2655817581344,226.62,8.83,0,0,0,0.03,0,0,0,0,0,0,0,0,0,0,0,0,0,0,0.03,0.55,0,7.62,0.04,100.42,50.96,0,0,0,21.23,0,0,0,0.59,0.04,0,0.01,0,0.63,0.75,0,0,7.66,15.54,0,0,6.69,5
"Guinea",1990,0.360271752284554,163.24,9.4,0,0,0,0,0,0,0,0,0,0,0,0,0,0,0,0,0,0,0.12,0.52,0,1.01,0.04,93.57,20.34,0,0,0,13.17,0,0.08,0,1.18,0.75,0,0,0.33,1,0.81,0,0,0,10,0,0,3.92,7
"Guinea",1991,0.330985435706631,185.96,22.48,0.07,0,0,0,0,0,0,0,0,0,0,0,0,0,0,0,0,0,0.15,0.66,0,3.87,0.6,100.76,17.9,0,0,0,12.09,0,0.37,0,0.01,0,0,0,0.83,1.92,1.78,0,0,0,0,0,0,6.47,16
"Guinea",1992,0.42220592955178,251.47,28.94,0,0,0,0,0,0,0,0,0,0,0,0,0,0,0,0,0,0,0.18,0.85,0,7,0.2,158.77,13.39,0,0,0,11.4,0,0.34,0,0.35,0.01,0,0,1.03,3.12,1.01,0,0,0,1.74,0,0,9.14,14
"Guinea",1993,0.284039782558452,217.08,32.74,0,0,0,0,0,0,0,0,0,0,0,0,0,0,0,0,0,0,0.96,3.01,0,2.89,0.07,104.34,23.86,0,0,0.01,3.01,0,0.01,0,2.84,3.6,0,0,0.53,2.17,0.88,0,0,0,0.58,0,0.01,8.57,27
"Guinea",1994,0.197188823931546,214.14,33.8,0,0.06,0,0,0,0,0,0,0,0,0,0,0,0,0,0,0,0,0.62,3.92,0,1.94,0.04,73.97,25.12,0,0,0.02,21.79,0,0.01,0,2.23,0,0,0,0.41,2.64,0.43,0,0,0.94,4.59,0,0,6.61,35
"Guinea",1995,0.299861999830168,250.89,50.74,0,0,0,0,0,0,0,0,0,0,0,0,0,0,0,0,0,0,0.92,5.69,0,3.23,0.05,122.55,15.23,0,0,0.07,0.69,0,0.6,0,0.21,0.16,0,4.62,0.42,1.21,0.62,0,0,1.83,7.78,0,0,4.27,30
"Guinea",1996,0.218351156100445,181.19,18.3,0,0,0,0,0,0,0,0,0,0,0,0,0,0,0,0,0,0,0.75,1.66,0,3.82,0.03,74.04,17.84,0,0,0.13,1.3,0,0,0,0.25,2.97,0,0.01,0.27,0.85,0.73,0,0,8.83,16.36,0,0,9.05,24
"Guinea",1997,0.183920375451836,207.48,6.45,0,0,0,0,0,0,0,0,0,0,0,0,0,0,0,0,0,0,0.65,1.77,0,2.02,0,66.75,15.86,0,0,0.11,14.83,0,0.76,0,0.22,1,0,0.88,0.23,1.58,0.74,0,0.02,21,16.81,0,0,9.8,46
"Guinea",1998,0.210285590846909,197.97,44.16,0,0,0,0,0,0,0,0,0,0,0,0,0,0.03,0,0,0,0,0.64,1.13,0,0.2,0.5,71.88,18.1,0,0,0.1,3.58,0,0.69,0,0.09,0.07,0,0.02,0.92,0.36,0.48,0,0.09,12.5,17.66,0,0,10.7,14.07
"Guinea",1999,0.221460724864504,160.28,19.11,0.01,0,0,0,0,0,0,0,0,0,0,0,0,0,0,0,0,0,0.54,0.91,0,0,0.08,62.51,25.94,0,0,0.13,0.24,0,0.36,0,0,0.06,0,0.46,0.57,0.4,0.87,0,0.02,9.63,10.22,0,0,5.58,22.64
"Guinea",2000,0.21369562627257,127.81,23.59,0,0,0,0,0,0,0,0,0,0,0,0,0,0.02,0,0,0,0,0.64,2.44,0,0,0.42,42.52,17.35,0,0,0.14,0.42,0,0.35,0,0.02,0,0,0.01,0.07,0.68,0.4,0,0.03,1.94,2.46,0,0,6.68,27.63
"Guinea",2001,0.168538513447481,146.84,21.34,0,0,0,0,0,0,0,0,0.02,0,0,0,0,0.01,0,0,0,0,2.38,1.03,0,0,0.9,36.86,17.9,0,0,0.33,10.94,0,0.57,0,2.28,3.02,0,0.45,0.59,0.85,1.09,0,0.01,1.34,1.28,0,0,7.7,35.95
"Guinea",2002,0.210275294889612,153.31,20.98,0,0,0,0,0,0,0,0,0.03,0,0,0,0,0.01,0,0,0,0,0.53,4.81,0,0,0.17,39.87,16.06,0,0,0.13,0.75,0,0.87,0,3.99,0.55,0,0.95,0.49,1.17,2.66,0,0.07,4.24,0,0,0,4.31,50.67
"Guinea",2003,0.200158392841447,158.02,23.64,0,0,0,0,0,0,0,0,0.04,0,0,0,0,0.01,0,0,0,0,0.7,1.21,0,0,0.07,44.73,17.76,0,0,0.78,0.01,0,0.12,0,4.2,3.38,0,0.01,0.9,0.54,2.11,0,0,4.36,0,0,0,8.86,44.59
"Guinea",2004,0.244033805941358,201.6,25.17,0,0,0,0.22,0,0,0,0,0.06,0,0,0,0,0.02,0,0,0,0,0.67,1.77,0,0,0.07,80.42,20.21,0,0,0.15,0.12,0,0.63,0,3.23,1.62,0,0,1.4,0.64,3.17,0,0,6.36,0,0,0,7.97,47.7
"Guinea",2005,0.199321607429355,156.94,12.17,0.05,0,0,0,0,0,0,0,0.07,0,0,0,0,0.04,0,0,0,0,0.63,1.23,0.03,0,0,43,19.3,0,0,0.19,0,0,0.36,0,0.95,1.13,0,0.55,1.26,2.02,1.47,0,0,14.09,0,0,0.01,11.53,46.86
"Guinea",2006,0.205256777008682,141.64,25.12,0.05,0,0,0,0,0,0,0,0.14,0,0,0,0,0,0,0,0,0,0.5,1.53,0,0,0,44.39,13.98,0,0,1.13,0.03,0,0.6,0,0.05,0.61,0.01,1.17,1.47,1.12,0.96,0,0,6.66,0,0,0.08,7.19,34.85
"Guinea",2007,0.236325053168773,145.15,16.1,2.23,0,0,0,0,0,0,0,0.13,0,0,0,0,0.02,0,0,0,0,0.58,0.92,0,0.04,0,60.69,15.75,0,0,0.54,0.1,0,0.21,0,0,0.14,0.08,2.31,0.41,1.15,1.08,0,0,10.58,0,0,0.29,7.06,24.74
"Guinea",2008,0.269207989985437,311.01,17.09,1.01,0,0,0,0,0,0,0,0.17,0,0,0,0,0.02,0,0,0,0,7.76,2.24,0,0.01,0.07,137.68,23.74,0,0,0.55,38.12,0,0.74,0,0,0,0.04,2.89,0.74,1.48,1.16,0,0.12,0.28,0,0,0.35,6.54,68.21
"Guinea",2009,0.313588976523132,181.64,18.2,0.1,0,0.04,0,0,0,0,0,0.21,0,0,0,0,0.01,0,0,0,0.02,0.26,1.15,0,0,0,91.38,19.46,0.01,0,0.14,0.21,0,0.24,0,0,0,0.02,5.29,0.6,2.67,0.87,0,0.14,0,0,0.06,0.4,5.22,34.94
"Guinea",2010,0.274255195993205,107.14,10.8,0.16,0,0,0,0,0,0,0,0.05,0,0,0,0,0.03,0,0,0,0,0.15,1.05,0.17,0.01,0,48.44,13.29,0,0,0.68,0.37,0,0.35,0,0,0,0.04,2.07,1,1.77,0.07,0,0.06,2.19,0,0,0.07,2.22,22.1
"Guinea",2011,0.320085808578941,106.59,2.19,0.25,0,0,0.2,0,0,0,0,0.05,0,0,0,0,0.01,0.01,4.87,0,0,0.19,1.47,0.17,0.1,0.02,55.88,13.92,0.01,0,0.35,0.14,0,0.6,0,0.09,0,0.13,2.59,1.13,2.76,0.07,0,0,0.27,0,0,0.24,2.55,16.33
"Guinea",2012,0.387109612610434,159.63,22.56,0.14,0,0.01,0.24,0,0,0,0,0.17,0,0,0,0,0,0.02,0.97,0,0,2.15,1.37,0,0,0.02,94.14,7.87,0.01,0,0.31,0.08,0,0.4,0,0,0,0.18,3.2,1.24,2.19,0.09,0,0,0.03,0,0.06,0.29,1.81,20.08
"Guinea",2013,0.252191621329679,433.93,122.02,0.05,0,0.03,0.29,0,0,0,0,0.05,0.02,0,0,0,0.01,0,0,0,0,6.84,5.12,0,0,0.22,138.79,4.89,0,0,0.8,1.16,0,0.81,0,0,0,0.12,10.84,0.8,2.21,0,0,0,3.91,0,20.4,0.76,1.19,112.6
"Guinea",2014,0.241536212924354,237.65,22.99,0.31,0,0.01,0.07,0,0,0,0,0.24,0.01,0,0,0,0,0,16.79,0,0,0.03,3.74,0,0,0.04,103.08,14.63,0.01,0,0.48,2.2,0,0.7,0,0,0.66,0.02,4.26,2.17,5.35,0.12,0,0,1.42,0,3.11,0.9,12.45,41.86
"Guinea",2015,0.223615675059292,207.42,26.25,0.09,0,0.03,0.06,0,0,0,0,0,0,0,0,0,0,0.01,6.25,0,0,0.04,6.84,0,0,0.03,50.05,12.76,0,0,0.38,0.12,0,0.72,0,0,0.14,0,0.87,1.01,2.72,0.03,0,0,6.2,0,0.04,0.54,15.5,76.74
"Guinea",2016,0.26691772665938,274.12,18.06,0.02,0,0.08,0.04,0,0,0,0,0.04,0,0.01,0,0,0,0,6.32,0,0,0.07,6.76,0,0,0.03,51.51,23.25,0,0,0.31,21.41,0,0.63,0,0,0.08,0.07,2.53,0.14,1.77,0.03,0,0,7.53,0,0.09,4.29,2.96,126.09
"Guinea",2017,0.228872989488416,212.31,30.08,0.08,0,0.05,0.01,0,0,0,0,0.05,0,0.01,0,0,0,0,3.72,0,0,0.02,4.9,0,0,0.22,58.86,12.18,0,0,0.27,1.58,0,0.54,0,0,0.12,0.03,5.69,0.05,1.71,0.03,0,0,6.4,0.75,5.62,1.52,2.72,75.1
"Guinea",2018,0.213341291163602,256.91,18.21,0,0,0,0.07,0,0,0,0,0.04,0,0,0,0,0,0,0,0,0,0.01,11.29,0,0,0.05,68.65,19.92,0,0,0.46,0.67,0,0.63,0,0,0.19,0.03,16.89,0.11,0.98,0.51,0,0.88,16.28,0,5.5,3.49,3.13,88.92
"Guinea",2019,0.21479635337128,220.5,16.24,0,0,0,0.06,0,0,0,0,0.02,0,0.01,0,0,0.01,0,0,0,0,0,10.2,0,0,0.04,70.35,19.75,0,0,0.39,1.22,0,0.58,0,0,0.18,0,12.3,0.11,0.69,0.96,0,0.03,4.71,0,10.57,4.12,1.41,66.55
"Guinea",2020,0.231866721498418,166.97,12.5,0,0,0,0,0,0,0,0,0.01,0,0.01,0,0,0.01,0.02,0,0,0,0,10.2,0,0.58,0,62.55,12.41,0,0,0.39,1.43,0,0.42,0,0,0.19,0,4.15,0.24,1.19,0.78,0,0.03,1.25,0,5.95,2.77,4.62,45.27
"Guinea",2021,0.241344641352429,189.26,9.84,0,0,0,0,0,0,0,0,0.01,0,0.01,0,0,0.01,0.02,0,0,0,0,12.49,0,0.56,0.04,77.62,11.89,0,0,0.42,1.61,0,0.34,0,0,0.16,0.06,0.29,1.05,1.75,1.04,0,0.14,4.11,0,16.6,1.68,3.85,43.67
"Guinea",2022,0.212860439760948,195.919916,23.611636,0.761134,0,0.000197,0.022665,0,0,0,0,0.010644,0,0,0.001337,0,0.007108,0.025385,0,0,0,0,18.290063,0,0,0,73.291728,12.872857,0,0,0.443461,2.770228,0,0.827039,0,6.811032,0.117863,0,0.58453,0.878911,1.575969,0.15879,0,0,7.349206,0,0.932783,1.186428,3.195924,40.192998
"Guinea",2023,0.286920759498889,236.73067,14.315886,2.292559,0,0,0.043882,0,0,0,0,0,0,0,0,0,0.003237,0.052352,0,0,0,0,19.99198,0,0,0,112.128632,21.794372,0,0,0.381682,1.588177,0,0.790217,0,0,0,0,0.669601,0.826937,0.990301,0.042372,0,0,0.369796,0,3.984143,1.418229,6.508189,48.538126
"Guinea",2024,0.313456255256311,240.735171,11.070736,5.788106,0,0,0.01704,0,0,0,0,0,0,0,0,0,0.006253,0.055028,0,0,0,0,9.269354,0.02117,0,0,117.198454,10.46955,0,0,0.49955,0.210301,0,0.653161,0,0.018835,0,0,1.01495,0.764775,1.695793,0.103889,0,0,6.476399,0,0.724485,1.653044,10.415328,62.60897
"Guinea",2025,NA,0,0,0,0,0,0,0,0,0,0,0,0,0,0,0,0,0,0,0,0,0,0,0,0,0,0,0,0,0,0,0,0,0,0,0,0,0,0,0,0,0,0,0,0,0,0,0,0,0
"Guinea-Bissau",1974,0.834710743801653,0.55,0,0,0,0,0,0,0,0,0,0,0,0,0,0,0,0,0,0,0,0,0,0,0,0,0,0.05,0,0,0,0,0,0,0,0,0,0,0,0,0,0,0,0,0.5,0,0,0,0,0
"Guinea-Bissau",1975,0.329528153527101,10.57,0,0,0,0,0,0,0,0,0,0,0,0,0,0,0,0,0,0,0,0,0,0,0.26,0,0,0.46,0,0,0,0,0,0,0,0.59,1.16,0,0,5.53,0.05,0.01,0,0,0.51,0,2,0,0,0
"Guinea-Bissau",1976,0.420064998832131,12.62,0,0,0,0,0,0,0,0,0,0,0,0,0,0,0,0,0,0,0,0,0,0,0.08,0.03,0,0.09,0,0,0,0.12,0,0,0,1,1.61,0,0,7.85,0,0.03,0,0,0.81,0,0,0,0,1
"Guinea-Bissau",1977,0.245652930438577,26.19,0,0,0,0,0,0,0,0,0,0,0,0,0,0,0,0,0,0,0,0,0,0,1.98,0,1.1,2.39,0,0,0,0.3,0,0,0,3.85,2.92,0,0,11.41,0.14,0.01,0,0,0.09,0,0,0,0,2
"Guinea-Bissau",1978,0.16102602551508,38.65,0,0,0,0,0,0,0,0,0,0,0,0,0,0,0,0,0,0,0,0.02,0.09,0,2.95,0.02,1.43,2.45,0,0,0,0.06,0,0,0,6.72,2.98,0,0,11.31,0.07,3.64,0,0,0,1.89,0,0,0.02,5
"Guinea-Bissau",1979,0.245398261589818,35.76,0,0,0,0,0,0,0,0,0,0,0,0,0,0,0,0,0,0,0,0.01,0.17,0,2.11,0,2.46,1.61,0,0,0,0.08,0,0,0,8.24,2.83,0,0,14.86,0.1,0.37,0,0,0.22,1.66,0,0,0.04,1
"Guinea-Bissau",1980,0.269919478168596,35.8,0.04,0,0,0,0,0,0,0,0,0,0,0,0,0,0,0,0,0,0,0.02,0.2,0,1.33,0.01,3.15,1.38,0,0,0,0.06,0,0,0,14.09,0.34,0,0,11.32,0.27,0.13,0,0,1.17,0.22,0,0,0.07,2
"Guinea-Bissau",1981,0.221700800738023,41.45,0.92,0,0,0,0,0,0,0,0,0,0,0,0,0,0,0,0,0,0,0.11,0.39,0,0.75,0,2.88,0.84,0,0,0,0.64,0,0,0,12.56,0.27,0,0,12.07,0.39,1.5,0,0,0.07,0,0,0,0.06,8
"Guinea-Bissau",1982,0.174056613850617,38.46,1.1,0,0,0,0,0,0,0,0,0,0,0,0,0,0,0,0,0,0,0.14,0.34,0,0.37,0,5.5,0.27,0,0,0,1.15,0,0,0,8.43,0.29,0,0,11.14,0.43,0.43,0,0,3.28,1.39,0.06,0,0.14,4
"Guinea-Bissau",1983,0.155405826252198,38.37,1.23,0,0,0,0,0,0,0,0,0,0,0,0,0,0,0,0,0,0,0.08,0.1,0,1.46,0,2.76,0.64,0,0,0,6.58,0,0,0,7.22,0.16,0,0,8.91,0.57,0.16,0,0,6.15,0,0.04,0,0.31,2
"Guinea-Bissau",1984,0.16522304001631,32.85,1.33,0,0,0,0,0,0,0,0,0,0,0,0,0,0,0,0,0,0,0.05,0.2,0,0.36,0.17,2.71,0.74,0,0,0,2.7,0,0,0,9.55,0,0,0,7.08,2.33,0.02,0,0,2.3,0,0,0,0.31,3
"Guinea-Bissau",1985,0.182311591396469,34.43,1.33,0,0,0,0,0,0,0,0,0,0,0,0,0,0,0,0,0,0,0.04,0.5,0,0.17,0,2.69,0.59,0,0,0,2.52,0,0,0,10.44,0.01,0,0,8.76,0.77,0,0,0,2.87,1.1,0.04,0,0.6,2
"Guinea-Bissau",1986,0.168432419868753,45.14,1.48,0,0,0,0,0,0,0,0,0,0,0,0,0,0,0,0,0,0,0.09,0.24,0,0.32,0,3.72,1.18,0,0,0,10.9,0,0,0,8.18,0.11,0,0,11.06,0.78,0.09,0,0,2.37,1.52,0,0,0.1,3
"Guinea-Bissau",1987,0.141606130649502,52.21,1.18,0,0,0,0,0,0,0,0,0,0,0,0,0,0,0,0,0,0,0.2,0.65,0,1.42,0,5.07,1.62,0,0,0,7.16,0,0,0,9.61,0,0,0,12.65,4.03,0.05,0,0,4.22,0.02,0,0,0.33,4
"Guinea-Bissau",1988,0.127843579072533,58,1.99,0,0,0,0,0,0,0,0,0,0,0,0,0,0,0,0,0,0,0.21,0.49,0,1.1,0,5.87,2.38,0,0,0,6.05,0,0,0,8.67,0.01,0,3.81,14.76,4.12,0.09,0,0,2.65,3.5,0,0,0.3,2
"Guinea-Bissau",1989,0.141094253014042,70.81,1.26,0,0,0,0,0,0,0,0,0,0,0,0,0,0,0,0,0,0,0.49,0.22,0,1,0,8.3,1.67,0,0,0,16.45,0,0,0,8.43,0.01,12.34,0.42,10.72,1.86,0.07,0,0,0.97,3.21,0,0,0.39,3
"Guinea-Bissau",1990,0.142822674085453,75.49,3.07,0,0,0,0,0,0,0,0,0,0,0,0,0,0,0,0,0,0,0.16,0.09,0,1.75,0,9.45,2.73,0,0,0,16.12,0,0.03,0,6.31,0,13.28,0,13.24,2.07,0.06,0,0,0,0,0,0,0.13,7
"Guinea-Bissau",1991,0.144779774834236,63.77,2.85,0.08,0.04,0,0,0,0,0,0,0,0,0,0,0,0,0,0,0,0,1.14,0.12,0,1.59,0,7.22,1.62,0,0,0,6.35,0,0.03,0,3.66,2.31,13.86,0.18,15.87,1.15,0.08,0,0,0,1.23,0,0,0.39,4
"Guinea-Bissau",1992,0.115296048409514,64.29,2.7,0.05,3.24,0,0,0,0,0,0,0,0,0,0,0,0,0,0,0,0,0.18,0.36,0,1.84,0.01,6.23,2.93,0,0,0,1.97,0,0,0,8.19,0,14.03,1.52,10.21,2.12,0.02,0,0,3.5,0.57,0,0,0.62,4
"Guinea-Bissau",1993,0.128690124347079,61.78,6.51,0.05,2.87,0,0,0,0,0,0,0,0,0,0,0,0,0,0,0,0,0.34,0.26,0,1.82,0,5.85,4.69,0,0,0,0.99,0,0.04,0,4.41,0,13.83,0,12.16,1.39,0.09,0,0,1.74,0.52,0,0.01,0.21,4
"Guinea-Bissau",1994,0.438557387716422,128.31,3.66,0.05,2.63,0,0,0,0,0,0,0,0,0,0,0,0,0,0,0,0,0.34,0.39,0,1.45,0,7.06,2.66,0,0,0,0.45,0,0.05,0,4.22,0.09,83.37,0,11.36,1.97,0.04,0,0,1.63,0.41,0,0,0.48,6
"Guinea-Bissau",1995,0.118747863788092,81.38,11.42,0.05,2.96,0,0,0,0,0,0,0,0,0,0,0,0,0,0,0,0,0.25,0.27,0,1.67,0,8.33,1.87,0,0,0,0.37,0,0.03,0,11.21,0,13.25,1.34,7.52,13.2,0.01,0,0,1.1,0,0,0,0.53,6
"Guinea-Bissau",1996,0.195600024820867,129.33,10.88,0.08,2.78,0,0,0,0,0,0,0,0,0,0,0,0,0,0,0,0,0.04,2.77,0,1.53,0,11.32,2.55,0,0,0,44,0,0.04,0,6.72,0.03,30.66,0.18,6.26,1.44,0.02,0,0,0.15,1.49,0,0,0.39,6
"Guinea-Bissau",1997,0.165979752640784,58.97,7.46,0.03,0,0,0,0,0,0,0,0,0,0,0,0,0,0,0,0,0,0.04,0.06,0,1.13,0,6.14,1.3,0,0,0.02,0.27,0,0,0,7.97,0.02,16.28,0.27,5.49,0.97,0.11,0,0.06,0.18,0,0,0,0.17,11
"Guinea-Bissau",1998,0.131508159589807,64.95,11.6,0.01,0,0,0,0,0,0,0,0,0,0,0,0,0.01,0,0,0,0,0.03,0.39,0,0.7,0,4.44,3.03,0.04,0,0.02,0.18,0,0,0,7.13,0.31,10.82,0.75,9.19,5.64,0,0,0.03,0,0,0,0,0.35,10.28
"Guinea-Bissau",1999,0.240705341310718,32.17,1.53,0,0,0,0,0,0,0,0,0,0,0,0,0,0,0,0,0,0,0.05,0.17,0,0.28,0.36,1.98,0.65,0,0,0,0.07,0,0,0,2.15,0.02,13.81,0.14,5.5,1.25,0.02,0,0,0,0,0,0,0.33,3.86
"Guinea-Bissau",2000,0.235916608215351,41.69,0,0,0,0,0,0,0,0,0,0,0,0,0,0,0.01,0,0,0,0,0.03,1.17,0,0.31,0,6.79,0.66,0,0,0,0.01,0,0,0,11.09,0.01,15.03,0.76,2.46,2.48,0.15,0,0.01,0,0,0,0,0.16,0.56
"Guinea-Bissau",2001,0.284310993039134,30.49,0.18,0.04,0,0,0,0,0,0,0,0,0,0,0,0,0,0,0,0,0,0.02,0.24,0,0.17,0,3.92,0.66,0,0,0,0.07,0,0,0,8,0.02,13.38,0.77,2.06,0.7,0.03,0,0,0,0,0,0,0.13,0.1
"Guinea-Bissau",2002,0.147305719657246,25.88,0.12,0.03,0,0,0,0,0,0,0,0,0,0,0,0,0,0,0,0,0,0.03,2.18,0,0.33,0,4,1.4,0,0,0,0.01,0,0,0,3.6,0.03,6.64,0.86,1.81,0.77,0,0,0,0,0,0,0,0.32,3.75
"Guinea-Bissau",2003,0.528964818530231,97.62,0.06,0,0,0,0,0,0,0,0,0,0,0,0,0,0.01,0,0,0,0,0.11,1.68,0,0.15,0,3.67,0.34,0,0,0,70.1,0,0.05,0,5.11,0.05,8.25,2.01,2.33,1.02,0,0,0,0,0,0,0,0.31,2.37
"Guinea-Bissau",2004,0.241625078515744,28.67,0.01,0.03,0,0,0,0,0,0,0,0,0,0,0,0,0.01,0,0,0,0,0.11,0.27,0,0,0,5.45,0.8,0,0,0,1.29,0,0.04,0,3.29,0.06,12.13,1.46,2.37,0.52,0,0,0,0,0,0,0,0.72,0.11
"Guinea-Bissau",2005,0.290495585400802,26.92,0.03,0.07,0,0,0,0,0,0,0,0,0,0,0,0,0,0,0,0,0,0.35,0.29,0,0,0,3.03,0.65,0,0,0,0.24,0,0.05,0,2.62,0.05,13.52,2.25,0,0.42,0,0,0.01,0,0,0,0,1.96,1.38
"Guinea-Bissau",2006,0.242140737387455,39.48,0.04,0.03,0,0,0,0,0,0,0,0.02,0,0,0,0,0,0,0,0,0,0.02,0.66,0,0.2,0,9.99,0.32,0.01,0,0,1.16,0,0.05,0,0,0.35,14.76,5.13,0,0.5,0.02,0,0.01,0,0,0,0,0.67,5.54
"Guinea-Bissau",2007,0.237802207217317,44.07,1.08,0.03,0,0,0,0,0,0,0,0.01,0,0,0,0,0.01,0,0,0,0,0,0.27,0,0.39,0.27,3.4,0.36,0.04,0,0.35,0.71,0,0.05,0,0,0.69,15.77,12.57,0,0.39,0.05,0,0,0,0,0,0.38,0.95,6.3
"Guinea-Bissau",2008,0.231795036062642,53.3,5.83,0.25,0,0,0,0,0,0,0,0.03,0,0,0,0,0.01,0,0,0,0,0.02,0.51,0,0.88,0.33,5.58,0.61,0.02,0.34,0,2.24,0,0.2,0,0,0.35,17.84,16.35,0.12,0.47,0.13,0,0.01,0,0,0,0.05,0.46,0.67
"Guinea-Bissau",2009,0.193120039167663,51.64,9.43,0.08,0,0,0,0,0,0,0,0.02,0,0,0,0,0.01,0,0,0,0,0.02,0.74,0,0.29,0.88,6.1,0.42,0.01,0.99,0,2.22,0,0.15,0,0,0,14.43,13.05,0,0.35,0.13,0,0,0,0,0,0.01,1.17,1.14
"Guinea-Bissau",2010,0.49097992913606,173.64,16.11,0.12,0,0,0.16,0,0,0,0,0,0,0,0,0,0,0,0,0,0,0,0.73,0,0.74,0.79,1.84,1.34,0.01,0.53,0,0.27,0,0.05,0,0,0,15.72,8.29,0,0.53,119.07,0,0,0,0,0,0.33,0.49,6.52
"Guinea-Bissau",2011,0.549377997884472,195.32,9.78,0.12,0,0,0.38,0,0,0,0,0,0,0,0,0,0,0,0,0,0,0,0.79,0,0,0.83,14.39,1.31,0.01,0,0,0.78,0,0.42,0,0,0,13.67,6.35,0.03,0.84,142.9,0,0,0,0,0.02,0.13,0.84,1.73
"Guinea-Bissau",2012,0.689772451662132,218.42,6.62,0.4,0,0,0,0,0,0,0,0,0,0,0,0,0,0,0.15,0,0,0,0.47,0,0.22,0.04,1.35,0.96,0.01,0.1,0.26,0.31,0,0.02,0,0,0.17,9.51,4.15,0.02,0.49,180.58,0,0,0,0,0.01,0.59,0.05,11.94
"Guinea-Bissau",2013,0.732900742883655,299.39,5.65,0,0,0,0.55,0,0,0,0,0,0,0,0,0,0,0,0,0,0,0,10.91,0,0,0.15,0.99,0.44,0,0.12,0.33,0.41,0,0.02,0,0,0,8.04,4.97,0.12,0.47,255.7,0,0.05,0.87,0,0,1.24,0.24,8.12
"Guinea-Bissau",2014,0.784490776155552,262.1,8.03,0.15,0,0,0,0.05,0,0,0,0,0,0,0,0,0,0,0,0,0,0,0.47,0,0.13,0,3.37,0.3,0.02,0.09,0.31,0.99,0,0.01,0,0,0.02,11.16,0.47,0.21,0.65,231.69,0,0,0,0,0,1.17,0.06,2.75
"Guinea-Bissau",2015,0.821266958015418,263.66,3.49,0.14,0,0,0.01,0,0,0,0,0,0,0,0,0,0,0,0,0,0,0,0.36,0,0,0,0.54,0.01,0,0.12,0.27,0.52,0,0,0,0,0.17,13.85,1.53,0.11,0.42,238.48,0,0,0,0,0.01,0.23,0,3.4
"Guinea-Bissau",2016,0.44298841470261,313,1.28,0,0,0,0,0.21,0,0,0,0,0,0,0,0,0,0,0,0,0,0.4,0.36,0,0,0,0.57,2.88,0,0,0.25,101.89,0,0,0,0,0.08,12.97,1.31,0.11,0.52,181,0,0.06,0,0,0,0.4,0.02,8.69
"Guinea-Bissau",2017,0.744668520574487,231.61,2.82,0.04,0,0,0.01,0,0,0,0,0,0,0,0,0,0,0,0,0,0,0,0,0,0,0,0.91,0.12,0,0,0.24,1.37,0,0,0,0.04,0.14,10.64,1.13,0.09,0.81,199.25,0,0,0,0,2.16,0.98,0.17,10.69
"Guinea-Bissau",2018,0.305048767725187,26.62,0.42,0,0,0,0.04,0,0,0,0,0,0,0,0,0,0,0,0,0,0,0,0.03,0,0,0,1.11,0.29,0,0,0.43,2.04,0,0,0,0,0.1,13.6,3.29,0.21,0.56,0.03,0,0.01,0,0,0.04,0.44,0.25,3.73
"Guinea-Bissau",2019,0.394984126044375,33.99,5.11,0,0,0,0.05,0,0,0,0,0,0,0,0,0,0,0,0,0,0,0,0,0,0,0,2.08,0.32,0,0,0.26,1.13,0,0,0,0.01,0.09,20.46,2.13,0.06,0.57,0.1,0,0,0,0,0.03,0.45,0.35,0.79
"Guinea-Bissau",2020,0.304050932815135,35.85,5.13,0,0,0,0.02,0,0,0,0,0,0,0,0,0,0,0,0,0,0,0,0,0,0,0,0.99,0.43,0,0,0.4,0.66,0,0,0,0,0.1,18.15,2.16,0,0.69,0.12,0.11,0,0,0,0.04,0.53,1.18,5.14
"Guinea-Bissau",2021,0.256614821994769,43.99,6.03,0,0,0,0.02,0,0,0,0,0,0,0,0,0,0,0,0,0,0,0.01,0,0,0,0,2.3,0.31,0,0.01,0.31,0.57,0,0,0,0,0.08,19.65,5.27,0.92,0.58,0.43,0,0.03,0,0,0.41,0.58,0.27,6.21
"Guinea-Bissau",2022,0.296248047352972,45.802337,3.757062,0.174383,0,0,0.023062,0,0,0,0,0,0,0,0,0,0,0.003531,0,0,0.0357,0,0,0,0,0,7.837651,0.194189,0,0,0.319882,1.558183,0,0,0,0,0.058931,22.746689,1.87022,0.762805,0.63178,0.035348,0,0.005828,0,0,0,0.403894,0.848669,4.53453
"Guinea-Bissau",2023,0.227116770900284,39.49246,0.191758,0.679037,0,0,0.058239,0,0,0,0,0,0,0.021798,0,0,0,0.011293,0,0,0,0,0,0,0,0,2.059025,0.321697,0,0,0.439772,0.672065,0,0,0,0,0,16.311288,3.76196,0.934924,0.617055,0.074008,0,0,0,0,0.258821,5.970446,1.782803,5.326471
"Guinea-Bissau",2024,0.21549997324987,35.860705,3.029335,0.011565,0,0,0.023062,0,0,0,0,0,0,0.063215,0,0,0,0.007436,0,0,0,0,0.00159,0.02117,0,0,10.962672,0.255928,0,0,0.617513,0.502964,0,0,0,0,0,11.260512,3.216993,0.680206,0.621065,0,0,0,0,0,0.006851,0.380358,1.859547,2.338723
"Guinea-Bissau",2025,NA,0,0,0,0,0,0,0,0,0,0,0,0,0,0,0,0,0,0,0,0,0,0,0,0,0,0,0,0,0,0,0,0,0,0,0,0,0,0,0,0,0,0,0,0,0,0,0,0,0
"Kenya",1963,0.776866321319784,55.71,0.02,0,0,0,0,0,0,0,0,0,0,0,0,0,0,0,0,0,0,0,0,0,0,0,0,3.43,0,0,0,0,0,0,0,0,0,0,0,0.06,0.02,48.89,0,0,0,0,0,0,0.29,3
"Kenya",1964,0.744624491661081,57.99,0.22,0,0,0,0,0,0,0,0,0,0,0,0,0,0,0,0,0,0,0.02,0,0,0,0,0,4.45,0,0,0,0.04,0,0,0,0,0.02,0,0,0.12,0.02,49.75,0,0,0,0,0,0,0.35,3
"Kenya",1965,0.642985829979649,70.9,0.16,0,0,0,0.08,0,0,0,0,0,0,0,0,0,0,0,0,0,0,0.02,0,0,0.22,0,0,0.87,0,0,0,0.13,0,0,0,0.14,0.16,0,0,0.37,0.01,55.42,0,0,0,0,0,0,0.7,12.62
"Kenya",1966,0.466393911722245,54.38,0.19,0,0,0,0.09,0,0,0,0,0,0,0,0,0,0,0,0,0,0,0.01,0,0,0.12,0,0,4.24,0,0,0,0,0,0,0,0,0.33,0,0,0,0.01,33.93,0,0,0,0,0,0,1.01,14.45
"Kenya",1967,0.414903295108143,41.5,0.33,0,0,0,0.18,0,0,0,0,0,0,0,0,0,0,0,0,0,0,0.03,0.03,0,0.27,0,0,2.44,0,0,0,0.4,0,0,0,1.46,0.69,0,0,2.69,0.02,25.66,0,0,0,0,0,0,1.07,6.23
"Kenya",1968,0.371395980312368,45.81,0.4,0,0,0,0.14,0,0,0,0,0,0,0,0,0,0,0,0,0,0,0,0.03,0,0.73,0,0,4.34,0,0,0,0.12,0,0,0,0.07,1.64,0,0,3.56,0.03,26.32,0,0,0,0,0,0,1.37,7.06
"Kenya",1969,0.347838315350134,46.13,0.78,0,0,0,0.1,0,0,0,0,0,0,0,0,0,0,0,0,0,0,0.22,0.03,0,1.14,0,0,2.81,0,0,0,0.21,0,0,0,0.21,3.42,0,0,3.73,0.1,25.81,0,0,0,0,0,0,1.57,6
"Kenya",1970,0.3142636494596,50.54,1.07,0,0,0,0.11,0,0,0,0,0,0,0,0,0,0,0,0,0,0,0.2,0.01,0,1.38,0,0,5.69,0,0,0,0.18,0,0,0,1.81,2.55,0,0,2.78,0.12,26.64,0,0,0,0,0,0,2,6
"Kenya",1971,0.19456525625672,63.9,1.71,0,0,0,0.12,0,0,0,0,0,0,0,0,0,0,0,0,0,0,0.06,0.01,0,3.29,0.23,0,6.46,0,0,0,5.28,0,0,0,3.49,2.98,0,0,3.55,0.27,23.89,0,0,0,0,0,0,2.56,10
"Kenya",1972,0.402541266145962,98.93,0.87,0,0,0,0.12,0.02,0,0,0,0,0,0,0,0,0,0,0,0,0,0.07,0.02,0,5.51,0.3,0,6.03,0,0,0,0.15,0,0,0,5.65,3.73,0,0,7.67,0.32,61.13,0,0,0,0,0,0,2.34,5
"Kenya",1973,0.167422997767227,86.49,2.27,0,0,0,0.17,0.01,0,0,0,0,0,0,0,0,0,0,0,0,0,0.09,0.05,0,4.16,0.3,0,10.55,0,0,0,2.82,0,0,0,9.72,5.98,0,0,12.14,1.6,28.19,0,0,0,0,0,0,4.44,4
"Kenya",1974,0.160651751075117,110.51,2.79,0,0,0,0.13,0,0,0,0,0,0,0,0,0,0,0,0,0,0,0.55,0.04,0,5.14,0.34,0,17.06,0,0,0.02,0.34,0,0,0,9.41,5.95,0,0,17.5,3.17,32.46,0,0,0,0,0,0,4.61,11
"Kenya",1975,0.124757394545136,114.86,7.19,0,0,0,0.64,0.01,0,0,0,0,0,0,0,0,0,0,0,0,0,0.57,0.04,0,9.08,0.29,0,21.93,0,0,0.05,0.34,0,0,0,10.71,9.26,0,0,18.87,2.24,18.97,0,0,0,0,0,0,6.67,8
"Kenya",1976,0.13483396902912,150.06,12.94,0,0,0,0.32,0.03,0,0,0,0,0,0,0,0,0,0,0,0,0,0.42,0.07,0,9.7,1.29,0,15.34,0,0,0.03,0.47,0,0,0,14.55,8.85,0,0,22.29,1.52,38.06,0,0,0.01,0,0,0,10.17,14
"Kenya",1977,0.105641107625086,137.57,4.99,0,0,0,1.64,0.03,0,0,0,0,0,0,0,0,0,0,0,0,0,0.34,2.97,0,12.3,2.08,0,18.86,0,0,0.03,0.4,0,0,0,13.94,12.57,0,0,17.99,6.21,22.57,0,0,0.01,0,0,0,7.64,13
"Kenya",1978,0.14042077141557,227.98,11.72,0,0,0,1.9,0.01,0,0,0,0,0,0,0,0,0,0,0,0,0,1.54,0.34,0,14.82,1.29,5.15,41.2,0,0,0.06,0.35,0,0,0,24.32,13.17,0,0,43.67,2.19,48.54,0,0,0,0,0,0,5.71,12
"Kenya",1979,0.131039884148236,303.6,36.28,0,0,0,4.06,0,0,0,0,0,0,0,0,0,0,0,0,0,0,4.57,3.97,0,17.05,6,3.5,69.71,0,0,0.1,0.31,0,0,0,27.9,19.22,0,0,24.4,2.21,58.23,0,0,0,0,0,0,9.09,17
"Kenya",1980,0.118721161377235,293.27,28.16,0,0,0,1.78,0,0,0,0,0,0,0,0,0,0,0,0,0,0,0.76,2.59,0,18.33,2.62,4.05,35.67,0,0,0.13,0.28,0,0,0,47.91,21.05,0,0,28.35,1.62,50.39,0,0,0,0,0,0,9.58,40
"Kenya",1981,0.123216630048152,380.34,27.13,0,0,0,6.33,0,0,0,0,0,0,0,0,0,0,0,0,0,0,0.72,0.57,0,16,3.93,18.06,42.29,0,0,0.12,1.71,0,0,0,38.21,20.57,0,0,14.51,2.18,71.93,0,0,0,1.97,0.08,0,36.03,78
"Kenya",1982,0.108349133924753,355.57,21.31,0,0,0,5.36,0,0,0,0,0,0,0,0,0,0,0,0,0,0,0.85,1.34,0,21.35,5.29,14.75,31.25,0,0,0.2,1.13,0,0,0,55.35,23.68,0,0,14.65,3.51,56.22,0,0,0.03,5.61,0.01,0,39.68,54
"Kenya",1983,0.121480203834523,360.29,54.77,0,0,0,6.2,0,0,0,0,0,0,0,0,0,0,0,0,0,0,0.44,1.08,0,16.62,6.59,6.02,44.24,0,0,0.23,1.53,0,0,0,31.5,22.23,0,0,15.2,2.54,45.98,0,0,0.04,5.62,0,0,21.46,78
"Kenya",1984,0.0904184369193289,342.19,32.23,0,0,0,2.6,0.01,0,0,0,0,0,0,0,0,0,0,0,0,0,0.33,3.17,0,20.19,13.36,9.1,38.95,0,0,0.15,2.48,0,0,0,26.29,20.55,0,0,14.17,6.81,47.16,0,0,0.03,32.8,0,0,28.81,43
"Kenya",1985,0.0968855805092206,372.73,33.37,0,0,0,4.76,0.01,0,0,0,0,0,0,0,0,0,0,0,0,0,2.37,2.86,0,25.08,13.34,17.4,36.4,0,0,0.2,6.63,0,0,0,21.62,21.12,0,0,19.65,4.23,40.46,0,0,0.31,23.3,0,0,23.62,76
"Kenya",1986,0.0882750737437055,416.88,54.88,0,0,0,2.89,0.01,0,0,0,0,0,0,0,0,0,0,0,0,0,0.47,2.13,0,26.62,8.99,32.34,46.23,0,0,0.35,31.79,0,0,0,47.78,31.68,0,0,14.46,5.85,46.33,0,0,0.17,6.31,1.01,0,25.59,31
"Kenya",1987,0.0900409058215736,479.6,69.62,0.04,0,0,1.04,0.02,0,0,0,0,0,0,0,0,0,0,0,0,0,8.37,2.34,0,27.87,14.45,29.81,57.19,0,0,0.29,33.07,0,0,0,60.68,30.18,0,0,26.78,3.89,43.16,0,0,0.05,4.53,2.24,0,19.98,44
"Kenya",1988,0.110307607656632,665.35,150.38,0,0,0,1.13,0.16,0,0,0,0,0,0,0,0,0,0,0,0,0,0.49,3.11,0,36.23,27.66,32.61,61.5,0,0,0.02,37.6,0,0,0,62.19,31.34,0,0,27.32,5.2,87.09,0,0,0,4.66,1.5,0,40.16,55
"Kenya",1989,0.113994315854947,653.96,153.66,0.01,0,0,2.02,0.4,0,0,0,0,0,0,0,0,0,0,0,0,0,1.14,3.22,0,34.69,25.19,31.2,59.74,0,0,0.46,56.1,0,0,0,54.84,27.15,0,0.14,29.45,4.89,79.79,0,0,0,2.8,0.95,0,22.12,64
"Kenya",1990,0.201656863272219,1279.78,101.25,0.01,0,0,2.66,0.48,0,0,0,0,0,0,0,0,0,0,0,0,0,2.07,7.58,0,39.95,30.23,59.32,516.4,0,0,0.35,53.59,0,0,0,73.68,22.5,0,0.01,31.19,4.04,75.06,0,0,0,8.59,0.06,0,112.76,138
"Kenya",1991,0.162254427443605,782.97,205.82,0.28,0,0,1.96,0.3,0,0,0,0,0,0,0,0,0,0,0,0,0,4.28,17,0,33.45,34.8,40.15,55.98,0,0,0.36,18.89,0,0,0,35.11,5.2,0,0,27.36,5.57,74,0,0,0,3.7,0,0,14.76,204
"Kenya",1992,0.125611909852326,544.74,139.76,0.27,0,0,1.7,0.15,0,0,0,0,0,0,0,0,0,0,0,0,0,1.96,11.42,0,19.68,20.73,40.02,68,0,0,0.61,20.51,0,0.08,0,54.24,2.6,0,0.02,28.39,5.03,54.84,0,0,0.36,4.12,0.11,0,14.14,56
"Kenya",1993,0.169379168072166,459.76,157.67,0.26,0,0,2.03,0.22,0,0,0,0,0,0,0,0,0,0,0,0,0,2.69,9.01,0,18.92,7.69,20.57,55.76,0,0,0.89,7.17,0,0.02,0,54.13,2.36,0,0,17.97,2.92,44.27,0,0,0.16,4.44,0,0.02,12.59,38
"Kenya",1994,0.154185544850702,458.34,146.11,2.36,0.05,0,3.6,0.35,0,0,0,0,0,0,0,0,0,0,0,0,0,2.34,4.31,0,24.2,6.02,22.63,50.62,0,0,1.54,22.49,0,0.03,0,54.52,2.93,0,0.01,17.43,4.1,50.78,0,0,0.49,3.36,1.27,0,7.8,29
"Kenya",1995,0.216211325741724,511.16,216.7,3.37,0,0,1.86,0.32,0,0,0,0,0,0,0,0,0,0,0,0,0,1.22,5.58,0,23.51,6.38,21.55,53.99,0,0,2.03,17.25,0,0.05,0,45.3,2.29,0,0.32,19.77,3.66,37.09,0,0,0,5.97,0.42,0,6.53,36
"Kenya",1996,0.136921116346757,410.55,113.85,5.94,0,0,1.59,0.38,0,0,0,0,0,0,0,0,0,0,0,0,0,3.04,5.8,0,25.03,3.94,30.1,55.17,0.04,0,2.28,16.02,0,0.03,0,48.87,2.69,0,0.62,23.31,3.95,45.05,0,0,0.23,4.76,0.31,0,5.55,12
"Kenya",1997,0.123086812096231,352.68,87.6,2.09,0,0,1.77,0.43,0,0,0,0,0,0,0,0,0,0,0,0,0,2.81,7.25,0,21.63,4.52,16.16,45.16,0.02,0,2.22,18.78,0,0.2,0,38.66,2.81,0,3.56,17.32,2.24,47.27,0,0.68,0.53,3.7,0.31,0,7.96,17
"Kenya",1998,0.117205980034342,336.03,71.06,0.39,0,0,1.11,0.54,0,0,0,0,0,0,0,0,0.08,0,0,0,0,2.06,8.4,0,14.64,5.41,19.54,43.77,0.47,0,1.72,6.77,0,0,0,36.01,2.54,0,4.36,15.94,3.84,54.1,0,2.05,0.79,2.63,0.33,0.03,6.74,30.71
"Kenya",1999,0.149177117800082,323.71,92.48,0.1,0,0,0.31,0.38,0,0,0,0,0,0,0,0,0.03,0,0,0,0,4.14,6.07,0,14.19,4.2,17.04,38.45,0.07,0,1.92,2.93,0,0,0,17.97,1.98,0,5.67,11.32,0.75,53.87,0,1.77,0.05,1.02,0,0,7.27,39.73
"Kenya",2000,0.157989004454568,355.18,99.36,0.34,0,0,1.21,0.36,0,0,0,0,0,0,0,0,0.06,0,0,0,0,0.95,8.88,0,10.49,4.21,14.97,39.1,0.02,0,3.78,3.27,0,0,0,17.39,2.89,0,2.56,14.2,0.83,73.11,0,0.6,4.27,0.47,0,0,5.4,46.46
"Kenya",2001,0.121629883544446,333.75,67.42,0.08,0,0,1.58,0.43,0,0,0,0,0,0,0,0,0.07,0,0,0,0,0.69,4.31,0,15.24,6.57,31.09,32.61,0.09,0,3.25,3.26,0,0,0,24.85,4.04,0,8.56,13.56,0.95,61.81,0,0.69,4.03,1.06,0,0,3.81,43.7
"Kenya",2002,0.147084799574795,375.68,63.25,0.43,0,0,1.84,0.36,0,0,0,0.08,0,0,0,0,0.07,0,0,0.09,0,1.54,8.19,0,11.85,5.26,32.95,29.19,0.18,0,3.82,1.49,0,0.08,0,19.95,2.96,0.01,3.79,14.42,0.6,56.41,0,0.77,5.57,0,0,0,7.25,103.28
"Kenya",2003,0.144192043673143,423.9,44.92,0.26,0,0,0.89,0.37,0,0,0,0.07,0,0,0,0,0.07,0,0,0.28,0,0.99,6.68,0,17.34,5.64,39.13,37.98,0.25,0,6.44,2.29,0,0.12,0,14.13,10.26,0,2.41,25.56,1.03,82.99,0,0.6,3.12,0,0,0,7.98,112.1
"Kenya",2004,0.134053431462526,520.97,77.17,0.18,0,0,1.01,0.54,0,0,0,0.15,0,0,0,0,0.11,0,0,0.22,0,1.7,10.02,0,26.17,7.84,44.32,44.19,0.18,0,8.99,6.06,0,0.18,0,35.13,7.95,0,2.37,29.92,0.9,56.19,0,0.44,0,0,0,0.02,18.1,140.92
"Kenya",2005,0.13203638920883,582.09,69.55,11.65,0,0,0.07,0.94,0,0,0,0.31,0,0,0,0,0.09,0,0,0.69,0,1.7,8.29,0.04,33.15,7.6,36.69,50.95,0.17,0,6.86,0.44,0,0.44,0,34.86,9.85,0,1.46,42.12,0.8,86.6,0,1.95,0,0,0,0.01,21.55,153.26
"Kenya",2006,0.169776865417883,836.43,113.68,16.25,0,0.06,1.26,1.31,0,0,0,0.35,0,0,0,0,0.19,0,0,0.4,0,2.74,6.06,0.03,44.1,11.2,32.15,46.95,0.18,0,15.15,5.52,0,0.91,0,31.55,12.33,0,8.19,51.94,2.47,123.24,0,0.36,0,0,0,0.31,24.21,283.34
"Kenya",2007,0.166824731229362,968.98,111.79,3.39,0,0.08,1.6,0.78,0,0,0,0.1,0,0.05,0,0,0.21,0,0,0.06,0,3.31,4.16,0.03,49.69,13.53,76.57,65.8,0.47,0,13.52,9.68,0,0.27,0,17.47,13.02,0.02,45.05,45.51,2.28,141.78,0,0.35,0,0,0,0.72,22.44,325.25
"Kenya",2008,0.193361531842515,1104.07,74.79,2.46,0,0.08,4.28,0.75,0,0,0,0.24,0,0.03,0,0,0.5,0,0,0.36,0,15.69,9.78,0.03,62.13,16.34,79.65,91.02,1.2,0.36,20.06,10.41,0,0.66,0,20.01,21.28,0,39.08,65.85,3.48,95.19,0,0.7,0,0,0,1.04,26.17,440.45
"Kenya",2009,0.223459096710566,1347.88,106.65,5.08,0,0.11,9.41,0.88,0,0,0,0.32,0,0.09,0,0,0.33,0,0,0.06,0,2.55,28.71,0,61.47,18.16,65.64,94.06,0.94,0.06,11.62,10.36,0,1.77,0,28.17,15.53,0.01,51.41,66.82,7.33,131.66,0,0.56,1.13,0,1.65,2.38,31.69,591.27
"Kenya",2010,0.263440699937419,1184.61,116.54,3.44,0,0.03,7.3,0.41,0,0,0,0.35,0,0.08,0,0,0.22,0.04,0,1.14,0.12,1.65,7.52,0.03,65.92,25.76,142.36,89.3,0.39,0,13.36,13.44,0,0.22,0,20.2,13.37,0,9.03,47.69,4.57,4.82,0,0.73,1.44,0,2.07,0.43,26.11,564.53
"Kenya",2011,0.245563075218512,1557.93,162.51,9.96,0,0.08,15.28,1.47,0,0,0,0.11,0,0.09,0,0,0.4,0.05,1.5,1.51,0.03,2.77,20.91,0.02,75.75,21.83,113.94,168.6,0.32,0,11.42,31.67,0,0.54,0,34.82,19.74,0,11.37,76.85,11.26,1.85,0,0.83,0,0,2.2,2.05,41.67,714.53
"Kenya",2012,0.253919474415147,1862.46,225.87,9.63,0,0.14,21.31,1,0,0,0,0.25,0,0.07,0,0,0.55,0.05,2.88,1.77,0.02,1.17,7.11,0,60.55,25.73,115.46,357.13,0.33,0.22,9.47,4.33,0,0.28,0,29.76,20.73,0,1.13,77.6,11.99,4.96,0,0.66,0.29,0,1.65,1.12,46.15,821.1
"Kenya",2013,0.267254973164886,1919.98,337.77,5.96,0,0.1,40.16,1.52,0,0,0,0.1,0.03,0.14,0,0,0.3,0.02,2.19,1.63,0,1.59,17.98,0,54.36,29.52,192.43,113.46,0.02,0,9.25,5.03,0,0.66,0,33.84,24.8,0,0.81,81.6,9.29,4.26,0,0.5,0.6,0,1.29,5.05,46.76,896.96
"Kenya",2014,0.310354816360971,1519.27,112.06,4.08,0,0.08,8.67,1.03,0,0,0,0.05,0,0.02,0,0,1.12,0.02,2,1.24,0,2.06,11.75,0,53.96,56.87,127.69,122.2,0.04,0,8.63,7.56,0,0.43,0.04,32.53,16.93,0,0.65,73.11,9.53,0.38,0,0.59,1.67,0,2.3,3.32,46.03,810.63
"Kenya",2015,0.294469695117486,1411.41,223.55,5.92,0,0.08,7.71,1.25,0,0,0,0.1,0.03,0.03,0,0,0.65,0.03,0,1.32,0.07,2.84,12.72,0,58.24,31.08,102.62,70.67,0.03,0,7.95,20.91,0,0.57,0.06,19.19,13.93,0,0.36,64.69,11.86,0.66,0,0.44,0.56,0,2.13,0.19,34.92,714.05
"Kenya",2016,0.347476807630457,1427.42,164.95,9.24,0,0.07,2.6,0.84,0,0,0,0.19,0.01,0.15,0,0,8.8,0.01,0,2.11,0,2.2,19.6,0,49.63,17.33,88.18,86.45,0.01,0.1,8.04,6.71,0,0.6,0.05,20.64,10.53,0.01,0.7,53.8,9.55,7.68,0,0.64,2.68,0,3.04,1.95,37.73,810.6
"Kenya",2017,0.347891807034855,1515.48,162.69,11.52,0,0.17,7.66,1.65,0,0,0,0.06,0.03,0.2,0,0,1.87,0.01,1,1.48,0.03,6.71,24.71,0,38.27,16.14,78.13,125.21,0.01,0.07,7.6,13.87,0,0.24,0.01,22.1,11.94,0.05,0.6,63.38,12.24,0.46,0,0,4.27,0,4.63,1.97,33.12,861.38
"Kenya",2018,0.273511944826707,1840.94,227.01,0,0,0,2.96,1.23,0,0,0,0.07,0.04,2.16,0,0,8.43,0,0,1.9,0,8.49,19.8,0,44,17.21,121.68,104.09,0.01,0.25,7.97,15.79,0,0.21,0.02,18.31,15.85,0.08,0.66,60.33,13.76,175.97,0,1.5,23.32,0,5.97,0.76,41.68,899.43
"Kenya",2019,0.231379668454713,1730.4,288.29,0,0,0,2.31,0.8,0,0,0,0.04,0.01,2.25,0,0,6.45,0,0,2.86,0,3.91,14.49,0,51.52,10.1,142,101.53,0.02,0.26,8.43,17.53,0,0.48,0.21,12.34,15.27,0.07,0.72,56.82,12.38,197.32,0,0.25,3.51,0,4.33,1.69,43.38,728.83
"Kenya",2020,0.231244893799562,1689.43,213.79,0,0,0,3.37,0.76,0,0,0,0.02,0.13,3.66,0,0,2.22,0.04,0,1.16,0.07,1.61,9.39,0,67.21,12.75,254.1,111.97,0,0.14,9.57,9.73,0,0.54,0,7.73,13.19,0.08,1.09,58.49,12.58,127.06,0,0.74,0.95,0,10.27,1.07,39.39,714.56
"Kenya",2021,0.263569922261507,1531.69,242.81,0,0,0,5.76,0.71,0,0,0,0.27,1.26,3.02,0,0,3.96,0.04,0,2.32,0.63,2.53,13.02,0,54.29,11.19,88.61,110.65,3.77,0.28,10.37,24.48,0,0.26,0,10.62,10.75,0.07,2.37,57.36,13.64,99.72,0,0.83,0.31,0,1.32,0.82,32.14,721.51
"Kenya",2022,0.244262502763782,2791.033543,417.381468,76.221745,0,0.282346,13.999732,1.572362,0,0,0,0.542238,2.221976,10.635354,0.009174,0.010822,4.404036,0.102016,0,3.373962,0,3.891944,32.757392,0,109.949082,22.966713,172.009304,215.988226,0.034456,1.13376,25.70989,46.873331,0,0.891178,0.055872,20.497616,19.092634,0.261968,0,96.134565,24.545221,120.646568,0,1.5736,0.914063,0,1.7092,1.060854,77.284485,1264.29439
"Kenya",2023,0.363603609598816,2824.558344,174.839893,66.594453,0.664992,0,22.46314,0.25523,0.009208,0,0.274176,0.522106,1.613322,6.864312,0,0.556224,3.009889,0.254198,0,2.177472,0.735294,5.28306,19.146162,0.216262,108.943167,40.089356,75.178091,195.866663,0.033944,0.657632,17.240866,36.130746,0,0.672074,0.014136,21.519316,29.236218,0.360794,2.854591,92.079547,20.974518,120.619658,0,1.02805,0.569404,0,0.959668,1.440052,87.25711,1665.35335
"Kenya",2024,0.328168626479841,2881.5071,101.354482,88.239079,0.33988,0.243216,12.757682,0.597838,0.021124,0,0.204322,0.532946,1.311714,12.22681,0,0.72502,2.544245,0.140484,0,2.470064,0.528858,5.71956,14.575074,0.2334,107.642427,35.23627,112.734782,265.542444,0.045116,0.765344,17.879102,27.169863,0,0.451428,0.054274,26.59511,24.726781,0.251996,2.030009,105.814371,18.931244,178.923267,0.04639,2.014564,2.657224,0,10.040229,4.764224,93.918271,1598.506572
"Kenya",2025,NA,0,0,0,0,0,0,0,0,0,0,0,0,0,0,0,0,0,0,0,0,0,0,0,0,0,0,0,0,0,0,0,0,0,0,0,0,0,0,0,0,0,0,0,0,0,0,0,0,0
"Lesotho",1966,0.890105646890527,11.47,0,0,0,0,0.01,0,0,0,0,0,0,0,0,0,0,0,0,0,0,0,0,0,0,0,0,0.02,0,0,0,0,0,0,0,0,0,0,0,0,0,10.81,0,0,0,0,0,0,0.16,0.47
"Lesotho",1967,0.813590659575377,12.24,0,0,0,0,0.01,0,0,0,0,0,0,0,0,0,0,0,0,0,0,0,0,0,0,0,0,0.05,0,0,0,0,0,0,0,0,0,0,0,0.27,0.01,11.01,0,0,0,0,0,0,0.13,0.76
"Lesotho",1968,0.710694988790503,12.45,0,0,0,0,0.01,0,0,0,0,0,0,0,0,0,0,0,0,0,0,0.01,0,0,0,0,0,0.01,0,0,0,0,0,0,0,0,0,0,0,0.33,0.01,10.37,0,0,0,0,0,0,0.13,1.58
"Lesotho",1969,0.644680075324457,11.39,0,0,0,0,0.01,0,0,0,0,0,0,0,0,0,0,0,0,0,0,0,0,0,0.01,0,0,0.05,0,0,0,0,0,0,0,0,0,0,0,0.19,0.04,8.92,0,0,0,0,0,0,0.17,2
"Lesotho",1970,0.480677625045055,6.21,0,0,0,0,0.02,0,0,0,0,0,0,0,0,0,0,0,0,0,0,0,0,0,0.01,0,0,0.09,0,0,0,0,0,0,0,0.04,0.01,0,0,0.16,0.07,1.56,0,0,0,0,0,0,0.25,4
"Lesotho",1971,0.494341726052603,12.01,0,0,0,0,0.03,0,0,0,0,0,0,0,0,0,0,0,0,0,0,0,0,0,0,0,0,0.1,0,0,0,0,0,0,0,0.24,0,0,0,0.17,0.04,7.43,0,0,0,0,0,0,0,4
"Lesotho",1972,0.516282494147875,10.97,0,0,0,0,0.04,0,0,0,0,0,0,0,0,0,0,0,0,0,0,0,0,0,0.01,0.01,0,0.02,0,0,0,0,0,0,0,0.22,0,0,0,0.27,0.04,7.28,0,0,0,0,0,0,0.08,3
"Lesotho",1973,0.369183058475368,8.27,0,0,0,0,0.07,0,0,0,0,0,0,0,0,0,0,0,0,0,0,0,0.3,0,0.09,0,0,0.43,0,0,0,0.01,0,0,0,0.45,0,0,0,0.18,0.04,4.55,0,0,0,0,0,0,0.15,2
"Lesotho",1974,0.299471011888953,12.65,0,0,0,0,0.07,0,0,0,0,0,0,0,0,0,0,0,0,0,0,0,0.08,0,0.28,0,0,1.65,0,0,0,0,0,0,0,0.41,0.02,0,0,0.9,0.03,5.92,0,0,0,0,0,0,0.29,3
"Lesotho",1975,0.383143694340707,14.75,0,0,0,0,0.09,0,0,0,0,0,0,0,0,0,0,0,0,0,0,0.06,0,0,0.72,0,0,0.61,0,0,0.05,0,0,0,0,0.44,0,0,0,0.69,0.05,8.72,0,0,0,0,0,0,1.32,2
"Lesotho",1976,0.168254769159114,18.16,0.01,0,0,0,0.13,0,0,0,0,0,0,0,0,0,0,0,0,0,0,0.27,0.06,0,1.63,0.06,0,0.85,0,0,0.11,0,0,0,0,0.86,0.04,0,0,2.54,0.01,3.76,0,0,0,0,0,0,3.83,4
"Lesotho",1977,0.1487405752608,21.17,0.03,0,0,0,0.17,0,0,0,0,0,0,0,0,0,0,0,0,0,0,0.28,0.06,0,1.31,0.01,0,1.31,0,0,0.43,0,0,0,0,0.83,1.3,0,0,2.26,0.39,3.82,0,0,0,0,0,0,4.97,4
"Lesotho",1978,0.174836572424833,30.46,0.52,0,0,0,0.09,0,0,0,0,0,0,0,0,0,0,0,0,0,0,0.04,0.19,0,1.27,0.05,0,3.65,0,0,1.23,0,0,0,0,1.18,1.1,0,0,1.41,0.67,9.97,0,0,0,0,0.09,0,4,5
"Lesotho",1979,0.166224333519632,46.12,0.02,0,0,0,0.11,0,0,0,0,0,0,0,0,0,0,0,0,0,0,0.04,0.16,0,4.08,0.02,0,4.12,0,0,2.03,0,0,0,0,2.16,1.95,0,0,3.46,0.52,14.05,0,0,0,0,0.33,0,4.07,9
"Lesotho",1980,0.187539970816024,64.09,0,0,0,0,0.11,0.01,0,0,0,0,0,0,0,0,0,0,0,0,0,0.35,0.15,0,1.1,0,0.2,18.25,0,0,3.59,0,0,0,0,3.92,0.13,0,0,3.84,0.45,10.16,0,0,0,0,0.05,0,5.78,16
"Lesotho",1981,0.235201441272239,62.6,0.11,0,0,0,0.19,0,0,0,0,0,0,0,0,0,0,0,0,0,0,0.01,0.01,0,1.48,0.07,0.12,11.83,0,0,3.14,0,0,0,0,3.74,0,0,0,3.82,0.37,10.6,0,0,0,0,0.24,0,1.87,25
"Lesotho",1982,0.246073603001867,57.3,0.18,0,0,0,0.38,0,0,0,0,0,0,0,0,0,0,0,0,0,0,0.01,0.04,0,1.89,0.1,0.12,9.76,0,0,3.84,0.02,0,0,0,2.02,0.37,0,0,2.05,0.86,6.59,0,0,0,0,0,0,4.07,25
"Lesotho",1983,0.206936583137181,67.47,0.02,0,0,0,0.35,0,0,0,0,0,0,0,0,0,0,0,0,0,0,0.02,0.02,0,1.96,0.95,0.2,14.82,0,0,3.43,1.01,0,0,0,2.37,0.66,0,0,3.41,0.65,7.12,0,0,1.35,0.94,0.35,0,2.84,25
"Lesotho",1984,0.260636085352597,69.14,0.34,0,0,0,0.26,0,0,0,0,0,0,0,0,0,0,0,0,0,0,0.01,0.07,0,1.36,1.53,0.29,11.73,0,0,3.33,0.62,0,0,0,1.67,0.47,0,0,2.55,0.41,6.99,0,0,1.4,1.25,0.37,0,2.49,32
"Lesotho",1985,0.176287652213893,54.81,0.67,0,0,0,0.27,0,0,0,0,0,0,0,0,0,0,0,0,0,0,0.04,0.05,0,1.72,0.47,0.21,8.15,0,0,2.94,0.73,0,0,0,0.85,0.77,0,0,6.89,0.67,3.09,0,0,1.3,1.49,0.36,0,5.14,19
"Lesotho",1986,0.181617486688879,58.28,0.63,0,0,0,0.23,0.01,0,0,0,0,0,0,0,0,0,0,0,0,0,0.06,0.06,0,3.99,0.42,0.4,11.98,0,0,3.63,1.26,0,0,0,0.98,0.72,0,0,6.69,0.88,5.55,0,0,0,0.04,0,0,1.75,19
"Lesotho",1987,0.160186280264028,62.53,2.16,0,0,0,0.04,0,0,0,0,0,0,0,0,0,0,0,0,0,0,0.03,0.01,0,1.61,0.3,2.66,10.54,0,0,4.43,1.38,0,0,0,1.7,0.26,0,0,8.14,1.38,6.4,0,0,0,0,0,0,2.49,19
"Lesotho",1988,0.152925338272253,70.16,1.2,0,0,0,0.2,0,0,0,0,0,0,0,0,0,0,0,0,0,0,0.03,0.01,0,4.67,0.17,4.19,10.6,0,0,3.47,0.34,0,0,0,0.74,4.49,0,0,6.48,1.59,8.72,0,0,0,0,0,0,2.26,21
"Lesotho",1989,0.133128203038686,73.88,0.63,0,0,0,2.43,0,0,0,0,0,0,0,0,0,0,0,0,0,0,0.01,0.01,0,3.28,0.3,3.8,12.6,0,0,3.21,1.24,0,0,0,0.49,1.11,0,4.79,8.49,0.86,9.85,0,0,0.31,0,0,0,2.47,18
"Lesotho",1990,0.131471148973627,85.33,0.75,0,0,0,0.97,0,0,0,0,0,0,0,0,0,0,0,0,0,0,0,0.01,0,8.16,0.2,16.69,14.42,0,0,3.36,0.44,0,0,0,1.33,1.53,0,0.15,8.73,2,10.29,0,0,0.08,0,0,0,2.22,14
"Lesotho",1991,0.118694370260035,74.46,0.83,0.16,0.15,0,0.83,0,0,0,0,0,0,0,0,0,0,0,0,0,0,0.02,0.21,0,4.08,0.46,10.04,13.28,0,0,3.14,1.03,0,0,0,1.75,3.11,0,0.05,8.44,1.99,12.6,0,0,0.06,0,0,0,2.23,10
"Lesotho",1992,0.11653090397235,73.22,1.65,0.14,1.93,0,0.67,0,0,0,0,0,0,0,0,0,0,0,0,0,0,0,0.35,0,3.43,0.01,7.12,14.76,0,0,4.27,0.24,0,0,0,1.32,2.06,0,0,6.41,2.06,10.75,0,0,2.11,0,0,0,1.94,12
"Lesotho",1993,0.150572101242637,77.32,0.13,0.13,1.54,0,0.8,0,0,0,0,0,0,0,0,0,0,0,0,0,0,0.02,0.22,0,2.82,0,3.59,11.86,0,0,4.85,1.47,0,0,0,0.58,6.24,0,0,23.29,2.02,9.71,0,0,1.83,0,0,0,1.22,5
"Lesotho",1994,0.131085039173505,47.15,1.38,0.13,0.35,0,0.73,0,0,0,0,0,0,0,0,0,0,0,0,0,0,0,0.13,0,2.07,0,1.28,12.12,0,0,5.43,0.04,0,0,0,0.76,2.67,0,0,3.25,2.56,7.41,0,0,1.14,0,0,0,0.7,5
"Lesotho",1995,0.145477361138222,62.41,1.8,0.21,0,0,0.57,0.02,0,0,0,0,0,0,0,0,0,0,0,0,0,0,0.11,0,1.87,0,3.46,15.78,0,0,7.66,0,0,0,0,1.78,2.18,0,0,3.6,1.69,9.73,0,0,0.46,0,0,0,0.49,11
"Lesotho",1996,0.135064887471376,53.68,7.91,0.05,0,0,0.39,0.01,0,0,0,0,0,0,0,0,0,0,0,0,0,0,0.15,0,0.74,0,3.03,12.25,0,0,8.1,0.03,0,0,0,0.5,0.54,0,0,2.57,2.02,7.95,0,0,4.19,0,0,0,0.25,3
"Lesotho",1997,0.10943184745325,52.77,5.74,0.05,0,0,0.25,0,0,0,0,0,0,0,0,0,0,0,0,0,0,0,0.21,0,1.07,0.01,2.36,5.83,0,0,7.17,0.15,0,0,0,0.37,3.99,0,0,6.47,1.71,7.43,0,0.03,7.71,0,0,0,0.22,2
"Lesotho",1998,0.168438900607594,33.37,3.63,0,0,0,0.06,0,0,0,0,0,0,0,0,0,0,0,0,0,0,0,0,0,1.41,0.01,1.77,5.67,0,0,7.41,0,0,0,0,0.52,0.38,0,0,0.23,1.15,8.74,0,0.03,0.2,0,0,0,0.17,1.99
"Lesotho",1999,0.16447309519947,26.59,2.67,0.03,0,0,0.07,0.07,0,0,0,0,0,0,0,0,0,0,0,0,0,0.02,0,0,2.16,0,0.65,4.96,0,0,7.47,0.83,0,0,0,0,0.22,0,0,0.11,1.2,4.38,0,0.01,0,0,0,0,0.25,1.49
"Lesotho",2000,0.218620394110854,22.57,0.87,0,0,0,0.1,0.05,0,0,0,0,0,0,0,0,0,0,0,0,0,0,0.09,0,1.71,0,0.28,3.2,0,0,8.59,0,0,0,0,0.28,0.19,0,0,0.07,1.22,4.5,0,0.02,0,0,0,0,0.1,1.3
"Lesotho",2001,0.185501296855217,30.79,5.22,0,0,0,0.09,0.05,0,0,0,0,0,0,0,0,0,0,0,0,0,0,0,0,3.18,0,0.46,4.44,0,0,9.9,0,0,0,0,0.74,0.26,0,0,0,0.48,4.11,0,0.03,0,0,0,0,0.16,1.67
"Lesotho",2002,0.184148440669637,33.54,3.93,0,0,0,0.09,0.03,0,0,0,0.02,0,0,0,0,0,0,0,0,0,0,0,0,0.81,0,0.49,4.66,0,0,10.7,0.48,0,0,0,0.69,0.37,0,0,0.27,0.6,4.17,0,0.01,0,0,0,0,0.23,5.99
"Lesotho",2003,0.207190055104241,34.42,4.01,0.05,0,0,0.51,0.15,0,0,0,0.01,0,0,0,0,0,0,0,0,0,0.1,0,0,0.49,0,0.71,6.24,0,0,12.44,0,0,0,0,0.08,0.29,0,0,0.02,0.85,5.13,0,0.01,0,0,0,0,0.67,2.66
"Lesotho",2004,0.239152581992744,36.44,1.22,0.03,0,0,0.19,0.08,0,0,0,0.02,0,0,0,0,0,0,0,0,0,0,0,0,0.75,0,0.53,5.26,0,0,14.74,0,0,0,0,0.14,1.25,0,0,0.02,0.53,7.24,0,0.01,0,0,0,0,0.46,3.97
"Lesotho",2005,0.189890124042117,41.78,6.68,0,0,0,0.03,0.05,0,0,0,0.01,0,0,0,0,0,0,0,0,0,0,0,0,0.27,0,0.59,5,0,0,13.45,0,0,0,0,0.1,0.73,0,0,0.04,0.77,7.63,0,0,0,0,0,0,3.71,2.72
"Lesotho",2006,0.202964809038886,40.34,4.76,0,0,0,0.26,0.01,0,0,0,0.01,0,0,0,0,0,0,0,0,0,0,0,0.21,0.34,0,0.51,6.55,0,0,13.91,0,0,0,0,0.09,1.25,0,0,0.04,0.68,7.58,0,0,0,0,0,0,0.91,3.23
"Lesotho",2007,0.213525976496045,64.23,4.88,0,0,0.07,0.32,0.03,0,0,0,0,0,0,0,0,0,0,0,0,0,0.14,0.12,0.25,0.07,0,0.51,6.76,0,0,19.03,0,0,0,0,0,1.36,0,1.18,0.17,0.38,8.07,0,0,0,0,0,0.05,1.39,19.45
"Lesotho",2008,0.193527137370909,68.92,13.16,0,0,0.19,0.59,0.02,0,0,0,0.02,0,0,0,0,0,0,0,0,0,0,0.01,0.25,0,0.07,0.56,7.41,0.06,0,20.91,0.02,0,0,0,0,1.06,0,1.53,0.16,0.52,7.91,0,0,0.12,0,0,0,0.7,13.65
"Lesotho",2009,0.185324423712928,78.19,2.56,0.09,0,0.16,0.68,0,0,0,0,0.01,0,0,0,0,0,0,0,0,0,0,0,0.52,0.13,0.12,0.46,5.4,0,0,17.35,0,0,0.31,0,0,1.04,0,9.77,0.45,0.55,8.16,0,0,4.79,0,0,0,0.99,24.65
"Lesotho",2010,0.293130581399163,123.36,8.84,0.14,0,0.05,0.63,0,0,0,0,0.01,0,0,0,0,0,0,0,0,0,0,0,0.28,0.34,0.08,0.48,4.97,0,0,15.71,0,0,0,0,0,1.1,0,0,0.36,0.63,28.66,0,0.01,3.42,0,0,0.01,0.41,57.23
"Lesotho",2011,0.352711780933946,178.99,20.23,0.18,0,0.08,1.34,0,0,0,0,0,0,0,0,0,0,0,0,0,0,0,0.01,0.41,0.12,0.06,0.48,3.86,0,0,15.85,0,0,0.28,0,0,1.03,0,0,0.07,0.52,31.51,0,0,3.51,0,0,0.01,1.39,98.05
"Lesotho",2012,0.556378193183705,170.16,3.23,0.25,0,0.02,1.14,0,0,0,0,0,0,0,0,0,0,0,0.01,0,0,0.04,0,0.01,0,0,0.43,6.47,0,0,11.23,0,0,0.26,0,0,0.84,0,0,0.32,0.88,13.66,0,0,5.81,0,0,0.02,0.21,125.33
"Lesotho",2013,0.695513407232694,204.89,2.57,0.08,0,0.03,1.27,0,0,0,0,0,0,0,0,0,0,0,2,0.01,0,0.05,0,0,0,0.13,0.33,4.3,0,0,2.64,0,0,0,0,0,1.08,0,0,0.16,0.62,13.68,0,0,5.16,0,0,0.38,0.27,170.13
"Lesotho",2014,0.305158569602866,75.88,2.29,0.23,0,0,1.15,0,0,0,0,0,0,0,0,0,0,0,0,0.02,0,0,0,0,0,0.12,0.14,4.3,0,0,1.75,0,0,0,0,0,1.12,0,0,0.12,0.79,9.54,0,0,6.62,0,8.43,0.12,0.14,39
"Lesotho",2015,0.27002887776172,62.14,1.9,0.21,0,0.02,1.04,0,0,0,0,0,0,0,0,0,0,0,0,0.02,0,0.06,0,0,0,0,0.16,4.74,0,0,0.46,0,0,0.22,0,0,0.73,0,0,0.1,0.47,16.3,0,0,3.24,0,5.91,0.02,0.02,26.52
"Lesotho",2016,0.579337442067417,62.11,0.4,0.2,0,0.05,0.74,0.01,0,0,0,0,0,0,0,0,0,0,0,0.02,0,0.03,0,0,0,0.14,0.19,2.86,0,0.14,0.11,0.04,0,0,0,0,0.51,0,0,0.13,1.66,2.11,0,0,0,0,4.41,0.03,1.46,46.87
"Lesotho",2017,0.730149867674858,86.25,1.64,0.1,0,0.05,1.39,0.08,0,0,0,0,0,0,0,0,0,0,0,0.05,0,0.32,0,0,0,0.1,0.2,1.2,0,0.05,0,0.03,0,0,0,0,0.23,0,0,0.17,0.66,4.04,0,0,0,0,1.71,0.66,0.05,73.52
"Lesotho",2018,0.83190128426756,101.85,3.52,0,0,0,0.48,0.05,0,0,0,0,0,0,0,0,0,0,0,0.01,0,0.15,0,0,0,0.01,0.25,1.23,0,0,0.04,0.26,0,0,0,0,0.4,0,0,0.27,0.68,0.39,0,0.02,0,0,0.57,0.71,0,92.81
"Lesotho",2019,0.757834769491672,67.06,4.56,0,0,0,0.51,0.05,0,0,0,0,0,0,0,0,0,0,0,0.03,0,0.11,0,0,0,0,0.28,0.9,0,0,0,0.2,0,0,0,0,0.35,0,0,0.14,0.81,0.37,0,0,0,0,0,0.22,0.35,58.18
"Lesotho",2020,0.814891551560872,90.7,3.95,0,0,0,0.29,0.02,0,0,0,0,0,0,0,0,0,0.01,0,0,0,0.23,0,0,0,0,0.28,1.31,0,0,0.15,0.15,0,0,0,0,0.36,0,0,0.14,0.71,0.73,0.11,0,0,0,0,0.03,0.47,81.76
"Lesotho",2021,0.807950306351461,93.42,4.04,0,0,0,0.09,0.02,0,0,0,0,0,0,0,0,0,0,0,0.03,0,0.23,0,0,0,0,0.61,1.1,0,0,0,0,0,0,0,0,0.23,0,0,0.27,0.42,1.24,0,0.02,0,0,0.29,0.37,0.61,83.85
"Lesotho",2022,0.823191573148375,171.791278,8.74354,0.19389,0,0.003072,0.146771,0,0,0,0,0,0,0,0,0,0.007108,0,0,0.047542,0.0714,0.347852,0.004182,0,0,0,0.223921,1.754212,0,0,0.1828,1.01478,0,0,0.01208,0,0.458194,0,0,0.176112,1.32729,0.977038,0,0,0,0,0,0.160732,0.342162,155.5966
"Lesotho",2023,0.859993326607001,185.976107,4.98549,3.224856,0,0,0.242321,0,0,0,0,0,0,0,0,0,0.006474,0.005746,0,0,0,0.330252,0.005514,0,0,0,0.529126,2.028288,0,0,0,0.097318,0,0,0.001044,0,0.40422,0,0,0.272844,0.732894,0.185616,0,0,0,0,0,0.079484,0.496724,172.347896
"Lesotho",2024,0.871402320177327,238.071558,10.228432,1.017994,0,0,0.259086,0,0,0,0,0,0,0,0,0,0.00607,0.013416,0,0.007416,0,0.210186,0.005088,0.008468,0.019458,0,0.438247,0.922956,0,0,0.235768,0.02415,0,0,0,0,0.438764,0,0,0.224092,1.317062,0.15386,0,0,0,0,0,0.129854,0.419444,221.991747
"Lesotho",2025,NA,0,0,0,0,0,0,0,0,0,0,0,0,0,0,0,0,0,0,0,0,0,0,0,0,0,0,0,0,0,0,0,0,0,0,0,0,0,0,0,0,0,0,0,0,0,0,0,0,0
"Liberia",1951,NA,0,0,0,0,0,0,0,0,0,0,0,0,0,0,0,0,0,0,0,0,0,0,0,0,0,0,0,0,0,0,0,0,0,0,0,0,0,0,0,0,0,0,0,0,0,0,0,0,0
"Liberia",1952,NA,0,0,0,0,0,0,0,0,0,0,0,0,0,0,0,0,0,0,0,0,0,0,0,0,0,0,0,0,0,0,0,0,0,0,0,0,0,0,0,0,0,0,0,0,0,0,0,0,0
"Liberia",1953,NA,0,0,0,0,0,0,0,0,0,0,0,0,0,0,0,0,0,0,0,0,0,0,0,0,0,0,0,0,0,0,0,0,0,0,0,0,0,0,0,0,0,0,0,0,0,0,0,0,0
"Liberia",1954,NA,0,0,0,0,0,0,0,0,0,0,0,0,0,0,0,0,0,0,0,0,0,0,0,0,0,0,0,0,0,0,0,0,0,0,0,0,0,0,0,0,0,0,0,0,0,0,0,0,0
"Liberia",1955,NA,0,0,0,0,0,0,0,0,0,0,0,0,0,0,0,0,0,0,0,0,0,0,0,0,0,0,0,0,0,0,0,0,0,0,0,0,0,0,0,0,0,0,0,0,0,0,0,0,0
"Liberia",1956,NA,0,0,0,0,0,0,0,0,0,0,0,0,0,0,0,0,0,0,0,0,0,0,0,0,0,0,0,0,0,0,0,0,0,0,0,0,0,0,0,0,0,0,0,0,0,0,0,0,0
"Liberia",1957,NA,0,0,0,0,0,0,0,0,0,0,0,0,0,0,0,0,0,0,0,0,0,0,0,0,0,0,0,0,0,0,0,0,0,0,0,0,0,0,0,0,0,0,0,0,0,0,0,0,0
"Liberia",1958,NA,0,0,0,0,0,0,0,0,0,0,0,0,0,0,0,0,0,0,0,0,0,0,0,0,0,0,0,0,0,0,0,0,0,0,0,0,0,0,0,0,0,0,0,0,0,0,0,0,0
"Liberia",1959,NA,0,0,0,0,0,0,0,0,0,0,0,0,0,0,0,0,0,0,0,0,0,0,0,0,0,0,0,0,0,0,0,0,0,0,0,0,0,0,0,0,0,0,0,0,0,0,0,0,0
"Liberia",1960,0.980374715139281,9.09,0,0,0,0,0,0,0,0,0,0,0,0,0,0,0,0,0,0,0,0,0,0,0,0,0,0.08,0,0,0,0.01,0,0,0,0,0,0,0,0,0,0,0,0,0,0,0,0,0,9
"Liberia",1961,0.555244320562426,28.52,0,0,0,0,0,0,0,0,0,0,0,0,0,0,0,0,0,0,0,0,0,0,0,0,0,9.52,0,0,0,0,0,0,0,0,0,0,0,0,0,0,0,0,0,0,0,0,0,19
"Liberia",1962,0.496865262070656,81.12,0,0,0,0,0,0,0,0,0,0,0,0,0,0,0,0,0,0,0,0,0,0,0,0,0,44.42,0,0,0,0.68,0,0,0,0,0,0,0,0.02,0,0,0,0,0,0,0,0,0,36
"Liberia",1963,0.528750584183572,33.97,0,0,0,0,0,0,0,0,0,0,0,0,0,0,0,0,0,0,0,0,0,0,0,0,0,22.11,0,0,0,0.13,0,0,0,0,0,0,0,0.47,0,0,0,0,0,0,0,0,0.26,11
"Liberia",1964,0.545598539558109,15.44,0,0,0,0,0,0,0,0,0,0,0,0,0,0,0,0,0,0,0,0.09,0,0,0,0,0,2.82,0,0,0,0.01,0,0,0,0,0,0,0,0.67,0,0.04,0,0,0,0,0,0,0.81,11
"Liberia",1965,0.570808448753463,38,0,0,0,0,0,0,0,0,0,0,0,0,0,0,0,0,0,0,0,0,0,0,0.04,0,0,10.23,0,0,0,0.01,0,0,0,0,0,0,0,0.22,0,0.36,0,0,0,0,0,0,0.32,26.82
"Liberia",1966,0.429117938152939,37.97,0,0,0,0,0,0,0,0,0,0,0,0,0,0,0,0,0,0,0,0,0,0,0.01,0,0,4.76,0,0,0,0,0,0,0,0,0,0,0,0,0,0.29,0,0,0,11.24,0,0,0,21.67
"Liberia",1967,0.760086794259993,25.72,0,0,0,0,0,0,0,0,0,0,0,0,0,0,0,0,0,0,0,0,0,0,0,0,0,3.22,0,0,0,0.01,0,0,0,0,0,0,0,0.18,0,0.12,0,0,0,0,0,0,0,22.19
"Liberia",1968,0.859488549934477,15.77,0,0,0,0,0,0,0,0,0,0,0,0,0,0,0,0,0,0,0,0,0,0,0,0,0,0.92,0,0,0,0.02,0,0,0,0,0,0,0,0.17,0,0.07,0,0,0,0,0,0,0,14.59
"Liberia",1969,0.74652614265928,15.2,0,0,0,0,0,0,0,0,0,0,0,0,0,0,0,0,0,0,0,0,0,0,0.01,0,0,1.85,0,0,0,0.02,0,0,0,0,0,0,0,0.2,0,0.12,0,0,0,0,0,0,0,13
"Liberia",1970,0.763483135977778,11.56,0,0,0,0,0,0,0,0,0,0,0,0,0,0,0,0,0,0,0,0,0,0,0,0,0,1.42,0,0,0,0.01,0,0,0,0.02,0,0,0,0.01,0,0.1,0,0,0,0,0,0,0,10
"Liberia",1971,0.799697749512367,12.35,0,0,0,0,0,0,0,0,0,0,0,0,0,0,0,0,0,0,0,0,0.01,0,0,0,0,0.96,0,0,0,0.01,0,0,0,0.07,0,0,0,0.16,0,0.14,0,0,0,0,0,0,0,11
"Liberia",1972,0.77671084585959,12.55,0.01,0,0,0,0,0,0,0,0,0,0,0,0,0,0,0,0,0,0,0,0,0,0,0,0,1.13,0,0,0,0,0,0,0,0.13,0,0,0,0.16,0,0.12,0,0,0,0,0,0,0,11
"Liberia",1973,0.598584683419711,9.26,0,0,0,0,0,0,0,0,0,0,0,0,0,0,0,0,0,0,0,0,0,0,0,0.01,0,1.47,0,0,0,0.06,0,0,0,0.27,0.14,0,0,0.05,0,0.26,0,0,0,0,0,0,0,7
"Liberia",1974,0.432132380119359,9.91,0.06,0,0,0,0,0,0,0,0,0,0,0,0,0,0,0,0,0,0,0.31,0,0,0,0.03,0,2.43,0,0,0,0.14,0,0,0,0.61,0.16,0,0,0.04,0.01,0.12,0,0,0,0,0,0,0,6
"Liberia",1975,0.550726873858851,14.22,0.18,0,0,0,0.02,0,0,0,0,0,0,0,0,0,0,0,0,0,0,0.12,0,0,0,0.05,0,3.35,0,0,0,0.05,0,0,0,0.23,0.04,0,0,0,0,0.18,0,0,0,0,0,0,0,10
"Liberia",1976,0.510042739967694,25.34,1.15,0,0,0,0,0,0,0,0,0,0,0,0,0,0,0,0,0,0,0,0,0,0,0.01,0,6.06,0,0,0,0.12,0,0,0,0.55,0.08,0,0,0,0,0.37,0,0,0,0,0,0,0,17
"Liberia",1977,0.323987911168795,25.27,4.81,0,0,0,0.01,0,0,0,0,0,0,0,0,0,0,0,0,0,0,0,0.02,0,0,0.01,0,6.01,0,0,0.01,0.13,0,0,0,1.87,0.06,0,0,0,0,0.34,0,0,0,0,0,0,0,12
"Liberia",1978,0.38613856,25,1.78,0,0,0,0,0,0,0,0,0,0,0,0,0,0,0,0,0,0,0,0.05,0,0.02,0,0,9.65,0,0,0,0.17,0,0,0,0.95,0,0,0,0,0.05,0.33,0,0,0,0,0,0,0,12
"Liberia",1979,0.257455473890187,49.39,1.66,0,0,0,0,0,0,0,0,0,0,0,0,0,0,0,0,0,0,0.01,0.06,0,0.03,0,0,18.44,0,0,0.05,0.08,0,0,0,1.01,0,0,0,0.23,0,1,0,0,3.58,11.24,0,0,0,12
"Liberia",1980,0.287416257614914,72.38,13.85,0,0,0,0,0,0,0,0,0,0,0,0,0,0,0,0,0,0,0,0.06,0,0.02,0.01,0.75,13.3,0,0,0.06,0.02,0,0,0,1,0.05,0,0,0.3,0.02,0.76,0,0,3.24,5.94,0,0,0,33
"Liberia",1981,0.512467210426826,95.47,2.47,0,0,0,0,0,0,0,0,0,0,0,0,0,0,0,0,0,0,0,0.05,0,0,1.24,0.82,16.96,0,0,0.02,0.02,0,0,0,1.92,0,0,0,0.11,0,3.46,0,0,0.76,1.64,0,0,0,66
"Liberia",1982,0.537552234975549,87.96,7.12,0,0,0,0,0,0,0,0,0,0,0,0,0,0,0,0,0,0,0,0.05,0,0,0.6,1.1,11.46,0,0,0.01,0,0,0,0,1.14,0,0,0,0.12,0,1.71,0,0,0.03,1.47,0,0,0.15,63
"Liberia",1983,0.424400425978453,94.11,6.13,0,0,0,0,0,0,0,0,0,0,0,0,0,0,0,0,0,0,0,0,0,0.06,0,3.57,20.95,0,0,0.03,0,0,0,0,1.27,0.19,0,0,0,0,4.33,0,0,0.04,0.34,0,0,0.2,57
"Liberia",1984,0.633183587833104,113.07,3.76,0,0,0,0,0,0,0,0,0,0,0,0,0,0,0,0,0,0,0.01,1.47,0,1.56,0,1.58,12.17,0,0,0.01,0.34,0,0,0,0.62,0.11,0,0,0.05,0,2.05,0,0,0.05,0,0,0,0.29,89
"Liberia",1985,0.651833377333749,67.7,1.55,0,0,0,0.02,0,0,0,0,0,0,0,0,0,0,0,0,0,0,0,0,0,0.2,0,1.08,8.1,0,0,0.02,0.29,0,0,0,0.52,0.13,0,0,0.22,0,1.37,0,0,0.05,0,0,0,0.15,54
"Liberia",1986,0.495077420885728,73.02,7.79,0,0,0,0,0,0,0,0,0,0,0,0,0,0,0,0,0,0,0.01,0,0,0.15,0.01,0.71,13.25,0,0,0.05,0.22,0,0,0,0.33,0.09,0,0,0,0,1.33,0,0,0.04,0,0,0,0.04,49
"Liberia",1987,0.329806960207324,54.66,10.24,0.01,0,0,0,0,0,0,0,0,0,0,0,0,0,0,0,0,0,0,0.04,0,4.51,0,0.83,8.54,0,0,0.08,0.07,0,0,0,0.48,0.13,0,0,0,0.03,1.5,0,0,0,0,0,0,0.2,28
"Liberia",1988,0.291698738000617,54.13,8.82,0,0,0,0,0,0,0,0,0,0,0,0,0,0,0,0,0,0,0,0.18,0,5.12,0,0.71,7.95,0,0,0.02,0,0,0,0,2.87,0.16,0,0,0.13,0.03,1.53,0,0,0.04,0,0,0,0.57,26
"Liberia",1989,0.243215142240955,46.32,10.08,0.02,2,0,0,0,0,0,0,0,0,0,0,0,0,0,0,0,0,0,0.02,0,1.14,0,1.92,9.04,0,0,0.01,0,0,0,0,1.19,0.12,0,0.02,0,0,1.01,0,0,0,0,0,0,1.75,18
"Liberia",1990,0.233978924594805,47.39,6.42,0,2.3,0,0,0,0,0,0,0,0,0,0,0,0,0,0,0,0,0.03,0.02,0,0.64,0.45,1.79,7.31,0,0,0.06,0,0,0,0,7.72,0.16,0,0.1,0.06,0.15,1.01,0,0,0,0,0,0,0.17,19
"Liberia",1991,0.544307747477081,57.48,0.55,0.01,0,0,0,0,0,0,0,0,0,0,0,0,0,0,0,0,0,0.12,0.08,0,0.56,1.34,1.45,3.29,0,0,0.09,0,0,0,0,2.21,0.15,0,0,0.3,0.35,1.63,0,0,0,0,0,0,3.35,42
"Liberia",1992,0.183702286286506,27.52,0.2,0.03,0.44,0,0,0,0,0,0,0,0,0,0,0,0,0,0,0,0,0.23,1.18,0,0.47,0.51,1.43,3.55,0,0,0.04,0,0,0,0,1.59,0.14,0,0,3.76,1.45,0.62,0,0,0,0.11,0,0,1.77,10
"Liberia",1993,0.231078008197056,27.1,0.06,0.05,1.23,0,0,0,0,0,0,0,0,0,0,0,0,0,0,0,0,0.02,0.05,0,0,0.44,1.85,2.3,0,0,0.03,1.71,0,0,0,2.42,0.82,0,0,0.76,0.19,1.89,0,0,0,0,0,0,1.28,12
"Liberia",1994,0.253891355046825,37.1,0.03,0,1.07,0,0,0,0,0,0,0,0,0,0,0,0,0,0,0,0,0.21,0.04,0,0,0.67,2.1,2.26,0,0,0.07,0,0,0,0,6.08,1.04,0.01,0,1.6,1.85,2.07,0,0,0.01,0,0,0,0.99,17
"Liberia",1995,0.187774276340734,32.98,0,0,1.27,0,0,0,0,0,0,0,0,0,0,0,0,0,0,0,0,0.28,0.1,0,0,0.23,0.93,2.57,0,0,0.27,0.08,0,0,0,5.52,1.89,0,0,1.35,2.99,1.7,0,0,0,0,0,0,1.8,12
"Liberia",1996,0.428162278747978,115.84,0,0,2,0,0,0.1,0,0,0,0,0,0,0,0,0,0,0,0,0,0.26,0.96,0,0,0.74,0.95,73.84,0,0,0.78,0,0,0,0,6.61,2.8,0,0.45,2.67,1.94,7.22,0,0,0,0,0,0,1.52,13
"Liberia",1997,0.175192108209748,39.66,0.45,0,1,0,0,0,0,0,0,0,0,0,0,0,0,0,0,0,0,0.27,0.61,0,0.14,0.27,1.34,1.49,0,0,0.33,0,0,0,0,8.26,2.18,0,0.15,5.77,1.12,4.26,0,0.02,0,0,0,0,0,12
"Liberia",1998,0.156063960281185,36.49,0,0.01,0,0,0,0,0,0,0,0,0,0,0,0,0,0,0,0,0,0.02,0.49,0,0.41,0.57,1.8,2.26,0,0,0.31,0,0,0,0,6.42,4.47,0,0.33,7.57,2.03,0.78,0,0.01,0,0,0,0,0.34,8.67
"Liberia",1999,0.498966167107736,52.19,1.47,0,0,0,0,0.05,0,0,0,0,0,0,0,0,0.01,0,0,0,0,0.02,0.05,0,0.29,0.81,0.03,0.69,0,0,0.25,0,0,0,0,3.16,1.51,0,0.71,3.59,1.96,1.08,0,0.01,0,0,0,0,0.1,36.4
"Liberia",2000,0.388358103351546,26.45,0.02,0,0,0,0,0,0,0,0,0,0,0,0,0,0,0,0,0,0,0.04,0,0,0.09,0.55,0.8,1.33,0,0,0.19,0,0,0,0,2,0.29,0,0,1.44,0.36,3.28,0,0,0,0,0,0,0.19,15.87
"Liberia",2001,0.31828642198368,23.28,0.05,0,0,0,0.13,0,0,0,0,0,0,0,0,0,0,0,0,0,0,0.01,0,0,0.03,0.9,1.49,1.18,0,0,0.68,0,0,0,0,2.25,0.65,0,0.11,1.14,0.57,1.17,0,0.01,0,0,0,0,0.3,12.61
"Liberia",2002,0.231039555669943,39.27,0.02,0,0,0,0,0,0,0,0,0,0,0,0,0,0,0,0,0,0,0.08,0,0,0.06,0.46,10.02,1.89,0,0,0.62,0,0,0.28,0,2.88,1.94,0,0,1.07,1.67,2.85,0,0.01,0,0,0,0,0.34,15.08
"Liberia",2003,0.20016864354921,77.37,0,0,0,0,0,0.18,0,0,0,0.04,0,0,0,0,0,0,0,0,0,0.43,0.23,0,0.25,1.47,1.29,3.84,0.16,0,3.04,0,0,0.45,0,8.98,8.98,0,0.46,5.14,2.82,7.63,0,0,0,0,0,0,1.77,30.21
"Liberia",2004,0.372471507655966,173.67,0,0,0,0,0,0.05,0,0,0,0.13,0,0,0,0,0,0,0,0,0,0.73,0,0,0.09,2.76,0.82,7.5,0.16,0,2.74,1.95,0,0.65,0,8.62,11.64,0.08,0,12.53,3.2,16.46,0,0.01,0,0,0,0,1.04,102.51
"Liberia",2005,0.363524722009508,147.57,0,0,0,0,0,0.09,0,0,0,0.11,0,0,0,0,0,0,0,0,0,0.33,0.51,0,3.81,1.71,0.55,4.84,0.03,0,4.34,0.02,0,0,0,7.2,7.14,0.58,1.53,14.79,3.17,7.54,0,0,0,0,0,0,2.93,86.35
"Liberia",2006,0.252571421532013,187.87,17.4,0.01,0,0,0,0,0,0,0,0.28,0,0,0,0,0.01,0,0,0,0,0,1.23,0,5.67,1.34,2.05,8.96,0.07,0,7.27,0,0,0.11,0,6.53,8.94,0.18,1.26,15.18,5.98,15.27,0,0,0,0,0,0.15,1.59,88.39
"Liberia",2007,0.237095188506936,229.72,12.46,0.2,0,0,0,0,0,0,0,0.41,0,0,0,0,0,0,0,0,0,0,0.29,0,6.45,2.05,1.13,10.03,0,0.1,13.24,0.01,0,0,0,2.85,28.17,0.24,3.55,19.78,10.63,12.36,0,0.01,0,0,0,0.12,2.91,102.73
"Liberia",2008,0.290635818135662,1164.5,13.98,10.33,0,0,0,0,0,0,0,0.38,0,0,0,0,0.01,0,0,25.07,0.01,0,0,0.35,42.39,5.02,27.21,457.45,0.09,0.53,12.94,0.81,0,0.08,0,19.99,33.84,0.21,24.29,26.27,7.23,32.4,0,0.04,0,0,0,0.6,1.95,421.03
"Liberia",2009,0.179680832244009,359.65,14.71,0.01,0,0,0.01,0,0,0,0,0.56,0,0,0,0,0,0,0,0,0.01,0,0.01,0,8.81,2.12,0.3,28.07,0.03,0.21,9.81,75.41,0,0.08,0,0,15.37,0,5.75,41.98,5.8,33.4,0,0.05,0,0,0.04,0.08,2.2,114.83
"Liberia",2010,0.205947533271802,681.77,134.31,0.04,0,0,0.26,0,0,0,0,0.33,0,0,0,0,0,0,0,0,0,7.85,0.13,0,9.88,0.67,235.18,50.14,0.01,0.35,10.6,1.94,0,0.41,0,40.01,22.84,0,1.83,26.79,4.71,1.58,0,0.04,0,0,1.45,0.03,1.1,129.29
"Liberia",2011,0.202011541716521,737.8,242.82,0.1,0,0,3.03,0,0,0,0,0,0,0,0,0,0,0.01,0,0,0,0.42,50.34,0,11.72,1.99,1.31,110,0.01,0,10.38,0.19,0,0.3,0,1.39,35.11,0,0.84,49.84,11.53,16.88,0,0.01,3.08,0,0.01,0.1,7.78,178.61
"Liberia",2012,0.307042533704781,337.26,24.96,0.06,0,0,1.59,0,0,0,0,0.14,0,0,0,0,0,0,0,0,0,0.67,0.03,0,3.34,1.78,1.78,15.74,0.01,0,8.36,0,0,0.46,0,0,34.9,0,0.38,40.94,8.52,15.67,0,0.01,0,0,0,0.03,2.55,175.34
"Liberia",2013,0.272253051806724,337.62,22.75,0.05,0,0,7.24,0,0,0,0,0,0,0,0,0,0.01,0,0,0,0,0,0.01,0,0.18,1.86,1.5,24.18,0,0,9.67,0.37,0,0.25,0,0,34.44,0,0.07,38,4.44,26.09,0,0,0.58,0,0.01,0.22,3.1,162.6
"Liberia",2014,0.242088801267711,467.78,30.26,0.07,0,0,1.99,0,0,0,0,0.28,0,0,0,0,0,0,2.07,0.05,0,0,7,0,0.2,0.29,1.48,41,0,0,8.56,0,0,0.25,0,6.79,38.53,0,2.54,39.5,14.02,47.79,0,0.13,0.59,0,1,0.77,11.6,211.02
"Liberia",2015,0.61953064461525,656.98,17.2,1.31,0,0,1.56,0,0,0,0,0,0,0,0,0,0.01,0,2.48,0,0,0,1.48,0,0.59,0.55,1.02,14.65,0,0,7.66,0,0,0,0,0.02,36.08,0,0.7,27.59,5.53,16.05,0,0.02,0.3,0,0.01,1.27,6.68,514.22
"Liberia",2016,0.526005220801263,559.42,26.27,1.45,0,0.03,1.51,0,0,0,0,0,0,0,0,0,0,0,0,0,0,0,1.44,0,0,0.48,0.92,44.73,0,0,3.71,0.11,0,0,0,0,20.6,0,0.03,27.55,2.22,19.37,0,0,7.58,0,0.27,0.22,0.58,400.35
"Liberia",2017,0.475745091936356,426.01,25.47,0.02,0,0.09,1.14,0,0,0,0,0,0,0,0,0,0,0,0,0,0,0,0,0,0,0.79,0.08,33.07,0,0,4.43,0.44,0,0,0,0,22.96,0,0.34,25.06,0.13,18.99,0,0,0.47,0,0.29,0.6,3.46,288.18
"Liberia",2018,0.455625921200657,380.58,19.11,0,0,0,0.7,0,0,0,0,0,0,0,0,0,0,0,0,0,0,0,0.02,0,0,0.16,6.37,35.73,0,0.82,5.74,0.74,0,0,0,0,11.53,0,0.3,43.84,0.02,1.04,0,0.31,2.74,0,0.6,0,1.39,249.42
"Liberia",2019,0.357606081595936,352.67,25.43,0,0,0,0.39,0,0,0,0,0,0,0,0,0,0,0,0,0,0,0,0.01,0,0.28,0.02,0.13,56.23,0,0.56,4.75,0.55,0,0,0,0,5.61,0,1.45,40.22,0.09,13.74,0,0.12,0.49,0,4.87,0.42,0.38,196.93
"Liberia",2020,0.372900401008263,322.66,21.17,0,0,0,0.2,0,0,0,0,0,0,0,0,0,0.03,0,0,0,0,0.02,0,0,0.93,0.18,4.77,33.95,0,0.36,5.58,0.66,0,0,0,0,18.29,0,0.09,39.48,0.03,4.06,0,0.08,1.15,0,0.75,0.25,2.89,187.74
"Liberia",2021,0.341384476556709,272.2,17.86,0,0,0,0.02,0,0,0,0,0,0,0,0,0,0.04,0,0,0,0,0.03,0,0,0.91,0.1,6.34,35.11,0,0.37,6.95,0,0,0,0,0.06,3.17,0,0.07,45.28,0.04,4.03,0,0.04,1.35,0,2.36,0.15,1.06,146.86
"Liberia",2022,0.297644750220517,493.953036,11.61634,0.54272,0,0.005154,0,0,0,0,0,0,0,0.001508,0,0.01167,0.021324,0.00983,0,0,0,0.053178,0.001582,0,0.64337,0.404506,14.812736,55.558358,0,0.192382,14.749162,0.438838,0,0,0,0,13.038582,0,0.13834,65.588821,0.137898,9.773244,0,0.070814,0,0,45.334128,0.407606,10.962558,249.438387
"Liberia",2023,0.418253183967837,512.941007,18.261652,1.380764,0,0,0,0,0,0,0,0,0,0.222142,0,0,0.01942,0.020514,0,0,0,0.083804,0,0,0.551736,0.279892,10.909278,50.907476,0,0.010442,15.243222,0.172904,0,0,0,0.03243,14.211613,0,0.391282,66.545137,0.058988,5.880444,0,0.01019,0,0,5.008478,0.419816,2.837175,319.482208
"Liberia",2024,0.508017998861649,487.598631,12.247974,0.251664,0,0,0.113359,0,0,0,0,0,0,0.376866,0,0,0.025014,0.005792,0,0,0,0.086162,0.050546,0.04234,0.508948,0.366942,17.35696,20.799828,0,0.002796,16.335488,0.761002,0,0,0.00146,0,3.893306,0,0.039584,64.850635,0.076712,1.860212,0,0.09867,0,0,1.070716,0.789478,5.925421,339.660756
"Liberia",2025,NA,0,0,0,0,0,0,0,0,0,0,0,0,0,0,0,0,0,0,0,0,0,0,0,0,0,0,0,0,0,0,0,0,0,0,0,0,0,0,0,0,0,0,0,0,0,0,0,0,0
"Libya",1951,NA,0,0,0,0,0,0,0,0,0,0,0,0,0,0,0,0,0,0,0,0,0,0,0,0,0,0,0,0,0,0,0,0,0,0,0,0,0,0,0,0,0,0,0,0,0,0,0,0,0
"Libya",1952,NA,0,0,0,0,0,0,0,0,0,0,0,0,0,0,0,0,0,0,0,0,0,0,0,0,0,0,0,0,0,0,0,0,0,0,0,0,0,0,0,0,0,0,0,0,0,0,0,0,0
"Libya",1953,NA,0,0,0,0,0,0,0,0,0,0,0,0,0,0,0,0,0,0,0,0,0,0,0,0,0,0,0,0,0,0,0,0,0,0,0,0,0,0,0,0,0,0,0,0,0,0,0,0,0
"Libya",1954,NA,0,0,0,0,0,0,0,0,0,0,0,0,0,0,0,0,0,0,0,0,0,0,0,0,0,0,0,0,0,0,0,0,0,0,0,0,0,0,0,0,0,0,0,0,0,0,0,0,0
"Libya",1955,NA,0,0,0,0,0,0,0,0,0,0,0,0,0,0,0,0,0,0,0,0,0,0,0,0,0,0,0,0,0,0,0,0,0,0,0,0,0,0,0,0,0,0,0,0,0,0,0,0,0
"Libya",1956,NA,0,0,0,0,0,0,0,0,0,0,0,0,0,0,0,0,0,0,0,0,0,0,0,0,0,0,0,0,0,0,0,0,0,0,0,0,0,0,0,0,0,0,0,0,0,0,0,0,0
"Libya",1957,NA,0,0,0,0,0,0,0,0,0,0,0,0,0,0,0,0,0,0,0,0,0,0,0,0,0,0,0,0,0,0,0,0,0,0,0,0,0,0,0,0,0,0,0,0,0,0,0,0,0
"Libya",1958,NA,0,0,0,0,0,0,0,0,0,0,0,0,0,0,0,0,0,0,0,0,0,0,0,0,0,0,0,0,0,0,0,0,0,0,0,0,0,0,0,0,0,0,0,0,0,0,0,0,0
"Libya",1959,NA,0,0,0,0,0,0,0,0,0,0,0,0,0,0,0,0,0,0,0,0,0,0,0,0,0,0,0,0,0,0,0,0,0,0,0,0,0,0,0,0,0,0,0,0,0,0,0,0,0
"Libya",1960,0.659885382172427,42.14,0,0,0,0,0,0,0,0,0,0,0,0,0,0,0,0,0,0,0,0,0,0,0,0,0,0.01,0,0,0,0.03,0,0,0,0,0,0,0,0,0,9.1,0,0,0,0,0,0,0,33
"Libya",1961,0.502635654636869,36.52,0,0,0,0,0,0,0,0,0,0,0,0,0,0,0,0,0,0,0,0,0,0,0,0,0,0.02,0,0,0,3.4,0,0,0,0,0,0,0,0,0,9.1,0,0,0,0,0,0,0,24
"Libya",1962,0.495450599545279,31.33,0,0,0,0,0,0,0,0,0,0,0,0,0,0,0,0,0,0,0,0,0,0,0,0,0,0.4,0,0,0,1.83,0,0,0,0,0,0,0,0,0,9.1,0,0,0,0,0,0,0,20
"Libya",1963,0.50786644227917,25.94,0,0,0,0,0,0,0,0,0,0,0,0,0,0,0,0,0,0,0,0.11,0.02,0,0,0,0,0.32,0,0,0,0.24,0,0,0,0,0,0,0,0,0,9.25,0,0,0,0,0,0,0,16
"Libya",1964,0.404224688146534,18.29,0,0,0,0,0,0,0,0,0,0,0,0,0,0,0,0,0,0,0,0.06,0,0,0,0,0,0.36,0,0,0,1.76,0,0,0,0,0,0,0,0,0,9.11,0,0,0,0,0,0,0,7
"Libya",1965,0.299048979591837,7,0,0,0,0,0,0,0,0,0,0,0,0,0,0,0,0,0,0,0,0,0,0,0,0,0,0.69,0,0,0,1.32,0,0,0,0,0,0,0,0.02,0,2.28,0,0,0,0,0,0,0,2.69
"Libya",1966,0.493991769547325,1.35,0.01,0,0,0,0,0,0,0,0,0,0,0,0,0,0,0,0,0,0,0.01,0,0,0,0,0,0.78,0,0,0,0,0,0,0,0,0,0,0,0,0,0.01,0,0,0,0,0,0,0,0.54
"Libya",1967,0.351146849130343,2.83,0,0,0,0,0,0,0,0,0,0,0,0,0,0,0,0,0,0,0,0.31,0.05,0,0,0,0,0.68,0,0,0,1.47,0,0,0,0,0,0,0,0,0,0.02,0,0,0,0,0,0,0,0.3
"Libya",1968,0.327892704815954,6.33,0,0,0,0,0,0,0,0,0,0,0,0,0,0,0,0,0,0,0,0,0.01,0,0,0,1.5,0.3,0,0,0,1.67,0,0,0,0,0,0,0,0,0,0.02,0,0,0,0,0,0,0,2.83
"Libya",1969,0.382420876523223,5.77,0,0,0,0,0,0,0,0,0,0,0,0,0,0,0,0,0,0,0,0,0,0,0.03,0,1.3,0.23,0,0,0,3.16,0,0,0,0,0,0,0,0,0,0.05,0,0,0,0,0,0,0,1
"Libya",1970,0.451224027025776,2.94,0.01,0,0,0,0,0,0,0,0,0,0,0,0,0,0,0,0,0,0,0,0,0,0,0,1.3,0.14,0,0,0,1.48,0,0,0,0,0,0,0,0,0,0.01,0,0,0,0,0,0,0,0
"Libya",1971,0.797592592592593,1.8,0,0,0,0,0,0,0,0,0,0,0,0,0,0,0,0,0,0,0,0,0,0,0,0,1.6,0.15,0,0,0,0.04,0,0,0,0,0,0,0,0,0,0.01,0,0,0,0,0,0,0,0
"Libya",1972,0.497137573964497,5.2,0.02,0,0,0,0,0,0,0,0,0,0,0,0,0,0,0,0,0,0,0,0,0,0,0,1.8,0.16,0,0,0,3.19,0,0,0,0.02,0,0,0,0,0,0.01,0,0,0,0,0,0,0,0
"Libya",1973,0.958378340547136,10.89,0.01,0,0,0,0,0,0,0,0,0,0,0,0,0,0,0,0,0,0,0,0.05,0,0.01,0,0,0.13,0,0,0,10.66,0,0,0,0.03,0,0,0,0,0,0,0,0,0,0,0,0,0,0
"Libya",1974,0.939638043169146,10.39,0.08,0,0,0,0,0,0,0,0,0,0,0,0,0,0,0,0,0,0,0,0.05,0,0,0,0,0.14,0,0,0,10.07,0,0,0,0.05,0,0,0,0,0,0,0,0,0,0,0,0,0,0
"Libya",1975,0.333570665717337,0.53,0.06,0,0,0,0,0,0,0,0,0,0,0,0,0,0,0,0,0,0,0,0.05,0,0,0,0,0.14,0,0,0,0.26,0,0,0,0.02,0,0,0,0,0,0,0,0,0,0,0,0,0,0
"Libya",1976,0.909467704761233,6.41,0.16,0,0,0,0,0,0,0,0,0,0,0,0,0,0,0,0,0,0,0,0.05,0,0,0,0,0.09,0,0,0,6.11,0,0,0,0,0,0,0,0,0,0,0,0,0,0,0,0,0,0
"Libya",1977,0.911795511937558,5.28,0.06,0,0,0,0,0,0,0,0,0,0,0,0,0,0,0,0,0,0,0.01,0.04,0,0,0,0,0.11,0,0,0,5.04,0,0,0,0.02,0,0,0,0,0,0,0,0,0,0,0,0,0,0
"Libya",1978,0.857949060666815,4.02,0.13,0,0,0,0,0,0,0,0,0,0,0,0,0,0,0,0,0,0,0.01,0.07,0,0,0,0,0.06,0,0,0,3.72,0,0,0,0.03,0,0,0,0,0,0,0,0,0,0,0,0,0,0
"Libya",1979,0.612104924274236,1.89,0.12,0,0,0,0,0,0,0,0,0,0,0,0,0,0,0,0,0,0,0.02,0.04,0,0,0,0,0.26,0,0,0,1.45,0,0,0,0,0,0,0,0,0,0,0,0,0,0,0,0,0,0
"Libya",1980,0.559151725725598,9.93,0.13,0,0,0,0,0,0,0,0,0,0,0,0,0,0,0,0,0,0,0.01,0,0,0,0,2.45,0.34,0,0,0,7,0,0,0,0,0,0,0,0,0,0,0,0,0,0,0,0,0,0
"Libya",1981,0.4149576573819,1.98,0.28,0,0,0,0,0,0,0,0,0,0,0,0,0,0,0,0,0,0,0.01,0,0,0,0,1.19,0.31,0,0,0,0.19,0,0,0,0,0,0,0,0,0,0,0,0,0,0,0,0,0,0
"Libya",1982,0.301856896152682,2.37,0.36,0,0,0,0,0,0,0,0,0,0,0,0,0,0,0,0,0,0,0.01,0,0,0,0,1.09,0.32,0,0,0,0.52,0,0,0,0.07,0,0,0,0,0,0,0,0,0,0,0,0,0,0
"Libya",1983,0.345102123085192,2.44,0.17,0,0,0,0,0,0,0,0,0,0,0,0,0,0,0,0,0,0,0.02,0,0,0.02,0,1.2,0.35,0,0,0,0.68,0,0,0,0,0,0,0,0,0,0,0,0,0,0,0,0,0,0
"Libya",1984,0.348307828430091,2.23,0.11,0,0,0,0,0,0,0,0,0,0,0,0,0,0,0,0,0,0,0.02,0.02,0,0,0,1.04,0.3,0,0,0,0.74,0,0,0,0,0,0,0,0,0,0,0,0,0,0,0,0,0,0
"Libya",1985,0.326166212989259,3.19,0.04,0,0,0,0,0,0,0,0,0,0,0,0,0,0,0,0,0,0,0.01,0.02,0,0.07,0,1,1.36,0,0,0,0.68,0,0,0,0,0,0,0,0,0,0,0,0,0.01,0,0,0,0,0
"Libya",1986,0.506791383219955,8.4,0.03,0,0,0,0,0,0,0,0,0,0,0,0,0,0,0,0,0,0,0.02,0.01,0,5.76,0,1.35,0.64,0,0,0,0.59,0,0,0,0,0,0,0,0,0,0,0,0,0,0,0,0,0,0
"Libya",1987,0.302386836628512,2.48,0.04,0,0,0,0.02,0,0,0,0,0,0,0,0,0,0,0,0,0,0,0.04,0.03,0,0,0,0.88,0.72,0,0,0,0.75,0,0,0,0,0,0,0,0,0,0,0,0,0,0,0,0,0,0
"Libya",1988,0.296492259455223,1.89,0.04,0,0,0,0.01,0,0,0,0,0,0,0,0,0,0,0,0,0,0,0.04,0.08,0,0,0,0.7,0.37,0,0,0,0.65,0,0,0,0,0,0,0,0,0,0,0,0,0,0,0,0,0,0
"Libya",1989,0.701194057598702,6.88,0.02,0,0,0,0,0,0,0,0,0,0,0,0,0,0,0,0,0,0,0.04,0,0,0,0,0.86,0.27,0,0,0,5.69,0,0,0,0,0,0,0,0,0,0,0,0,0,0,0,0,0,0
"Libya",1990,0.709831684720736,7.66,0.03,0.03,0,0,0,0,0,0,0,0,0,0,0,0,0,0,0,0,0,0.08,0,0,0,0.04,0.76,0.32,0,0,0,6.4,0,0,0,0,0,0,0,0,0,0,0,0,0,0,0,0,0,0
"Libya",1991,0.264560154947975,2.98,0.03,0,0,0,0,0,0,0,0,0,0,0,0,0,0,0,0,0,0,0.09,0,0,0,0.55,0.77,0.41,0,0,0,1.13,0,0,0,0,0,0,0,0,0,0,0,0,0,0,0,0,0,0
"Libya",1992,0.342046401473619,1.51,0.03,0,0.04,0,0,0,0,0,0,0,0,0,0,0,0,0,0,0,0,0.1,0,0,0,0,0.76,0.42,0,0,0,0.11,0,0,0,0,0,0,0.02,0.03,0,0,0,0,0,0,0,0,0,0
"Libya",1993,0.268846314035818,1.96,0.1,0,0,0,0,0,0,0,0,0,0,0,0,0,0,0,0,0,0,0.15,0,0,0,0,0.65,0.64,0,0,0,0.41,0,0,0,0,0,0,0.01,0,0,0,0,0,0,0,0,0,0,0
"Libya",1994,0.215130510963952,1.97,0.07,0.05,0.16,0,0,0,0,0,0,0,0,0,0,0,0,0,0,0,0,0.17,0.01,0,0,0,0.64,0.51,0,0,0,0.32,0,0,0,0,0.02,0,0,0.02,0,0,0,0,0,0,0,0,0,0
"Libya",1995,0.374161713153483,3.24,0.08,0.06,0,0,0,0,0,0,0,0,0,0,0,0,0,0,0,0,0,0.17,0.02,0,0,0,1.67,1.04,0,0,0,0.13,0,0,0,0.01,0.02,0,0.02,0.01,0,0,0,0,0,0,0,0.01,0,0
"Libya",1996,0.306834441545324,2.18,0.05,0.13,0,0,0,0,0,0,0,0,0,0,0,0,0,0,0,0,0,0.17,0,0,0,0,0.37,1.1,0,0,0,0.06,0,0,0,0,0.03,0,0.03,0.24,0,0,0,0,0,0,0,0,0,0
"Libya",1997,0.332503395201449,1.88,0.02,0.08,0,0,0,0,0,0,0,0,0,0,0,0,0,0,0,0,0,0.16,0,0,0,0,0.38,0.99,0.01,0,0,0.08,0,0,0,0.03,0,0,0.03,0.1,0,0,0,0,0,0,0,0,0,0
"Libya",1998,0.403605333333333,3.75,0.02,0.1,0,0,0,0,0,0,0,0,0,0,0,0,0.02,0,0,0,0,0.17,0,0,0,0,0.88,2.19,0.02,0,0,0.23,0,0,0,0,0.01,0,0.11,0,0,0,0,0,0,0,0,0,0,0
"Libya",1999,0.43742828243334,3.43,0.03,0.07,0,0,0,0,0,0,0,0,0,0,0,0,0.02,0,0,0,0,0.14,0,0,0,0,0.88,2.08,0.02,0,0,0.07,0,0,0,0,0,0,0.12,0,0,0,0,0,0,0,0,0,0,0
"Libya",2000,NA,0,0,0,0,0,0,0,0,0,0,0,0,0,0,0,0,0,0,0,0,0,0,0,0,0,0,0,0,0,0,0,0,0,0,0,0,0,0,0,0,0,0,0,0,0,0,0,0,0
"Libya",2001,NA,0,0,0,0,0,0,0,0,0,0,0,0,0,0,0,0,0,0,0,0,0,0,0,0,0,0,0,0,0,0,0,0,0,0,0,0,0,0,0,0,0,0,0,0,0,0,0,0,0
"Libya",2002,NA,0,0,0,0,0,0,0,0,0,0,0,0,0,0,0,0,0,0,0,0,0,0,0,0,0,0,0,0,0,0,0,0,0,0,0,0,0,0,0,0,0,0,0,0,0,0,0,0,0
"Libya",2003,NA,0,0,0,0,0,0,0,0,0,0,0,0,0,0,0,0,0,0,0,0,0,0,0,0,0,0,0,0,0,0,0,0,0,0,0,0,0,0,0,0,0,0,0,0,0,0,0,0,0
"Libya",2004,NA,0,0,0,0,0,0,0,0,0,0,0,0,0,0,0,0,0,0,0,0,0,0,0,0,0,0,0,0,0,0,0,0,0,0,0,0,0,0,0,0,0,0,0,0,0,0,0,0,0
"Libya",2005,0.277506592919321,20.7,0.33,0.08,0,0,0,0,0,0,0,0,0,0,0,0,0.13,0,0,0,0,0.2,0,0,0,0,2.33,3.65,0.32,0,0,9.25,0,0,0,0.2,0.19,0,0.12,0,0,0,0,0,0,0,0,3.77,0,0.13
"Libya",2006,0.548247909340895,34.55,0.04,0.06,0,0,0,0,0,0,0,0.01,0,0,0,0,0.01,0,0,0,0,0.11,0,0,0,0,2.42,3.86,0.38,0,0,1.38,0,0,0,0,0.08,0,0.04,0,0,0,0,0,0,0,0,1.05,0,25.11
"Libya",2007,0.181923189443845,16.66,0.43,0.42,0,0,0,0,0,0,0,0,0,0.01,0,0,0.01,0,0,0,0,0.53,0,0,0,0,1.09,3.9,0.53,0,0,3.95,0,0,0,0,0,0,0.1,0,0.3,0.29,0,0,0,0,0,1.07,0,4.03
"Libya",2008,0.365174756339427,54.07,0.19,0.52,0,0,0,0,0,0,0,0.02,0,0,0,0,0,0.06,0,0.09,0,0.1,0,0,0.05,0.01,29.01,3.4,0.99,0,0,2.36,0,0,0,0,0,0,0.01,0,0.14,1.14,0,0.01,0,0,0,1.71,0,14.26
"Libya",2009,0.374388230682429,33.32,0.08,0.17,0,0,0,0,0,0,0,0,0,0,0,0,0.02,0,0,0,0,0.19,0,0,0,0,19.11,3.59,0.66,0,0.01,0.92,0,0,0,0,0,0.01,0.04,0,0,1.86,0,0.01,0,0,0,0.91,0.09,5.65
"Libya",2010,0.214822489200098,18.78,0.13,0.24,0,0,0,0,0,0,0,0,0,0.01,0,0,0.02,0.01,0,0,0,0.1,0,0,0,0,3.8,3.52,0.43,0,0.01,0.53,0,0,0,0.06,0,0,0.23,0,0.15,1.93,0,0,0,0,0,1.01,0,6.6
"Libya",2011,0.288556377639323,566.35,8.41,2.3,0,0,40.95,0.79,0,0,0,0.81,0.14,0.08,0,0.02,0.38,0.02,7.85,0,0.1,2.03,4.52,0.01,3,2.29,14.3,15.25,1.53,0.15,1.56,6.99,0,0,0,4.09,14.51,0,9.83,14.56,5.15,0.81,0,0,0,0,57.58,53.11,4.28,288.95
"Libya",2012,0.199745223001639,94.25,0.43,1.19,0,0,1.04,0.81,0,0,0,0.8,0,0.01,0,0,0.11,0.03,0.03,0,0,0.6,0.16,0.01,5.7,0.32,4.25,7.4,0.17,0,0,6.73,0,0.14,0,0.15,2.19,0,0.03,8.03,3.23,3.1,0,0,0,0,0.04,3.1,5.91,38.54
"Libya",2013,0.128652943925024,53.44,5.48,0.21,0,0.01,0.05,0,0,0,0,0.04,0.01,0.03,0,0,0.15,0.03,0,0,0.09,0.2,0.11,0,1.55,0.35,6.24,6.4,0.05,0,0,1.82,0,0,0,0.64,0.88,0,0.14,8.73,1.57,0.95,0,0,0,0,0.01,4.03,1.31,12.36
"Libya",2014,0.231169848743547,120.49,5.6,1.21,0,0,0,0,0,0,0,0,0,0,0,0,0.01,0.01,0,0,0,0.26,0.1,0,2.13,1.13,4.49,5.8,0.05,0,0,0.73,0,0.27,0,0.38,0,0,0,7.22,4.55,1.83,0,0,0,0,50.9,12.87,0.21,20.74
"Libya",2015,0.349283711961941,113.56,0,0.85,0,0,0,0,0,0,0,0,0,0.02,0,0,0,0.02,0,0,0,0.26,0.08,0,0.16,0.77,2.51,9.44,0.04,0,1.22,1.71,0,0,0,0.51,0.03,0,0.01,2.78,5.47,2.04,0,0,0,0,62.67,0.94,1.27,20.76
"Libya",2016,0.204818407455965,129.27,0,1,0,0,0,0,0,0,0,0,0,0.02,0,0,0.01,0.02,0,0,0,0.32,0.17,0,2.97,0.3,4.8,30.99,0,0.11,0.07,6.02,0,0.01,0.64,2.05,2.01,0,0.38,5.73,4.61,0.87,0,0,0,0,43.74,0.5,1.6,20.33
"Libya",2017,0.308836200690773,339.72,2.64,1.5,0,0,0.01,0,0,0,0,1.24,0.12,0.02,0,0,2.67,0.02,0,0,0,1.97,0.1,0,1.55,0.34,5.06,172.07,0,0,0.16,60.37,0,1.15,0.28,6.61,2.54,0,0.36,4.31,5.29,2.79,0,0,0,0,14.61,2.85,4.45,44.64
"Libya",2018,0.174362500521513,241.73,1.34,0,0,0,0,0,0,0,0,0.26,0.06,0,0,0,0,0.03,0,0,0,1.74,4.17,0,3.39,0.31,6.81,58.36,0,0,0.12,26.46,0,0,0.06,4.59,3.92,0,1.21,6,5.76,19.67,0,0,0,0,0,21.82,4.88,70.77
"Libya",2019,0.174610885971511,203,3.22,0,0,0,0,0,0,0,0,1.24,0.06,0.02,0,0.09,0,0.03,0,0,0,2.87,1.64,0,5.03,0.86,5.7,36.29,0,0,0.05,18.93,0,1.4,0.04,8.46,4.72,0,0.79,5.89,8.54,24.03,0,0,0,0,1.04,0.75,3.15,68.16
"Libya",2020,0.174373936995053,235.03,9.15,0,0,0,0,0,0,0,0.02,0.48,0.06,0.02,0,0.11,0,0.05,0,0,0,2.75,0.09,0,1.04,0.71,11.45,49.88,0,0,0,41.02,0,0.76,1.57,3.27,4.01,0,0.52,7.25,8.57,18.38,0,0,0,0,0.43,1.88,2.77,68.79
"Libya",2021,0.172712707789227,242.66,14.71,0,0,0,0,0,0,0,0.01,0.71,0,0.05,0,0.1,0,0.07,0,0,0,3.57,0.31,0,2.84,0.82,6.74,50.87,1.83,0,0.07,24.07,0.11,0.25,2.88,2.39,3.43,0,0.14,5.89,8.05,17.61,0,0,0,0,1.5,11.69,3.67,78.28
"Libya",2022,0.176988958655027,396.453772,5.934702,0.896584,0,0,0,0,0,0,0,3.313616,0,0.003242,0,0,0.074634,0.133822,0,0,0,14.84646,0,0,2.208444,1.795548,12.693618,84.376512,0.83035,0,0.194394,84.920385,0.197604,0.81433,0.118794,6.22131,6.53547,0,0.954168,12.57056,17.295422,13.949294,0,0,0,0,0.49286,6.654248,7.9387,110.488701
"Libya",2023,0.134789645392427,467.99707,10.88567,5.471892,0,0,1.328816,0.613948,0,0,0.5375,0.914232,0.129758,0.039632,0.108132,0.108132,0.304786,3.625108,0,0.560954,1.297578,5.968618,2.766842,0.216262,2.717086,1.643706,14.49331,73.265486,1.169592,0,2.332122,58.240177,0.222594,0.400952,0.23789,14.495432,10.633452,0.22774,5.391186,5.591838,18.330404,20.537128,0.061176,0,0,0,55.561706,12.783272,8.870402,125.912559
"Libya",2024,0.214607587804626,328.026209,1.762168,0.10289,0,0,0,0,0,0,0,0.276698,0,0,0,0,0.087548,0.082912,0,0,0,2.867032,0.049458,0,2.360393,0.489864,3.809204,52.209238,0,0,0.02662,99.18219,0,1.12968,0.10816,9.551196,5.965625,0,0.10705,0.555338,11.834447,25.677924,0,0,0,0,0.281112,11.31865,1.029672,97.16114
"Libya",2025,NA,0,0,0,0,0,0,0,0,0,0,0,0,0,0,0,0,0,0,0,0,0,0,0,0,0,0,0,0,0,0,0,0,0,0,0,0,0,0,0,0,0,0,0,0,0,0,0,0,0
"Madagascar",1960,1,0.01,0,0,0,0,0,0,0,0,0,0,0,0,0,0,0,0,0,0,0,0,0,0,0,0,0,0.01,0,0,0,0,0,0,0,0,0,0,0,0,0,0,0,0,0,0,0,0,0,0
"Madagascar",1961,1,0.05,0,0,0,0,0,0,0,0,0,0,0,0,0,0,0,0,0,0,0,0,0,0,0,0,0,0.05,0,0,0,0,0,0,0,0,0,0,0,0,0,0,0,0,0,0,0,0,0,0
"Madagascar",1962,0.943444245451975,1.03,0,0,0,0,0,0,0,0,0,0,0,0,0,0,0,0,0,0,0,0,0,0,0,0,0,0.03,0,0,0,0,0,0,0,0,0,0,0,0,0,0,0,0,0,0,0,0,0,1
"Madagascar",1963,0.832066115702479,1.1,0,0,0,0,0,0,0,0,0,0,0,0,0,0,0,0,0,0,0,0,0,0,0,0,0,0.08,0,0,0,0,0,0,0,0,0,0,0,0,0.02,0,0,0,0,0,0,0,0,1
"Madagascar",1964,0.844712797498278,38.05,0.03,0,0,0,0,0,0,0,0,0,0,0,0,0,0,0,0,0,0,0,0,0,0,0,34.9,1.99,0,0,0,0,0,0,0,0,0.06,0,0,0,0.05,0.01,0,0,0,0,0,0,0.01,1
"Madagascar",1965,0.702130709776075,41.12,0.04,0,0,0,0,0,0,0,0,0,0,0,0,0,0,0,0,0,0,0,0,0,0,0,34,5.39,0,0,0,0,0,0,0,0,0.21,0,0,0,0.02,0,0,0,0,0,0,0,0.01,1.45
"Madagascar",1966,0.531997737960892,39.92,0.02,0,0,0,0,0,0,0,0,0,0,0,0,0,0,0,0,0,0,0,0,0,0,0,28.2,5.2,0,0,0,0,0,0,0,0,0.06,0,0,0,0.04,0.01,0,0,0,4.81,0,0,0.04,1.54
"Madagascar",1967,0.823265275964912,34.57,0,0,0,0,0,0,0,0,0,0,0,0,0,0,0,0,0,0,0,0.01,0.14,0,0,0,31.3,1.58,0,0,0,0,0,0,0,0,0.15,0,0,0,0.03,0.02,0,0,0,0,0,0,0.06,1.28
"Madagascar",1968,0.853676118343195,32.5,0,0,0,0,0,0,0,0,0,0,0,0,0,0,0,0,0,0,0,0,0.15,0,0,0,30,1.01,0,0,0,0.23,0,0,0,0,0.03,0,0,0,0.11,0.12,0,0,0,0,0,0,0.1,0.75
"Madagascar",1969,0.78815380990762,31.75,0.01,0,0,0,0,0,0,0,0,0,0,0,0,0,0,0,0,0,0,0,0.13,0,0,0,28.1,0.89,0,0,0,0.06,0,0,0,0,0.1,0,0,0,0.16,0.1,0,0,0,0,0,0,0.2,2
"Madagascar",1970,0.60303704993627,32.07,0.08,0,0,0,0,0,0,0,0,0,0,0,0,0,0,0,0,0,0,0.01,0.08,0,0,0,24.6,2.97,0,0,0,1.4,0,0,0,0.01,0.19,0,0,0,0.16,0.15,0,0,0,0,0,0,0.42,2
"Madagascar",1971,0.624450757777255,33.02,0.04,0,0,0,0,0,0,0,0,0,0,0,0,0,0,0,0,0,0,0.01,0.11,0,0,0,25.9,1.45,0,0,0,1.77,0,0,0,0.13,0.57,0,0,0,0.38,0.12,0,0,0,0,0,0,0.54,2
"Madagascar",1972,0.833215585070396,66.95,0.04,0,0,0,0,0,0,0,0,0,0,0,0,0,0,0,0,0,0,0,0.05,0,0,0,61.04,1.3,0,0,0,2.45,0,0,0,0.14,0.7,0,0,0,0.5,0.12,0,0,0,0,0,0,0.61,0
"Madagascar",1973,0.576668319223081,37.22,0.42,0,0,0,0,0,0,0,0,0,0,0,0,0,0,0,0,0,0,0,0.06,0,0,0,27.75,4.95,0,0,0,1.34,0,0,0,0.23,1.33,0,0,0,0.49,0.15,0,0,0,0,0,0,0.5,0
"Madagascar",1974,0.409903329168839,37.58,5.53,0,0,0,0,0,0,0,0,0,0,0,0,0,0,0,0,0,0,0,0.04,0,0,0,22.77,4.94,0,0,0,0.17,0,0,0,0.38,1.97,0,0,0,1.04,0.27,0,0,0,0,0,0,0.47,0
"Madagascar",1975,0.43627173437556,41.75,3.45,0,0,0,0,0,0,0,0,0,0,0,0,0,0,0,0,0,0,0,0.11,0,0,0,26.78,4.72,0,0,0,0.23,0,0,0,0.8,1.47,0,0,0,1.03,0.08,0,0,0,0,0,0,1.08,2
"Madagascar",1976,0.540476325864628,36.39,0.51,0,0,0,0.01,0,0,0,0,0,0,0,0,0,0,0,0,0,0,0,0.13,0,0,0,26.29,4.37,0,0,0,0.13,0,0,0,0.31,1.22,0,0,0.21,1.44,0.1,0,0,0,0,0,0,0.67,1
"Madagascar",1977,0.463350233273909,36.17,1.99,0,0,0,0,0,0,0,0,0,0,0,0,0,0,0,0,0,0,0.01,0.22,0,0,0,24.2,1.81,0,0,0,0.1,0,0,0,0.47,1.75,0,0,0,1.94,0.21,0,0,0,0,0,0,1.47,2
"Madagascar",1978,0.309659184355949,48.32,5.84,0,0,0,0,0,0,0,0,0,0,0,0,0,0,0,0,0,0,0,0.23,0,0,0,24.73,2.01,0,0,0,0.45,0,0,0,0.24,2.26,0,0,0,7.5,0.32,0,0,0,0,0,0,2.74,2
"Madagascar",1979,0.246966550847003,92.13,20.97,0,0,0,0,0,0,0,0,0,0,0,0,0,0,0,0,0,0,0.02,0.34,0,0.05,0,38.44,2.08,0,0,0,0.18,0,0,0,0.36,4.82,0,0,0,5.8,0.21,0,0,9,4.81,0,0,2.05,3
"Madagascar",1980,0.330853826580002,104.95,18.56,0,0,0,0,0,0,0,0,0,0,0,0,0,0,0,0,0,0,0,0.35,0,0.04,0,56.05,1.88,0,0,0,0.11,0,0,0,0.79,5.09,0,0,0,2.54,1.26,0,0,3.55,3.1,1.94,0,9.69,0
"Madagascar",1981,0.305805631927427,102.96,10.22,0,0,0,0,0,0,0,0,0,0,0,0,0,0,0,0,0,0,1.58,2.33,0,0.03,0,54.29,5.49,0,0,0,1.84,0,0,0,0.56,3.38,0,0,0,3,0.61,0,0,2.76,1.73,1.24,0,3.9,10
"Madagascar",1982,0.35164733402638,173.13,28.27,0,0,0,0.02,0,0,0,0,0,0,0,0,0,0,0,0,0,0,0.02,0.29,0,0.05,0,96.35,12.61,0,0,0,1.55,0,0,0,1.06,2.22,0,0,0,6.84,0.98,0,0,2.05,2.15,0.86,0,2.81,15
"Madagascar",1983,0.27016235537324,120.67,27.99,0,0,0,1.06,0,0,0,0,0,0,0,0,0,0,0,0,0,0,0.01,0.04,0,0.02,0,52.85,10.6,0,0,0,2.57,0,0,0,0.78,1.71,0,0,0,10.55,0.3,0,0,0.01,0.02,0.01,0,1.15,11
"Madagascar",1984,0.369659050242865,103.76,8.61,0,0,0,0.56,0,0,0,0,0,0,0,0,0,0,0,0,0,0,1.76,0.13,0,0.16,0.03,59.88,4.68,0,0,0,2.31,0,0,0,0.29,2.91,0,0,0.05,4.88,0.49,0,0,0.17,0,0,0,0.85,16
"Madagascar",1985,0.268469358493413,105.37,11.59,0,0,0,0.49,0,0,0,0,0,0,0,0,0,0,0,0,0,0,0.02,0.12,0,0.06,0,47.41,16.29,0,0,0,2.64,0,0,0,0.17,3.64,0,0,0,4.82,0.61,0,0,0,0,0,0,0.51,17
"Madagascar",1986,0.337701466828245,183.27,16.33,0,0,0,0,0,0,0,0,0,0,0,0,0,0,0,0,0,0,0.01,0.34,0,0.01,0.02,100.29,23.2,0,0,0,4.16,0,0,0,1.95,4.88,0,0,0,11.77,0.75,0,0,0,0,0,0,2.56,17
"Madagascar",1987,0.358256740132673,195.81,13.63,0,0,0,0,0,0,0,0,0,0,0,0,0,0,0,0,0,0,0.01,0.41,0,0.02,0.09,111.69,23.42,0,0,0,2.15,0,0,0,0.53,6.07,0,0,0,12.71,0.9,0,0,0,0,0,0,8.18,16
"Madagascar",1988,0.302779867918319,220.3,42.84,0,0,0,0,0,0,0,0,0,0,0,0,0,0,0,0,0,0,0.01,0.35,0,0.6,0,108.47,14.29,0,0,0,3.67,0,0,0,0.49,5.58,0,0,0,25.77,0.77,0,0,0.01,2.68,0,0,1.77,13
"Madagascar",1989,0.397792156249614,208.63,28.66,0,0,0,0,0,0,0,0,0,0,0,0,0,0,0,0,0,0,0.01,0.16,0,2.07,0.09,126.17,12.62,0,0,0,13.62,0,0,0,0.46,4.25,0,0.01,0.06,13.03,0.52,0,0,0,0,0,0,0.9,6
"Madagascar",1990,0.284486822204394,424.3,16.75,0,0,0,0,0,0,0,0,0,0,0,0,0,0,0,0,0,0,0.77,0.46,0,0.06,0,161.17,150.47,0,0,0,5.7,0,0,0,0.91,5.39,0,0,0,32.21,1.08,0,0,0,0.53,0,0,20.8,28
"Madagascar",1991,0.258888797914981,365.53,56.83,0,0.03,0,0.01,0,0,0,0,0,0,0,0,0,0,0,0,0,0,0.7,1.47,0,0,0,157.02,30.31,0,0,0,21.59,0,0,0,0.44,3.27,0,0,5.64,15.25,1.2,0,0,0,0,0,0,0.77,71
"Madagascar",1992,0.441010061269428,242.91,16.47,0,0.05,0,0.01,0,0,0,0,0,0,0,0,0,0,0,0,0,0,0.78,0.85,0,0,0,156.59,26.76,0,0,0,4.54,0,0.03,0,0.78,4.18,0,0,0,18.73,1.17,0,0,0,0.01,0,0,0.96,11
"Madagascar",1993,0.375477010302066,261.67,48.91,0.11,0.04,0,0.01,0,0,0,0,0,0,0,0,0,0,0,0,0,0,0.7,0.62,0,0.06,0.02,148.98,14.55,0,0,0,0.89,0,0,0,0.97,1.72,0,0,0.13,16.64,1.51,0,0,0,0,0,0,0.81,25
"Madagascar",1994,0.371199666112709,235.88,36.99,0.1,0.06,0,0.04,0,0,0,0,0,0,0,0,0,0,0,0,0,0,0.64,0.84,0,0.01,0.01,135.31,15.76,0,0,0.07,2.02,0,0,0,0.8,3.85,0,0.06,0.17,14.85,1.2,0,0,0,0,0,0,1.1,22
"Madagascar",1995,0.357520666824696,245.7,30.01,0.13,0,0,0,0,0,0,0,0,0,0,0,0,0,0,0,0,0,0.68,1.06,0,0,0.01,139.04,17.76,0,0,0.04,2.14,0,0.03,0,1.9,6.75,0,0,0.07,17.31,1.32,0,0,0,0,0,0,1.45,26
"Madagascar",1996,0.333590043627046,274.29,51.93,0.09,0,0,0,0,0,0,0,0,0,0,0,0,0,0,0,0,0,0.57,0.77,0,0.04,0.02,144.23,16.26,0,0,0.03,0.88,0,0.03,0,4.01,7.8,0,0.02,0.05,12.85,0.98,0,0,0,0,0,0,0.73,33
"Madagascar",1997,0.38519082423865,588.48,30.2,0.09,0,0,0,0,0,0,0,0,0,0,0,0,0,0,0,0,0,2.08,24.69,0,0.78,0,349.37,47.54,0,0,0,0.78,0,0.29,0,2.85,6.24,0.02,79.5,0,9.51,1.18,0,0.11,0,0,0,0,0.25,33
"Madagascar",1998,0.238325186399835,369.86,52.26,0,0,0,0,0,0,0,0,0,0,0,0,0,0.01,0,0,0,0,1.86,0.93,0,1.12,0.05,100.08,28.65,0.55,0,0,134.23,0,0.2,0,3.64,3.55,0,0.22,4.57,6.51,0.88,0,0.08,0,0,0,0,0.13,30.34
"Madagascar",1999,0.291274258502743,226.48,50.35,0,0,0,0,0,0,0,0,0,0,0,0,0,0,0,0,0,0,7.52,2.24,0,0.19,0.04,105.4,18.2,0,0,0,0.65,0,0.04,0,1.35,3.41,0,0.22,0,6.5,0.86,0,0.09,0,0,0,0,0.33,29.09
"Madagascar",2000,0.253708503329991,162.94,27.63,0.03,0,0,0.01,0,0,0,0,0,0,0,0,0,0,0,0,0,0,2,3.08,0,0.16,0.04,68.56,14.47,0,0,0.09,0.59,0,0.21,0,1.26,4.51,0.01,1.06,0.22,4.51,2.12,0,0.09,0.42,0,0,0,0.24,31.63
"Madagascar",2001,0.221482473681177,167.58,26.7,0.02,0,0,0,0,0,0,0,0,0,0,0,0,0,0,0,0,0,10.06,0.44,0,0.09,0.14,61.82,9.96,0,0,0,0.86,0,0,0,1.5,4.22,0,7.73,0,4.12,2.5,0,0.11,0,0,0,0,0.15,37.16
"Madagascar",2002,0.272233956109413,136.73,8.81,0.15,0,0,0,0,0,0,0,0,0,0,0,0,0,0,0,0,0,1.57,0.76,0,0.01,0.1,55.71,8.62,0.02,0,0,0.09,0,0.08,0,0.44,5.7,0.05,4.86,0.13,6.01,0.71,0,0.02,0,0,0,0,1.22,41.67
"Madagascar",2003,0.322391912612174,283.82,11.01,0.08,0,0,0,0,0,0,0,0,0,0,0,0,0,0,0,0,0,1.53,1.39,0,0,0.19,142.6,59.36,0.02,0,0,0.08,0,0.16,0,0.63,6.16,0,5.26,0.19,5.17,5.06,0,0,0,0,0,0,1.75,43.18
"Madagascar",2004,0.517425044935195,697.88,29.36,0.08,0,0,0,0.05,0,0,0,0.02,0,0,0,0,0,0,0,0,0,1.56,1.8,0,0.1,0.09,496.13,7.57,0,0,0.12,43.31,0,0.15,0,0.85,8.51,0,7.95,0.21,14.24,27.47,0,0.01,0,0,0,0,17.62,40.68
"Madagascar",2005,0.182152164724312,696.23,187.12,0.02,0,0,0,0,0,0,0,0,0,0,0,0,0,0,0,0,0,56.03,0.53,0,0,0.14,99.56,10.95,0,0,0,51,0,0.1,0,0.98,11.73,0,175.05,0.01,6.79,13.45,0,0,0,0,0,0.01,2.16,80.6
"Madagascar",2006,0.250862266509155,277.44,40.13,0.05,0,0.2,0,0,0,0,0,0,0,0,0,0,0.02,0,0,0,0,0.09,1.21,0,0.03,0.04,115.36,11.16,0,0,0.07,0.48,0,0.1,0,0.16,16.1,0,0.16,13.07,7.49,5.12,0,0.01,3.59,0,0,0,1.67,61.13
"Madagascar",2007,0.253003759853971,405.43,112.09,0.52,0,0.09,0.01,0,0,0,0,0,0,0,0,0,0.05,0,0,0,0,0.09,2.02,0,0,0.07,153.88,14.01,0.12,0,0,0.43,0,0.34,0,11.88,20.22,0,5.39,0.5,6.63,1.28,0,0,5.69,0,0,0.05,3.17,66.9
"Madagascar",2008,0.221339754314743,291.56,20.85,0.31,0,0.22,0,0,0,0,0,0,0,0,0,0,0.02,0,0,0,0.04,0.17,1.9,0.01,0.01,0.05,100.86,17.7,0.2,0,0.04,5.44,0,0.64,0,4.19,22.52,0,14.57,0.55,8.18,2.42,0,0.01,3.21,0,0,0.53,3.07,83.85
"Madagascar",2009,0.278888366491583,249.18,19.29,0.56,0,0.19,0.09,0,0,0,0,0,0,0,0,0,0,0,0,0,0.08,0.51,2.15,0,0.05,0.31,103.01,17.83,0.11,0,0.01,2.19,0,0.65,0,0.33,8.35,0,4.05,1.34,6.67,1.3,0,0.02,1.22,0,0,0.17,2.12,76.58
"Madagascar",2010,0.254461386454653,384.76,9.62,0.51,0,0.12,0.07,0,0,0,0,0,0,0,0,0,0,0,0,0,0.05,0.23,2.26,0,0.05,0.3,94.11,13.14,0.08,0,0,3.39,0,0.28,0,0,12.96,0,0.34,0.95,7.73,148.03,0,0.02,8.96,0,0.1,0.14,1.91,79.41
"Madagascar",2011,0.218062013204849,343.89,11.18,7.6,0,0.07,0.78,0,0,0,0,0,0,0,0,0,0,0.04,0,0,0,0.5,1.87,0,0.06,0.39,99.89,20.26,0.08,0,0.11,4.82,0,0.62,0,0,12.76,0,0.16,1.64,6.75,104.1,0,0,3.33,0,0.04,0.67,1.94,64.23
"Madagascar",2012,0.314970453303951,394.64,13.72,4.01,0,0.09,0.53,0,0,0,0,0,0,0,0,0,0,0.02,0.06,0,0.01,0.36,1.7,0,0,0.42,83.87,14.85,0.07,0,0,1.76,0,0.39,0,0,14.34,0,0.22,0.89,5.59,196.92,0,0.01,2.88,0,0.11,0.18,1.01,50.63
"Madagascar",2013,0.256013891833261,552.37,190.73,0.52,0,0.12,1.18,0,0,0,0,0,0,0,0,0,0.01,0.01,0,0,0,0.04,2.08,0,0,0.31,78.98,14,0,0,0.03,3.31,0,0.41,0,0,13.77,0,0.04,1.47,7.6,178.34,0,0.01,0.99,0,0.36,0.39,0.86,56.81
"Madagascar",2014,0.240222835045231,318.33,10.28,0.5,0,0.01,0.2,0,0,0,0,0,0,0,0,0,0.03,0,0,0.01,0,0.04,3.19,0,0,0.15,69.52,18.18,0,0,0,4.53,0,0.28,0.03,0,11.38,0,0.81,1.02,6.93,121.04,0,0,0.32,0,0.09,0.63,4.41,64.75
"Madagascar",2015,0.25694371571401,455.25,17.17,0.45,0,0.04,0.45,0,0,0,0,0,0,0,0,0,0,0,0,0,0,0.06,2.08,0.01,0,0.23,102.21,19.98,0,0,0,3.37,0,0.28,0,0,6.55,0,0.04,1.14,8.14,136.12,0,0.02,0,0,0.1,0.05,3.65,153.11
"Madagascar",2016,0.225816477588885,416.4,8.48,9.37,0,0.09,0.18,0,0,0,0,0,0,0,0,0,0,0.02,9.89,0,0,0.03,2.32,0,0,0.16,53.49,51.3,0,0,0.14,3.86,0,0.17,0,0,7.72,0,0.07,0.81,8.67,140.48,0,0,0,0,0.05,0.44,2.44,116.22
"Madagascar",2017,0.19183561915978,376.41,13.88,19.56,0,0.21,0.68,0,0,0,0,0,0,0.01,0,0,0.03,0.03,8.89,0.02,0.03,0.04,2.4,0,0,0.21,57.47,41.51,0,0,0.03,3.34,0,0.27,0,0,10.06,0,0.07,2.15,6.78,115.46,0,0,0,0,0.28,1.21,2.39,89.4
"Madagascar",2018,0.227225999834329,314.47,42.88,0,0,0,0.4,0,0,0,0,0,0,0.01,0,0,0.02,0.01,0,0,0,0.04,3.23,0,0,0.1,78.09,55.83,0,0,0.1,4.41,0,0.62,0,0,10.72,0,0.11,0.8,4.44,3.53,0,0.02,0,0,0.06,0.06,3.02,105.97
"Madagascar",2019,0.25210765754621,304.97,32.34,0,0,0,0.42,0,0,0,0,0,0,0.01,0,0,0.04,0.01,0,0,0,0.05,2.52,0,0,0.23,86.9,38.87,0,0,0.03,3.42,0,0.53,0.09,0,10.49,0,0.15,0.75,3.41,4.65,0,0.03,0,0,2.16,0.55,2.58,114.74
"Madagascar",2020,0.237033144392339,353.88,62.15,0,0,0,0.31,0,0,0,0,0,0,0.01,0,0,0.03,0,0,0,0,0.05,6,0,0,0.23,89.14,38.2,0,0,0.08,3.69,0,0.89,0,0,11.69,0,0.24,1.01,3.22,2.27,0,0.01,0,0,3.56,0.41,3.46,127.23
"Madagascar",2021,0.235499998850584,436.25,41.68,0,0,0,0.23,0,0,0,0,0,0,0,0,0,0.06,0.02,0,0,0.34,0.1,4.66,0,0,1.33,109.49,84,0,0,0.76,3,0.05,1.16,0,0,9,0,0.1,4.65,6.04,8.72,0,0.12,0,0,1.52,0.24,4.83,154.15
"Madagascar",2022,0.239953470393998,934.014272,158.99103,20.75822,0,0.01167,0.033377,0,0,0,0,0,0,0.161666,0,0.002122,0.138068,0.020374,0,0,0.130898,0.138028,3.403446,0,0.923708,0.887244,176.948469,138.377582,0,0,0.3903,5.194482,0.21956,2.488562,0,0,13.022933,0,0.332269,9.44133,8.833594,12.278674,0,0.01698,1.505157,0,3.01894,0.3482,12.029616,363.967773
"Madagascar",2023,0.249610371039936,890.35323,200.598488,12.031369,0.007792,0,0.259762,0,0,0,0,0,0,0.1646,0,0,0.103482,0.054452,0,0,0,0.90342,3.061218,0,0.730404,0.62959,165.053472,107.37403,0,0,0.250966,6.03399,0.111296,2.597818,0,0,17.192194,0,0.264227,4.05073,7.487454,4.870944,0,0.064666,0,0,2.531152,0.456648,9.710726,343.75834
"Madagascar",2024,0.300742452900844,871.619543,101.362596,11.465889,0,0,0.454097,0,0,0,0,0,0,0.090924,0,0,0.064296,0.069006,0,0,0.679368,0.30205,2.432584,0.10585,3.045102,0.914124,187.690623,65.861396,0,0,0.440596,6.295964,0,2.9415,0.002508,0,13.596611,0,1.862622,2.564866,6.852882,7.05637,0,0.047032,4.55512,0,18.785023,0.499228,10.064084,421.517232
"Madagascar",2025,NA,0,0,0,0,0,0,0,0,0,0,0,0,0,0,0,0,0,0,0,0,0,0,0,0,0,0,0,0,0,0,0,0,0,0,0,0,0,0,0,0,0,0,0,0,0,0,0,0,0
"Malawi",1964,0.877976186278114,32.61,0,0,0,0,0,0,0,0,0,0,0,0,0,0,0,0,0,0,0,0,0,0,0,0,0,0.1,0,0,0,0,0,0,0,0,0,0,0,0,0,30.49,0,0,0,0,0,0,0.02,2
"Malawi",1965,0.788533058638744,34.74,0,0,0,0,0.04,0,0,0,0,0,0,0,0,0,0,0,0,0,0,0,0,0,0,0,0,0.47,0,0,0,0,0,0,0,0,0,0,0,0,0,30.66,0,0,0,0,0,0,0.2,3.37
"Malawi",1966,0.652401645631039,31.41,0,0,0,0,0.06,0,0,0,0,0,0,0,0,0,0,0,0,0,0,0.01,0,0,0.25,0,0,2.34,0,0,0,0,0,0,0,0,0.01,0,0,0,0,25.04,0,0,0,0,0,0,0.39,3.31
"Malawi",1967,0.646614086625197,29.85,0,0,0,0,0.05,0,0,0,0,0,0,0,0,0,0,0,0,0,0,0,0,0,0.77,0,0,1.71,0,0,0,0,0,0,0,0,0,0,0,0,0,23.71,0,0,0,0,0,0,0.4,3.21
"Malawi",1968,0.635213439019813,23.89,0,0,0,0,0.06,0,0,0,0,0,0,0,0,0,0,0,0,0,0,0,0,0,1.42,0,0,0.71,0,0,0,0,0,0,0,0,0,0,0,0,0,18.79,0,0,0,0,0,0,0.29,2.62
"Malawi",1969,0.586311333104361,22.81,0,0,0,0,0.06,0,0,0,0,0,0,0,0,0,0,0,0,0,0,0,0,0,1.15,0,0,2.29,0,0,0,0,0,0,0,0,0,0,0,0,0.01,17.16,0,0,0,0,0,0,0.14,2
"Malawi",1970,0.500336333439335,27.19,0,0,0,0,0.11,0,0,0,0,0,0,0,0,0,0,0,0,0,0,0,0,0,1.2,0,0,3.19,0,0,0,0,0,0,0,0.11,0,0,0,0,0,18.5,0,0,0,0,0,0,0.08,4
"Malawi",1971,0.551088350686585,33.84,0.06,0,0,0,0.13,0,0,0,0,0,0,0,0,0,0,0,0,0,0,0.01,0,0,0.8,0,0,4.79,0,0,0,0,0,0,0,0.24,0,0,0,0,0,24.46,0,0,0,0,0,0,0.35,3
"Malawi",1972,0.538912977176622,28.51,0.11,0,0,0,0.11,0,0,0,0,0,0,0,0,0,0,0,0,0,0,0.01,0,0,1.36,0,0,2.56,0,0,0,0,0,0,0,0.44,0,0,0,0,0.01,20.5,0,0,0,0,0,0,0.41,3
"Malawi",1973,0.501867935752528,24.6,0.12,0,0,0,0.1,0.01,0,0,0,0,0,0,0,0,0,0,0,0,0,0.01,0.01,0,2.56,0,0,3.04,0,0,0,0,0,0,0,0.87,0.02,0,0,0,0.02,16.92,0,0,0,0,0,0,0.92,0
"Malawi",1974,0.362181937516999,33.35,0.44,0,0,0,0.09,0,0,0,0,0,0,0,0,0,0,0,0,0,0,0.01,0.01,0,4.48,0,0,2.39,0,0,0,0,0,0,0,1.19,0.01,0,0,0.02,0.01,18.87,0,0,0,0,0,0,1.83,4
"Malawi",1975,0.312389695245158,50.34,0.5,0,0,0,0.09,0,0,0,0,0,0,0,0,0,0,0,0,0,0,0.02,0.03,0,4.96,0,0,2.31,0,0,0,0.03,0,0,0,1.23,0.03,0,0,0,0.01,23.79,0,0,0,0,0,0,13.34,4
"Malawi",1976,0.300727528409788,49.62,0.71,0,0,0,0.05,0,0,0,0,0,0,0,0,0,0,0,0,0,0,0.07,0,0,4.39,0.01,0,1.69,0,0,0,0.01,0,0,0,3.28,0.05,0,0,0,0.01,23.96,0,0,0,0,0,0,10.39,5
"Malawi",1977,0.241834909193464,57.56,1.13,0,0,0,0.11,0,0,0,0,0,0,0,0,0,0,0,0,0,0,0.03,0.05,0,4.41,0.01,0,8.8,0,0,0,0,0,0,0,2.77,0,0,0,0,0.01,21.49,0,0,0,0,0,0,14.75,4
"Malawi",1978,0.328939391376081,94.13,2.73,0,0,0,0.08,0.04,0,0,0,0,0,0,0,0,0,0,0,0,0,0.02,0.04,0,2.05,0.02,0,12.32,0,0,0,0.01,0,0,0,2.2,0,0,0,0,0.03,22.55,0,0,0,0,0,0,47.04,5
"Malawi",1979,0.265342214268178,140.95,6.86,0,0,0,0.1,0.05,0,0,0,0,0,0,0,0,0,0,0,0,0,0.01,0.04,0,17.94,0.04,0,57.21,0,0,0,0.02,0,0,0,4.52,0,0,0,0.13,0.01,37.73,0,0,0,0,0,0,13.29,3
"Malawi",1980,0.212508749749704,79.74,11.55,0,0,0,0.07,0.04,0,0,0,0,0,0,0,0,0,0,0,0,0,0.01,0.03,0,5.98,0.05,0.35,13.18,0,0,0,0,0,0,0,7.02,0,0,0,0,0.01,29.49,0,0,0,0,0,0,8.96,3
"Malawi",1981,0.238641752061195,91.68,9.9,0,0,0,0.03,0.02,0,0,0,0,0,0,0,0,0,0,0,0,0,0.01,0.03,0,1.62,0.12,3.89,29.88,0,0,0,0.05,0,0,0,2.54,0,0,0,0,0,29.57,0,0,0,0,0,0,10.02,4
"Malawi",1982,0.243214945905912,68.72,5.66,0,0,0,0.15,0.01,0,0,0,0,0,0,0,0,0,0,0,0,0,0.02,0.03,0,3.33,0.16,0.59,21.71,0,0,0,0.06,0,0,0,2.48,0,0,0,0,0,23.83,0,0,0.08,0,0,0,6.61,4
"Malawi",1983,0.193366059303555,59.19,5.11,0,0,0,0.24,0,0,0,0,0,0,0,0,0,0,0,0,0,0,0.01,0.02,0,0.94,0.05,3.31,14.54,0,0,0.01,0.02,0,0,0,2.3,0.21,0,0,0,0.6,18.05,0,0,0,0,0,0,7.78,6
"Malawi",1984,0.198858856351838,55.57,6.54,0,0,0,0.27,0.01,0,0,0,0,0,0,0,0,0,0,0,0,0,0,0.02,0,3.02,0.2,2.96,14.65,0,0,0.04,0.07,0,0,0,1.27,0,0,0,0,0.17,17.03,0,0,0,0,0,0,3.32,6
"Malawi",1985,0.1586887884484,61.08,4.93,0,0,0,0.45,0.01,0,0,0,0,0,0,0,0,0,0,0,0,0,0,0.02,0,5.12,0.02,3.23,11.86,0,0,0,0.05,0,0,0,7.06,0.46,0,0,0,0.04,16.51,0,0,0.01,0,0,0,4.31,7
"Malawi",1986,0.190733449508953,93.89,16.1,0,0,0,0.38,0,0,0,0,0,0,0,0,0,0,0,0,0,0,0,0.03,0,3.58,0.15,3.81,29.08,0,0,0.01,2.31,0,0,0,5.66,0.04,0,0,0,0.02,19.12,0,0,0.17,0,0,0,1.43,12
"Malawi",1987,0.166443996350285,198.87,51.69,0,0,0,0.13,0,0,0,0,0,0,0,0,0,0,0,0,0,0,0,0.04,0,34.89,0.23,4.97,29.58,0,0,0.01,3.91,0,0,0,10.84,0.15,0,0,0.32,0.64,35.78,0,0,0.19,0,0,0,7.5,18
"Malawi",1988,0.191092922622581,189.96,38.13,0,1.26,0,0.42,0,0,0,0,0,0,0,0,0,0,0,0,0,0,0.01,0.11,0,4.54,0.07,3.53,27.21,0,0,0.05,5.29,0,0,0,10.82,2.38,0,0,0.08,0.03,59.35,0,0,0,0,0,0,5.68,31
"Malawi",1989,0.169075888228508,191.34,22.57,0,1.49,0,6.62,0,0,0,0,0,0,0,0,0,0,0,0,0,0,0.55,0.07,0,7.51,0.26,5.23,33,0,0,0.01,1.65,0,0,0,8.36,3.03,0,0,0,1.66,56.97,0,0,0,0,0,0,10.36,32
"Malawi",1990,0.170370145876367,226.15,46.75,0,0.6,0,5.15,0,0,0,0,0,0,0,0,0,0,0,0,0,0,0.88,4.51,0,6.28,0.06,9.5,51.77,0,0,0.11,0.47,0,0.18,0,9.86,3.63,0,0,0.25,2.06,55.25,0,0,0,0,0,0,7.84,21
"Malawi",1991,0.140703719658095,260.92,19.7,0.14,27.03,0,3.31,0,0,0,0,0,0,0,0,0,0,0,0,0,0,1.14,1.45,0,4.31,5.66,9.82,44.38,0,0,0.11,1.45,0,0.15,0,6.11,3.73,0,9.46,0.29,2.53,56.27,0,0,0,0,0,0,9.88,54
"Malawi",1992,0.126810046713422,220.3,25.79,0.11,4.98,0,3.18,0,0,0,0,0,0,0,0,0,0,0,0,0,0,20.24,2.3,0,3.58,0.28,15.3,43.63,0,0.75,0.12,0.83,0,0.41,0,10.31,4.51,0.02,0.94,0.35,1.83,43.92,0,0,0,0,0,0,9.92,27
"Malawi",1993,0.178512257497472,167.35,26.29,0.11,2.93,0,1.69,0,0,0,0,0,0,0,0,0,0,0,0,0,0,8.96,0.46,0,1.41,0.3,6.92,51.13,0,0,0.11,1.91,0,0.08,0,2.43,2.98,0,0,0.22,0.18,24.77,0,0,0,0,0,0,4.47,30
"Malawi",1994,0.237892914201183,260,101.43,0.09,3.76,0,1.43,0,0,0,0,0,0,0,0,0,0,0,0,0,0,3.12,0.46,0,1.59,0.37,1.58,36.8,0,0.34,0.1,0,0,0.1,0,3.7,7.44,0,0.01,0.13,2.53,59.03,0,0,0,0,0,0,7.99,28
"Malawi",1995,0.188490882459372,232.31,51.15,0.08,2.63,0,0.79,0.1,0,0,0,0,0,0,0,0,0,0,0,0,0,1.46,0.41,0,0.53,0.23,2.2,36.65,0,0,0.39,2.01,0,0.4,0,9.11,5.67,0,0,0.43,0.33,51.43,0,0,0,0,0,0,8.31,58
"Malawi",1996,0.193841893216886,274.07,68.25,0.04,1.69,0,0.61,0.12,0,0,0,0,0,0,0,0,0,0,0,0,0,1.42,0.9,0,15.16,0.32,3.35,32.43,0.04,0,0.35,0,0,0,0,10.15,4.49,0,0.28,8.08,0.19,85.59,0,0,0.57,0,0,0,8.04,32
"Malawi",1997,0.145854907930136,184.07,41.45,0.05,0.25,0,0.7,0.25,0,0,0,0,0,0,0,0,0,0,0,0,0,0.01,0.06,0,17.7,0.21,2.96,32.79,0,0.6,0.94,0.26,0,0.62,0,12.37,4.55,0,0.26,5.34,0.07,29.33,0,0.35,0.26,0,0,0,5.69,27
"Malawi",1998,0.176610604520172,213.44,53.66,0.03,0,0,0.7,0.13,0,0,0,0,0,0,0,0,0,0,0,0,0,0.08,0.07,0,22.63,1.34,2.2,25.52,0.11,0.44,1.53,0.56,0,0.2,0,4.59,14.3,0,0.29,0.19,0.05,57.68,0,0.2,0.2,0,0,0,6.94,19.8
"Malawi",1999,0.177477407305793,241.82,41.68,0,0,0,0.12,0.22,0,0,0,0,0,0,0,0,0,0,0,0,0,0.04,0.06,0,28.36,0.73,1.91,28.66,0.03,0.77,0.7,0,0,0.46,0,6.95,12.43,0,0.18,3.62,0.02,77.27,0,0.02,3.99,0,0,0,5.78,27.82
"Malawi",2000,0.20274249340044,286.77,48.46,0.02,0,0,0.7,0.2,0,0,0,0,0,0,0,0,0,0,0,0,0,0.04,0.04,0,24.86,1,1.4,25.45,0.06,1.02,0.61,0.05,0,1.23,0,1.6,6.8,0,0.06,5.11,0,96.89,0,0.04,5.12,0,0,0,6.69,59.32
"Malawi",2001,0.162745171683491,220.27,26.67,0.02,0,0,0.55,0.14,0,0,0,0,0,0,0,0,0,0,0,0,0,0.05,0.81,0,21.55,0.49,1.48,19.82,0.05,1.74,0.46,0,0,0.16,0,13.07,9.64,0,0.12,2.27,0.24,70.14,0,0.05,8.88,0.36,0,0,10.96,30.55
"Malawi",2002,0.142689997594826,242.72,27.36,0.07,0,0,1.24,0.14,0,0,0,0,0,0,0,0,0,0,0,0,0,0.07,0.07,0,7.78,0.74,5.05,24.09,0.02,1.57,3.08,1.64,0,1.29,0,16.86,15.56,0,0.42,7.65,0.57,50.19,0,0.07,7.5,0,0,0,8.54,61.15
"Malawi",2003,0.181660204789589,319.09,34.95,0.02,0,0,1.1,0.08,0,0,0,0,0,0,0,0,0,0,0,0,0,0.02,1.96,0,4.17,1.02,3.96,29.4,0.07,1.96,4.23,0.01,0,1.43,0,7.33,28.16,0,0.27,13.93,0.15,107.17,0,0.02,1.51,0,0,0,16.66,59.51
"Malawi",2004,0.189348303109983,332.43,38.49,0.09,0,0,0.94,0.09,0,0,0,0.07,0,0,0,0,0,0,0,0,0,0.01,0.13,0,4.72,1.06,2.55,24.63,0.3,2.28,4.61,0.77,0,1.24,0,15.76,27.17,0,0.08,15.88,0.03,118.58,0,0.03,0.15,0,0,0,16.02,56.75
"Malawi",2005,0.156730188580067,348.79,32.64,0.14,0,0,0.27,0.31,0,0,0,0.07,0,0,0,0,0,0,0,0,0,0.09,0.56,0,3.38,0.59,7.95,26.14,0.13,2.21,7.56,0.01,0,1.04,0,19.41,49.09,0,1.19,19.28,0.21,102.74,0,0.02,0.39,0,0,0,17.03,56.34
"Malawi",2006,0.213185104582182,423.14,28.16,0.12,0,0.01,2.86,0.33,0,0,0,0.08,0,0,0,0,0.09,0,0,0,0,8.41,2.54,0,5.04,1.01,1.79,23.83,0.02,3.73,7.86,0.19,0,0.53,0,10.44,50.26,0,1.44,17.39,0.03,171.29,0,0.01,9.2,0,0,0,12.46,64.02
"Malawi",2007,0.202950969014429,621.59,221.82,0.21,0,0.01,2.24,0.14,0,0,0,0,0,0,0,0,0.03,0,0,0,0,22.86,3.28,0,5.06,0.86,4.54,24.36,0.4,4.37,10.73,1.49,0,0.1,0,6.8,54.83,0,1.27,20.42,0.06,133.72,0,0.03,6.94,0,0,0,16.04,78.98
"Malawi",2008,0.175132296999895,456.86,30.79,0.19,0,0.02,1.84,0.15,0,0,0,0,0,0,0,0,0.09,0,0,0,0.03,0.17,3.13,0,5.85,1.78,5.72,29.63,0.48,5.13,22.95,0.76,0,0.52,0,0.13,64.45,0,13.66,14.45,0,146.85,0,0.01,3.79,0,0,0.23,16.34,87.72
"Malawi",2009,0.166515033200199,440.45,35.8,0.01,0,0.06,4.39,0.2,0,0,0,0,0,0,0,0,0.07,0,0,0,0.03,0.39,9.39,0,7.36,1.57,1.3,30.2,0.03,3.6,22.15,1.35,0,0.09,0,0.86,63.63,0,9.81,4.9,0.13,111.7,0,0.02,0.53,0,0,0,19.47,111.41
"Malawi",2010,0.191525338689976,366.45,69.46,0.39,0,0.01,3.94,0.1,0,0,0,0.05,0,0,0,0,0.05,0,0,0,0.03,0.09,12.04,0.17,6.45,1.69,1.07,41.93,0.02,2.63,20.58,2.3,0,0.31,0,0.02,64.71,0,0.63,2.47,0.16,0.05,0,0.04,0,0,0,0.06,16.57,118.43
"Malawi",2011,0.252977116321822,345.38,28.87,1.2,0,0.02,6.81,0.15,0,0,0,0,0,0,0,0,0.04,0,0,0,0.03,0.05,8.33,0.17,7.27,1.97,0.9,26.31,0.02,2.35,24.66,1.54,0,0.11,0,0.03,66.85,0,0.7,1.84,0.2,0.01,0,0.01,0,0,0,0.04,12.48,152.42
"Malawi",2012,0.222802677786618,445.73,54.94,1.9,0,0.03,7.19,0.1,0,0,0,0,0,0,0,0,0.02,0,0,0,0,0.05,14.28,0,4.6,1.49,0.58,46.66,0.01,3.38,24.14,0.89,0,0.4,0,0.03,69.52,0,0.2,2.65,0.2,0.65,0,0,1.35,0,0,0,30.4,180.07
"Malawi",2013,0.240027889467124,482.48,34.42,1.54,0,0.08,22.51,0.04,0,0,0,0,0,0,0,0,0,0,1,0,0,0.11,12.19,0,0.39,2.17,8.49,27.55,0,5.66,26.99,0.69,0,0.8,0,0.01,107.86,0,0.17,1.96,0.63,1.61,0,0.22,0.48,0,0.01,0.19,24.19,200.52
"Malawi",2014,0.263359384256401,442.52,42.45,2.02,0,0.08,5.62,0.06,0,0,0,0,0,0,0,0,0,0,0,0,0,0.08,8.34,0,0.08,1.83,3.89,33.98,0,5.29,25.81,0.34,0,0.26,0,0,84.96,0,0.32,2.41,0.84,3.46,0,0.11,3.65,0,2.02,0.36,13.35,200.91
"Malawi",2015,0.334201298256228,459.75,26.63,3.35,0,0.11,5.44,0.07,0,0,0,0.07,0,0,0,0.01,0.02,0,0,0,0,0.06,9.49,0.01,0,1.64,2.49,41.38,0,4.59,21.94,0.66,0,0.51,0.02,0,73.39,0,0.1,3.07,0.49,2.86,0,0.03,0.14,0,3.36,0,8.65,249.17
"Malawi",2016,0.439005275967718,576.11,20.52,3.01,0,0.08,3.02,0.1,0,0,0,0,0,0,0,0.01,0,0,0,0,0,0.1,3.57,0,0,0.84,0.02,50.18,0,4.54,21.59,0.81,0,0.55,0.01,0,62.94,0,0.05,3.85,0.7,3.39,0,0,4.02,0,4.63,0.17,15.97,371.44
"Malawi",2017,0.450967005086841,687.1,41.1,5.73,0,0.08,4.07,0.2,0,0,0,0,0,0,0,0,0,0,0,0,0,0.07,8.81,0,0,0.99,0.3,67.38,0,3.81,22.76,1.19,0,0.2,0,0,58.86,0,0.05,3.01,0.65,3.45,0,0,4.29,0,0.73,0.51,8.94,449.92
"Malawi",2018,0.351349966703268,862.31,21.26,0,0,0,2.1,0.13,0,0,0,0.02,0,0,0,0,0,0,0,0,0,0.07,8.13,0,0,0.83,0.17,61.14,0,8.99,25.56,0.85,0,0.88,0,0,62.51,0,0.08,3.09,0.9,125.19,0,0.1,43.3,0,0.34,0,12.27,484.4
"Malawi",2019,0.247712621517901,662.61,50.53,0,0,0,1.62,0.34,0,0,0,0,0,0,0,0,0.03,0.02,0,0,0,0.07,8.08,0,0,1.07,0.09,73.27,0,9.37,26.11,0.46,0,1.12,0,0,65.3,0.06,0.16,4.45,0.89,118.76,0,0,2.22,0,2.03,0.28,10.83,285.45
"Malawi",2020,0.287998744942507,696.28,27.21,0,0,0,1.45,0.49,0,0,0,0.03,0,0,0,0,0.03,0.02,0,0,0,0.05,6.14,0,3.01,1.06,0.27,103.92,0,8.53,24.76,1.01,0,1.2,0,0,68.54,0,0.35,3.15,0.74,92.34,0.11,0.38,2.61,0,0.3,0.2,10.76,337.62
"Malawi",2021,0.297082080386141,584.84,19.67,0,0,0,1.82,0.24,0,0,0,0.02,0,0,0,0,0.03,0,0,0,0,0.06,2.88,0,2.76,1.18,2.97,93.3,0,6.6,20.6,1.67,0,0.82,0,0,53.76,0,0.54,5.12,0.66,61.11,0,0.35,5.37,0,0.71,0.14,10.52,291.94
"Malawi",2022,0.33064879993248,1158.120231,52.921458,7.949212,0,0.047062,1.807772,0.124662,0,0,0,0.04206,0,0,0,0.003608,0.049756,0.010762,0,0,0.0714,0.214368,15.386862,0,4.460555,1.582892,0.93355,160.272364,0,19.112114,50.674094,5.51544,0,1.511128,0,0,81.518189,0,1.220624,8.997772,4.65932,84.748863,0,0.423878,8.365981,0,0,0.149502,14.887752,630.457231
"Malawi",2023,0.401835933427582,1413.280585,87.953998,10.352176,0,0,4.77738,0.114412,0,0,0,0.04258,0,0,0,0.00106,0.042078,0.015962,0,0,0.064878,0.478132,7.279988,0,3.641817,1.31049,4.434222,123.798874,0,19.702514,51.388466,2.995783,0,1.883362,0.0133,0,104.493632,0,0.728548,12.646709,2.960304,80.500649,0.06,0.182972,0.346138,0,0,0.368648,19.88219,870.819323
"Malawi",2024,0.384382563482566,1297.365982,45.344342,8.84599,0,0.027326,2.411009,0.227382,0,0,0,0.040656,0,0,0,0,0.06934,0.019422,0,0,0,0.397494,19.843014,0.008468,2.414731,1.078866,3.474154,106.6937,0,22.663136,52.960868,3.010685,0,1.388192,0.000876,0,93.406422,0,0.8255,9.724615,3.686962,116.487782,0.391478,0.151612,0,0,0.068415,0.204578,22.525317,778.97365
"Malawi",2025,NA,0,0,0,0,0,0,0,0,0,0,0,0,0,0,0,0,0,0,0,0,0,0,0,0,0,0,0,0,0,0,0,0,0,0,0,0,0,0,0,0,0,0,0,0,0,0,0,0,0
"Mali",1960,NA,0,0,0,0,0,0,0,0,0,0,0,0,0,0,0,0,0,0,0,0,0,0,0,0,0,0,0,0,0,0,0,0,0,0,0,0,0,0,0,0,0,0,0,0,0,0,0,0,0
"Mali",1961,1,2,0,0,0,0,0,0,0,0,0,0,0,0,0,0,0,0,0,0,0,0,0,0,0,0,0,0,0,0,0,0,0,0,0,0,0,0,0,0,0,0,0,0,0,0,0,0,0,2
"Mali",1962,0.566264777631826,2.92,0,0,0,0,0,0,0,0,0,0,0,0,0,0,0,0,0,0,0,0,0,0,0,0,0,0.91,0,0,0,0,0,0,0,0,0,0,0,0,0,0,0,0,0,0,0,0,0.01,2
"Mali",1963,0.500361313446641,3.72,0,0,0,0,0,0,0,0,0,0,0,0,0,0,0,0,0,0,0,0,0,0,0,0,0,1.71,0,0,0,0,0,0,0,0,0,0,0,0,0.01,0,0,0,0,0,0,0,0,2
"Mali",1964,0.545107141785511,9.66,0,0,0,0,0,0,0,0,0,0,0,0,0,0,0,0,0,0,0,0,0,0,0,0,6.8,0.79,0,0,0,0,0,0,0,0,0,0,0,0,0.02,0,0,0,0,0,0,0,0.05,2
"Mali",1965,0.592975187331449,11.34,0,0,0,0,0,0,0,0,0,0,0,0,0,0,0,0,0,0,0,0.01,0,0,0,0,8.4,0.4,0,0,0,0,0,0,0,0,0,0,0,0,0.04,0.07,0,0,0,0,0,0,0.07,2.35
"Mali",1966,0.314729520249338,13.06,0,0,0,0,0,0,0,0,0,0,0,0,0,0,0,0,0,0,0,0,0,0,0,0,5.3,0.52,0,0,0,0,0,0,0,0,0,0,0,0,0,0.08,0,0,0,3.89,0,0,0.08,3.19
"Mali",1967,0.666557627721856,10.21,0,0,0,0,0,0,0,0,0,0,0,0,0,0,0,0,0,0,0,0,0.01,0,0,0,8.2,0.53,0,0,0,0,0,0,0,0,0,0,0,0,0,0.01,0,0,0,0,0,0,0.06,1.4
"Mali",1968,0.780960323878675,11.93,0,0,0,0,0,0,0,0,0,0,0,0,0,0,0,0,0,0,0,0,0.02,0,0,0,10.5,0.59,0,0,0,0,0,0,0,0,0,0,0,0,0.02,0,0,0,0,0,0,0,0.06,0.74
"Mali",1969,0.64976134255355,15.4,0,0,0,0,0,0,0,0,0,0,0,0,0,0,0,0,0,0,0,0,0.02,0,0,0,12.2,1.12,0,0,0,0,0,0,0,0,0,0,0,0,0.01,0,0,0,0,0,0,0,0.05,2
"Mali",1970,0.470994457038775,11.39,0,0,0,0,0,0,0,0,0,0,0,0,0,0,0,0,0,0,0,0,0.02,0,0,0,7.3,1.95,0,0,0,0,0,0,0,0.01,0,0,0,0,0,0.01,0,0,0,0,0,0,0.1,2
"Mali",1971,0.361966498251176,17.02,0,0,0,0,0,0,0,0,0,0,0,0,0,0,0,0,0,0,0,0,0.01,0,0,0,8.7,3.56,0,0,0,0.02,0,0,0,0,0,0,0,0,0.01,0.02,0,0,0,0,0,0,0.7,4
"Mali",1972,0.731401003261972,38.2,0,0,0,0,0,0,0,0,0,0,0,0,0,0,0,0,0,0,0,0,0.02,0,0,0,32.49,2.66,0,0,0,0.05,0,0,0,0.03,0,0,0,0,0.01,0.18,0,0,0,0,0,0,0.76,2
"Mali",1973,0.351302621520158,35.97,0,0,0,0,0,0,0,0,0,0,0,0,0,0,0,0,0,0,0,0,0.19,0,0.34,0,18.67,7.13,0,0,0,0.01,0,0,0,0.11,0,0,0,0,0,0.08,0,0,0,0,0,0,2.44,7
"Mali",1974,0.254613473878376,62.56,0,0,0,0,0,0,0,0,0,0,0,0,0,0,0,0,0,0,0,0,0.24,0,0,0,22,13.52,0,0,0,0.3,0,0,0,0.24,0,0,0,0.02,0.48,1.74,0,0,0,1,0,0,6.02,17
"Mali",1975,0.197272054646498,77.05,0.01,0,0,0,0,0,0,0,0,0,0,0,0,0,0,0,0,0,0,0,1.29,0,0,0.04,24.92,11.85,0,0,0,0.04,0,0,0,0.21,0,0,0,0,0.16,3.67,0,0,0,15.95,4,0,4.91,10
"Mali",1976,0.306827633707457,55.72,0.11,0,0,0,0,0,0,0,0,0,0,0,0,0,0,0,0,0,0,0,0.45,0,0,0,24.27,18.02,0,0,0,0.07,0,0,0,2.3,1.47,0,0,0,0.08,0.83,0,0,0,0,1,0,2.12,5
"Mali",1977,0.20466139433337,73.22,0.16,0,0,0,0,0,0,0,0,0,0,0,0,0,0,0,0,0,0,0.39,1.85,0,0,0,25.9,16.39,0,0,0,0.06,0,0,0,5.9,0.04,0,0,0,1.25,0.46,0,0,3.05,7.67,0.46,0,3.64,6
"Mali",1978,0.196376295043788,100.42,6.07,0,0,0,0,0,0,0,0,0,0,0,0,0,0,0,0,0,0,0.02,1.47,0,0,0,33.11,22.35,0,0,0,0.04,0,0,0,8.35,1.65,0,0,0,1.32,0.28,0,0,2.55,1.5,0.62,0,6.09,15
"Mali",1979,0.339952814497207,166.09,1.9,0,0,0,0,0,0,0,0,0,0,0,0,0,0,0,0,0,0,0.02,2.93,0,0,0,31.43,89.71,0,0,0,0.03,0,0,0,5.37,0.51,0,0,0,1.86,1.04,0,0,4.52,3.89,0.88,0,8,14
"Mali",1980,0.169103773427722,149.02,4.12,0,0,0,0,0,0,0,0,0,0,0,0,0,0,0,0,0,0,0.01,1.82,0,0,0,45,27.03,0,0,0,0.13,0,0,0,12.54,0.61,0,0,0,4.14,0.54,0,0,3.79,8.47,5.01,0,12.81,23
"Mali",1981,0.255029672131903,155.58,5.05,0,0,0,0,0,0,0,0,0,0,0,0,0,0,0,0,0,0,0.19,1.44,0,0.01,0,65.71,36.08,0,0,0,0,0,0,0,6.35,0.52,0,0,0,3.84,0.57,0,0,2.19,3.84,0.55,0,11.24,18
"Mali",1982,0.15159040073048,121.38,4.68,0,0,0,0,0,0,0,0,0,0,0,0,0,0,0,0,0,0,0.03,1.54,0,0,0,28.4,28.88,0,0,0,0.3,0,0,0,3.59,0,0,0,0,6.41,0.19,0,0,12.9,8.98,3.04,0,9.44,13
"Mali",1983,0.118126505585384,129.69,8.55,0,0,0,0,0,0,0,0,0,0,0,0,0,0,0,0,0,0,0.28,2.71,0,0.02,0.01,27.93,17.13,0,0,0,1.97,0,0,0,7.96,0.29,0,0,0,7.27,0.29,0,0,9.5,17.55,5.68,0,7.55,15
"Mali",1984,0.335970128102043,234.28,1.5,0,0,0,0.29,0,0,0,0,0,0,0,0,0,0,0,0,0,0,0.13,1.29,0,3.13,0.46,129.94,19.3,0,0,0,10.4,0,0,0,15.57,2.75,0,0,0,6.27,0.71,0,0,0.06,9.85,0.62,0,7.01,25
"Mali",1985,0.228190835832334,283.87,3.7,0,0,0,0,0,0,0,0,0,0,0,0,0,0,0,0,0,0,0.02,4.32,0,0.96,0,121.03,28.05,0,0,0,9.52,0,0,0,15.45,2.69,0,0,0,5.61,0.96,0,0,11.14,14.91,6.45,0,15.06,44
"Mali",1986,0.137520022257933,238.85,5.32,0,0,0,0.02,0,0,0,0,0,0,0,0,0,0,0,0,0,0,0.03,2.36,0,0.61,0.31,66.99,24.21,0,0,0,26.38,0,0,0,19.97,4.54,0,0,0,8.21,1.74,0,0,6.86,9.69,18.15,0,13.46,30
"Mali",1987,0.145744875249424,236.43,8.9,0,0,0,0,0,0,0,0,0,0,0,0,0,0,0,0,0,0,0.25,4.2,0,0.24,0,66.19,31.61,0,0,0.01,20.89,0,0,0,22.4,2.41,0,0,0,10.07,1.61,0,0,3.57,6.94,2.57,0,21.57,33
"Mali",1988,0.151934555244384,271.97,9.81,0,0,0,0,0,0,0,0,0,0,0,0,0,0,0,0,0,0,0.23,2.1,0,3.74,0,78.64,39.06,0,0,0.01,34.39,0,0,0,23.23,10.32,0,0,0,8.98,2.13,0,0,3.08,5.75,1.96,0,12.54,36
"Mali",1989,0.178586332243664,312.79,27.62,0,0,0,0.02,0,0,0,0,0,0,0,0,0,0,0,0,0,0,0.22,0.86,0,2.19,0,110.48,39.91,0,0,0,27.8,0,0,0,29.2,13.55,0,0.01,0,5,1.9,0,0,2.28,6.14,0.43,0,21.18,24
"Mali",1990,0.200124463010983,337.24,12.28,0,0,0,0.04,0,0,0,0,0,0,0,0,0,0,0,0,0,0,0.23,4.41,0,2.94,0,134.15,31.01,0,0,0,16.3,0,0.28,0,35.45,10.97,0,0,0,16.83,1.74,0,0,0.76,18.94,0.05,0,20.86,30
"Mali",1991,0.176947973869078,292.27,16.47,0.1,0,0,0,0,0,0,0,0,0,0,0,0,0,0,0,0,0,0.65,2.88,0,2.27,0.03,99.18,44.39,0,0,0,8.8,0,0.26,0,28.31,9.15,0,0,0.11,13.38,2.6,0,0,0.8,4.39,0.24,0,20.26,38
"Mali",1992,0.190549986242412,260.42,9.98,0.1,0,0,0,0,0,0,0,0,0,0,0,0,0,0,0,0,0,0.41,2.16,0,3.08,0.04,97.64,24.09,0,0,0,7.07,0,0.36,0,30.8,7.5,0,0.02,0,8.75,2.26,0,0,0.64,11.5,1.12,0,22.9,30
"Mali",1993,0.199133877691385,236.47,9.09,0.06,0,0,0,0,0,0,0,0,0,0,0,0,0,0,0,0,0,0.26,1.77,0,6.39,0,89.42,24.65,0,0,0,4.26,0,0.23,0,24.18,8.89,0,0.08,0.15,5.59,1.65,0,0,0.39,0,5.34,0,17.07,37
"Mali",1994,0.185847548201406,268.13,22.31,0.07,0,0,0,0,0,0,0,0,0,0,0,0,0,0,0,0,0,0.32,7.35,0,4.42,0,100.09,25.68,0,0,0,17.7,0,0.3,0,20.86,7.7,0,0.08,0.01,6.51,1.48,0,0,0.46,2.09,1.39,0,20.31,29
"Mali",1995,0.174285846398737,299.37,48.21,0.08,0,0,0,0,0,0,0,0,0,0,0,0,0,0,0,0,0,0.24,3.68,0,6.55,0,92.95,46.2,0,0,0.01,0.7,0,0.67,0,33.42,8.97,0,0.19,0.25,5.74,1.69,0,0,1.69,0.31,0.49,0,16.33,31
"Mali",1996,0.174818952934091,313,38.43,0.08,0,0,0,0.04,0,0,0,0,0,0,0,0,0,0,0,0,0,0.27,11.32,0,4.63,0,93.74,65.69,0,0,0.03,1.83,0,1,0,42.82,9.89,0,0.1,0.83,5.6,13.87,0,0,3.09,0.06,0.43,0,14.25,5
"Mali",1997,0.162784571786905,271.89,26.38,0.05,0,0,0,0.1,0,0,0,0,0,0,0,0,0,0,0,0,0,0.1,4.23,0,3.51,0,73.52,55.69,0,0,0.11,3.72,0,1.15,0,33.49,8.03,0,0.18,0.81,7.52,1.49,0,0.04,2.7,1.81,0,0,9.26,38
"Mali",1998,0.168753323324438,253.03,27.22,0.01,0,0,0,0,0,0,0,0.02,0,0,0,0,0.06,0,0,0,0,0.09,3.18,0,0.75,0,71.1,51.38,0,0,0.13,0.12,0,1.46,0,36.07,8.1,0,0.21,0.81,6.44,1.32,0,0.07,2.46,2.52,0,0,11.04,28.47
"Mali",1999,0.160330261928779,259.04,27.58,0.01,0,0,0,0.14,0,0,0,0.03,0,0,0,0,0.04,0,0,0,0,0.08,5.55,0,0.49,0,72.51,48.76,0,0,0.05,0.35,0,2.14,0,26.22,8.66,0,1.14,0.29,5.91,1.2,0,0.06,4.63,0.68,0,0,18.34,34.18
"Mali",2000,0.197536747545252,321.39,34.35,0.02,0,0,0.04,0.2,0,0,0,0,0,0,0,0,0.03,0,0,0,0,0.06,6.25,0,0.06,0.01,113.58,31.64,0,0,0,0.21,0,3.6,0,42.52,6.58,0.05,0.06,0.44,7.64,1,0,0.09,3.67,0.18,0,0,12.67,56.44
"Mali",2001,0.176808956051724,233.36,25.01,0.11,0,0,0,0.11,0,0,0,0.07,0,0,0,0,0.02,0,0,0,0,0.05,6.62,0,0.05,0.04,77.69,19.29,0,0,0,0.23,0,5.18,0,41.47,6.73,0,0.69,4.36,4.95,1.14,0,0.02,1.54,4.26,0,0,8.97,24.76
"Mali",2002,0.157539337691848,276.68,18.9,0.01,0,0,0,0,0,0,0,0.02,0,0,0,0,0.02,0,0,0.01,0,0.04,8.81,0,0.06,0.05,80.64,27.95,0,0,0,1.47,0,5.39,0,38.17,7.11,0,0.4,9.11,7.91,6.84,0,0.05,0.87,0,0,0,13.62,49.23
"Mali",2003,0.17214805662565,293.95,14.89,0.06,0,0,0,0.04,0,0,0,0.07,0,0,0,0,0.01,0,0,0.02,0,0.07,4.46,0,0.05,0.06,90.45,23.53,0,0,0.08,0.13,0,6.4,0,42.62,7.48,0,1.27,11.46,8.85,0.21,0,0.02,0.5,0,0,0,25.2,56.02
"Mali",2004,0.15560658009985,429.69,86.07,0.07,0,0,0,0.05,0,0,0,0.23,0,0,0,0,0.01,0,0,0,0,0.11,9.18,0,0.02,0.1,109.46,26.36,0.01,0,0.15,1.55,0,7.61,0,64.14,8.01,0,1.27,14.89,8.87,0.37,0,0.01,1.51,0,0,0,44.14,45.5
"Mali",2005,0.141830847559592,403.87,23.2,0.07,0,0,0,0.4,0,0,0,0.06,0,0,0,0,0,0,0,0,0,0.19,9.49,0,0,0.18,108.56,29.04,0.07,0,0.12,0,0,11.19,0,65.83,13.82,0.02,5.25,21.7,12.96,1.31,0,0,8.04,0,0,0,35.5,56.87
"Mali",2006,0.130480285070148,433.49,26.74,0.01,0,0,0,0,0,0,0,0.36,0,0,0,0,0,0,0,0,0,0.01,13.26,0.21,0.79,0.19,106.56,40.15,0.01,0,0.09,2.22,0,9.45,0,66.12,17.01,0,8.65,25.39,10.27,4.12,0,0,9.51,0,0,0.03,27.34,65
"Mali",2007,0.206082677707312,591.62,9.65,0,0,0,0,0,0,0,0,0.3,0,0,0,0,0.01,0,0,0,0,0.03,19.36,0.02,8.61,0.13,240.75,40.64,0.01,0,0.64,1.83,0,16.86,0,64.87,16.08,0,17.48,26.48,11.47,0,0,0.02,6.44,0,0,0.02,55.92,54
"Mali",2008,0.11690212276929,561.89,34.52,0.27,0,0,0,0,0,0,0,0.7,0,0,0,0,0,0,0,0,0,0.06,23.4,0.32,12.54,0.12,109.11,39.39,0.01,0,0.45,1.43,0,20.21,0,79.58,14.92,0,31.15,29.27,9.74,0,0,0.07,1.99,0,0,0.25,99.12,53.27
"Mali",2009,0.113874713263712,603.89,35.51,0.42,0,0.02,0,0,0,0,0,0.45,0,0,0,0,0,0,0,0,0,0.43,19.61,0.29,18.36,0.11,98.44,46.91,0.01,0,0,3.85,0,22.75,0,77.33,12.57,0,24.3,28.87,14.13,0.03,0,0.1,4.21,0,0.33,0.15,83.46,111.25
"Mali",2010,0.139955691402975,708.51,38.29,0.44,0,0.01,0.01,0,0,0,0,0.24,0,0,0,0,0,0,0,0,0,0.19,18.72,0.42,30.58,0.73,98.92,60.32,0.01,0,0.2,2.59,0,14.24,0,56.69,15.95,0.01,28.4,27,18.49,0,0,0.05,1.18,0,0.13,0.42,96.04,198.24
"Mali",2011,0.155570259247377,810.59,44.14,12.92,0,0,0.9,0,0,0,0,0.24,0,0,0,0,0,0,0,0,0,0.9,19.58,0.31,31.79,1.17,95.95,39.35,0,0,0,1.77,0,24.65,0,59.44,13.3,0,20.79,33.18,25.79,1.44,0,0.02,5.17,0,0.84,0.19,116.17,260.59
"Mali",2012,0.240787022494157,757.4,4.52,1.1,0,0,9.92,0,0,0,0,0.43,0.06,0,0,0,0.43,0,0.71,0,0,0.49,15.62,0,15.39,1.46,61.57,52.28,0,0,1.43,1.14,0,20.29,0,46.07,16.3,0.01,14.61,29.13,24.63,0.34,0,0.02,1.45,0,0.07,0.98,93.85,343.1
"Mali",2013,0.0999336384264745,762.8,53.56,9.32,0,0.01,6.02,0,0,0,0,0.17,0,0,0.03,0,0.32,0.03,0.96,0.05,0.04,1.08,30.95,0.02,40.85,2.73,100.94,68.08,0,0.1,4.53,2.75,0,22.74,0,60.26,22.39,0.04,21.1,44.94,29.51,0.5,0,0.01,8.56,0,0.01,6.1,64.82,159.28
"Mali",2014,0.123285265714565,719.82,24.29,7.19,0,0,0.3,0,0,0,0,0.01,0,0,0,0,0.01,0,2,0,0,0.41,19.34,0,34.96,0.93,113.99,74.66,0.07,0,1.45,2.69,0,13.36,0,44.36,20.17,0.03,12.66,33.89,37.78,0.94,0,0,6.12,0,0.2,1.53,99.9,166.58
"Mali",2015,0.138030764645626,708.06,20.96,9.15,0,0,0.22,0,0,0,0,0,0,0,0,0,0.01,0,0,0,0.03,0.27,22.09,0,26.41,0.84,163.83,43.45,0,0,1.37,4.12,0,14.1,0,37.47,17.27,0,9.04,32.37,36.16,0.18,0,0,11.9,0,5.35,0.71,87.99,162.77
"Mali",2016,0.141825581200974,696.48,9.24,15.85,0,0.06,3.36,0,0,0,0,0.03,0,0,0,0.01,0.01,0.08,0,0,0,0.05,23.01,0,39.68,0.5,73.89,68.64,0,0,0.84,2.22,0,17.93,0,34,17.28,0.04,10.93,35.2,34.44,0,0,0,9.07,0,0.13,2.53,87.42,210.04
"Mali",2017,0.142199289371508,753.73,19.99,12.11,0,0.02,0.05,0,0,0,0,0.06,0,0,0,0.04,0.01,0,0,0,0,0.88,13.64,0,26.84,0.35,108.24,74.15,0,0,0.38,1.4,0,18.84,0,37.68,21.7,0.09,10.62,39.39,32.79,0.08,0,0,2.67,0,16.57,1.74,94.51,218.89
"Mali",2018,0.135758831608277,873.27,6.55,0,0,0,3.93,0,0,0,0,1.87,0.08,0,0,0.15,0.01,0.01,0,0,0,0.1,14.14,0,33.43,0.26,99.51,135.57,0,0,0.44,6.39,0,27.59,0,52.77,32.06,0.31,20.73,51.94,42.87,9.36,0,0.03,0,0,0.85,0.32,98.59,233.41
"Mali",2019,0.133602579086857,1166.2,8.54,0,0,0,4.16,0,0,0,0,1.78,0.11,0.01,0,0.15,0.04,0.01,0,0,0,1.98,19.2,0,46.82,0.23,124.38,119.12,0,0,1.57,4.66,0,28.91,0,45.03,34.2,0.26,22.7,52.61,41.29,7.6,0,0,0,0,278.6,2.95,83.22,236.07
"Mali",2020,0.121856284578713,834.73,8.56,0,0,0,0.02,0,0,0,0,2.04,0.23,0.02,0,0.2,0.38,0.01,0,0,0,0.14,18.29,0,52.47,0.73,134.36,116.09,0,0.17,1.22,11.18,0,24.82,0.02,32.22,35.98,0.52,22.41,38.31,44.6,12.37,0.11,0,0,0,11.18,0.92,70.36,194.8
"Mali",2021,0.122828453333259,932.7,16.31,0,0,0,0,0,0,0,0,1.9,0,0.1,0.01,0.12,0.02,0.01,0,0,0,1.74,21.63,0,90.6,1.14,128.68,118.36,0,0.17,1.12,8.91,0.33,21.44,0,50.49,27.77,0.27,17.33,52.93,42.58,11.66,0,0.03,0.17,0,0.48,0.6,92.49,223.31
"Mali",2022,0.124343128625553,1462.901041,10.903284,0.51168,0,0.000276,7.445264,0,0,0,0,3.411074,0,3.069396,0,0,0.014216,0.010332,0,0,0,4.638826,38.97205,0,61.089723,1.191128,169.532521,194.743778,0,0.332008,1.748384,27.73095,2.451752,50.963542,0,101.562586,40.541633,1.622954,35.171666,74.525032,88.303884,21.723646,0,0,0,0,0,1.26097,139.992384,379.436102
"Mali",2023,0.149486885766944,1504.93138,32.62834,0.65816,0,0,0.109836,0,0,0,0,0,0,0.21159,0,0,0.025894,0.014156,0,0,0,5.750772,38.698694,0,64.232798,1.639058,53.135925,204.600254,0,0.434934,2.12022,24.395872,2.856612,49.751658,0.002998,98.601262,50.469274,0.221084,40.050968,89.191083,81.910245,23.066368,0,0,0,0,0.479374,2.053558,158.008722,479.611671
"Mali",2024,0.201028523531452,1414.170894,25.863682,5.15984,0,0,0.075393,0,0,0,0,0,0,0.502044,0,0,0.012506,0.027994,0,0,0,7.186382,43.504098,0,30.979895,1.08471,65.705133,137.88204,0,0.276996,2.044358,8.79405,2.499592,41.407158,0,93.89924,27.890427,0.012386,41.906174,54.383053,49.865495,27.075165,0,0,0,0,0,3.747232,170.955389,571.430462
"Mali",2025,NA,0,0,0,0,0,0,0,0,0,0,0,0,0,0,0,0,0,0,0,0,0,0,0,0,0,0,0,0,0,0,0,0,0,0,0,0,0,0,0,0,0,0,0,0,0,0,0,0,0
"Mauritania",1960,NA,0,0,0,0,0,0,0,0,0,0,0,0,0,0,0,0,0,0,0,0,0,0,0,0,0,0,0,0,0,0,0,0,0,0,0,0,0,0,0,0,0,0,0,0,0,0,0,0,0
"Mauritania",1961,1,0.02,0,0,0,0,0,0,0,0,0,0,0,0,0,0,0,0,0,0,0,0,0,0,0,0,0,0.02,0,0,0,0,0,0,0,0,0,0,0,0,0,0,0,0,0,0,0,0,0,0
"Mauritania",1962,NA,0,0,0,0,0,0,0,0,0,0,0,0,0,0,0,0,0,0,0,0,0,0,0,0,0,0,0,0,0,0,0,0,0,0,0,0,0,0,0,0,0,0,0,0,0,0,0,0,0
"Mauritania",1963,1,0.01,0,0,0,0,0,0,0,0,0,0,0,0,0,0,0,0,0,0,0,0,0,0,0,0,0,0.01,0,0,0,0,0,0,0,0,0,0,0,0,0,0,0,0,0,0,0,0,0,0
"Mauritania",1964,0.977249941379882,11.33,0,0,0,0,0,0,0,0,0,0,0,0,0,0,0,0,0,0,0,0,0,0,0,0,11.2,0.06,0,0,0,0,0,0,0,0,0,0,0,0,0,0.07,0,0,0,0,0,0,0,0
"Mauritania",1965,0.956477173634047,7.67,0,0,0,0,0,0,0,0,0,0,0,0,0,0,0,0,0,0,0,0,0,0,0,0,7.5,0.04,0,0,0,0,0,0,0,0,0,0,0,0,0,0,0,0,0,0,0,0,0,0.13
"Mauritania",1966,0.589896054511877,20.62,0,0,0,0,0,0,0,0,0,0,0,0,0,0,0,0,0,0,0,0,0,0,0,0,5.3,0.05,0,0,0,0,0,0,0,0,0,0,0,0,0,0,0,0,0,14.92,0,0,0.01,0.34
"Mauritania",1967,0.926225478145435,9.46,0,0,0,0,0,0,0,0,0,0,0,0,0,0,0,0,0,0,0,0,0,0,0,0,9.1,0.08,0,0,0,0,0,0,0,0,0,0,0,0,0,0,0,0,0,0,0,0,0.01,0.27
"Mauritania",1968,0.872318533848472,8.26,0,0,0,0,0,0,0,0,0,0,0,0,0,0,0,0,0,0,0,0,0,0,0,0,7.7,0.47,0,0,0,0,0,0,0,0,0,0,0,0,0,0,0,0,0,0,0,0,0.07,0.02
"Mauritania",1969,0.793304561557728,8.01,0,0,0,0,0,0,0,0,0,0,0,0,0,0,0,0,0,0,0,0,0.01,0,0,0,7.1,0.68,0,0,0,0,0,0,0,0,0,0,0,0,0.08,0,0,0,0,0,0,0,0.14,0
"Mauritania",1970,0.753403790724081,5.35,0,0,0,0,0,0,0,0,0,0,0,0,0,0,0,0,0,0,0,0,0.01,0,0,0,4.6,0.63,0,0,0,0.08,0,0,0,0,0,0,0,0,0,0,0,0,0,0,0,0,0.03,0
"Mauritania",1971,0.547659233825855,6.44,0,0,0,0,0,0,0,0,0,0,0,0,0,0,0,0,0,0,0,0,0,0,0,0,4.6,0.74,0,0,0,0.03,0,0,0,0,0,0,0,0,0,0,0,0,0,0,0,0,0.07,1
"Mauritania",1972,0.569657092999629,10.02,0,0,0,0,0,0,0,0,0,0,0,0,0,0,0,0,0,0,0,0,0,0,0,0,7.42,0.89,0,0,0,0,0,0,0,0.05,0,0,0,0,0,0.08,0,0,0,0,0,0,0.58,1
"Mauritania",1973,0.342173961218837,19,0,0,0,0,0,0,0,0,0,0,0,0,0,0,0,0,0,0,0,0,0.15,0,0,0,9.57,3.72,0,0,0,0,0,0,0,0.05,0,0,0,0,0.02,0.05,0,0,0,0,0,0,1.44,4
"Mauritania",1974,0.256722320776375,51.8,1.94,0,0,0,0,0,0,0,0,0,0,0,0,0,0,0,0,0,0,0,0.05,0,0,0,11.72,6.01,0,0,0,0.22,0,0,0,0,0,0,0,0,0.11,0,0,0,0.2,21,0,0,2.55,8
"Mauritania",1975,0.247841307633316,44.31,0.23,0,0,0,0,0,0,0,0,0,0,0,0,0,0,0,0,0,0,0,0.5,0,0,0,9.25,2.23,0,0,0,0,0,0,0,0.02,0,0,0,0,0.2,0.02,0,0,12.6,0,15.05,0,1.21,3
"Mauritania",1976,0.5629383730258,160.79,0.02,0,0,0,0,0,0,0,0,0,0,0,0,0,0,0,0,0,0,0,0.25,0,0,0,14.36,2.92,0,0,0,0.14,0,0,0,0.09,0,0,0,0,0.23,0.02,0,0,7.59,119,9.98,0,2.19,4
"Mauritania",1977,0.364740220273707,141.02,2.25,0,0,0,0.02,0,0,0,0,0,0,0,0,0,0,0,0,0,0,0.04,0.76,0,0,0,12.9,5.27,0,0,0,0,0,0,0,0.04,0,0,0,0,0.45,0.03,0,0,23.5,80,8,0,5.76,2
"Mauritania",1978,0.382967816041707,170.03,0.05,0,0,0,0,0,0,0,0,0,0,0,0,0,0,0,0,0,0,0.03,0.92,0,0,0.12,15.62,16.18,0,0,0,0,0,0,0,1.85,0,0,0,0,0.52,1.01,0,0,22.56,100,5,0,1.17,5
"Mauritania",1979,0.17756028374843,73.76,0.2,0,0,0,0,0,0,0,0,0,0,0,0,0,0,0,0,0,0,0.07,1.04,0,0,0,18.19,9.09,0,0,0,0,0,0,0,0.56,0.28,0,0,0,0.6,0,0,0,10.15,18.53,8.22,0,0.83,6
"Mauritania",1980,0.204896406964897,116.27,0.32,0,0,0,0,0,0,0,0,0,0,0,0,0,0,0,0,0,0,0.06,0.27,0,0,0.05,21.9,12.06,0,0,0,0.01,0,0,0,4.69,0,0,0,0,0.53,0.1,0,0,22.2,37.46,0.74,0,0.88,15
"Mauritania",1981,0.174084724943448,137.17,2.69,0,0,0,0,0,0,0,0,0,0,0,0,0,0,0,0,0,0,0.05,0.2,0,0,0,31.62,8,0,0,0,0,0,0,0,4.51,0,0,0,0,0.36,0.75,0,0,14.5,35.29,19.12,0,1.08,19
"Mauritania",1982,0.160643870474761,115.73,8.95,0,0,0,0,0,0,0,0,0,0,0,0,0,0,0,0,0,0,0.04,0.42,0,0.83,0.09,22.93,13.73,0,0,0,0.24,0,0,0,0.95,0,0,0,0,0.29,0.08,0,0,24.23,24.09,3.84,0,2.02,13
"Mauritania",1983,0.150351658527063,116.03,3.64,0,0,0,0,0,0,0,0,0,0,0,0,0,0,0,0,0,0,0.05,0.04,0,1.21,0.09,22.75,16.79,0,0,0,0.49,0,0,0,2.81,0.46,0,0,0,0.72,1.56,0,0,6.35,24.56,12.25,0,2.26,20
"Mauritania",1984,0.162172238576656,116.8,1.51,0,0,0,0,0,0,0,0,0,0,0,0,0,0,0,0,0,0,0.06,0.14,0,0.38,0,21.12,9.03,0,0,0,2.22,0,0,0,2.66,1.58,0,0,0,1.21,0.52,0,0,12.68,30.37,4.55,0,5.77,23
"Mauritania",1985,0.181242812087146,167.53,3.89,0,0,0,0.04,0,0,0,0,0,0,0,0,0,0,0,0,0,0,0.67,1.18,0,0.4,0,33.21,8.02,0,0,0,10.21,0,0,0,2.5,0.09,0,0,0,0.79,1.15,0,0,12.53,49.31,4.88,0,4.66,34
"Mauritania",1986,0.15104883612006,139.66,10.98,0,0,0,0,0,0,0,0,0,0,0,0,0,0,0,0,0,0,0.15,0.28,0,0.49,0,36.22,15.17,0,0,0,20.03,0,0,0,3.87,0.28,0,0,0,0.03,0.31,0,0,20.22,9.36,3.07,0,0.2,19
"Mauritania",1987,0.165033758377453,124.05,5.19,0,0,0,0,0,0,0,0,0,0,0,0,0,0,0,0,0,0,0.18,0.59,0,11.12,0,43.05,7.64,0,0,0,10.75,0,0,0,7.19,1.9,0,0,0,0.1,0.29,0,0,10.1,7.12,7.09,0,1.74,10
"Mauritania",1988,0.228457328791368,142.17,4.7,0,0,0,0,0,0,0,0,0,0,0,0,0,0,0,0,0,0,0.19,0.35,0,2.19,0,61.35,15.81,0,0,0,9.33,0,0,0,5.83,0.47,0,3.2,0,0.26,0.33,0,0,3.23,17.49,1.75,0,6.69,9
"Mauritania",1989,0.253950742838555,179.53,9.34,0,0,0,0,0,0,0,0,0,0,0,0,0,0,0,0,0,0,0.08,0.01,0,2.22,0.05,61.99,62.3,0,0,0,11.1,0,0,0,3.89,0.58,0,1.63,0,0.4,0.25,0,0,7.41,5.28,0.39,0,0.61,12
"Mauritania",1990,0.268375679640586,117.79,3.2,0,0,0,0,0,0,0,0,0,0,0,0,0,0,0,0,0,0,0.25,0.39,0,1.66,0,55.57,16.53,0,0,0,8.85,0,0,0,11.95,0.87,0,0.3,0.27,0.22,0.12,0,0,2.49,4.52,0,0,0.6,10
"Mauritania",1991,0.455312257858049,118.81,9.04,0,0,0,0,0,0,0,0,0,0,0,0,0,0,0,0,0,0,0.13,0.41,0,1.02,0,77.5,17.26,0,0,0,4.51,0,0,0,0,0.35,0,2.86,0.26,0.35,0.5,0,0,0,1.36,0,0,0.26,3
"Mauritania",1992,0.401133241331263,126.32,8.13,0.08,0,0,0,0,0,0,0,0,0,0,0,0,0,0,0,0,0,0.13,0.29,0,0.55,0,76.81,19.12,0,0,0,4.2,0,0.01,0,4.49,1.94,0,3.34,0.52,0.66,0.21,0,0,0.01,3.35,0,0,0.48,2
"Mauritania",1993,0.3765362737624,208.94,57.27,0.01,0,0,0.03,0,0,0,0,0,0,0,0,0,0,0,0,0,0,0.13,0.15,0,1.49,0,113.44,13.23,0,0,0,3.94,0,0,0,0.47,0.27,0,7.24,0.61,0.9,0.2,0,0,0.01,5.76,0,0,0.79,3
"Mauritania",1994,0.364738977050033,138.76,36.22,0.19,0,0,0.12,0,0,0,0,0,0,0,0,0,0,0,0,0,0,1.24,0.03,0,1.44,0,72.96,19.38,0,0,0,1,0,0,0,0.3,0.12,0,1.05,0,0.12,0.79,0,0,0,1.05,0,0,0.75,2
"Mauritania",1995,0.322306879035915,137.62,50.04,0.23,0,0,0.08,0,0,0,0,0,0,0,0,0,0,0,0,0,0,0.75,0.04,0,1.01,0,58.31,12.03,0,0,0.06,2.16,0,0.03,0,0.21,0.21,0,6.5,0.07,0.37,1.17,0,0,0.44,1.42,0.04,0,1.45,1
"Mauritania",1996,0.333944479784596,111.48,31.84,0.17,0,0,0,0,0,0,0,0,0,0,0,0,0,0,0,0,0,0.66,0.01,0,1,0,54.38,12.26,0,0,0.05,0.39,0,0.08,0,0.18,0.38,0,4.46,0.32,0.18,0.53,0,0,0.03,0.23,1.03,0,1.3,2
"Mauritania",1997,0.279492748908541,107.28,37.28,0.18,0,0,0,0,0,0,0,0,0,0,0,0,0,0,0,0,0,0.51,0,0,0.92,0,38.69,17,0,0,0.13,0.5,0,0,0,1.01,0.55,0,5.6,0.2,0.27,0.42,0,0.01,0,0.2,0.23,0,1.58,2
"Mauritania",1998,0.271466240586619,90.08,25.38,0.12,0,0,0,0,0,0,0,0,0,0,0,0,0,0,0,0,0,0.53,2.47,0,0,0,36.53,13.97,0,0,0.02,0.66,0,0,0,0.86,0.27,0,3.52,0.25,0.17,0.72,0,0,0,0.13,1.05,0,0.88,2.55
"Mauritania",1999,0.232746100569552,103.81,34.57,0.1,0,0,0,0,0,0,0,0,0,0,0,0,0.01,0,0,0,0,0.49,0.86,0,0,0,30.44,17.48,0,0,0.06,3.66,0,0,0,0.25,0.36,0,6.48,0.2,0.03,0.32,0,0.21,1.15,0,3.84,0,0.49,2.81
"Mauritania",2000,0.23480013451753,95.69,31.98,0.05,0,0,0.23,0,0,0,0,0,0,0,0,0,0,0,0,0,0,0.55,2.22,0,0,0,31.31,7.61,0,0,0,0.64,0,0,0,4.61,0.38,0,5.82,0.2,0.12,0.99,0,0.25,0,0,2.3,0.18,2.1,4.15
"Mauritania",2001,0.218026590814636,87.93,31.4,0.07,0,0,0,0,0,0,0,0,0,0,0,0,0,0,0,0,0,0.47,1.21,0,0,0.01,22.13,9.7,0,0,0,1.42,0,0,0,3.51,0.42,0.09,7.61,0.38,0.37,1.03,0,0.06,0,0.01,0.85,0,0.96,6.23
"Mauritania",2002,0.129080058065071,157.47,14.78,0.21,0,0,0,0,0,0,0,0,0,0,0,0,0,0,0,0,0,9.72,1.87,0,0,0,26.36,25.92,0.1,0,0.07,2.1,0,0,0,27.58,0.53,0.24,18.42,0.31,0.4,19.37,0,0.11,1.55,0,0.15,0,2.18,5.5
"Mauritania",2003,0.2172671875,144,23.94,0.1,0,0,0,0,0,0,0,0,0,0,0,0,0,0,0,0,0,0.1,1.42,0,0,0.11,52.22,10.33,0.12,0,0.12,2.21,0,0,0,0.56,0.82,0,17.68,1.05,0.85,1.63,0,0.5,0,0,0.35,0,2.17,27.72
"Mauritania",2004,0.318121225859414,173.01,84.68,0.62,0,0,0,0,0,0,0,0,0,0,0,0,0,0,0,0,0,0.07,0.63,0,0,0.71,44.1,11.29,0,0,0.12,2.42,0,0.1,0,0.75,0.74,0,12.02,0.41,0.45,0.51,0,0.26,0,0,0,0,2.12,11.01
"Mauritania",2005,0.191050281123026,114.45,14.72,0.12,0,0,0,0.35,0,0,0,0,0,0,0,0,0,0,0,0,0,0.03,4.15,0,0,0.03,37.85,12.48,0.01,0,0.21,1.92,0,0,0,0.6,0.83,0,16.2,0.59,0.48,0,0,0.1,0.39,0,0,0,3.37,20.02
"Mauritania",2006,0.211934768715514,101.7,12.08,0.08,0,0,0,0,0,0,0,0,0,0,0,0.02,0,0,0,0,0,0.01,2.54,0,0,0.05,38.99,13.78,0.01,0,0.76,2.07,0,0,0,0.4,0.45,0,12.97,1.12,0.41,0.98,0,0.32,0.2,0,0,0,2.28,12.18
"Mauritania",2007,0.220822497347793,142.88,23.45,0.14,0,0,0,0,0,0,0,0.01,0,0,0,0,0,0,0,0,0,0.02,1.58,0,0,0.2,44.86,12.88,0.01,0,0.18,3.58,0,0,0,0.08,0.66,0,40.68,0.82,0.76,0.07,0,0.65,0.34,0,0,0,1.69,10.22
"Mauritania",2008,0.175242429174739,198.53,14.49,0.02,0,0.01,0,0,0,0,0,0.04,0,0.01,0,0,0,0,0,0,0,0.01,2.12,0,0,0.19,36.6,17.37,0.04,0,0.2,10.69,0,0,0,0.21,0.91,0,62.15,1.14,1.03,0,0,0.14,19.85,0,0,4.17,1.5,25.64
"Mauritania",2009,0.196266914661774,145.58,9.63,0.04,0,0,0,0,0,0,0,0.01,0,0.02,0,0,0.01,0,0,0,0,0,1.13,0,0,0.24,37.59,11.61,0.03,0,0,5.56,0,0,0,0,0.65,0,44.74,0.81,0.51,0.78,0,0,19.42,0,1,0.33,1.31,10.16
"Mauritania",2010,0.193919150777338,142.41,14.56,0.08,0,0,0,0,0,0,0,0.01,0,0.01,0,0,0,0,0,0,0,0,0.54,0,0,0.23,44.19,9.93,0.05,0,0,2.12,0,0,0,0,0.59,0,34.69,0.47,0.51,6.97,0,0,18.87,0,0.19,0.46,0.51,7.43
"Mauritania",2011,0.226963586311053,163.97,10.14,0.1,0,0,0.08,0,0,0,0,0.01,0,0,0,0,0.01,0,0,0,0,0,0.37,0,0,0.24,64.24,9.3,0.02,0,0.25,2.22,0,0,0,0,0.64,0,36.24,1.41,0.23,13.74,0,0,13.28,0,0.54,0.4,0.55,9.96
"Mauritania",2012,0.227267312452086,226.39,13.38,0,0,0,0.58,0,0,0,0,0.01,0,0,0,0,0,0,0.02,0,0,0.32,0.64,0,0,0.48,90.93,24.13,0.01,0,0.38,2.09,0,0.06,0,0,2.19,0,9.06,3.72,0.61,0.66,0,0,6.49,0,45.37,1.6,3.82,19.84
"Mauritania",2013,0.163679275560322,145.33,23.6,0,0,0,0.07,0,0,0,0,0.01,0,0,0,0,0,0,0,0,0,0,0.29,0,0,0.25,40.51,16.77,0,0,0.98,3.08,0,0,0,0,1.03,0,15.91,3.8,0.29,2.52,0,0,5.67,0,0.12,4.65,0.52,25.26
"Mauritania",2014,0.151382084855458,127.17,22.46,0,0,0,0.03,0,0,0,0,0,0,0,0,0,0,0,0,0,0,0.01,0.58,0,0,0.25,30.84,14.44,0,0,0.31,1.05,0,0,0,0,0.76,0,8.27,2.63,0.32,2.81,0,0,21.53,0,1.41,4.48,0.4,14.59
"Mauritania",2015,0.13792966997113,176.52,19.92,0,0,0.01,0.05,0,0,0,0,0,0,0,0,0,0.02,0,0,0,0,0,0.65,0,0,0.23,24.31,17.06,0,0,0.26,2.07,0,0.11,0,0,0.77,0,16.09,0.69,0.68,1.19,0,0,11.39,0,43.24,12.7,0.77,24.31
"Mauritania",2016,0.181568990429724,146,15.58,0.01,0,0,0.01,0,0,0,0,0,0,0,0,0,0,0,0,0,0,0,0.38,0,0,0.14,26.1,16.49,0,0,0.22,1.76,0,0,0,0,0.09,0.01,5.24,0,0.44,0.26,0,0,15.6,3.22,47.32,0.83,0.06,12.24
"Mauritania",2017,0.16725779853838,100.54,12.73,0,0,0,0.11,0,0,0,0,0,0,0,0,0,0,0,0,0,0,0,0.16,0,0,0.15,27,18.65,0,0,0.37,2,0,0,0,0.04,0,0.02,5.79,0,0.3,0.41,0,0,17.22,0.55,2.47,1.16,0.99,10.42
"Mauritania",2018,0.277917838054979,221.94,14.34,0,0,0,0,0,0,0,0,0,0,0,0,0,0,0,0,0,0,0,0.18,0,0,0,29.78,28.51,0,0,0.44,2.87,0,0,0,0,0,0.02,8.79,4.42,0.36,0.05,0,0,106.87,0,6.23,0.62,4.33,14.13
"Mauritania",2019,0.208125634678486,121.23,9.07,0,0,0,0,0,0,0,0,0.25,0,0,0,0,0,0,0,0,0,0,0.17,0,0,0,42.15,24.29,0,0,0.42,0.08,0,0,0,0.01,0,0,7.59,1.67,0.05,0.04,0,0,13.66,0,1.13,0.68,1,18.97
"Mauritania",2020,0.182353044218612,137.15,11.29,0,0,0,0,0,0,0,0,0,0,0,0,0,0,0,0,0,0,0,0.81,0,0.03,0.23,43.36,26.83,0,0,0.34,0.05,0,0,0,0,0,0,10.12,1.53,0.32,0,0.43,0,7.99,0,15.79,0.63,0.58,16.82
"Mauritania",2021,0.336791316799852,234.43,8.13,0,0,0,0,0,0,0,0,0.25,0,0.07,0,0,0,0,0,0,0,0,0.42,0,0.02,0,26.54,22.03,0,0,0.4,1.24,0,0,0,0,0,0,16.14,0.97,0.48,0.72,0,0,4.2,0,128.59,0.42,3.17,20.64
"Mauritania",2022,0.172779130372436,234.137931,19.250822,0,0,0,0,0,0,0,0,0,0,0,0,0,0.007108,0.005492,0,0,0,0,1.659188,0,0,0.305626,57.488446,50.693036,0,0,0.907674,2.199004,0,0,0,0,0,0.319336,17.379232,2.565552,0.807756,0.268532,0,0,0,0,20.867408,6.061612,4.168462,49.183645
"Mauritania",2023,0.199116211506355,271.471884,37.909988,0.875256,0,0,0,0,0,0,0,0.450514,0,0,0,0,0,0.021704,0,0,0,0,1.968072,0,0,0.316904,65.616813,65.380008,0,0.059134,0.88905,2.138494,0,0.540658,0,0,0,0,21.080599,3.140824,0.976962,0.014916,0,0,0,0,0,0.775784,4.756582,64.559622
"Mauritania",2024,0.182436218171542,278.648952,28.092874,4.844758,0,0,0,0,0,0,0,2.174854,0,0,0,0,0,0.07973,0,0,0,0,0.018018,0,0,0.320562,66.954918,44.92386,0,0,0.949134,2.638504,0,0.524624,0.00074,1.110294,0,0.41774,19.483545,5.184948,0.966358,9.827514,0,0,3.926239,0,0.763393,1.711982,4.394079,79.340284
"Mauritania",2025,NA,0,0,0,0,0,0,0,0,0,0,0,0,0,0,0,0,0,0,0,0,0,0,0,0,0,0,0,0,0,0,0,0,0,0,0,0,0,0,0,0,0,0,0,0,0,0,0,0,0
"Mauritius",1968,0.958979689748921,9.62,0,0,0,0,0.01,0,0,0,0,0,0,0,0,0,0,0,0,0,0,0,0.03,0,0.01,0,0,0.02,0,0,0,0,0,0,0,0,0,0,0,0.01,0.01,9.42,0,0,0,0,0,0,0.01,0.1
"Mauritius",1969,0.945790002749717,4.71,0,0,0,0,0.02,0,0,0,0,0,0,0,0,0,0,0,0,0,0,0,0,0,0.01,0,0,0,0,0,0,0,0,0,0,0,0,0,0,0.01,0.03,4.58,0,0,0,0,0,0,0.06,0
"Mauritius",1970,0.634575963718821,5.25,0,0,0,0,0.04,0,0,0,0,0,0,0,0,0,0,0,0,0,0,0,0,0,0.03,0,0,0.03,0,0,0,0,0,0,0,0,0,0,0,0.01,0.03,4.06,0,0,0,0,0,0,0.05,1
"Mauritius",1971,0.477956025791058,6.29,0,0,0,0,0.21,0,0,0,0,0,0,0,0,0,0,0,0,0,0,0,0.01,0,0.02,0,0.8,0.03,0,0,0,0,0,0,0,0.01,0,0,0,0,0.03,4.15,0,0,0,0,0,0,0.03,1
"Mauritius",1972,0.329172405876951,7.92,0,0,0,0,0.3,0.01,0,0,0,0,0,0,0,0,0,0,0,0,0,0,0,0,0.05,0,1.25,0.07,0,0,0,0,0,0,0,0.02,0,0,0,0,0.03,3.16,0,0,0,0,0,0,0.03,3
"Mauritius",1973,0.33017243844548,9.35,0,0,0,0,0.49,0.01,0,0,0,0,0,0,0,0,0,0,0,0,0,0,0,0,0.1,0,2.63,0.19,0,0,0,0.03,0,0,0,0.06,0,0,0,0,0.14,4.54,0,0,0,0,0,0,0.16,1
"Mauritius",1974,0.290213843154467,15.65,0,0,0,0,0.98,0.05,0,0,0,0,0,0,0,0,0,0,0,0,0,0,0.01,0,0.11,0,5.5,0.17,0,0,0,0.05,0,0,0,0.07,0,0,0,0,0.04,5.55,0,0,0,0,0,0,0.12,3
"Mauritius",1975,0.345220338055964,16.67,0,0,0,0,1.94,0.01,0,0,0,0,0,0,0,0,0,0,0,0,0,0,0.05,0,0.14,0,8.19,0.21,0,0,0,0.04,0,0,0,0.07,0,0,0,0,0.02,4.9,0,0,0,0,0,0,0.1,1
"Mauritius",1976,0.534422141484936,11.82,0.02,0,0,0,0.06,0,0,0,0,0,0,0,0,0,0,0,0,0,0,0,0.05,0,0.11,0,8.03,0.08,0,0,0,0,0,0,0,0.21,0,0,0,0,0.05,3.18,0,0,0,0,0.01,0,0.02,0
"Mauritius",1977,0.536328358159599,13.47,0.17,0,0,0,0.71,0,0,0,0,0,0,0,0,0,0,0,0,0,0,0.01,0,0,0.06,0.01,9.5,0.13,0,0,0,0,0,0,0,0.02,0,0,0,0,0.11,2.54,0,0,0,0,0,0,0.21,0
"Mauritius",1978,0.606193211521075,19.54,0.24,0,0,0,0.75,0,0,0,0,0,0,0,0,0,0,0,0,0,0,0,0.09,0,0.09,0.01,14.94,0.31,0,0,0,0,0,0,0,0.04,0,0,0,0,0.13,2.73,0,0,0,0,0,0,0.21,0
"Mauritius",1979,0.29604095045239,26.38,3.45,0,0,0,1.16,0,0,0,0,0,0,0,0,0,0,0,0,0,0,0,0.31,0,0,0.03,12.65,0.34,0,0,0.04,0,0,0,0,0.16,0,0,0,0,0.19,4.84,0,0,0,0,0,0,0.21,3
"Mauritius",1980,0.308753826781989,27.19,0.52,0,0,0,3.94,0,0,0,0,0,0,0,0,0,0,0,0,0,0,0,0.26,0,0.04,0,13.1,0.41,0,0,0.03,0,0,0,0,0.13,0,0,0,0,0.01,5.62,0,0,0,0,0,0,0.13,3
"Mauritius",1981,0.598052404885106,50.84,0.22,0,0,0,1.18,0,0,0,0,0,0,0,0,0,0,0,0,0,0,0,0.24,0,0.04,0.02,38.74,0.41,0,0,0.03,0,0,0,0,0,0,0,0,0,0.05,5.77,0,0,1.01,0,0,0,0.13,3
"Mauritius",1982,0.274223282655427,34.52,0.44,0,0,0,2.1,0,0,0,0,0,0,0,0,0,0,0,0,0,0,3.53,0.22,0,0.03,0.02,15.78,0.38,0,0,0,0,0,0,0,0.16,0,0,0,0,0.04,2.89,0,0,1.76,0,0,0,0.17,7
"Mauritius",1983,0.396868871925726,28.89,0.4,0,0,0,3.29,0,0,0,0,0,0,0,0,0,0,0,0,0,0,0.01,0.14,0,0,0,17.44,0.67,0,0,0,0,0,0,0,0.17,0,0,0,0,0.04,2.03,0,0,1.57,0,0,0,0.13,3
"Mauritius",1984,0.335205703329774,30.59,3.89,0,0,0,1.75,0,0,0,0,0,0,0,0,0,0,0,0,0,0,0.02,0.11,0,0,0.02,16.76,1.02,0,0,0,0.15,0,0,0,0.04,0.02,0,0,0,0.02,1.44,0,0,2.66,0.58,0,0,0.11,2
"Mauritius",1985,0.246031808242273,28.35,0.9,0,0,0,1.82,0,0,0,0,0,0,0,0,0,0,0,0,0,0,0.01,0.07,0,0,0,11.97,1.45,0,0,0,0.18,0,0,0,0.04,0.01,0,0,0,0.01,2.83,0,0,1.93,0.46,0.45,0,0.22,6
"Mauritius",1986,0.336367211073113,54.11,5.49,0,0,0,1.99,0,0,0,0,0,0,0,0,0,0,0,0,0,0,0,0.07,0,0,0,29.44,1.44,0,0,0.01,0.17,0,0,0,0.04,0.04,0,0,0.14,0.03,7.86,0,0,1.75,0.57,0.82,0,0.25,4
"Mauritius",1987,0.239938483007828,62.69,6.74,0,0,0,1.61,0,0,0,0,0,0,0,0,0,0,0,0,0,0,0.01,0.44,0,0,0,26.97,8.05,0,0,0,0.2,0,0,0,0.05,0.02,0,0,0.41,0.01,7.65,0,0,4.2,0,1.06,0,0.27,5
"Mauritius",1988,0.333226885440566,57.76,3.7,0,0.04,0,3.12,0,0,0,0,0,0,0,0,0,0,0,0,0,0,0.01,0.06,0,0,0.01,31.56,8,0,0,0,0.6,0,0,0,0.05,0.02,0,0,0.08,0.01,4.28,0,0,2.1,1.53,1.32,0,0.27,1
"Mauritius",1989,0.333572117060273,64.5,15.49,0,0.05,0,3.51,0,0,0,0,0,0,0,0,0,0,0,0,0,0,0.01,0,0,0,0.01,33.05,3.8,0,0,0,0,0,0,0,0.05,0.04,0,2.14,0.6,0,4.85,0,0,0.3,0,0.27,0,0.33,0
"Mauritius",1990,0.282185581883378,89.44,7.37,0,0,0,4.15,0,0,0,0,0,0,0,0,0,0,0,0,0,0,0.01,0,0,0,0.03,39.11,24.51,0,0,0,0,0,0.16,0,0.06,0.03,0,0,5.84,0,3.99,0,0,0.32,0.79,0.78,0,0.29,2
"Mauritius",1991,0.60510058109128,76.88,6.34,0.08,0.01,0,2.57,0,0,0,0,0,0,0,0,0,0,0,0,0,0,0.01,0.01,0,0,0.29,59.27,1.2,0,0,0.01,0,0,0.16,0,0.02,0.03,0,0,2.1,0.01,3.1,0,0,0,0.29,0.2,0,0.18,1
"Mauritius",1992,0.60132432468432,54.8,1.89,0,0.1,0,3.97,0,0,0,0,0,0,0,0,0,0,0,0,0,0,0.01,0.03,0,0,0.29,42.08,0.9,0,0,0,0.01,0,0.07,0,0,0.06,0,0,0.41,0.03,3.68,0,0,0.05,1.04,0,0,0.18,0
"Mauritius",1993,0.420598895246482,48.93,1.66,0.07,0.08,0,2.53,0,0,0,0,0,0,0,0,0,0,0,0,0,0,0,0.48,0,0,0.21,30.37,8.2,0,0,0.01,0,0,0.54,0,0.02,0.04,0,0,0.42,0,2.43,0,0,0.84,0.93,0,0,0.1,0
"Mauritius",1994,0.481314715180396,26.98,1.22,0.04,0.07,0,2.14,0,0,0,0,0,0,0,0,0,0,0,0,0,0,0,0.29,0,0,0.21,18.42,0.65,0,0,0.01,0,0,0.69,0,0.02,0,0,0,0.34,0,1.87,0,0,0.3,0.41,0,0,0.3,0
"Mauritius",1995,0.46114679105823,51.6,8.3,0.04,0.08,0,2.1,0.02,0,0,0,0,0,0,0,0,0,0,0,0,0,0.01,0.4,0,0,0.29,33.79,0.83,0,0,0,0.04,0,1.38,0,0.02,0,0,0,0.21,0.6,3.07,0,0,0,0.24,0,0,0.18,0
"Mauritius",1996,0.373942188010653,33.06,5.16,0.2,0.01,0,2.05,0.01,0,0,0,0,0,0,0,0,0,0,0,0,0,0.01,0.04,0,0,0.24,19.15,0.91,0,0,0,0,0,2.4,0,0.15,0.03,0,0,0.04,0,2.04,0,0,0.1,0,0,0,0.52,0
"Mauritius",1997,0.284565785136552,45.51,6.74,0.02,0,0,1.67,0.01,0,0,0,0,0,0,0,0,0,0,0,0,0,0.01,0.08,0,0,0.2,19.98,0.8,0.11,0,0,0,0,1.34,0,0.1,0.02,0,0,0.04,0,2.59,0,0.14,11.52,0,0,0,0.14,0
"Mauritius",1998,0.350166248673933,31.51,6.18,0.01,0,0,0.88,0,0,0,0,0,0,0,0,0,0,0,0,0,0,0.01,0.98,0,0,0.17,17.23,0.73,0.31,0,0,0,0,1.87,0,0.13,0.02,0,0,0,0,2.58,0,0.12,0.13,0,0,0,0.09,0.07
"Mauritius",1999,0.527819584231454,26.57,3.33,0,0,0,0.7,0,0,0,0,0,0,0,0,0,0,0,0,0,0,0.02,0,0,0,0.11,18.94,0.52,0.28,0,0,0,0,0.85,0,0,0.02,0,0,0,0,0.74,0,0,0.81,0,0,0,0.14,0.11
"Mauritius",2000,0.437944759880293,27.71,2.77,0,0,0,0.29,0.01,0,0,0,0,0,0,0,0,0,0,0,0,0,0.02,0.62,0,0,0.09,17.88,0.37,0.09,0,0,0.01,0,1.15,0,0.03,0.94,0,0,0,0,0.74,0,0.1,2.34,0,0,0,0.2,0.06
"Mauritius",2001,0.327992079137585,32.88,2.15,0,0,0,0.24,0,0,0,0,0,0,0,0,0,0.01,0,0,0,0,0.02,0.51,0,0,0.05,16.13,0.1,0.2,0,0,0.01,0,0.96,0,0.14,0.62,0,0,0,0,2.33,0,0.06,9.09,0,0,0,0.14,0.12
"Mauritius",2002,0.431595047898367,25.11,1.78,0.01,0,0,0.14,0.01,0,0,0,0.01,0,0,0,0,0,0,0,0,0,0.01,0.44,0,0,0.01,15.94,2.79,0.01,0,0,0,0,0,0,0.05,0.31,0,0,0,0,0.25,0,0.08,2.53,0,0,0,0.24,0.5
"Mauritius",2003,0.518809891226617,32.6,4.1,0.01,0,0,0,0.02,0,0,0,0,0,0,0,0,0,0,0,0,0,0.01,0.43,0,0,0,22.91,0.76,0,0,0,0,0,0.57,0,0.01,0,0,0,0.01,0,0.24,0,0.02,2.89,0,0,0,0.28,0.34
"Mauritius",2004,0.711106748668664,34.54,2.79,0.05,0,0,0.02,0.03,0,0,0,0,0,0,0,0,0,0,0,0,0,0,0.5,0,0,0,28.97,0.21,0.01,0,0,0.03,0,0.86,0,0.01,0.02,0,0,0.02,0,0.16,0,0,0.3,0,0,0,0.31,0.25
"Mauritius",2005,0.347996428951004,48.5,18.91,0,0,0,0.04,0,0,0,0,0,0,0,0,0,0,0,0,0,0,0,0.21,0,0,0,20.82,0.47,0.02,0,0,0,0,0.72,0,0.01,0.03,0,0,0.02,0,0.13,0,0,4.88,0,0,0,1.56,0.68
"Mauritius",2006,0.450336612791958,38.58,14.14,0.01,0,0.02,0.09,0.03,0,0,0,0,0,0,0,0,0,0,0,0,0,0.02,0.09,0,0,0,21.66,0.45,0.77,0,0.03,0,0,0.21,0,0,0,0,0,0.03,0,0.04,0,0,0.27,0,0,0,0.35,0.37
"Mauritius",2007,0.799834123032156,64.73,5.42,0,0,0.02,0,0.04,0,0,0,0,0,0.01,0,0,0,0,0,0,0,0.02,0,0,0,0,57.63,0.51,0.04,0,0,0,0,0.02,0,0,0.04,0,0.01,0,0,0.12,0,0,0,0,0,0,0.58,0.27
"Mauritius",2008,0.799856029920868,60.19,3.38,0,0,0.01,0.13,0.03,0,0,0,0,0,0,0,0,0.02,0,0,0,0,0.01,0,0,0,0,53.7,1.41,0,0,0,0,0,0,0,0,0,0,0,0.03,0,0.6,0,0,0.37,0,0,0.01,0.31,0.18
"Mauritius",2009,0.530095189231655,76.64,1.27,0,0,0,0.21,0.04,0,0,0,0,0,0,0,0,0.01,0,0,0,0,0.01,0,0,0,0,51.62,1.18,0,0,0,0,0,0.15,0,0,0.4,0,0.02,0.01,0,21.11,0,0.02,0.21,0,0,0,0.25,0.13
"Mauritius",2010,0.825821180243593,67.52,0.7,0.03,0,0.01,0.13,0.04,0,0,0,0,0,0.01,0,0,0.01,0.08,0,0,0,0.01,0,0,0,0.03,61.26,0.4,0,0,0.23,0,0,0.37,0,0,0.33,0,0.03,0,0,3.3,0,0,0.04,0,0,0.01,0.03,0.47
"Mauritius",2011,0.859975592381937,115.65,1.47,0.04,0,0,1,0.01,0,0,0,0,0,0.01,0,0,0.01,0.19,0,0,0,0.01,0,0,0,0,107.14,0.47,0,0,0,0,0,0.12,0,0,0.71,0,0.03,0,0,4.38,0,0,0,0,0,0,0,0.06
"Mauritius",2012,0.728089375859797,105.95,4.99,0.04,0,0,0.64,0,0,0,0,0,0,0.03,0,0,0,0.18,0.04,0,0,0.01,0,0,0,0.13,89.83,0.36,0,0,0,0,0,0.13,0,0,0.13,0,0,0.15,0,8.83,0,0,0,0,0,0.01,0.07,0.38
"Mauritius",2013,0.744458912789709,83.91,2.55,0.01,0,0,1.65,0,0,0,0,0,0,0.02,0,0,0.01,0,0,0,0,0.01,0,0,0,0,72.07,0.54,0,0,0,0,0,0.07,0,0,0.13,0,0,0,0,6.15,0,0,0,0,0,0.23,0.09,0.38
"Mauritius",2014,0.697236384021362,112.14,3.61,0.02,0,0.02,0.51,0.03,0,0,0,0,0,0,0,0,0,0.05,0,0,0,0.01,0,0,0,0.95,92.61,0.48,0,0,0,0,0,0,0,0,0.11,0,0,0,0,13.3,0,0,0,0,0,0.19,0.1,0.15
"Mauritius",2015,0.720656168827434,67.55,2.13,0.01,0,0.04,0.59,0.1,0,0,0,0,0,0.01,0,0,0,0.11,0,0,0,0.02,0,0,0,1.48,57.02,0.37,0,0,0,0,0,0,0,0,0,0,0,0.01,0,5.46,0,0,0,0,0,0,0.04,0.16
"Mauritius",2016,0.611161708156244,43.92,4.28,0,0,0.02,0.66,0.07,0,0,0,0,0,0,0,0,0,0.03,0,0,0,0,0,0,0,0,33.79,0.45,0,0,0,0,0,0,0,0,0,0,0,0,0,4.26,0,0,0,0,0.12,0.12,0.06,0.06
"Mauritius",2017,0.504008994272471,47.37,2.57,0.03,0,0.03,2.94,0.07,0,0,0.01,0,0,0.01,0,0,0,0.02,0,0,0,0.01,0,0,0,0,32.57,0.71,0,0,0,0.01,0,0,0,0,0,0,0.02,0.5,0,7.35,0,0,0,0,0.03,0.25,0.23,0.01
"Mauritius",2018,0.801157919095615,95.01,6.69,0,0,0,0.64,0.17,0,0,0,0,0,0,0,0,0.01,0.02,0,0,0,0.02,0,0,0,0,84.76,1.35,0,0,0,0.02,0,0,0,0,0,0,0.03,0,0.02,0.76,0,0.01,0,0,0.02,0.01,0.21,0.27
"Mauritius",2019,0.438366204632866,37.14,4.08,0,0,0,0.57,0.05,0,0,0.01,0,0,0,0,0,0,0.01,0,0,0,0.03,0,0,0,2.88,23.8,2.02,0,0,0,0.03,0,0,0,0,0,0,0,0,0.01,2.94,0,0.01,0,0,0.08,0.09,0.47,0.06
"Mauritius",2020,0.892775764518147,399.76,13.77,0,0,0,0.54,0.03,0,0,0.01,0,0,0.01,0,0,0.02,0.01,0,0,0,0.04,0,0,0,1.61,377.45,3,0,0,0,0.01,0,0,0,0,0,0.01,0,0,0.03,1.2,0,0.02,0,0,0.72,0.08,0.41,0.79
"Mauritius",2021,0.779086960507352,337.24,295.71,0,0,0,0.28,0.01,0,0,0,0,0.01,0.01,0,0,0.02,0.01,0,0,0,0.06,0,0,0,0.7,33.81,3.95,0,0,0,0.01,0,0,0.01,0,0,0.01,0,0.01,0,1.23,0,0.05,0,0,0.15,0.04,0.2,0.96
"Mauritius",2022,0.591234098881492,143.128927,14.187014,0.09639,0,0.031082,0.63223,0,0,0,0,0,0,0.005224,0,0,0.00622,0.037502,0,0,0,0.107988,0,0,0,0,108.454381,8.6957,0,0,0,0.026742,0,0,0.021102,0,0,0.011104,0,0.002498,0,1.492756,0,0.007778,8.342044,0,0.010388,0.051604,0.283286,0.625894
"Mauritius",2023,0.732836825259081,155.231094,4.621799,0.651462,0,0,0.668805,0,0,0,0,0,0,0,0,0,0.07121,0.026956,0,0,0,0.099044,0,0,0,0,132.420942,8.967142,0,0,0.027758,1.100708,0,0,0.035468,0,0,0.009954,0,0.109728,0,2.27458,0,0.01602,0,0,3.811272,0.077658,0.218652,0.021936
"Mauritius",2024,0.54538406955671,132.694487,4.930831,0.347382,0,0,0.423337,0,0,0,0,0,0,0,0,0,0.068788,0.043946,0,0,0,0.070636,0,0,0,0,96.381808,9.840675,0,0,0.2228,1.071914,0,0,0.059664,0,0,0.008928,0,0.27087,0,1.16394,0,0,4.387196,0,13.044714,0.098106,0.24401,0.014942
"Mauritius",2025,NA,0,0,0,0,0,0,0,0,0,0,0,0,0,0,0,0,0,0,0,0,0,0,0,0,0,0,0,0,0,0,0,0,0,0,0,0,0,0,0,0,0,0,0,0,0,0,0,0,0
"Morocco",1956,NA,0,0,0,0,0,0,0,0,0,0,0,0,0,0,0,0,0,0,0,0,0,0,0,0,0,0,0,0,0,0,0,0,0,0,0,0,0,0,0,0,0,0,0,0,0,0,0,0,0
"Morocco",1957,NA,0,0,0,0,0,0,0,0,0,0,0,0,0,0,0,0,0,0,0,0,0,0,0,0,0,0,0,0,0,0,0,0,0,0,0,0,0,0,0,0,0,0,0,0,0,0,0,0,0
"Morocco",1958,NA,0,0,0,0,0,0,0,0,0,0,0,0,0,0,0,0,0,0,0,0,0,0,0,0,0,0,0,0,0,0,0,0,0,0,0,0,0,0,0,0,0,0,0,0,0,0,0,0,0
"Morocco",1959,NA,0,0,0,0,0,0,0,0,0,0,0,0,0,0,0,0,0,0,0,0,0,0,0,0,0,0,0,0,0,0,0,0,0,0,0,0,0,0,0,0,0,0,0,0,0,0,0,0,0
"Morocco",1960,0.998668276223579,60.04,0,0,0,0,0,0,0,0,0,0,0,0,0,0,0,0,0,0,0,0,0,0,0,0,0,0.01,0,0,0,0,0,0,0,0,0,0,0,0,0,0.03,0,0,0,0,0,0,0,60
"Morocco",1961,0.798337274871938,110.57,0,0,0,0,0,0,0,0,0,0,0,0,0,0,0,0,0,0,0,0,0,0,0,0,12.5,0.01,0,0,0,0.03,0,0,0,0,0,0,0,0,0,0.03,0,0,0,0,0,0,0,98
"Morocco",1962,0.523795672235532,79.1,0,0,0,0,0,0,0,0,0,0,0,0,0,0,0,0,0,0,0,0,0,0,0,0,29.6,0.2,0,0,0,0.3,0,0,0,0,0,0,0,0,0,0,0,0,0,0,0,0,0,49
"Morocco",1963,0.486478771027154,93.48,0,0,0,0,0,0,0,0,0,0,0,0,0,0,0,0,0,0,0,0,0,0,0,0,43,0.6,0,0,0,0.86,0,0,0,0,0,0,0,0,0.01,0,0,0,0,0,0,0,0.01,49
"Morocco",1964,0.519639749927246,105.28,0,0,0,0,0,0,0,0,0,0,0,0,0,0,0,0,0,0,0,0,0,0,0,0,65.1,0.36,0,0,0,0.69,0,0,0,0,0,0,0,0,0.01,0.08,0,0,0,0,0,0,0.04,39
"Morocco",1965,0.406536757908562,109.22,0,0,0,0,0,0,0,0,0,0,0,0,0,0,0,0,0,0,0,0.04,0.05,0,0,0,45.4,11.57,0,0,0,0.48,0,0,0,0,0,0,0,0.04,0.03,0,0,0,0,0,0,0,0.09,51.52
"Morocco",1966,0.351567953806475,108.71,0,0,0,0,0,0,0,0,0,0,0,0,0,0,0,0,0,0,0,0.56,0.26,0,0,0,40.3,2.18,0,0,0,0,0,0,0,0,0,0,0,0,0,0.01,0,0,0,18.59,0,0,0.12,46.69
"Morocco",1967,0.33377278158126,68.04,0.03,0,0,0,0,0,0,0,0,0,0,0,0,0,0,0,0,0,0,0.19,0.8,0,0.08,0,19.6,14.59,0,0,0,0.46,0,0,0,0,0,0,0,0,0.01,0.02,0,0,0,0,0,0,1.52,30.74
"Morocco",1968,0.339491158302329,90.38,0.08,0,0,0,0,0,0,0,0,0,0,0,0,0,0,0,0,0,0,0.06,1.63,0,0.14,0,21.6,25.23,0,0,0,0.46,0,0,0,0,0,0,0,0.01,0.05,0.1,0,0,0,0,0,0,0.19,40.83
"Morocco",1969,0.281971825535004,82.31,0.15,0,0,0,0,0,0,0,0,0,0,0,0,0,0,0,0,0,0,0,1.26,0,0.18,0,27.3,12.24,0,0,0,10.65,0,0,0,0,0,0,0,0,0.06,0.07,0,0,0,0,0,0,0.4,30
"Morocco",1970,0.281401002058054,92.18,0.13,0,0,0,0,0,0,0,0,0,0,0,0,0,0,0,0,0,0,0,1.79,0,0.5,0,27.2,17.82,0,0,0,0.66,0,0,0,0,0,0,0,0,0.04,0.04,0,0,4.95,0,0,0,3.05,36
"Morocco",1971,0.298326364337348,133.82,0.12,0,0,0,0,0,0,0,0,0,0,0,0,0,0,0,0,0,0,0,1.44,0,0.3,0,35.3,30.29,0,0,0,1.99,0,0,0,0.04,0,0,0,0.03,0.06,0.05,0,0,2.87,0,0,0,5.33,56
"Morocco",1972,0.306358513440449,104.53,0.1,0,0,0,0,0,0,0,0,0,0,0,0,0,0,0,0,0,0,0,2.58,0,0.11,0,41.5,14.81,0,0,0,0.52,0,0,0,0.11,0,0,0,0,0.06,0.06,0,0,3.4,0,0,0,4.28,37
"Morocco",1973,0.287260352772492,95.99,0.16,0,0,0,0,0,0,0,0,0,0,0,0,0,0,0,0,0,0,0,3.53,0,0.33,0,40.09,14.28,0,0,0,1.13,0,0,0,0.15,0,0,0,0,0.04,0.05,0,0,2.71,0,0,0,5.52,28
"Morocco",1974,0.298044551205203,112.71,0.31,0,0,0,0,0,0,0,0,0,0,0,0,0,0,0,0,0,0,0,4.94,0,0.64,0,48.25,15.66,0,0,0,1.11,0,0,0,0.53,0,0,0,0.02,0.02,0.04,0,0,2.07,0,0,0,5.12,34
"Morocco",1975,0.282504979359381,239.47,1.03,0,0,0,0,0,0,0,0,0,0,0,0,0,0,0,0,0,0,0,10.66,0,0.34,0,115.58,36.96,0,0,0,1.41,0,0,0,0.79,0,0,0,0,0.01,0.06,0,0,9.28,15,25.25,0,3.1,20
"Morocco",1976,0.261366665055959,218.97,0.84,0,0,0,0,0,0,0,0,0,0,0,0,0,0,0,0,0,0,0,9.23,0,0,0,98.44,13.83,0,0,0,8.93,0,0,0,0.89,0,0,0,0,0.09,0.06,0,0,4.88,10,35.5,0,3.28,33
"Morocco",1977,0.384647922738927,552.68,12.58,0,0,0,0,0,0,0,0,0,0,0,0,0,0,0,0,0,0,0.05,12.32,0,0,0,90.7,24.13,0,0,0,1.61,0,0,0,0.33,0,0,0,0,0.41,0.08,0,0,7.86,325,37.91,0,4.7,35
"Morocco",1978,0.26931031167979,385.91,0.78,0,0,0,0,0,0,0,0,0,0,0,0,0,0,0,0,0,0,0.04,14.25,0,0.05,0,106.78,38.66,0,0,0,1.75,0,0,0,0.52,0,0,0,0,0.05,0.06,0,0,24.67,158.8,0.92,0,4.58,34
"Morocco",1979,0.249449998377446,426.21,1.57,0,0,0,0,0,0,0,0,0,0,0,0,0,0,0,0,0,0,0.05,15.61,0,0.19,0,98.23,49.39,0,0,0,2.12,0,0,0,0.45,0,0,0,0,0.18,0.07,0,0,0,168.6,62.21,0,1.54,26
"Morocco",1980,0.290276446623696,836.02,4.05,0,0,0,0,0,0,0,0,0,0,0,0,0,0,0,0,0,0,0.08,14.16,0,0.14,0.01,150.95,23.39,0,0,0,1.87,0,0,0,0.8,0.11,0,0,0,0.04,0.16,0,0,15.77,328.1,265.96,0,4.43,26
"Morocco",1981,0.539366600526854,1032.17,1.67,0,0,0,0,0,0,0,0,0,0,0,0,0,0,0,0,0,0,0.1,15.26,0,0.02,0,138.1,31.54,0,0,0,1.36,0,0,0,0.55,0,0,0,0,0.02,25.19,0,0,8.76,742.36,17.19,0,3.05,47
"Morocco",1982,0.463505623631016,732.13,17.17,0,0,0,0,0,0,0,0,0,0,0,0,0,0,0,0,0,0,1.47,9,0,0,0,92.58,47.99,0,0,0,3.66,0,0,0,0.15,0,0,0,0,0.16,6.61,0,0,2.02,483.2,1.13,0,6.99,60
"Morocco",1983,0.19378427391198,357.14,11.27,0,0,0,0,0,0,0,0,0,0,0,0,0,0,0,0,0,0,0.14,8.14,0,0,0,116.21,25.79,0,0,0,6.01,0,0,0,0.22,0,0,0,0,0.3,0.15,0,0,11.15,65,57.01,0,3.75,52
"Morocco",1984,0.205308998835988,368.47,38.47,0,0,0,0,0,0,0,0,0,0,0,0,0,0,0,0,0,0,0.13,3.85,0,0.05,0,113.05,32.57,0,0,0,4.14,0,0,0,1.64,0.05,0,0,0,1.67,0.28,0,0,5.13,84.3,3.84,0,6.3,73
"Morocco",1985,0.28946415174188,772.47,22.31,0,0,0,0.08,0,0,0,0,0,0,0,0,0,0,0,0,0,0,0.06,5.36,0,0,0,174.24,42.55,0,0,0,2.04,0,0,0,0.88,0.01,0,0,0,2.45,0.12,0,0,7.34,356.6,58.15,0,3.28,97
"Morocco",1986,0.235141379688354,407.12,15.22,0,0,0,0,0,0,0,0,0,0,0,0,0,0,0,0,0,0,0.04,4.29,0,15.91,0,146.66,102.46,0,0,0,3.12,0,0,0,0.09,0.01,0,0,0,0.64,0.23,0,0,0.02,3.57,40.65,0,5.21,69
"Morocco",1987,0.317295249103133,436.89,24.01,0,0,0,0,0,0,0,0,0,0,0,0,0,0,0,0,0,0,0.07,4.16,0,0,0,222.46,41.3,0,0,0,7.84,0,0,0,0.64,0,0,1.1,0,0.09,0.3,0,0,0,10.3,31.64,0,5.98,87
"Morocco",1988,0.193273908672821,473.7,28.26,0.03,0,0,0,0,0,0,0,0,0,0,0,0,0,0,0,0,0,0.07,6.21,0,0.01,0,160.03,81.8,0,0,0,21.81,0,0,0,1.2,0,0,2.2,0,1.17,1.17,0,0,18.85,15.9,11.45,0,35.54,88
"Morocco",1989,0.223234056769676,489.19,25.73,0,0,0,0,0,0,0,0,0,0,0,0,0,0,0,0,0,0,0.1,1.9,0,10.71,0.02,185.37,86.88,0,0,0,8.17,0,0,0,0.66,0,0,13.77,6.16,0.54,0.76,0,0,8.38,9.43,4.51,0,29.1,97
"Morocco",1990,0.21190447305215,1023.29,111.64,0,0,0,0,0,0,0,0,0,0,0,0,0,0,0,0,0,0,0.17,3.08,0,12.7,0.15,243.73,71.09,0,0,0,36.13,0,0.03,0,0.54,0,0,34.44,2.3,1.62,18.66,0,0,19.92,368.98,0.83,0,30.28,67
"Morocco",1991,0.211683085242604,1189.72,32.48,0.1,0,0,0,0,0,0,0,0,0,0,0,0,0,0,0,0,0,0.41,7.28,0,0.75,0.74,312.72,68.67,0,0,0,72.12,0,0,0,0.14,0.21,0,99.12,2.25,8.83,1.48,0,0,11.38,413.11,65.48,0,18.45,74
"Morocco",1992,0.149676729047113,961.85,42.86,0.14,0.01,0,0,0,0,0,0,0,0,0,0,0,0,0,0,0,0,0.27,24.95,0,3.7,0.55,247.75,99.33,0,0,0,159.22,0,0,0,0.06,0.03,0.04,168.78,10.54,0.82,5.91,0,0,56.53,49.54,11.67,0,9.15,70
"Morocco",1993,0.22727275913491,640.65,66.56,0,0,0,0.01,0,0,0,0,0,0,0,0,0,0,0,0,0,0,0.37,9.43,0,2.95,0.29,272.5,66.3,0,0,0,33.83,0,0,0,0.03,0,0.09,68.35,0.64,0.05,1.18,0,0,7.76,33.64,12.57,0,11.1,53
"Morocco",1994,0.176335868354548,513.82,77.48,0.18,0,0,0,0,0,0,0,0,0,0,0,0,0,0,0,0,0,0.79,7.07,0,0.53,0.2,177.56,58.77,0,0,0,39.3,0,0,0,0.11,0,0.44,29.93,0.9,1.38,15.19,0,0,17.2,24.84,14.46,0,6.49,41
"Morocco",1995,0.247911347108128,591.17,44.82,0.46,0,0,0,0,0,0,0,0,0,0,0,0,0,0,0,0,0,0.54,6.04,0,0.39,0.3,257.79,90.79,0,0,0,84.23,0,0.02,0,0.26,0,0.38,22.23,0.94,0.43,0.95,0,0,42.94,4.33,8.31,0,7.02,18
"Morocco",1996,0.330408886265218,648.15,62.51,0.33,0,0,0,0,0,0,0,0,0,0,0,0,0,0,0,0,0,0.58,9.5,0,0.09,0.12,352.8,68.14,0,0,0.07,19.29,0,0.02,0,0.56,0.05,0.11,33.74,0.66,0.19,0.47,0,0,54.05,2.04,2.82,0,5.01,35
"Morocco",1997,0.273914301386447,451.65,38.16,0.04,0,0,0,0,0,0,0,0,0,0,0,0,0,0,0,0,0,0.69,12.05,0,0.47,0.05,214.87,65.26,0.21,0,0.05,4.95,0,0.61,0,0.85,0.08,0.01,34.3,0.34,0.07,0.58,0,0.99,48.54,0.82,9.36,0,5.3,13
"Morocco",1998,0.25936716472722,564.94,50.64,0.02,0,0,0,0,0,0,0,0,0,0,0,0,0.08,0,0,0,0,1.33,6.51,0,0,0.11,254.69,78.09,0.33,0,0.01,1.25,0,0.81,0,1.89,0.09,0,72.14,0.33,0.52,0.54,0,0.71,54.67,0.3,3.84,0.02,4.94,31.08
"Morocco",1999,0.302560915973482,526.39,73.25,0.08,0,0,0,0,0,0,0,0,0,0,0,0,0.03,0,0,0,0,0.51,7.18,0,0,0.07,265.62,67.65,0.14,0,0.02,3.48,0,1.06,0,2.73,0.04,0,24.97,0.59,0.6,0.42,0,0.44,44.21,0,2.83,0.01,4.84,25.62
"Morocco",2000,0.236984161975309,506.25,119.86,0.04,0,0,0,0,0,0,0,0.05,0,0,0,0,0.04,0,0,0,0,0.73,5.62,0,0,0.03,196.08,41.33,0.17,0,0.02,4.49,0,1.95,0,0.07,0.12,0.27,59.21,0.81,0.52,0.23,0,0,19.97,0.48,1.3,0,5.77,47.09
"Morocco",2001,0.279514206099415,507.62,117.33,0.14,0,0,0,0,0,0,0,0.07,0,0,0,0,0.03,0,0,0,0,0.48,3.31,0,0.22,0.21,227.77,62.54,0.02,0,0.01,4.28,0,2.77,0,1.25,0.09,0.25,38.5,0.56,1.04,0.19,0,0,25.92,0.93,0.13,0,3.43,16.15
"Morocco",2002,0.296961181696507,429.64,55.4,0.46,0,0,0,0,0,0,0,0.15,0,0,0,0,0.02,0,0,0,0,0.47,5.86,0,0.05,0.03,215.78,51.26,0.1,0,0,3.84,0,1.66,0,1.31,0.17,0.57,38.69,0.78,1.17,0,0,0,25.46,0,3.83,0,4.68,17.9
"Morocco",2003,0.236594891819319,629.3,85.52,0.68,0,0,0,0,0,0,0,0.09,0,0,0,0,0.01,0,0,0,0,0.32,11.14,0,0,0.19,275.16,64.99,0.21,0,0,35.78,0,2.03,0,2.04,0.36,0.07,35,0.74,3.4,0,0,0.75,41.28,0,38.03,0,7.16,24.35
"Morocco",2004,0.234548137609789,773.27,91.53,2.5,0,0,0,0,0,0,0,0.1,0,0.05,0,0,0.02,0,0,0,0,0.81,14.43,0,0.09,0.25,327.96,84.97,0.25,0,0.27,8.06,0,1.89,0,6.69,0.83,0.29,109.79,0.65,1.34,0.13,0,0,43.09,0,48.25,0.26,7.05,21.72
"Morocco",2005,0.223645604447605,793.9,80.51,1.4,0,0,0,0,0,0,0,0.25,0,0,0,0,0.03,0,0,0,0,0.56,17.16,0,1.07,0.33,330.73,108.45,0.1,0,0.02,39.48,0,1.76,0,1.59,0.11,0.83,53.75,0.55,1.46,0,0,0.25,67.67,0,60.39,1.06,7.01,17.38
"Morocco",2006,0.223302249804449,936.03,88.59,2.4,0,0,0,0,0,0,0,0.02,0,0,0,0,0,0,0,0,0,0.62,11.36,0,1.74,0.23,379.09,146.23,0.08,0,0.17,19.19,0,1.35,0,0.54,0.14,0.23,88.77,1.52,5.35,0,0,0.19,47.59,0,106.54,0.35,9.75,23.99
"Morocco",2007,0.192319387738897,1211.99,122.54,2.85,0,0,0,0,0,0,0,0.02,0,0,0,0,0.04,0,0,0,0,0.36,13.91,0,1.58,0.35,431.69,206.97,0.21,0,0.17,99.15,0,0.97,0,0.03,0,0.26,111.48,1.29,2.11,0.34,0,0.16,70.44,0,97.08,0.38,11.5,36.11
"Morocco",2008,0.157751224188513,1054.03,142.98,2.58,0,0.02,0,0,0,0,0,0.03,0,0,0,0,0.05,0,0,0,0,0.31,17.51,0,2.23,0.38,307.11,146.54,0.27,0,0.17,12.75,0,1.34,0,0.81,0,95.3,136.77,0.03,2.06,6.69,0,0.21,85.63,0,45.81,0.49,12.58,33.38
"Morocco",2009,0.204823618000481,1087.1,138.67,2.7,0,0.02,0,0,0,0,0,0.05,0,0.02,0,0,0.07,0,0,0,0,0.17,23.5,0,1.32,0.61,382.89,139.78,0.28,0,0.01,5.9,0,1.39,0,1.89,0.01,20.66,220.04,0.01,2.02,4.76,0,0.14,61.49,0,10.9,0.49,10.78,56.53
"Morocco",2010,0.193666017115465,1085.88,174.77,3.92,0,0.02,0,0,0,0,0,0.04,0,0,0,0,0.01,0.12,0,0,0,0.18,21.85,0,1.74,0.57,390.83,105.47,0.17,0,0.01,12.56,0,0,0,1.14,0.02,0.15,119.8,0.02,2.94,104.42,0,0.16,51.24,0,16.2,0.45,5.65,71.43
"Morocco",2011,0.245029617293422,1413.48,99.03,7.51,0,0.01,0.16,0,0,0,0,0.02,0,0,0,0.01,0.12,0.21,0,0,0,0.18,28.91,0,2.28,0.52,629.5,119.33,0.16,0,0,18.78,0,0,0,1.78,0.09,0.28,62.37,0,4.62,191.4,0,0.03,54.79,0,32.17,0.75,5.61,152.86
"Morocco",2012,0.266679795916922,1410.27,146.49,6.22,0,0.05,1.03,0,0,0,0,0.03,0,0.05,0,0,0.02,0.76,0.08,0,0,0.23,17.42,0,0.37,0.51,666.76,85.78,0.55,0,0.01,4.15,0,0,0,1.89,0.2,58.24,38.81,0.11,8.19,134.59,0,0.01,22.21,0,26.93,1.44,7.47,179.67
"Morocco",2013,0.279183881136249,1809.6,138.05,5.35,0,0.05,0.61,0.02,0,0,0,0,0,0.02,0,0,0,0.1,1.98,0,0,0.22,14.35,0,0.01,0.59,876.48,121.41,0.05,0,0,2.98,0,0,0,2.15,0.41,0.14,41.22,0.45,7.67,124.84,0,0.05,119.08,0,62.37,2.75,9.71,276.49
"Morocco",2014,0.227001310068755,2088.32,80.72,4.05,0,0,0.35,0.05,0,0,0,0,0,0.04,0,0,0,0.13,1.5,0,0,0.24,19.57,0,0.06,0.47,694.54,477.14,0.04,0,0,3.1,0,0.17,0.01,1.15,0.5,0.4,24.19,0.28,8.17,138.3,0,0.07,102.53,0,491.87,2.67,10.57,25.44
"Morocco",2015,0.208307392419539,1260.98,90.26,5.81,0,0.02,0.06,0,0,0,0,0.02,0,0.14,0,0,0.02,0.85,0.6,0,0.03,0.26,15.84,0,0.54,0.3,372.99,393.09,0.07,0,0,10.09,0,0.2,0.01,1.07,0.38,11.84,25.78,0.31,9.69,77.19,0,0.08,106.37,0,99.39,0.64,6.08,30.96
"Morocco",2016,0.197163827227938,1883,152.62,5.35,0,0.02,0.02,0,0,0,0,0.09,0,0.31,0,0,0.02,0.08,0,0,0.02,0.24,22.21,0,0.24,0.21,474.13,566.34,0.01,0,0,5.3,0,0.01,0.02,0.7,0.19,6.96,25.64,0.25,7.84,73.6,0,0.06,287.71,0,196.81,1.59,11.09,43.32
"Morocco",2017,0.193076814692934,2022.55,158.44,6.91,0,0.05,0.01,0,0,0,0,0.08,0,0.31,0,0,0.02,0.07,0,0,0.02,0.38,16.42,0,1.59,0.21,537.69,459.34,0,0,0.01,3.52,0,0.1,0,1.1,0,5.01,30.61,0.27,8.8,74.65,0,0,185.64,0,469.52,2.03,7.88,51.87
"Morocco",2018,0.220587016375463,1106.44,91.98,0,0,0,0.04,0.04,0,0,0,0.02,1.49,0,0,0,0.12,0.13,0,0,0.02,0.75,14.01,0,1.68,0.2,394.56,284.79,0.02,0,0,2.97,0,0.12,0,2.66,0.24,2.82,38.47,0.22,6.69,7.88,0,0.08,54.81,0,125.89,0.2,10.01,63.53
"Morocco",2019,0.309621225228821,1031.47,32.51,0,0,0,0.03,0,0,0,0,0.02,2.37,0,0,0,0.27,0.11,0,0,0.02,0.65,17.29,0,2.54,0.18,489.31,281.6,0,0,0,9.54,0,0.09,0,1.33,1.31,0.37,49.73,0.22,5.96,14.15,0,0.1,1.02,0,44.02,1.05,8.54,67.14
"Morocco",2020,0.3632195063143,1512.36,58.91,0,0,0,0.01,0,0,0,0,0,2.73,0,0,0.01,0,0.15,0,0,0,0.67,12.64,0,0.1,0.32,618.16,660.52,0,0,0,3.03,0,0,0,0.28,1.71,0.33,37.4,0.34,5.44,11.31,0,0.11,5.66,0,2.22,0.99,5.13,84.19
"Morocco",2021,0.263612621115778,1583.85,233.33,0,0,0,0.01,0,0,0.01,0,1.38,3.12,0,0,0.01,0.41,0.13,0,0,0,0.98,16.95,0,2.47,0.26,597.36,461,0,0,0,3.41,0,0,0,0.42,0.83,0.29,32.42,1.26,4.51,9.69,0,0.09,0,0,17.8,0.7,6.2,188.81
"Morocco",2022,0.30495803985438,2904.929644,179.709449,13.782668,0,0.007222,0.053114,0,0,0,0,0.565312,0,10.752964,0,0.011388,0.888508,0.329958,0,0,0,2.152568,21.114804,0,6.89353,0.35915,1117.460793,1082.787117,0.00458,0,0,0,0,0,0,0.661354,2.23947,0.734804,40.969461,1.913788,5.618449,6.187444,0,0.355308,0,0,52.485388,1.282742,17.439318,338.168993
"Morocco",2023,0.276368727690292,1783.937421,61.160531,16.156428,0,0,1.371985,1.227898,0.00307,0.040096,1.112196,0.541968,0.108132,6.003608,0.108132,0.115486,0.928506,0.437766,0,0.086506,0.865052,2.610312,17.676772,0.216262,4.639948,2.018444,745.039064,491.292742,0,0,4.32526,3.536539,0,0.02817,0.14057,0.509164,2.68479,15.957552,59.97654,1.682408,12.852178,5.277512,0,0.581076,0,0,28.314409,1.47895,22.081483,270.749916
"Morocco",2024,0.293834488426083,2311.857259,345.625625,15.809564,0,0,0.043758,0,0.002922,0.062258,0.063824,0.041414,0,4.994592,0,0.001644,0.848186,0.439824,0,0,0.059772,7.843848,23.662278,0,3.508184,0.324854,788.63528,903.684581,0.165426,0,0.009306,0,0,0,0,0.305412,0.693641,5.460432,51.387769,4.96777,13.41001,3.840932,0,0.50207,0,0,30.914209,1.344182,17.537952,85.66574
"Morocco",2025,NA,0,0,0,0,0,0,0,0,0,0,0,0,0,0,0,0,0,0,0,0,0,0,0,0,0,0,0,0,0,0,0,0,0,0,0,0,0,0,0,0,0,0,0,0,0,0,0,0,0
"Mozambique",1975,0.616532353745093,11.54,0.4,0,0,0,0.31,0,0,0,0,0,0,0,0,0,0,0,0,0,0,0,0,0,0.69,0.09,0,0.23,0,0,0,0.01,0,0,0,0.49,0,0,0,9,0.26,0.06,0,0,0,0,0,0,0,0
"Mozambique",1976,0.291727625257764,34.26,0,0,0,0,0.1,0,0,0,0,0,0,0,0,0,0,0,0,0,0,0,0.01,0,1.24,0.44,0,0.16,0,0,0,0.21,0,0,0,1.15,3.6,0,0,15.41,0.11,0.03,0,0,0,0,0,0,2.8,9
"Mozambique",1977,0.212586076569271,65.97,2.1,0,0,0,1.1,0,0,0,0,0,0,0,0,0,0,0,0,0,0,0,0.39,0,8.57,2.76,0,0.29,0,0,0,1.38,0,0,0,3.37,6.15,0,0,26.41,0.29,5.06,0,0,0,0.05,0,0,0.05,8
"Mozambique",1978,0.185330532672321,75.3,0,0,0,0,0,0,0,0,0,0,0,0,0,0,0,0,0,0,0,0.04,0.19,0,7.86,1.96,0,0.35,0,0,0,2.05,0,0,0,6.61,8.36,0,0,25.64,0.2,11.2,0,0,0,0,0,0,1.84,9
"Mozambique",1979,0.192531602840983,114.3,0,0,0,0,0.37,0,0,0,0,0,0,0,0,0,0,0,0,0,0,0.02,0.28,0,11.95,2.91,0,1.48,0,0,0,2.15,0,0,0,10.03,8.96,0,0,40.33,1.09,13.51,0,0,0,0,0,0,2.22,19
"Mozambique",1980,0.160568504931351,114.79,5.07,0,0,0,0,0,0,0,0,0,0,0,0,0,0,0,0,0,0,0.01,0.83,0,11.42,3.2,0.8,2.33,0,0,0,3.18,0,0,0,18.33,10.51,0,0,35.81,2.27,10.77,0,0,0,0,0,0,1.26,9
"Mozambique",1981,0.147912128049709,110.93,0.12,0,0,0,0,0,0,0,0,0,0,0,0,0,0,0,0,0,0,2.04,0.11,0,9.43,3.52,2.55,2.3,0,0,0,8.18,0,0,0,18.28,12.08,0,0,31.55,1.14,10.91,0,0,0.91,0,0,0,1.81,6
"Mozambique",1982,0.155055820453956,165.45,7.72,0,0,0,0.75,0,0,0,0,0,0,0,0,0,0,0,0,0,0,1.66,0.41,0,5.12,4.41,5.06,2.62,0,0,0,27.41,0,0,0,29.53,16.47,0,0,46.26,1.7,3.36,0,0,1.71,0,3.1,0,6.16,2
"Mozambique",1983,0.132656069564204,161.93,7.49,0,0,0,3.72,0,0,0,0,0,0,0,0,0,0,0,0,0,0,0.15,0.23,0,8.24,3.58,9.76,1.65,0,0,0,32.85,0,0,0,16.84,17.98,0,0,36.73,2.65,2.74,0,0,1.22,0,0,0,3.1,13
"Mozambique",1984,0.10595645039815,193.41,6.3,0,0,0,2.15,0,0,0,0,0,0,0,0,0,0,0,0,0,0,2.99,0.7,0,8.96,4.82,11.86,6.51,0,0,0,34.2,0,0,0,29.15,14.87,0,0,30.64,4.35,5.62,0,0,2.94,0,0,0,11.35,16
"Mozambique",1985,0.117243363805877,225.33,4.35,0,0,0,1.39,0,0,0,0,0,0,0,0,0,0,0,0,0,0,2.85,1.3,0,6.05,3.15,20.3,4.82,0,0,0,28.59,0,0,0,24.83,21.23,0,0,33.96,3.52,10.85,0,0,6.37,0,0,0,4.77,47
"Mozambique",1986,0.118165054529774,328.36,15.5,0,0,0,3.27,0,0,0,0,0,0,0,0,0,0,0,0,0,0,1.09,0.28,0,13.74,5.34,28.56,11.41,0,0,0.01,56.31,0,0,0,36.06,31.8,0,0,68.85,3.2,10.89,0,0,6.76,0,0,0,5.29,30
"Mozambique",1987,0.115031499758746,542.09,18.06,0,0,0,4.74,0,0,0,0,0,0,0,0,0,0,0,0,0,0,4.22,0.97,0,14.85,9.68,39.37,29.66,0,0,0.01,135.32,0,0,0,50.96,35.31,0,0.6,54.48,23.4,37.36,0,0,3.92,0,0,0,24.18,55
"Mozambique",1988,0.191472769978701,768.02,15.35,0,0,0,10.96,0,0,0,0,0,0,0,0,0,0,0,0,0,0,1.34,1.68,0,16,18.35,25.73,24.58,0,0,0.08,297.98,0,0,0,66.73,44.7,0,0.9,89.35,6.44,54.35,0,0,3.75,0,0,0,29.75,60
"Mozambique",1989,0.0870360419165307,611.02,51.64,0,0,0,12.04,0.03,0,0,0,0,0,0,0,0,0,0,0,0,0,5.19,0.77,0,15.48,30.46,45.39,21.08,0,0,0.01,81.87,0,0,0,48.73,49.44,34.76,4.44,99.5,7.38,36.77,0,0,4.67,0,0,0,27.37,34
"Mozambique",1990,0.0894636954785381,797.22,17.47,0,0,0,8.15,0,0,0,0,0,0,0,0,0,0,0,0,0,0,4.12,0.7,0,35.16,26.54,79.01,37.39,0,0,0.13,107.39,0,0,0,64.93,52.26,43.42,16.27,136.08,26.11,45.15,0,0,0.63,0,0,0,34.31,62
"Mozambique",1991,0.0966013432770068,923.24,16.42,0,0,0,7.55,0,0,0,0,0,0,0,0,0,0,0,0,0,0,1.52,2.11,0,21.88,25.04,91.32,139.34,0,0,0.1,58.92,0,0.03,0,37.1,68.85,99.5,9.99,134.99,27.61,39.82,0,0,1.39,0,0,0,29.76,110
"Mozambique",1992,0.136316136268866,1105.28,39.84,0.1,0.25,0,12.72,0.01,0,0,0,0,0,0,0,0,0,0,0,0,0,2.31,0.66,0,26.55,22.8,91.85,36.29,0,0,0.19,321.27,0,0.22,0,63.37,73.11,161.04,10.55,97.2,18.98,42.89,0,0,2.47,0,0,0,28.61,52
"Mozambique",1993,0.0897558707422059,856.56,20.18,0.13,0,0,8.93,0.03,0,0,0,0,0,0,0,0,0,0,0,0,0,3.52,2.86,0,31.94,9.53,66.35,136.2,0,0,0.12,97.09,0,0.17,0,58.78,59.12,110.11,16.55,71.78,19.09,48.92,0,0,4.98,0,0,0,29.18,61
"Mozambique",1994,0.0831057444757128,776.24,44.7,0.1,0.13,0,12.63,0.09,0,0,0,0,0,0,0,0,0,0,0,0,0,4.78,3.36,0,36.35,12.55,52.05,101.31,0,0,1.15,104.99,0,0.22,0,41.7,72.17,42.51,5.78,73.53,30.08,40.64,0,0,5.04,0,0,0,17.38,73
"Mozambique",1995,0.101517715479539,894.43,41.26,0.11,0,0,11.64,0.12,0,0,0,0,0,0,0,0,0,0,0,0,0,4.46,1.09,0,45.49,11.85,60.46,110.9,0,0,2.27,191.74,0,0.12,0,54.45,52.23,63.95,17.28,54.15,27.02,37.54,0,0,4.54,0,0,0,5.76,96
"Mozambique",1996,0.0704563999340777,586.78,32.17,0.05,0,0,6.62,0.29,0,0,0,0,0,0,0,0,0,0,0,0,0,3.12,7.37,0,46.81,10.86,41.76,41.27,0,0,2.37,34.81,0,0,0,45.66,51.79,53.84,19.26,61.25,27.09,37.34,0,0,4.66,0,0,0,13.39,45
"Mozambique",1997,0.0846725385980689,645.64,39.98,0.03,0,0,6.99,0.16,0,0,0,0,0,0,0,0,0,0,0,0,0,5.56,1.38,0,30.07,10.06,61.76,40.49,0,0.3,6.48,20.39,0,0.15,0,42.68,54.73,90.71,9.44,52.05,18.13,73.5,0,0.03,0.46,0,0,0,9.11,71
"Mozambique",1998,0.082891847544518,743.99,41.53,0.02,0,0,5.77,0.2,0,0,0,0,0,0,0,0,0,0,0,0,0,4.8,0.68,0,47.61,12.19,53.9,85.16,0.01,0.39,7.67,110.56,0,0.3,0,48.46,49.49,62.87,13.62,33.91,21.8,59.63,0,0.03,0.07,0,0,0,12.87,70.45
"Mozambique",1999,0.0868004447638322,706.86,64.27,0.01,0,0,9.81,0.18,0,0,0,0,0,0,0,0,0.01,0,0,0,0,14.78,0.96,0,51.53,21.79,48.99,51.57,0,0.56,9.34,11.56,0,0.19,0,43.9,36.67,128.92,10.11,51.42,17.64,49.43,0,0.01,0.96,0,0,0,11.66,70.59
"Mozambique",2000,0.106522013503589,797.87,20.99,0.05,0,0,9.48,0.58,0,0,0,0,0,0,0,0,0.03,0,0,0,0,5.09,2.54,0,46.85,11.6,23.27,47.76,0,1.16,15.39,13.09,0,1.45,0,61.64,38.21,178.07,41.24,46.27,25.09,82.67,0,0.01,1.42,0.34,0,0.07,7.99,115.52
"Mozambique",2001,0.112857877265784,740.19,34.27,0.06,0,0,5.8,0.42,0,0,0,0,0,0,0,0,0,0,0,0,0,2.04,9.86,0,48.35,10.55,26.46,40.7,0,1.3,18.7,13.08,0,0.29,0,86.6,32.61,34.26,11.65,42.62,23.37,185.19,0,0.01,6.1,0.18,0,0,13.88,91.84
"Mozambique",2002,0.16226865618751,1757.27,70.03,0.04,0,0,6.83,0.19,0,0,0,0,0,0,0,0,0.02,0,0,0,0,21.37,2.76,0,52.09,11.79,450.73,230.51,0,1.07,29.37,446.46,0,0.41,0,51.97,38.68,23.9,33.53,45.29,21.64,48.39,0,0,1.5,0,0,0,9.02,159.68
"Mozambique",2003,0.084533069431993,715.36,35.67,0.1,0,0,4.59,0.61,0,0,0,0.01,0,0,0,0,0,0,0,0.18,0,3.35,8.72,0,67.26,21.99,28.44,38.31,0,1.02,39.9,15.09,0,0.73,0,47.27,54.11,19.11,22.6,56.53,20.82,63.63,0,0,3.22,0,0,0,26.7,135.4
"Mozambique",2004,0.0750171111555742,747.87,19.84,0.05,0,0,2.02,0.43,0,0,0,0.01,0,0,0,0,0,0,0,0.2,0,5.17,10.58,0,67.6,25.66,24.94,39.1,0,1.24,48.69,26.99,0,0.35,0,54.7,61.06,24.25,32.52,67.92,27.65,65.92,0,0,3.68,0,0,0,27.34,109.96
"Mozambique",2005,0.0741812195676371,774.41,15.2,0.16,0,0,0.69,0.48,0,0,0,0.01,0,0,0,0,0,0,0,0.1,0,4.31,12.22,0,65.05,24.75,24.03,43.08,0,1.56,48.31,21.56,0,1.35,0,64.46,67.94,22.56,29.35,79.25,24.61,80.84,0,0,0.99,0,0,0,56.19,85.36
"Mozambique",2006,0.0750365070321397,955.05,106.83,0.13,0,0.15,1.71,0.23,0,0,0,0.01,0,0,0,0,0,0,0,0.2,0,6.95,12.82,0,71.53,28.42,18.92,65.3,0,2.52,53.81,30.24,0,1.52,0,59.66,64.24,21.67,34.82,91.75,22.43,99.36,0,0,1.62,0,0,0,49.36,108.85
"Mozambique",2007,0.0740751030838036,1109.18,27.77,0.21,0,0.02,2.83,0.21,0,0,0,0.06,0,17.72,0,0,0,0,0,0.14,0,3.81,23.41,0,92.39,32.88,36.66,64.55,0,3.33,68.72,42.58,0,0.73,0,80.66,80.13,21.63,53.75,103.57,24.23,115.72,0,0,0.7,0,0,0.05,57.34,153.38
"Mozambique",2008,0.0878454238184488,1362.01,23.72,0.98,0,0.02,2.92,0.2,0,0,0,0.01,0,0,0,0,0,0,0,0.15,0,12.69,25.89,0,87.28,40.24,23.25,79.62,0.04,3.57,74.18,34.55,0,0.19,0,105.7,96.67,25.58,78.67,119.6,23.85,197.88,0,0,0.52,0,0,0.15,77.23,226.66
"Mozambique",2009,0.0858339923126095,1307.31,60.67,0.43,0,0,4.56,0.22,0,0,0,0,0,0,0,0,0,0,0,0,0,8.86,23.14,0,104.54,42.77,24.68,118.32,0.06,1.68,63.86,24.81,0,0.11,0,99.31,80.4,69.89,68.92,98.86,24.16,54.89,0,0,1.13,0,0.27,0.01,75.15,255.61
"Mozambique",2010,0.0876790237195494,1285.94,62.86,0.95,0,0.01,20.88,0,0,0,0,0,0,0,0,0,0.02,0,0,0.08,0,8.75,33.98,0,87.56,47.25,47.58,81.21,0.06,1.99,56.58,35.32,0,0.11,0,81.84,73.69,116,60.93,84.54,29.36,0.56,0,0,2.93,0,0.28,0.06,82.01,268.55
"Mozambique",2011,0.114532729467811,1533.51,48.77,6.48,0,0.02,6.73,0,0,0,0,0,0,0,0,0,0.01,0,0,0,0,9.98,33.51,0,115.36,36.52,20.84,96.46,0.02,2.29,58.78,23.4,0,0.11,0,73,84.15,224.23,41.27,108.81,30.91,0.15,0,0,3.06,0,0.3,0.1,129.81,378.44
"Mozambique",2012,0.130680190641939,1358.04,70.3,25.13,0,0.02,16.09,0.1,0,0,0,0.01,0,0,0,0,0.01,0,0.09,0,0,9.09,11.88,0,80.42,39.49,30,62.47,0,2.31,52.8,22.36,0,0.1,0,53.71,86.14,87.17,17.87,114.71,36.92,0.44,0,0,1.28,0,0.31,0.05,123.43,413.34
"Mozambique",2013,0.14821044662189,1613.5,150.07,57.08,0,0.12,11.08,0.16,0,0,0,0,0,0,0,0,0,0,13.05,0,0,6.86,30.91,0,91.43,28.88,40.83,63.89,0,2.88,55.25,22.25,0,0,0,62.3,51.69,75.98,19.31,136.57,36.76,0.72,0,0,2.62,0,0.4,0.65,107.74,544.02
"Mozambique",2014,0.124760095165814,1341.1,85.28,56.51,0,0.22,4.44,0,0,0,0,0,0,0,0,0,0,0,8,0,0,7.09,21.09,0,67.64,28.49,85.51,78.1,0,2.75,53.27,23.66,0,0,0,47.67,59.29,64.74,11.51,119.78,37.24,0.48,0,0,2.15,0,0.31,0.75,75.68,399.45
"Mozambique",2015,0.12181301921298,1040.32,62.65,42.29,0,0.11,3.38,0,0,0,0,0.07,0,0,0,0,0,0,8,0,0,6.17,19.23,0,63.26,26.33,71.04,78.98,0,3.22,40.92,19.56,0,0,0,35.08,32.79,32.98,11.8,94.6,41.13,0.45,0,0,0.13,0,1,0.04,42.43,302.68
"Mozambique",2016,0.173420798511785,1035.11,89.48,46.01,0,0.08,2.17,0.04,0,0,0,0.02,0,0,0,0,0,0,8,0,0,5.74,17.1,0,37.35,16.69,43.38,81.56,0,2.96,30.1,6.69,0,0,0,33.56,28.99,41.12,9.74,76.76,27.41,0.18,0,0,0.52,0,0.48,0.19,38.61,390.18
"Mozambique",2017,0.210659666519142,1194.32,149.52,36.64,0,0.24,9.84,0.08,0,0,0,0.03,0,0,0,0,0.01,0,8,0,0,4.65,19.04,0,43.37,17.11,16.97,64.28,0,3.08,29.67,22.42,0,0,0,35.07,36.54,45.63,14.25,59.29,26.6,0.81,0,0,2.38,0,0.93,0.73,39.59,507.55
"Mozambique",2018,0.2028707603639,1357.47,145.72,0,0,0,1.74,0,0,0,0,0.01,0,0,0,0,0,0,0,0,0,7.67,13.29,0,35.15,14.76,31.46,78.14,0,3.56,25.09,34.71,0,0,0,45.23,44.67,56.92,16.65,86.71,27.42,106.41,0,0.01,19.88,0,0.92,0.41,0.21,560.73
"Mozambique",2019,0.148182010337553,1168.05,92.15,0,0,0,1.91,0.4,0,0,0,0.26,0.04,0.02,0,0,0.02,0.1,0,0,0.06,9.1,11.38,0,20.71,19.2,20.37,55.42,0,0.19,31.35,30.16,0,0.65,0.02,53.33,66.83,59.74,15.55,102.63,38.55,151.99,0,0.02,1.21,0,6.88,1.85,0.47,375.49
"Mozambique",2020,0.205111467699008,1217.06,70.11,0,0,0,1.98,0.02,0,0,0,0,0,0.01,0,0,0.03,0,0,0,0,11.45,13.31,0,6.61,20.6,20.19,104.39,0,1.52,30.63,19.17,0,0.36,0,50.7,62.83,75.84,16.31,89.63,35.28,77.11,0.11,0,0,0,0.47,0.3,0.41,507.69
"Mozambique",2021,0.241984066759014,1268.63,69.7,0,0,0,1.16,0.02,0,0,0,0.02,0,0.38,0,0,0.04,0,0,0,0,12.89,16.35,0,3.77,17.26,45.72,99.88,0,0,32.06,24.19,1.74,0.09,0,30.14,60.34,60.89,16.09,91.7,33.07,51.9,0,0,0.26,0,7.46,0.21,0.2,591.1
"Mozambique",2022,0.215391912711083,2593.318347,204.690383,33.560339,0,0.034084,2.002909,0,0,0,0,0,0,0,0,0,0.014426,0,0,0,0.166598,16.310618,43.253968,0,2.480024,33.019115,27.670703,178.680319,0,0,61.387896,90.33537,1.006126,0.363974,0,60.240416,83.191927,74.467024,35.756482,144.864048,77.255206,131.093942,0,0.053682,0,0,0.803288,0.544658,163.353245,1126.717577
"Mozambique",2023,0.249527434230882,2724.551407,246.004264,90.493777,0,0,3.47932,0.054806,0,0,0,0,0,0,0,0,0.148892,0.000796,0,0,0.108132,25.611208,35.197834,0,1.8547,35.6209,25.820579,122.428563,0.054066,0,55.905768,67.510179,2.465628,0.405494,0.000896,64.826806,114.867601,81.765203,36.557769,155.112063,70.869934,77.042072,0,0.00801,0,0,0,1.314814,111.237235,1297.784098
"Mozambique",2024,0.307791490204714,2759.825474,156.620486,51.790513,0,0.007734,2.520594,0.056698,0,0,0,0,0.062762,0.001378,0,0,0.156334,0.003898,0,0,0,17.34301,32.291878,0,1.329014,27.029848,35.713515,128.796396,0,0,55.32638,35.119773,2.57201,0,0.001022,67.8038,107.086375,65.782179,37.546228,149.125592,65.352039,114.621941,0,0,0,0,0.989062,0.862708,114.512351,1489.399956
"Mozambique",2025,NA,0,0,0,0,0,0,0,0,0,0,0,0,0,0,0,0,0,0,0,0,0,0,0,0,0,0,0,0,0,0,0,0,0,0,0,0,0,0,0,0,0,0,0,0,0,0,0,0,0
"Namibia",1990,0.171708665997977,39.37,0.19,0,0,0,0.98,0,0,0,0,0,0,0,0,0,0,0,0,0,0,0.2,0.06,0,1.65,6.45,1.2,9.92,0,0,0,1.79,0,0,0,0.97,10.32,0,0,1.05,0.71,2.7,0,0,0,0,0,0,1.18,0
"Namibia",1991,0.129575285765193,95.5,1.52,0.15,0,0,0.31,0.02,0,0,0,0,0,0,0,0,0,0,0,0,0,1.27,0.12,0,6.81,17.54,4.02,14.05,0,0,0.1,0,0,0.05,0,1.4,13.09,0.11,0.07,14.97,0.55,3.85,0,0,0,0.29,0,0,1.21,14
"Namibia",1992,0.119967795661749,98.82,6.13,0.2,0,0,1.18,0.03,0,0,0,0,0,0,0,0,0,0,0,0,0,0.28,0.36,0,7.37,9.73,3.73,19.66,0,0.7,0.11,0.84,0,1.21,0,2.62,12.36,0,0,19.17,1.07,5.49,0,0,0,0,0,0,3.58,3
"Namibia",1993,0.119266196240077,122.99,14.28,0.19,0,0,1.12,0.05,0,0,0,0,0,0,0,0,0,0,0,0,0,0.6,0.37,0,8.22,7.95,6.15,27.49,0,0,0.05,0.31,0,0.2,0,10.31,11.02,0,0.06,18.25,0.15,5.35,0,0,0,0,0,0,1.87,9
"Namibia",1994,0.119613107773265,113.47,9.78,0.14,0.01,0,1.14,0.11,0,0,0,0,0,0,0,0,0,0,0,0,0,0.66,0.61,0,9.29,9.26,7.52,27.57,0,0.8,0.11,0.93,0,0.26,0,6.71,11.4,0,0.21,14.97,0.22,4.95,0,0,0,0,0,0,1.82,5
"Namibia",1995,0.169264005342361,147.83,20.84,0.18,0,0,1.5,0.02,0,0,0,0,0,0,0,0,0,0,0,0,0,1.46,2.5,0,8.49,7.92,3.04,51.48,0,0,0.24,0.03,0,3.52,0,7.17,10.79,0.08,0.87,14.27,0.32,6.18,0,0,0,0,0,0,0.93,6
"Namibia",1996,0.149108073435316,136.54,4.74,0.11,0,0,1.15,0.12,0,0,0,0,0,0,0,0,0,0,0,0,0,0.89,2.42,0,6.56,7.72,3.77,43.1,0,0,0.4,1.11,0,2.3,0,5.01,16.6,3.13,1.32,16.84,0.27,9.55,0,0,0,0,0,0,0.43,9
"Namibia",1997,0.108633486626436,124.07,4.94,0.04,0,0,0.72,0.2,0,0,0,0,0,0,0,0,0,0,0,0,0,1.91,0.95,0,6.3,7.55,6.61,26.55,0,1.08,0.68,0,0,4.54,0,8.09,11.82,0,2.4,14.92,0.16,7.25,0,0.02,0.07,0,0,0,0.27,17
"Namibia",1998,0.128245914415801,129.82,3.01,0.01,0,0,0.39,0.11,0,0,0,0,0,0,0,0,0,0,0,0,0,1.33,0.96,0,8.34,6.02,10.56,36.11,0.02,1.08,0.48,0.01,0,5.65,0,9.74,10.97,0,2,12.45,0.44,6.41,0,0.03,0,0,0,0,0.31,13.39
"Namibia",1999,0.203427910106675,118.55,4.33,0,0,0,0.17,0.2,0,0,0,0,0,0,0,0,0,0,0,0,0,2.11,0.31,0,2.3,6.85,4.69,48.51,0,1.31,0.26,0.28,0,3.96,0,7.48,5.35,0,1.07,8.66,0.07,6.12,0,0.04,0,0,0,0,0.62,13.86
"Namibia",2000,0.139639116740003,98.12,5.43,0,0,0,0.1,0.28,0,0,0,0,0,0,0,0,0,0,0,0,0,0.78,0.48,0,3.71,6.59,3.12,24.69,0.07,1.05,0.31,0.02,0,4.2,0,3.15,7.16,0.02,1.13,21.05,0.23,4.76,0,0.02,0,0,0,0,0.27,9.5
"Namibia",2001,0.121355651788777,78.82,3.21,0.01,0,0,0.1,0.16,0,0,0,0.02,0,0,0,0,0,0,0,0,0,0.73,0.34,0,2.81,7.06,3.22,18.41,0,0.97,0.2,0.22,0,3.77,0,4.96,3.71,0.21,2.04,8.56,0.18,3.46,0,0.03,0.33,0,0,0,0.23,13.88
"Namibia",2002,0.116626414978304,87.16,3.15,0.25,0,0,0.14,0.1,0,0,0,0.12,0,0,0,0,0,0,0,0,0,0.56,0.57,0,1.87,7,3.23,18.26,0,1.18,0.28,0.03,0,4.35,0,4.78,3.41,0.88,5.77,9.49,0.48,3,0,0.04,0.52,0,0,0,0.67,17.03
"Namibia",2003,0.170394132895347,113.56,0.82,0.02,0,0,0.15,0.09,0,0,0,0.38,0,0,0,0,0,0,0,0,0,0.53,1.75,0,2.4,9.6,3.37,32.35,0,1,0.16,0.02,0,5.92,0,2.94,3.81,0.09,4.35,9.84,0.36,2.91,0,0.01,0.91,0,0,0,0.58,29.2
"Namibia",2004,0.145452203386584,140.85,1.2,0.01,0,0,0.1,0.32,0,0,0,0.79,0,0,0,0,0,0,0,0,0,1.64,1.11,0,2.3,5.62,4.75,33.92,0,1.27,0.05,0.66,0,7.21,0,4.15,2.72,0.08,11.11,9.82,0.66,2.73,0,0,13.59,0,0,0,0.72,34.32
"Namibia",2005,0.172460252540138,93.53,0.39,0.01,0,0,0.01,0.09,0,0,0,0.47,0,0,0,0,0,0,0,0,0,0.37,0.6,0,2.32,4,3.93,22.39,0,1.36,0.07,0.01,0,5.11,0,3.24,1.63,0.09,7.57,5.35,0.67,1.29,0,0,2.15,0,0,0,1.54,28.87
"Namibia",2006,0.246380785983349,111.19,1.01,0.03,0,0.01,0.1,0,0,0,0,0.54,0,0,0,0,0,0,0,0,0,0.35,0.51,0.02,1.08,4.47,2.92,15.86,0,2.02,1.29,0.33,0,7.48,0,0.94,1.7,0.1,7.51,8.97,0.53,1.49,0,0,0,0,0,0,1.37,50.56
"Namibia",2007,0.224221843354976,148.88,5.74,0,0,0.01,0.06,0.04,0,0,0,0.95,0,0,0,0,0,0,0,0,0,0.12,0.59,0,1.23,5.61,3.8,22.97,0.01,1.56,0,0.68,0,7.86,0,1.01,1.67,0.07,28.45,4.11,0.73,0.88,0,0,0,0,0,0,1.9,58.83
"Namibia",2008,0.245879481773541,160.61,9.66,0,0,0.06,0.15,0.03,0,0,0,1.06,0,0,0,0,0,0,0,0,0,0.26,0.45,0,0.81,6.83,2.98,27.85,0,2.64,0,0.58,0,5.87,0,0.3,10.28,0.08,15.07,2.27,0.16,1.01,0,0,0,0,0,0.12,1.14,70.95
"Namibia",2009,0.209906888851564,261.47,39.82,0.06,0,0.03,0.25,0,0,0,0,0.24,0,0,0,0,0.02,0,0,0,0,0.17,0.72,0,0,5.76,51.21,41.2,0.02,2.35,0,0.91,0,9.99,0,1.93,0,0.06,11.97,2.51,0.59,0.69,0,0,0,0,0,0.01,0.68,90.28
"Namibia",2010,0.325446954315652,225.09,40.59,0.08,0,0.04,0.09,0,0,0,0,0.14,0,0.02,0,0,0.03,0,0,0,0,0,0.57,0,0,3.81,1.44,28.77,0.02,2.04,0,0.01,0,12.46,0,1.56,0,0,8.54,3.25,0.7,3.18,0,0,0,0,0.02,0.01,0.5,117.22
"Namibia",2011,0.303938812438567,254.58,31.28,0.06,0,0.01,1.2,0,0,0,0,0.16,0,0.03,0,0,0,0,2.45,0,0,0.07,0.8,0,0,4.6,1.31,74.11,0.02,0.52,0,0.54,0,6.97,0,1.81,2.33,0.11,4.31,4.86,0.67,0.59,0,0,0,0,0,0.01,1.33,114.43
"Namibia",2012,0.484705036523672,218.96,5.38,0.01,0,0.03,0.88,0.11,0,0,0,0.13,0,0.02,0,0,0,0,0.09,0.01,0,0.02,0.85,0,0,5.4,0.96,51.18,0.06,0,0.01,0.01,0,0,0,0.65,2.65,0.1,0.95,5.08,0.94,0.06,0,0,0,0,0.01,0.01,0.1,143.26
"Namibia",2013,0.53087473584099,230.95,5.51,0.01,0,0.01,1.34,0.03,0,0,0,0.14,0,0.02,0,0,0.01,0,0.46,0.01,0,0,0.73,0,0,5.24,0.78,43.08,0,0.02,0,0.37,0,0.2,0,1.1,1.99,0.36,0.69,5.32,0.44,0,0,0,0,0,0,0.09,0.63,162.37
"Namibia",2014,0.561639177479964,215.87,5.31,0.02,0,0,0.89,0.02,0,0,0,0.11,0,0.01,0,0,0.02,0,0,0.01,0,0.04,0.2,0,0,5.5,0.74,40.19,0,0.08,0.03,0.2,0,0,0,0.12,1.49,0.36,0.04,2.17,0.76,0.18,0,0,0,0,0.57,0.15,0.17,156.49
"Namibia",2015,0.409526635230618,139.9,3.91,0.02,0,0,0.41,0.03,0,0,0,0.05,0,0.04,0,0,0,0,0.06,0,0,0.03,0.08,0,0,4.27,0.59,63.99,0,0,0,0.02,0,0.11,0,0,1.41,0.35,0.02,1.1,0.44,0,0,0,0,0,0.01,0.65,0,62.31
"Namibia",2016,0.448387080592191,154.73,2.99,0.27,0,0,0.26,0.23,0,0,0,0.05,0,0.09,0,0,0,0,0,0,0,0.03,0.05,0,0,2.8,0.53,85.86,0,0,0.02,0.01,0,0.09,0,0,0.66,0.35,0.02,1.09,0.27,0,0,0,0,0,0,0.77,0.47,57.82
"Namibia",2017,0.298590571322571,158.05,3.77,0.11,0,0,0.52,0.03,0,0,0.01,0.06,0,0.09,0,0,0,0,1.5,0,0,0.01,0.02,0,0,2.4,33.69,53.47,0,0,0,0.05,0,0,0,0,0.76,0.38,0.26,1,0.23,0.18,0,0,0,0,0,0.64,0.22,58.65
"Namibia",2018,0.440877454555685,151.33,1.97,0,0,0,0.33,0,0,0,0,0.11,0,0.07,0,0,0,0,0,0,0,0.05,0.04,0,0,1.68,0.6,70.22,0,0,0,0.02,0,0,0,0,0.82,0.43,0.06,1.12,0.45,0.66,0,0.01,0,0,0.01,0.51,0.37,71.8
"Namibia",2019,0.520814368604484,152.01,3.76,0,0,0,0.38,0,0,0,0.01,0.16,0,0.05,0,0,0.05,0,0,0,0,0.04,0.04,0,0,0.83,1.58,103.59,0,0,0.02,0.05,0,0,0,0,0.81,0.29,0.02,1.03,0.55,1.65,0,0.01,0,0,0.03,0.98,0.3,35.78
"Namibia",2020,0.36942403974472,177.88,2.56,0,0,0,0.29,0.03,0,0,0,0.13,0,0.06,0,0,0,0,0,0,0,0.03,0,0,0,0.52,18.56,61.4,0,0,0.06,0.03,0,0,0,0,0.89,0.27,0.02,1.56,0.36,1.87,0,0,0,0,1.3,0.56,0.44,86.94
"Namibia",2021,0.401417663021928,197.15,12.55,0,0,0,0.07,0.09,0,0.03,0,0.08,0.28,0.06,0,0,0.04,0,0,0,0,0.06,0.04,0,0,0.76,1.44,89.79,0,0.1,0.05,0.02,0,0,0.01,0,0.48,0.19,0.05,2.24,0.44,2.01,0,0,0,0,0.01,0.16,0.25,85.85
"Namibia",2022,0.441253796077287,361.029824,10.499856,0.484016,0,0,0.862822,0.061302,0,0.021606,0,0.098172,0.348866,0.306544,0.056306,0,0.063972,0.004486,0,0,0,0.098652,0,0,0,1.752588,0,167.525047,0,0,0.03503,0.061992,0,0,0.0511,0,0.099164,0.434398,0,3.191816,0.853344,2.006336,0,0.022818,0,0,0,0.431148,0.429256,171.229187
"Namibia",2023,0.482946243109811,487.222122,12.51502,0.276718,0,0,0.066022,0.05187,0,0.016962,0,0.058842,0.865052,0.306298,0.185116,0.023356,0.082558,0,0,0,0,0.170078,0,0,0,1.738096,2.882435,292.234469,0,0,0.084488,0.037946,0,0,0,0,0.04945,0.467326,0,2.572734,0.871746,0.712212,0,0,0,0,0.015002,0.202006,0.248118,170.488202
"Namibia",2024,0.482481353896048,602.879861,8.554394,1.028128,0,0,0.286783,0.130654,0,0.012686,0,0.090912,0.426778,0.369154,0.203352,0.005616,0.054166,0,0,0,0,0.116976,0.03325,0.008468,0,3.155134,36.746705,384.512839,0,0,0.144992,0.07013,0,0,0.009758,0,0.108298,0.45203,0,2.585279,0.670494,0.58471,0,0,0,0,0,0.726418,0.325989,161.465768
"Namibia",2025,NA,0,0,0,0,0,0,0,0,0,0,0,0,0,0,0,0,0,0,0,0,0,0,0,0,0,0,0,0,0,0,0,0,0,0,0,0,0,0,0,0,0,0,0,0,0,0,0,0,0
"Niger",1960,NA,0,0,0,0,0,0,0,0,0,0,0,0,0,0,0,0,0,0,0,0,0,0,0,0,0,0,0,0,0,0,0,0,0,0,0,0,0,0,0,0,0,0,0,0,0,0,0,0,0
"Niger",1961,NA,0,0,0,0,0,0,0,0,0,0,0,0,0,0,0,0,0,0,0,0,0,0,0,0,0,0,0,0,0,0,0,0,0,0,0,0,0,0,0,0,0,0,0,0,0,0,0,0,0
"Niger",1962,0.980394079011861,1.01,0,0,0,0,0,0,0,0,0,0,0,0,0,0,0,0,0,0,0,0,0,0,0,0,0,0.01,0,0,0,0,0,0,0,0,0,0,0,0,0,0,0,0,0,0,0,0,0,1
"Niger",1963,0.90072100806361,2.11,0,0,0,0,0,0,0,0,0,0,0,0,0,0,0,0,0,0,0,0,0,0,0,0,0,0.1,0,0,0,0,0,0,0,0,0,0,0,0,0,0,0,0,0,0,0,0,0.01,2
"Niger",1964,0.810165333282371,12.94,0,0,0,0,0,0,0,0,0,0,0,0,0,0,0,0,0,0,0,0,0,0,0,0,11.6,0.31,0,0,0,0,0,0,0,0,0,0,0,0,0,0.03,0,0,0,0,0,0,0,1
"Niger",1965,0.826513263672026,14.79,0.01,0,0,0,0,0,0,0,0,0,0,0,0,0,0,0,0,0,0,0,0,0,0,0,13.4,0.26,0,0,0,0,0,0,0,0,0,0,0,0,0,0.02,0,0,0,0,0,0,0.02,1.08
"Niger",1966,0.716249414306539,15.68,0,0,0,0,0,0,0,0,0,0,0,0,0,0,0,0,0,0,0,0,0,0,0,0,13.1,0.33,0,0,0,0,0,0,0,0,0,0,0,0,0,0.01,0,0,0,0.09,0,0,0.06,2.09
"Niger",1967,0.566854031206006,16.17,0.02,0,0,0,0,0,0,0,0,0,0,0,0,0,0,0,0,0,0,0,0.03,0,0,0,11.8,1.88,0,0,0,0,0,0,0,0,0,0,0,0,0,0.01,0,0,0,0,0,0,0.1,2.33
"Niger",1968,0.565127157125508,20.38,0,0,0,0,0,0,0,0,0,0,0,0,0,0,0,0,0,0,0,0,0.03,0,0,0,15,1.64,0,0,0,0.03,0,0,0,0,0,0,0,0,0,0.07,0,0,0,0,0,0,1.3,2.31
"Niger",1969,0.718411549366464,26.96,0,0,0,0,0,0,0,0,0,0,0,0,0,0,0,0,0,0,0,0,0.05,0,0,0,22.7,1.62,0,0,0,0.06,0,0,0,0,0,0,0,0,0,0.03,0,0,0,0,0,0,0.5,2
"Niger",1970,0.583685837718311,22.1,0,0,0,0,0,0,0,0,0,0,0,0,0,0,0,0,0,0,0,0,0.09,0,0,0,16.6,1.24,0,0,0,0.08,0,0,0,0.07,0,0,0,0,0,0.03,0,0,0,0,0,0,1.99,2
"Niger",1971,0.434136135878677,25.92,0.01,0,0,0,0,0,0,0,0,0,0,0,0,0,0,0,0,0,0,0,0.17,0,0,0,15.2,1.74,0,0,0,0.1,0,0,0,0.06,0,0,0,0,0.01,0.11,0,0,0,0,0,0,7.52,1
"Niger",1972,0.47011974251761,31.83,0,0,0,0,0,0,0,0,0,0,0,0,0,0,0,0,0,0,0,0,0.24,0,0,0,20.47,1.71,0,0,0,0.11,0,0,0,0.04,0,0,0,0,0.05,0.12,0,0,0,0,0,0,7.09,2
"Niger",1973,0.291387842611578,43.85,0,0,0,0,0,0,0,0,0,0,0,0,0,0,0,0,0,0,0,0,1.38,0,0,0,19.31,4.73,0,0,0,0,0,0,0,0.06,0,0,0,0,0.27,0.06,0,0,0,0,0.1,0,7.94,10
"Niger",1974,0.247272780484366,84.99,0.66,0,0,0,0,0,0,0,0,0,0,0,0,0,0,0,0,0,0,0.27,3.36,0,0.01,0,31.55,13.35,0,0,0,0,0,0,0,0.79,0.79,0,0,0,0.19,0.04,0,0,0.4,0,0,0,12.58,21
"Niger",1975,0.259889659468399,96.03,0,0,0,0,0,0,0,0,0,0,0,0,0,0,0,0,0,0,0,0.01,1.18,0,0.03,0,40.03,11.27,0,0,0,0.01,0,0,0,0.58,0.02,0,0,0,0.44,0.01,0,0,0,13.2,0,0,20.25,9
"Niger",1976,0.251216426582207,85.16,2.37,0,0,0,0,0,0,0,0,0,0,0,0,0,0,0,0,0,0,0.02,2.85,0,1.1,0,36.98,12.56,0,0,0,0.02,0,0,0,0.67,0.55,0,0,0,0.49,2.75,0,0,0,2.1,0,0,13.7,9
"Niger",1977,0.221029552516076,64.79,10.41,0,0,0,0,0,0,0,0,0,0,0,0,0,0,0,0,0,0,0.06,2.16,0,0.58,0,24.5,12.14,0,0,0,0.05,0,0,0,1.11,0.19,0,0,0,0.48,0.43,0,0,0,2.89,0,0,2.79,7
"Niger",1978,0.203589598115864,121.77,9.79,0,0,0,0,0,0,0,0,0,0,0,0,0,0,0,0,0,0,0.12,3.76,0,1.52,0,32.25,16.6,0,0,0,0.04,0,0,0,2.58,1.05,0,0,0,1.41,0,0,0,0,5.28,0,0,38.37,9
"Niger",1979,0.282484149283634,156.09,16.5,0,0,0,0,0,0,0,0,0,0,0,0,0,0,0,0,0,0,0.02,6.63,0,0.31,0,43.46,67.29,0,0,0,0.07,0,0,0,4,1.02,0,0,0.1,1.15,1.94,0,0,0,0.09,0,0,2.51,11
"Niger",1980,0.281258224029711,108.26,6.34,0,0,0,0,0,0,0,0,0,0,0,0,0,0,0,0,0,0,0.02,10.14,0,0.22,0,50.8,21.53,0,0,0,0.19,0,0,0,3.28,0.43,0,0,0,1.48,0.09,0,0,1,0,0,0,3.74,9
"Niger",1981,0.249885302397538,151.13,1.45,0,0,0,0,0,0,0,0,0,0,0,0,0,0,0,0,0,0,0.01,12.16,0,2.07,0,63.06,36.79,0,0,0,0.04,0,0,0,1.98,1.4,0,0,0,1.97,0.08,0,0,5.83,7.5,3.21,0,3.58,10
"Niger",1982,0.234799424051044,217.49,9.36,0,0,0,0,0,0,0,0,0,0,0,0,0,0,0,0,0,0,0.01,3.49,0,1.26,0.34,40.21,38.11,0,0,0,0.02,0,0,0,3.04,0.93,0,0,0,2.79,0.11,0,0,1.51,86.19,3.1,0,6.02,21
"Niger",1983,0.141391599808904,128.69,10.99,0,0,0,0,0,0,0,0,0,0,0,0,0,0,0,0,0,0,0.01,3.87,0,1.64,0.04,29.43,27.6,0,0,0,7.94,0,0,0,1.53,1.08,0,0,0,3.73,0.11,0,0,13.04,5.32,0,0,6.36,16
"Niger",1984,0.196943246830016,113.49,5.12,0,0,0,0,0,0,0,0,0,0,0,0,0,0,0,0,0,0,0.02,2.62,0,3.6,0.07,41.75,14.39,0,0,0,0.46,0,0,0,5.68,0.54,0,0,0.29,2.5,0.11,0,0,2.75,5.95,0,0,7.64,20
"Niger",1985,0.227104035414827,214.38,11.17,0,0,0,0,0,0,0,0,0,0,0,0,0,0,0,0,0,0,0.02,7.64,0,0.79,0.11,48.12,21.88,0,0,0,9.84,0,0,0,3.7,2.62,0,0,0,3.54,0.43,0,0,1.29,3.03,0,0,16.2,84
"Niger",1986,0.147210033211705,209.86,8.31,0,0,0,0,0,0,0,0,0,0,0,0,0,0,0,0,0,0,0.03,7.05,0,10.63,0.06,59.14,20.89,0,0,0,26.35,0,0,0,7.47,3.23,0,0,0,5.42,0.12,0,0,3.65,4.35,0,0,20.16,33
"Niger",1987,0.165180024398466,233.01,26.77,0,0,0,0,0,0,0,0,0,0,0,0,0,0,0,0,0,0,0.04,5.4,0,0,0,69.92,20.7,0,0,0,15.22,0,0,0,7.94,1.67,0,0,0,5.22,0.3,0,0,0.73,9.75,0,0,28.35,41
"Niger",1988,0.145854155869734,256.09,44.97,0,0,0,0,0,0,0,0,0,0,0,0,0,0,0,0,0,0,0.03,6.37,0,13.01,0.06,69.13,24.84,0,0,0,33.54,0,0,0,12.78,2.41,0,0,0,7.27,0.65,0,0,1.18,7.33,0,0,14.52,18
"Niger",1989,0.153861887386331,225.8,15.24,0,0,0,0.04,0,0,0,0,0,0,0,0,0,0,0,0,0,0,0.04,4.83,0,5.77,0.09,65.95,34.26,0,0,0,21.61,0,0,0,13.28,2.34,0,0.01,0,6.55,0.46,0,0,0.89,4.5,0,0,18.94,31
"Niger",1990,0.174521267872504,270.91,38.67,0,0,0,0,0,0,0,0,0,0,0,0,0,0,0,0,0,0,0.07,4.61,0,7.43,0,87.89,39.27,0,0,0,19.95,0,0.3,0,13.88,1.5,0,0,0,5.81,0.47,0,0,0.85,2.87,0,0,13.34,34
"Niger",1991,0.246626311490665,282.92,34.75,0.33,0,0,0,0,0,0,0,0,0,0,0,0,0,0,0,0,0,0.04,3.23,0,4.36,0.46,124.71,32.37,0,0,0,6.33,0,0.87,0,5.6,1.96,0,0,0.1,11.76,0.81,0,0,0.69,2.99,0,0,12.56,39
"Niger",1992,0.217261186244323,274.09,22.55,0.25,0,0,0,0,0,0,0,0,0,0,0,0,0,0,0,0,0,0.05,4.94,0,15.6,0.35,113.38,33.83,0,0,0,18.61,0,0.18,0,10.78,0.77,0,3.86,0,6.41,0.85,0,0,0.25,0.21,0,0,11.22,30
"Niger",1993,0.192713654057149,266.1,29.17,0.25,0,0,0,0,0,0,0,0,0,0,0,0,0,0,0,0,0,0.03,6.18,0,7.8,0,96.06,46.58,0,0,0,6.17,0,1.42,0,17.85,0.64,0,3.5,0.08,13.01,0.52,0,0,2,0.01,0,0.01,8.82,26
"Niger",1994,0.338524601643989,295.72,43.39,0.22,0.27,0,0,0,0,0,0,0,0,0,0,0,0,0,0,0,0,0.04,2.75,0,2.31,0,162.43,27.31,0,0,0,9.37,0,1.82,0,6.98,1.63,0,2.51,0.03,5.67,0.87,0,0,4.53,0.67,0,0,3.92,19
"Niger",1995,0.227502542713681,214.6,22.03,0.31,0.29,0,0.04,0,0,0,0,0,0,0,0,0,0,0,0,0,0,0.03,8.48,0,4.67,0,90.81,21.8,0,0,0,2.83,0,4.23,0,6.55,3.85,0,0,0.1,7.42,1.17,0,0,0.23,0.09,0,0,8.67,31
"Niger",1996,0.340306007233398,185.31,8.03,0.24,0.41,0,0,0,0,0,0,0,0,0,0,0,0,0,0,0,0,0.03,7.61,0,1.79,0,104.29,18.26,0,0,0,7,0,1.48,0,9.26,0.62,0,3.26,0.04,7.07,0.7,0,0,0.33,0.09,0,0,2.8,12
"Niger",1997,0.289898865529324,213.67,17.8,0.21,0,0,0,0,0,0,0,0,0,0,0,0,0,0,0,0,0,0.03,4.22,0,2.91,0,109.31,17.41,0.02,0,0,11.02,0,3.7,0,6.38,1.88,0,0.07,0.31,5.55,1.25,0,0.11,12.87,0,0,0,2.62,16
"Niger",1998,0.277041438711668,163.5,14.4,0.19,0,0,0,0,0,0,0,0,0,0,0,0,0.01,0,0,0,0,0.06,4.87,0,3.46,0,80.46,20.49,0,0,0,5.81,0,2.6,0,7.79,1.6,0,0.02,0,6.43,1.46,0,0.07,0.33,0.62,0,0,1.99,10.84
"Niger",1999,0.231695493869231,139.8,19.61,0.01,0,0,0.07,0,0,0,0,0,0,0,0,0,0.01,0,0,0,0,0.04,9.55,0,5.62,0,59.84,17.68,0,0,0.04,0.82,0,2.43,0,3.63,1.68,0,0.04,0.07,7.18,1.28,0,0.03,0.01,0.58,0,0,3.13,6.45
"Niger",2000,0.236679636173286,124.82,21.7,0,0,0,0.09,0,0,0,0,0,0,0,0,0,0,0,0,0,0,0.05,10.11,0,4.86,0,53.35,11.61,0,0,0,0.55,0,3.1,0,1.6,0.48,0,0.03,0.07,7.75,1.59,0,0.03,0,0,0,0,2.58,5.27
"Niger",2001,0.185447763867258,126.31,14.18,0.03,0,0,0,0,0,0,0,0,0,0,0,0,0,0,0,0,0,0.04,13,0,5.61,0,46.33,15.69,0,0,0.12,1.41,0,3.67,0,4.2,2.63,0,0.05,0,7.32,0.52,0,0.04,0.16,0.98,0,0.01,2.3,8.02
"Niger",2002,0.177246798297,126.28,14.39,0.02,0,0,0,0,0,0,0,0,0,0,0,0,0,0,0,0,0,0.03,4.43,0,6.79,0,43.95,14.86,0,0,0,1.32,0,4.12,0,1.84,2.37,0,0.88,0.07,8.94,0.59,0,0.06,0.08,0,0,0,5.27,16.27
"Niger",2003,0.432922361269448,255.54,14.25,0.02,0,0,0,0,0,0,0,0,0,0,0,0,0,0,0,0.02,0,0.02,10.9,0,7.95,0,165.11,14.91,0,0,0.11,0.89,0,4.4,0,3.67,1.87,0,0.41,0.05,7.62,0.44,0,0.01,0,0,0,0,6.76,16.13
"Niger",2004,0.388242210807226,339.33,37.06,0.05,0,0,0,0.05,0,0,0,0,0,0,0,0,0,0,0,0,0,0.04,9.06,0,9.4,0,205.49,16.71,0,0,0.17,1.82,0,7.41,0,5.51,1.94,0,1.49,0.08,7.74,8.37,0,0.01,0,0,0,0.06,7.55,19.32
"Niger",2005,0.134795105714983,271.13,23.68,0.11,0,0,0,0.5,0,0,0,0.21,0,0,0,0,0.06,0,0,0,0,0.06,15.6,0,11.79,0.37,79.91,24.77,0.27,0,2.69,0.81,0,7.94,0,7.55,6,0,21.44,1.57,11.58,7.96,0,0.03,0,0,0,0,17.03,29.2
"Niger",2006,0.201337981353237,245.26,12.09,0.07,0,0,0.08,0,0,0,0,0,0,0,0,0,0,0,0,0,0,0.41,19.31,0.04,12.86,0,98.28,21.26,0.22,0,4.04,5.37,0,10.25,0,0,2.48,0,3.49,0.1,11.39,6.11,0,0.01,0,0,0,0.07,6.77,30.56
"Niger",2007,0.139260952423518,244.07,28.28,0.16,0,0,0.1,0,0,0,0,0,0,0,0,0,0,0,0,0,0,0.01,16.3,0.01,13.26,0,66.07,21.4,0.11,0,4.53,2.51,0,10.53,0,0.12,1.66,0,8.19,1.22,9.97,2.36,0,0.02,0,0,0,1.45,14.53,41.28
"Niger",2008,0.135220372802272,280.47,16.93,0.04,0,0,0,0,0,0,0,0.01,0,0,0,0,0,0,0,0,0,0.16,22.33,0,13.79,0,77.09,20.96,0.16,0,3.02,5.05,0,12.15,0,0.14,1.87,0,23.98,1.57,11.08,7.35,0,0.05,0,0,0,1.6,15.28,45.86
"Niger",2009,0.128488468056436,265.99,35.06,0.16,0,0,0.16,0,0,0,0,0.02,0,0,0,0,0.01,0,0,0,0,0.02,26.76,0,11.59,0,65.64,22.04,0.05,0,0.97,3.77,0,9.33,0,0.13,1.63,0,22.2,1.03,10.47,6.2,0,0.06,0,0,0.63,1.26,9.75,37.05
"Niger",2010,0.219298431072138,658.01,25.16,1.15,0,0,0.38,0,0,0,0,0.08,0,0,0,0,0,0,0,0,0.05,0.04,35.14,0,13,0.66,57.63,22.64,0.12,0,2.27,3.02,0,8.8,0,2.77,3.49,0,25.87,8.5,18.71,274.97,0,0.01,0.03,0,0.82,2.16,53.7,96.84
"Niger",2011,0.295123247814378,634.38,15.86,0.59,0,0,3.75,0,0,0,0,0.05,0,0,0,0,0,0,0,0,0.02,0.22,23.77,0,9.01,1.67,54.96,29.86,0.05,0,2.42,0.52,0,6.87,0,0.13,1.82,0,27.84,7.69,19.22,323.84,0,0.01,2,0,0.79,2.63,11.2,87.59
"Niger",2012,0.246206209438649,772.65,17.86,0.84,0,0,16.17,0.4,0,0,0,0.02,0.09,0,0,0,0,0,0,0,0,0.05,17.79,0,15.54,3.34,108.96,39.39,0.02,0,3.41,1.45,0,8.26,0,9,6.65,0,6.68,9.06,27.03,347.01,0,0.01,0.99,0,0.56,2.96,28.62,100.49
"Niger",2013,0.30814192691002,750.81,34.47,0.09,0,0,4.47,0,0,0,0,0,0,0,0,0,0,0,0,0,0,0.49,25.01,0,13.18,1.33,73.79,22.75,0,0,3.26,1.86,0,15.5,0,0,9.95,0,5.88,8.03,24.13,397.5,0,0,0,0,0.24,9.62,20.71,78.55
"Niger",2014,0.331817976720221,734.78,32.05,0.5,0,0,0.33,0,0,0,0,0,0,0,0,0,0,0,0,0,0,0.06,17.38,0,10.46,0,59.13,26.89,0,0,3.02,3.44,0,19.76,0,0,10.4,0,17.44,7.54,27.29,406.59,0,0,0.01,0,0.53,4.13,7.34,80.49
"Niger",2015,0.314885214437815,757.89,27.69,0.53,0,0,0.27,0,0,0,0,0.08,0,0,0,0,0,0,0,0,0,0.03,17.13,0,12.81,0.03,55.44,24.42,0,0,2.16,2.66,0,23.64,0,0,11.2,0,7.4,5.71,31.18,401.84,0,0,1.56,0,0.65,8.9,10.53,112.03
"Niger",2016,0.306061787737341,825.37,10.74,0.55,0,0,0.26,0,0,0,0,0,0,0,0,0,0,0.02,0,0,0,0.11,21.99,0,14.96,1.11,76.13,42.44,0,0,3.42,1.59,0,24.04,0.01,0,14.54,0,7.42,8.85,31.96,431.96,0,0,2.87,0.18,1.65,11.91,10.51,106.15
"Niger",2017,0.266958258662106,865.49,14.55,0.86,0,0.01,0.04,0,0,0,0,0,0,0,0,0,0,0,0,0,0,0.66,20.62,0,7.4,0,68.37,38.32,0,0,2.86,79.17,0,30.05,0,2.82,19.55,0.07,14.8,6.39,34.08,421.79,0,0,0.52,0.23,2.17,9.59,13.35,77.22
"Niger",2018,0.146633110282697,591.42,12.52,0,0,0,0.03,0,0,0,0,0.77,0,0,0,0,0,0,0,0,0,0.02,23.81,0,18.9,0.36,56.32,110.74,0,0,2.88,24.1,0,49.52,0,7.64,18.96,0.11,10.92,7.32,32.66,1.32,0,0.01,9.86,0,3.46,6.44,21.06,171.69
"Niger",2019,0.146111759946671,622.26,13.31,0,0,0,0.05,0,0,0,0,1.74,0,0,0,0,0,0,0,0,0,0,21.92,0,14.78,1.18,95.4,113.22,0,0,4.16,11.8,0,50,0,17.61,19.18,0.02,9.07,6.82,35.88,1.45,0,0,4.38,0,2.83,6.48,22.29,168.69
"Niger",2020,0.162246430203018,752.16,10.78,0,0,0,0.13,0,0,0,0,0.71,0,0,0,0,0.02,0.06,0,0,0,0.01,26.46,0,28.28,1.87,111.22,152.88,0,0,4.13,20.27,0,37.58,0,25.51,28.77,0,12.55,5.55,35.34,0.89,0.29,0,4.16,0,2.3,2.08,18.26,222.06
"Niger",2021,0.16967765076617,828.56,22.06,0,0,0,0.27,0,0,0,0,1.38,0,0,0,0,0.93,0.12,0,0,0,0.09,34.57,0,31.93,1.32,126.12,154.37,0.07,0.17,3.82,22.69,0,36.2,0,25.87,18.08,0,10.83,11.77,33.45,1.49,0,0.01,4.68,0,1.02,1.45,20.38,263.42
"Niger",2022,0.172345926209576,1691.57757,24.887048,0.3868,0,0,0.143319,0,0,0,0,0.487296,0,0,0,0,0.469132,0.023904,0,0,0,0,54.57456,0,39.34673,0.94349,270.619375,381.9608,0.06869,0.332008,9.475336,50.395644,0,85.770412,0.001092,76.86858,27.905596,6.641278,30.094712,20.602304,72.271853,0.953248,0,0,7.162587,0,0.013861,3.454096,31.180864,494.542955
"Niger",2023,0.222633900871914,1484.983171,52.375806,1.20018,0,0,0.642492,0,0,0,0,0.901026,0,0.073502,0,0,0.194208,0.013542,0,0,0,0.029196,55.545652,0,60.494668,4.679314,129.026204,219.505274,0.043252,0.434934,10.05605,32.421448,0,48.00698,0,37.735954,30.98883,0,37.053044,19.65212,57.998888,0.850076,0.2,0,0,0,7.049116,2.626986,39.561323,635.623106
"Niger",2024,0.271223596948229,1115.882582,14.11882,5.489386,0,0,0.451941,0,0,0,0,0.432342,0,0,0,0,0.096928,0.040346,0,0,0,0.087468,59.432192,0,66.804479,0.60121,46.002726,63.156648,0,0.138498,11.333608,26.625972,0,20.10003,0.00146,36.826154,31.401283,0,31.179494,24.676776,60.185253,0.193002,0,0.12499,0,0,5.57094,23.720092,27.389948,559.700596
"Niger",2025,NA,0,0,0,0,0,0,0,0,0,0,0,0,0,0,0,0,0,0,0,0,0,0,0,0,0,0,0,0,0,0,0,0,0,0,0,0,0,0,0,0,0,0,0,0,0,0,0,0,0
"Nigeria",1960,0.699233837311325,17.31,0,0,0,0,0,0,0,0,0,0,0,0,0,0,0,0,0,0,0,0,0,0,0,0,0,0.09,0,0,0,0.02,0,0,0,0,0,0,0,0,0,14.16,0,0,0,0,0,0,0.04,3
"Nigeria",1961,0.723763803940722,33.46,0,0,0,0,0,0,0,0,0,0,0,0,0,0,0,0,0,0,0,0,0,0,0,0,0,0.01,0,0,0,0,0,0,0,0,0,0,0,0,0,28.02,0,0,0,0,0,0,0.43,5
"Nigeria",1962,0.492667135828191,31.81,0.07,0,0,0,0,0,0,0,0,0,0,0,0,0,0,0,0,0,0,0,0,0,0,0,0,0.09,0,0,0,0,0,0,0,0,0,0,0,0.01,0,18.81,0,0,0,0,0,0,0.83,12
"Nigeria",1963,0.512981487558559,22.43,0.02,0,0,0,0,0,0,0,0,0,0,0,0,0,0,0,0,0,0,0.15,0,0,0,0,0,0.82,0,0,0,0,0,0,0,0,0,0,0,0.01,0.03,5.64,0,0,0,0,0,0,0.76,15
"Nigeria",1964,0.405097722636135,46.59,0.07,0,0,0,0,0,0,0,0,0,0,0,0,0,0,0,0,0,0,0.27,0,0,0,0,0,0.64,0,0,0,3.88,0,0,0,0,0.04,0,0,0.01,0.01,15.4,0,0,0,0,0,0,1.27,25
"Nigeria",1965,0.32299041474961,70.77,0.05,0,0,0,0.18,0,0,0,0,0,0,0,0,0,0,0,0,0,0,1.02,0,0,0,0,0,4.33,0,0,0,5.93,0,0,0,0.79,0.02,0,0,0,0.04,28.72,0,0,0,0,0,0,2.67,27.02
"Nigeria",1966,0.295508059561308,68.99,0.16,0,0,0,0.2,0,0,0,0,0,0,0,0,0,0,0,0,0,0,1.35,0.08,0,0.03,0,0,5.65,0,0,0,8.74,0,0,0,0,0.04,0,0,0,0.02,18.27,0,0,0,0,0,0,3.64,30.81
"Nigeria",1967,0.314547746418202,71.86,0.08,0,0,0,0.17,0,0,0,0,0,0,0,0,0,0,0,0,0,0,0.57,0.11,0,0.1,0,0,7.17,0,0,0,6.37,0,0,0,3.01,0,0,0,0,0.06,16.19,0,0,0,0,0,0,2.62,35.41
"Nigeria",1968,0.26754614831278,67.92,0.12,0,0,0,0.34,0,0,0,0,0,0,0,0,0,0,0,0,0,0,0.02,0.06,0,0.84,0,0,4.8,0,0,0,2.53,0,0,0,1.13,6.17,0,0,0.61,2.32,15.12,0,0,0,0,0,0,3.57,30.29
"Nigeria",1969,0.258015560631967,81.24,0.17,0,0,0,0.09,0,0,0,0,0,0,0,0,0,0,0,0,0,0,0,0.09,0,1.75,0,0,15.59,0,0,0,0.08,0,0,0,2.82,2.26,0,0,2.28,2.56,13.45,0,0,0,0,0,0,5.1,35
"Nigeria",1970,0.253323733979405,98.63,4.68,0,0,0,0.44,0,0,0,0,0,0,0,0,0,0,0,0,0,0,0,0.05,0,0.22,0,0,16.95,0,0,0,0.07,0,0,0,2.21,0.51,0,0,0.95,2.39,27.17,0,0,0,0,0,0,5.99,37
"Nigeria",1971,0.295894590921349,99.36,7.61,0,0,0,0.13,0,0,0,0,0,0,0,0,0,0,0,0,0,0,0.26,0.04,0,0.23,0.04,0,8.38,0,0,0,0.12,0,0,0,3.22,0.33,0,0,0.04,0.27,17.27,0,0,0,0,0,0,13.42,48
"Nigeria",1972,0.223711628527749,81.2,0.16,0,0,0,0.16,0.01,0,0,0,0,0,0,0,0,0,0,0,0,0,0,0.01,0,0.1,0.23,0,12.52,0,0,0,0.06,0,0,0,11.08,0.47,0,0,0,0.06,16.36,0,0,0,0,0,0,11.98,28
"Nigeria",1973,0.191131505342224,69.49,0.77,0,0,0,0.26,0.01,0,0,0,0,0,0,0,0,0,0,0,0,0,0,0.11,0,0.47,0.72,0,15.7,0,0,0,1.24,0,0,0,8.86,0.44,0,0,0,0.42,19.15,0,0,0,0,0,0,10.34,11
"Nigeria",1974,0.204545781428349,71.34,3.33,0,0,0,0.21,0.02,0,0,0,0,0,0,0,0,0,0,0,0,0,0.25,0.17,0,1.35,0.3,0,24.68,0,0,0,0.99,0,0,0,7.48,0.67,0,0,0,0.09,13.96,0,0,0,0,0,0,10.84,7
"Nigeria",1975,0.195329366132209,80.03,28.19,0,0,0,0.21,0.01,0,0,0,0,0,0,0,0,0,0,0,0,0,0.05,0.32,0,1.4,0.66,0,11.93,0,0,0.01,1.45,0,0,0,5.72,1.63,0,0,0,0.06,11.23,0,0,0,0,0,0,9.16,8
"Nigeria",1976,0.166528612590243,57.64,9.92,0,0,0,0.17,0,0,0,0,0,0,0,0,0,0,0,0,0,0,0.35,0.39,0,0.17,0.18,0,8.44,0,0,0.02,0.79,0,0,0,5.53,1.72,0,0,0,0,9.97,0,0,0,0,0,0,14.99,5
"Nigeria",1977,0.189890643258136,42.32,12.01,0,0,0,0.22,0,0,0,0,0,0,0,0,0,0,0,0,0,0,0.74,0.1,0,0.39,0.27,0,5.42,0,0,0.03,0.54,0,0,0,4.71,2.07,0,0,0,0.02,11.18,0,0,0.03,0,0,0,3.59,1
"Nigeria",1978,0.213813401049129,35.16,11.19,0,0,0,0.22,0,0,0,0,0,0,0,0,0,0,0,0,0,0,0.33,0.55,0,0.03,0.06,0,3.96,0,0,0.03,0.67,0,0,0,3.22,1.78,0,0,0.22,0.01,10.26,0,0,0,0,0,0,1.63,1
"Nigeria",1979,0.211991787192772,32.53,4,0,0,0,0.26,0,0,0,0,0,0,0,0,0,0,0,0,0,0,0.8,0.54,0,0.07,0.05,0,8.72,0,0,0.03,0.67,0,0,0,3.32,1.19,0,0,0,0.01,10.78,0,0,0,0,0,0,1.09,1
"Nigeria",1980,0.191427664732067,34.84,4.04,0,0,0,0.34,0,0,0,0,0,0,0,0,0,0,0,0,0,0,0.48,0.53,0,0.48,0.08,4.8,6.5,0,0,0.04,0.7,0,0,0,4.22,0.36,0,0,0.32,0,11.45,0,0,0,0,0,0,0.5,0
"Nigeria",1981,0.157043240380595,36.39,5.22,0,0,0,0.18,0,0,0,0,0,0,0,0,0,0,0,0,0,0,6.76,0.31,0,0.28,0.05,4.11,6.16,0,0,0.04,0.93,0,0,0,1.96,0.3,0,0,0.3,0,8.58,0,0,0,0,0,0,1.21,0
"Nigeria",1982,0.178213363770052,35.48,8.62,0,0,0,0.22,0,0,0,0,0,0,0,0,0,0,0,0,0,0,0.37,0.31,0,0.07,0.11,4.03,7.04,0,0,0.05,1.93,0,0,0,1.5,0.3,0,0,0.24,0.06,8.6,0,0,0.07,0,0,0,1.96,0
"Nigeria",1983,0.292852489999732,48.25,22.98,0,0,0,0.52,0,0,0,0,0,0,0,0,0,0,0,0,0,0,0.42,0.22,0,0.07,0.04,4.5,7.75,0,0,0.05,0.56,0,0,0,1.24,0,0,0,0.1,0.06,8.31,0,0,0.03,0,0,0,1.4,0
"Nigeria",1984,0.15609055298371,31.81,6.86,0,0,0,0.47,0.01,0,0,0,0,0,0,0,0,0,0,0,0,0,0.65,0.18,0,0.21,0.04,4.34,5.05,0,0,0.07,1.79,0,0,0,1.38,0.04,0,0,0.07,0.13,7.47,0,0,0.08,0,0,0,1.97,1
"Nigeria",1985,0.177506550279626,33.34,8.12,0,0,0,0.43,0.01,0,0,0,0,0,0,0,0,0,0,0,0,0,0.35,0.25,0,0.01,0.03,3.85,6.62,0,0,0.04,1.33,0,0,0,1.46,0.07,0,0,0,0.17,8.09,0,0,0.11,0,0,0,1.4,1
"Nigeria",1986,0.21125857051931,50.94,17.95,0,0,0,0.33,0,0,0,0,0,0,0,0,0,0,0,0,0,0,0.71,0.52,0,0,0.09,5.8,10.39,0,0,0.08,2.86,0,0,0,2.69,0.11,0,0,0.04,0.01,8.18,0,0,0.11,0,0,0,1.07,0
"Nigeria",1987,0.189752819663634,57.57,18.65,0,0,0,0.25,0,0,0,0,0,0,0,0,0,0,0,0,0,0,0.83,0.42,0,0,0.12,6.79,11.36,0,0,0.04,2.92,0,0,0,3.69,0.1,0,0,0.38,0,8.79,0,0,0.04,0,0,0,1.19,2
"Nigeria",1988,0.328141699859949,102.61,55.35,0.02,0,0,0.67,0.01,0,0,0,0,0,0,0,0,0,0,0,0,0,0.76,0.41,0,0.02,0.15,7.19,10.1,0,0,0.02,5.75,0,0,0,3.74,0.23,0,0,0.16,0.03,13.37,0,0,0.08,0,0,0,2.55,2
"Nigeria",1989,0.401706144220386,327.42,178.92,1.8,0,0,0.49,0.01,0,0,0,0,0,0,0,0,0,0,0,0,0,0.79,0.01,0,0.01,0.08,5.37,9.74,0,0,0.01,14.32,0,0,0,2.46,0.31,0,0.04,0.01,0.06,103.23,0,0,0,0,0,0,2.76,7
"Nigeria",1990,0.203156195398157,222.93,82.78,8.99,0,0,1.31,0.05,0,0,0,0,0,0,0,0,0,0,0,0,0,1.34,0.79,0,0.04,0.33,6.29,18.55,0,0,0.18,12.47,0,0.07,0,3.68,0.4,0,0,0,0.02,24.86,0,0,0,0,0,0,38.78,22
"Nigeria",1991,0.206857789258345,205.59,19.59,0.05,0,0,2.52,0.02,0,0,0,0,0,0,0,0,0,0,0,0,0,4.72,0.28,0,0.31,0.76,6.13,37.17,0,0,0.14,1.84,0,0.09,0,17.97,0.49,0,0,0.19,0.05,68.17,0,0,0,0,0,0,1.1,44
"Nigeria",1992,0.179606076721541,150.11,50.42,3.34,0.01,0,1.58,0.01,0,0,0,0,0,0,0,0,0,0,0,0,0,4.14,0.72,0,2.14,0.29,18.81,15.79,0,0,0.17,5.47,0,0.15,0,4.2,0.25,0,0,0.07,0.02,21.26,0,0,0,0.01,0,0,2.26,19
"Nigeria",1993,0.136918957993391,96.54,15.03,10.86,0.21,0,0.96,0.02,0,0,0,0,0,0,0,0,0,0,0,0,0,1.63,0.76,0,1.77,0.06,7.59,15.01,0,0,0.41,3.23,0,0.09,0,1.11,0.17,0.01,0,0.21,0.07,19.99,0,0,0,0.01,0,0,2.34,15
"Nigeria",1994,0.143491259161377,66.65,9.87,0.02,0.05,0,1.04,0.04,0,0,0,0,0,0,0,0,0,0,0,0,0,1.67,0.71,0,1.8,0.02,10.23,12.58,0,0,0.65,1.64,0,0.12,0,1.94,0.14,0,0.01,0.18,0.08,10.84,0,0,0.01,0,0,0,1.01,12
"Nigeria",1995,0.160103718170464,72.74,13.3,0.08,0,0,0.62,0.02,0,0,0,0,0,0,0,0,0,0,0,0,0,1.24,0.52,0,1.03,0,15.56,16.17,0,0,1.22,1.64,0,0.26,0,2.65,0.21,0,0.23,0.6,0.15,11.21,0,0,0.04,0,0,0,0.99,5
"Nigeria",1996,0.161402483485602,51.23,1.63,0.04,0,0,0.5,0,0,0,0,0,0,0,0,0,0,0,0,0,0,1.4,0.51,0,1.89,0,6.08,14.5,0,0,1.72,0.18,0,0.05,0,1.83,1.47,0,0.45,0.96,0.25,11.46,0,0,0.02,0,0,0,1.29,5
"Nigeria",1997,0.202739362570851,52.84,0.64,0.06,0,0,0.25,0.02,0,0,0,0,0,0,0,0,0,0,0,0,0,1.15,0.56,0,0,0,3.98,14.07,0.01,0,1.63,0.11,0,0.12,0,1.11,0.69,0,0.39,0.62,0.03,14.15,0,0.3,0,0,0,0,0.95,12
"Nigeria",1998,0.248448586045989,46.2,0.62,0.03,0,0,0.12,0,0,0,0,0,0,0,0,0,0.09,0,0,0,0,1.23,0.35,0,0.29,0.07,3.04,14.06,0.13,0,1.46,0.03,0,0.1,0,1.45,0.22,0,0.12,0.37,0.1,17.36,0,0.26,0,0,0,0.02,0.86,3.82
"Nigeria",1999,0.193995969247494,62.24,2.19,0.05,0,0,0.06,0.03,0,0,0,0,0,0,0,0,0.12,0,0,0,0,1.18,0.37,0,3.32,0.08,5.24,14.17,0.08,0,1.51,0.07,0,0,0,0.2,0.72,0,0.38,0.54,0.02,20.98,0,0.19,2.4,0,0,0.03,0.83,7.48
"Nigeria",2000,0.244604852430949,84.63,2.63,0.03,0,0,0.13,0.03,0,0,0,0,0,0,0,0,0.08,0,0,0,0,1.51,0.26,0,3.19,0.12,4.1,11.28,0.01,0,0.99,0.94,0,0,0,0.26,0.48,0,0.2,0.82,0.13,22.89,0,0.18,0,0,0,0.02,1.82,32.53
"Nigeria",2001,0.168714462742399,117.18,13.91,0.14,0,0,0.04,0,0,0,0,0.02,0,0,0,0,0.08,0,0,0,0,1.69,0.45,0,0.48,0.15,14.81,13.32,0.01,0,0.93,1.12,0,0,0,2.8,1.08,0,2.91,0.67,0.26,32.79,0,0.4,0,0,0,0,4.47,24.65
"Nigeria",2002,0.208435601270678,223.79,19.1,0.23,0,0,0,0.08,0,0,0,0.04,0,0,0,0,0.07,0,0,0,0,2.17,0.42,0,0.03,0.31,8.79,45.98,0.06,0,1.48,0.96,0,0.03,0,2.77,3.08,0.01,0.45,1.46,0.24,41.72,0,0.16,0,0,0,0.01,18.06,76.08
"Nigeria",2003,0.258433383587227,220.37,20.24,0.09,0,0,0,0.07,0,0,0,0.01,0,0,0,0,0.1,0,0,0,0,4.3,0.67,0,0.1,0.21,7.99,16.41,0.33,0,2.24,0.17,0,0,0,6.99,4.45,0,0.41,1.33,0.26,42.59,0,0.31,0,0,0,0.01,12.37,98.72
"Nigeria",2004,0.290403556682754,328.4,8.67,0.11,0,0,0.25,0.09,0,0,0,0.02,0,0,0,0.01,0.14,0,0,0,0,9.9,1.16,0,0.01,0.47,10.08,20.37,0.51,0,1.78,0.89,0,0.02,0,4.93,5.48,0.01,0.56,1.16,0.04,126.1,0,0.2,0,0,0,0.12,15.17,120.15
"Nigeria",2005,0.243090531596271,5959.16,93.39,0.21,0,0,0.02,0.06,0,0,0,0.3,0,0,0,0.02,0.2,0,0,0,0,6.45,142.01,0,0,1.32,1424.31,1181.63,0.65,0,1.89,529.62,0,0,0,201.96,2.93,0.01,1.85,0.61,50.17,2201.07,0,0.26,0,0,0,0.04,19.22,98.96
"Nigeria",2006,0.178124894121176,11524.97,2120.6,1.72,0,0,0.3,0.08,0,0,0,0.31,0,0,0,0.01,0.03,0,0,0,0,0.6,197.37,0,87.38,0.2,2044.48,1858.61,0.25,0,2.32,761.74,0,0.02,0,260.97,2.91,0.11,136.54,1.01,51.11,3192.47,0,0.7,0,0,0,0.18,15.66,787.29
"Nigeria",2007,0.19603470910417,1456.8,26.84,0.91,0,0,0.74,0.07,0,0,0,0.44,0,0,0,0,0.15,0,0,0,0,321.28,0.9,0.01,95.64,0.3,11.8,26.45,1.91,0,2.08,1.69,0,0,0,344.03,3.25,0.07,0.47,1.08,0.18,354.13,0,0.48,0,0,0,0.41,20.9,240.59
"Nigeria",2008,0.288606808568528,792.06,28.96,1.93,0,0.02,0.12,0,0,0,0,0.32,0,0,0,0,0.18,0,0,0,0.1,0.59,3.7,0.01,81.56,0.52,11.87,29.86,2.23,0,3.26,3.81,0,0,0,1.65,6.27,0.08,25.42,0.97,0.07,196.65,0,0.8,0,0,0,0.55,26.67,363.89
"Nigeria",2009,0.337710382976102,712.19,28.88,2.14,0,0.03,0.34,0,0,0,0,0.62,0,0,0,0,0.12,0,0,0,0.09,0.7,0.28,0.02,31.24,0.82,9.06,30.8,1.92,0,1.71,2.36,0,0.18,0,4.54,9.17,0.04,6.97,0.7,0.12,206.48,0,1.02,0,0,0.1,0.21,17.5,354.03
"Nigeria",2010,0.439672150413551,691.23,23.87,3.74,0,0.02,0.4,0,0,0,0,0.63,0,0.24,0,0,0.12,0.12,0,0,0,0.85,0.29,0,19,0.89,8.88,39.77,1.45,0,1.78,2.08,0,0,0,9.11,14.07,0,0.49,0.34,0.5,106.17,0,0.75,0,0,0.15,0.48,12.61,442.43
"Nigeria",2011,0.384687576140387,696.11,39.2,2.87,0,0,3.31,0,0,0,0,0.3,0,0,0,0,0.08,0.14,0,0,0,0.91,0.04,0,0.42,1.28,10.56,25.91,1.45,0,1.91,1.23,0,0,0,21.49,11.83,0.11,0.2,0.2,1.91,136.71,0,0.28,0,0,0.14,0.5,28.2,404.93
"Nigeria",2012,0.431373273683803,654.41,48.12,4.31,0,0.02,5,0,0,0,0,0.36,0,0.34,0,0,0.07,0.33,0.41,0,0,0.87,0.02,0,3.34,0.95,7.15,39.09,1.38,0,1.77,0.18,0,0,0,2.78,9.34,0.06,0.01,0.68,3.47,64.67,0,0.28,0,0,0.9,0.72,39.55,418.24
"Nigeria",2013,0.380208981449242,938.61,40.13,4.68,0,0.01,3.67,0,0,0,0,0.36,0,0.45,0,0,0.08,0.06,0,0,0,0.66,0.02,0,0.09,1,45.89,74.06,0.03,0,1.34,0.57,0,0.33,0,2.7,10.19,0.06,0.57,1.18,3.53,162.54,0,0.16,0,0,0.14,1.34,37.06,545.71
"Nigeria",2014,0.404335864194929,794.23,35.15,3.04,0,0.01,2.38,0.11,0,0,0,0.04,0,0.19,0,0,0.06,0.09,0,0,0,0.86,0.15,0,0,0.94,81.86,62.2,0.03,0,0.65,0.12,0,0.33,0,2.59,12.66,0,0.15,1.03,2.34,79.17,0,0.07,0,0,0.14,0.98,20.72,486.17
"Nigeria",2015,0.357444509774166,881.41,85.33,5.53,0,0.02,2.09,0.17,0,0,0,0.02,0,0.95,0,0,0.02,0.53,0,0,0,0.78,0.34,0,0.69,0.22,32.63,34.24,0.02,0,1.3,0.72,0,0.83,0,7.44,17.68,0,0.05,5.27,7.67,154.79,0,0.06,0,0,0.34,0.06,28.78,492.84
"Nigeria",2016,0.37860561551171,891.71,16,5.31,0,0.01,1.68,0.31,0,0,0,0.04,0,1.19,0,0,0.05,0.09,0,0.01,0,0.93,3.55,0,5.2,1.94,58.98,72.3,0,0,3.57,0.09,0,0.83,0.01,7.88,15.67,0.02,0.4,24.54,11.12,92.9,0,0.15,0,0,0.97,0.74,35.04,530.19
"Nigeria",2017,0.322495095902186,1402.85,23.06,8.65,0,0.09,8.78,1.92,0,0,0,0.27,0.05,1.37,0,0.02,0.19,0.08,0,0,0,0.9,10.85,0,1.32,2.51,77.04,290.39,0,0,4.15,3.99,0,0.65,0.02,20.31,34.39,0.01,1.97,29.68,16.09,76.58,0,0,0,0.46,0.27,1.1,56.47,729.22
"Nigeria",2018,0.314288752983349,1878.18,13.42,0,0,0,1.61,0.68,0,0,0,0.68,0,2.25,0,0,0.73,0.09,0,0,0,1.86,5.52,0,0.14,1.74,94.44,257.77,0,0.23,3.71,1.79,0,0,0.05,13.04,23.54,0.02,4.57,26.73,14.44,445.09,0,0.64,0,0,0.43,0.01,51.57,911.39
"Nigeria",2019,0.302140250975215,1480.49,15.08,0,0,0,1.6,0.79,0,0,0,0.14,0,3.43,0,0.01,1.96,0.04,0,0,0,1.48,6.53,0,2.19,0.69,56.09,181.09,0,0,2.61,5.15,0,0.02,0,15.97,24.25,0.29,5.13,22.61,12.87,376.36,0,0.28,0,0,1.46,0.88,48.35,693.14
"Nigeria",2020,0.341843406399751,1816.86,13.06,0,0,0,1.29,0.75,0,0,0,0.04,0,2.09,0,0.13,3.14,0.07,0,0,0,1.44,7.96,0,2.75,0.21,214.34,132.19,0,0,2.22,1.9,0,0.13,0,10.11,23.23,0.04,3.09,24.46,14.91,333.07,0,0.45,0,0,1.74,0.96,46.32,974.77
"Nigeria",2021,0.350108365209644,1639.37,30.91,0,0,0,2.41,0.25,0,0,0,1.14,0.04,3.73,0,0.19,4.98,0.09,0,0,2.62,1.56,5.94,0,2.89,0.17,154.46,164.25,0,0,2.97,4.1,0,1.4,0,14.12,17.81,0.16,1.71,29.69,15.57,194.32,0,0.7,0,0,0.27,0.77,60.39,919.76
"Nigeria",2022,0.313260065893643,3041.766883,54.148958,15.820446,0,0.207746,2.893424,0.118152,0,0.08314,0.072384,0.169952,0,5.60539,0,0.148632,6.292826,0.287636,0,0.16673,0.166598,4.775556,15.117424,0,15.501485,0.771192,366.173275,250.007377,13.143972,0,5.073994,12.940566,0,0.103494,0.002176,15.331062,34.65916,0.372554,66.693522,50.276102,36.938048,298.362116,0,1.642646,0,0,1.793094,1.075656,160.761933,1604.068465
"Nigeria",2023,0.424455207828396,2999.137735,60.615065,18.000398,0,0,2.434894,3.592908,1.315342,0,0,0.083204,0,3.906198,0,0.051554,3.959064,0.266094,0,0,0.108132,9.34824,4.35466,0,6.278119,0.271002,241.085218,245.327112,0,0,5.991426,4.337546,0.166944,0.29475,0.031176,19.038038,55.81984,0.019464,1.804148,57.47195,32.855222,248.003049,0,1.398248,0,0,0.014002,1.568472,66.282388,1903.043868
"Nigeria",2024,0.39373943152105,3011.561405,51.89593,33.181658,0,0.07709,1.775521,0.26098,1.24589,0.060212,0,0.235024,0,4.535144,0,0.063762,3.97392,0.12982,0,0.082406,0,12.037454,4.302372,0,7.030612,0.118552,395.909116,170.191551,0,0,5.369362,3.017921,0,0.32108,0.091108,13.505848,43.192816,0.056956,4.437496,40.907988,21.222048,332.823332,0,1.325844,0,0,6.755986,2.142088,42.518817,1806.765701
"Nigeria",2025,NA,0,0,0,0,0,0,0,0,0,0,0,0,0,0,0,0,0,0,0,0,0,0,0,0,0,0,0,0,0,0,0,0,0,0,0,0,0,0,0,0,0,0,0,0,0,0,0,0,0
"Rwanda",1962,0.744564422609472,10.06,0,0,0,0,0,0,0,0,0,0,0,0,0,0,0,0,0,0,0,0,8.55,0,0,0,0,0.01,0,0,0,0,0,0,0,0,0,0,0,0,0,0,0,0,0,0,0,0,0,1.5
"Rwanda",1963,0.966183363903689,6.42,0,0,0,0,0,0,0,0,0,0,0,0,0,0,0,0,0,0,0,0,6.31,0,0,0,0,0.07,0,0,0,0,0,0,0,0,0,0,0,0,0.04,0,0,0,0,0,0,0,0,0
"Rwanda",1964,0.748930041152263,5.4,0,0,0,0,0,0,0,0,0,0,0,0,0,0,0,0,0,0,0,0,4.65,0,0,0,0,0.25,0,0,0,0,0,0,0,0,0,0,0,0,0.37,0,0,0,0,0,0,0,0.13,0
"Rwanda",1965,0.514212592778515,6.68,0,0,0,0,0,0,0,0,0,0,0,0,0,0,0,0,0,0,0,0,4.67,0,0,0,0,0.35,0,0,0,0,0,0,0,0,0,0,0,0,0.29,0.01,0,0,0,0,0,0,0.73,0.63
"Rwanda",1966,0.383725901878152,9.97,0,0,0,0,0,0,0,0,0,0,0,0,0,0,0,0,0,0,0,0,5.76,0,0,0,0.3,0.66,0,0,0,0,0,0,0,0,0,0,0,0,0.64,0.01,0,0,0,0,0,0,0.73,1.87
"Rwanda",1967,0.480283295393825,11.38,0,0,0,0,0,0,0,0,0,0,0,0,0,0,0,0,0,0,0,0,7.61,0,0,0,0,0.65,0,0,0,0,0,0,0,0,0,0,0,0,0.67,0,0,0,0,0,0,0,0.77,1.68
"Rwanda",1968,0.444226069669737,11.71,0,0,0,0,0,0,0,0,0,0,0,0,0,0,0,0,0,0,0,0,7.57,0,0.02,0,0.8,0.73,0,0,0,0,0,0,0,0,0,0,0,0,0.63,0.02,0,0,0,0,0,0,0.69,1.25
"Rwanda",1969,0.491076885195445,14.25,0,0,0,0,0,0,0,0,0,0,0,0,0,0,0,0,0,0,0,0,9.79,0,0.01,0,0.9,0.89,0,0,0,0.05,0,0,0,0,0,0,0,0,0.85,0.02,0,0,0,0,0,0,0.74,1
"Rwanda",1970,0.468829116576966,16.92,0.02,0,0,0,0,0,0,0,0,0,0,0,0,0,0,0,0,0,0,0,11.34,0,0.02,0,1.2,0.99,0,0,0,0.07,0,0,0,0.27,0,0,0,0,0.75,0.01,0,0,0,0,0,0,1.25,1
"Rwanda",1971,0.434066,20,0.02,0,0,0,0,0,0,0,0,0,0,0,0,0,0,0,0,0,0,0.01,12.84,0,0.02,0,1.2,1.68,0,0,0,0,0,0,0,1.02,0,0,0,0,0.89,0.03,0,0,0,0,0,0,1.29,1
"Rwanda",1972,0.430175762817999,23.53,0.04,0,0,0,0,0,0,0,0,0,0,0,0,0,0,0,0,0,0,0,15.01,0,0.05,0,1.64,1.84,0,0,0,0,0,0,0,0.68,0,0,0,0,1.42,0.03,0,0,0,0,0,0,1.82,1
"Rwanda",1973,0.454101768707483,26.25,0.01,0,0,0,0,0,0,0,0,0,0,0,0,0,0,0,0,0,0,0.08,17.13,0,0.08,0,3.05,2.11,0,0,0,0.04,0,0,0,0.44,0,0,0,0,1.86,0.02,0,0,0,0,0,0,1.43,0
"Rwanda",1974,0.330653813502037,31.33,0.01,0,0,0,0,0,0,0,0,0,0,0,0,0,0,0,0,0,0,0,16.56,0,0.05,0,5.11,3.43,0,0,0,0.05,0,0,0,0.79,0,0,0,0.02,1.28,0,0,0,0,0,0,0,3.03,1
"Rwanda",1975,0.26049991461975,58.26,0.72,0,0,0,0,0,0,0,0,0,0,0,0,0,0,0,0,0,0,0.09,25.64,0,0,0.01,11.95,5.44,0,0,0,0.04,0,0,0,0.54,0,0,0,0,1.66,0.07,0,0,0,5,0,0,4.1,3
"Rwanda",1976,0.269531178824254,57,2.78,0,0,0,0,0,0,0,0,0,0,0,0,0,0,0,0,0,0,0.13,26.26,0,0,0,7.5,8.29,0,0,0,0.02,0,0,0,0.96,0,0,0,0,2.14,0.03,0,0,0.27,0,0,0,6.62,2
"Rwanda",1977,0.246091327700837,66.51,0.37,0,0,0,0,0,0,0,0,0,0,0,0,0,0,0,0,0,0,0.56,28.58,0,0.22,0,6.9,12.21,0,0,0,0.05,0,0,0,1.6,0.03,0,0,0,1.93,0.05,0,0,0.47,3.94,0,0,6.6,3
"Rwanda",1978,0.260772796653287,79.8,2.02,0,0,0,0,0,0,0,0,0,0,0,0,0,0,0,0,0,0,0.18,36.31,0,0.26,0,9.18,12.31,0,0,0,0.04,0,0,0,1.98,0,0,0,0,6.14,0.06,0,0,0.73,0.46,0,0,7.13,3
"Rwanda",1979,0.235644719189636,104.15,5.17,0,0,0,0,0,0,0,0,0,0,0,0,0,0,0,0,0,0,0.05,35.48,0,0,0,11.69,32.42,0,0,0,0.03,0,0,0,3.83,0,0,0,0.74,4.41,0,0,0,0.55,0,0,0,4.78,5
"Rwanda",1980,0.208574386458906,97.95,5.14,0,0,0,0,0,0,0,0,0,0,0,0,0,0,0,0,0,0,0.08,36.2,0,0,0,15.8,16.83,0,0,0.11,0,0,0,0,4.61,0,0,0,0,5.17,0.01,0,0,1.28,0,0,0,5.72,7
"Rwanda",1981,0.176625533071282,105.02,4.41,0,0,0,0,0,0,0,0,0,0,0,0,0,0,0,0,0,0,0.09,28.87,0,0,0,21.51,20.68,0,0,0.11,0.04,0,0,0,3.22,2.25,0,0,0.03,7.72,0,0,0,0.24,0.42,0,0,5.43,10
"Rwanda",1982,0.172987330849502,99.6,3.2,0,0,0,0,0,0,0,0,0,0,0,0,0,0,0,0,0,0,0.15,26.26,0,0.06,0.01,11.84,25.26,0,0,0.09,0.03,0,0,0,4.27,1.43,0,0,1.17,9.26,0.03,0,0,0.52,0,0,0,7.02,9
"Rwanda",1983,0.14861814480383,96.95,5.85,0,0,0,0.04,0,0,0,0,0,0,0,0,0,0,0,0,0,0,0.15,20.16,0,0.04,0.02,9.17,23.75,0,0,0.2,0.69,0,0,0,5.48,0.76,0,0,0,7.39,0.13,0,0,1.76,0,0.45,0,10.91,10
"Rwanda",1984,0.142022090028529,102.68,3.07,0,0,0,0,0,0,0,0,0,0,0,0,0,0,0,0,0,0,0.27,20.59,0,0.02,0.03,9.52,20.12,0,0,0.07,0.8,0,0,0,4.17,0.25,0,0,0,7.3,0.04,0,0,5.42,0,1.07,0,11.94,18
"Rwanda",1985,0.138186419953498,110.34,1.87,0,0,0,0,0,0,0,0,0,0,0,0,0,0,0,0,0,0,0.57,20.22,0,0.07,0.04,15.95,23.59,0,0,0.67,3.73,0,0,0,3.04,0,0,0,0,8.41,0.12,0,0,4.84,0,1.56,0,10.66,15
"Rwanda",1986,0.12459796369146,132.4,9.58,0,0,0,0,0,0,0,0,0,0,0,0,0,0,0,0,0,0,1.78,24.63,0,0.07,0.01,20.92,19.3,0,0,0.22,6.21,0,0,0,6.01,0,0,0,0,10.32,0.17,0,0,4.69,2.36,0.39,0,4.74,21
"Rwanda",1987,0.146656866694399,147.15,7.95,0,0,0,0,0,0,0,0,0,0,0,0,0,0,0,0,0,0,2.4,33.49,0,0.03,1.06,33.18,22.03,0,0,0.21,2.18,0,0,0,6.6,0.16,0,0,0.6,9.38,0.31,0,0,3.25,4.22,0.06,0,6.04,14
"Rwanda",1988,0.131860274132112,143.99,10.4,0,0,0,0,0,0,0,0,0,0,0,0,0,0,0,0,0,0,2.73,29.05,0,0.61,1.08,23.68,25,0,0,0.19,0.92,0,0,0,7.23,0.07,0,0,0.42,12.85,0.52,0,0,0,4.63,0,0,7.61,17
"Rwanda",1989,0.124731380804813,142.31,17.08,0,0,0,0,0,0,0,0,0,0,0,0,0,0,0,0,0,0,2.35,26.71,0,0.95,1.73,19.57,27.15,0,0,0.13,1.45,0,0,0,5.57,0,0,0.09,0,9.07,0.52,0,0,4.81,3.36,0.11,0,12.66,9
"Rwanda",1990,0.130456973975442,199.58,14.36,0,0,0,0,0,0,0,0,0,0,0,0,0,0,0,0,0,0,7.19,43.39,0,1.8,0.21,37.17,31.82,0,0,0.08,1.32,0,0.83,0,10.71,0.02,0,0.12,0.13,10.16,0.85,0,0,5.75,6.75,0.15,0,13.77,13
"Rwanda",1991,0.141998193675959,241.86,9.21,0.13,0,0,0,0,0,0,0,0,0,0,0,0,0,0,0,0,0,11.28,55.8,0,1.71,0.17,43.06,40.05,0,0,0.05,1.93,0,1.29,0,3.86,0.39,0,0.02,1.79,17.05,0.58,0,0,0,5.34,0,0,21.15,27
"Rwanda",1992,0.154478123329626,192.57,16.81,0.07,0,0,0,0,0,0,0,0,0,0,0,0,0,0,0,0,0,8.54,45.65,0,1.53,0.46,30.16,43.59,0,0,0.07,1.87,0,0.59,0,6.88,0.34,0,0,0.3,13.79,0.34,0,0,0,0.97,0,0,13.61,7
"Rwanda",1993,0.128210009738598,209.58,14.94,0.07,0,0,0,0,0,0,0,0,0,0,0,0,0,0,0,0,0,4.36,36.66,0,0.76,0.29,35.53,38.56,0,0,0.01,2.97,0,1.27,0,7.18,1.26,0,0.82,3.35,20.21,1.2,0,0,0.01,2.93,0,0,11.2,26
"Rwanda",1994,0.187504711461261,496.35,16.47,0.1,2,0,7.67,1.3,0,0,0,0,0,0,0,0,0,0,0,0,0,2.29,29.1,0,0.34,2.31,29.8,46.57,0,0,4.04,12.44,0,1.63,0,32.22,8.78,0.11,6.53,12.11,22.57,44.59,0,0,0.99,0,0,0.19,18.2,194
"Rwanda",1995,0.147368990635919,346.15,1.5,0.1,0,0,0.48,0.8,0,0,0,0,0,0,0,0,0,0,0,0,0,3.49,14.04,0,0.89,2.77,11.75,52.06,0,0,6.31,3.85,0,1.15,0,46.67,16.33,0,8.11,5.81,17.78,34.5,0,0,0,0,0,0,16.76,101
"Rwanda",1996,0.103311704913734,259.58,0.55,0.15,0,0,5.44,0.17,0,0,0,0,0,0,0,0,0,0,0,0,0,2.84,31.29,0,0.42,1.02,16.56,45.64,0,0,5.46,4.18,0,1.83,0,41.11,24.49,0.14,4.49,5.43,17.54,19.28,0,0,1.18,0,0,0,20.37,10
"Rwanda",1997,0.095748029435608,184.67,8.13,0,0,0,3.18,0.21,0,0,0,0,0,0,0,0,0,0,0,0,0,1.44,21.09,0,1.75,0.85,16.07,26,0,0,4,4.06,0,2.06,0,29.21,11.07,0.06,0.47,1.9,12.14,10.04,0,0.03,0,0.5,0,0,21.41,9
"Rwanda",1998,0.0941389374574117,214.53,9.03,0,0,0,1.57,0.09,0,0,0,0,0,0,0,0,0.05,0,0,0,0,5.09,23.17,0,2.08,0.56,33.17,20.55,0,0,3.4,3.86,0,3.05,0,29.01,8.8,0,0.22,9.93,7.15,20.59,0,0.08,0,0,0,0,10.1,22.98
"Rwanda",1999,0.107221006948036,196.98,7.95,0,0,0,0.02,0,0,0,0,0,0,0,0,0,0.03,0,0,0,0,6.17,21.04,0,1.43,0.53,16.22,18.76,0.02,0,2.48,2.46,0,1.8,0,20.34,4.84,0,0.15,13.11,7.02,26.53,0,0.06,0,0,0,0,6.24,39.78
"Rwanda",2000,0.142210030077871,180.83,3.36,0.03,0,0,0.02,0.04,0,0,0,0,0,0,0,0,0.02,0,0,0,0,1.19,16.03,0,1.2,0.56,12.69,13.77,0.01,0,1.79,0.81,0,2.26,0,20.42,4.27,0,0.3,14.63,5.04,52.67,0,0.12,0,0,0,0,6.67,22.93
"Rwanda",2001,0.1388190321322,153.95,1.03,0.02,0,0,0,0.11,0,0,0,0,0,0,0,0,0.01,0,0,0,0,0.41,11.55,0,2.68,0.41,10.61,14.59,0.01,0,1.05,1.18,0,1.79,0,19.16,2.03,0,0.77,8.43,3.49,36.76,0,0.1,0,0,0,0,6.68,31.08
"Rwanda",2002,0.154418218842525,202.36,0.4,0.08,0,0,0,0.09,0,0,0,0,0,0,0,0,0.03,0,0,0,0,1.87,21.61,0,0.49,0.87,9.27,10.75,0,0,1.39,1,0,3.99,0,19.61,6.09,0,0.73,15.58,3.9,52.63,0,0.03,0,0,0,0,5.58,46.37
"Rwanda",2003,0.133848565807944,217.19,0.69,0.04,0,0,0,0.12,0,0,0,0,0,0,0,0,0.01,0,0,0,0,3.01,20.81,0,1.78,0.89,10.94,13.87,0,0,1.95,0.19,0,3.87,0,23.05,7.97,0.98,0.68,13.14,6.86,42.88,0,0.06,0,0,0,0,10.82,52.58
"Rwanda",2004,0.15432144215276,220.96,0.86,0.06,0,0,0,0.1,0,0,0,0,0,0,0,0,0.03,0,0,0,0,1.25,18.96,0,1.81,0.76,10.7,16.6,0.01,0,2.89,1.3,0,3.6,0,25.5,6.24,0.53,0.35,8.47,6.39,58.18,0,0,0,0,0,0,6.05,50.32
"Rwanda",2005,0.149374232028691,294.22,4.25,0.1,0,0,0,0.11,0,0,0,0,0,0,0,0,0.02,0,0,0,0,12.42,27.4,0,0,1.72,12.78,18.5,0.02,0,2.63,0.19,0,1.38,0,28.41,4.5,0.61,0.85,23.4,5.82,81.95,0,0,0,0,0,0,10.03,57.13
"Rwanda",2006,0.166975765801006,414.68,12.74,0.34,0,0,0.07,0.06,0,0,0,0.01,0,0,0,0,0.08,0,0,0,0,0.42,36.24,0,1.53,0.42,103.54,19.39,0.03,0,3.74,0.58,0,2.81,0,24.65,3.98,0.61,2,17.48,4.71,95.4,0,0.01,0,0,0,0.01,6.24,77.59
"Rwanda",2007,0.152157116872068,376.67,19.53,0.84,0,0,0.46,0.03,0,0,0,0.02,0,0,0,0,0.54,0,0,0,0,1.45,42.69,0,1.26,1.32,6.54,23.08,0.05,0,3.47,2.52,0,5.52,0,27.84,7.43,0.7,8.42,21.8,5.68,94.94,0,0.03,0,0,0,0.1,9.65,90.76
"Rwanda",2008,0.153070399735634,454.71,17.75,1.35,0,0.15,0.25,0,0,0,0,0.02,0,0,0,0,0.81,0,0,0,0.03,1.55,65.42,0,2.46,1.07,5.16,24.58,0.08,0,3.33,2.74,0,7.9,0,38.77,3.76,0.62,24.86,14.4,5.41,99.88,0,0.02,0,0,0,0.7,14.26,117.38
"Rwanda",2009,0.155077801346739,524.12,21.34,2.31,0,0.01,0.29,0,0,0,0,0.23,0,0,0,0,0.22,0,0,0,0.02,1.44,82.36,0,2.28,1.08,4.62,44.16,0.04,0,2.04,1.75,0,5.41,0,54.22,3.56,0.86,24.98,13.35,5.79,89.85,0,0.01,1.73,0,0.41,0.16,13.7,145.9
"Rwanda",2010,0.145567706607352,500.08,22.82,6.86,0,0,0.46,0,0,0,0,0.02,0,0,0,0,0.08,0,0,0,0.04,1.26,70.48,0,2.31,0.21,5.99,48.71,0.03,0,2.4,1.31,0,5.21,0,39.43,4.37,0.55,1.78,25.22,5.41,53.65,0,0.03,1.28,0,0.41,0.16,58.72,140.88
"Rwanda",2011,0.169472135639333,545.88,24.38,5.82,0,0.01,2.08,0,0,0,0,0.03,0,0,0,0,0.19,0,0,0,0.06,0.66,76.75,0,2.55,0.15,7.95,47.75,0.02,0,2.29,1.01,0,5.52,0,47.46,3.4,0.66,1.73,33.25,4.21,79.25,0,0.12,7.62,0,0.72,0.29,11.85,178.1
"Rwanda",2012,0.19940284895906,552.57,32.79,7.11,0,0,1.72,0,0,0,0,0.04,0,0,0,0,0.27,0,0.04,0,0.03,0.14,53.5,0,0.69,0.3,8.68,32.47,0.02,0,3.53,0.41,0,3.64,0,37.03,2.37,0,1.32,14.61,5.44,168.23,0,0.07,0.65,0,0.46,0.21,17.04,159.76
"Rwanda",2013,0.172395465338528,542.41,49.86,12.48,0,0,4.42,0,0,0,0,0.05,0,0,0,0,0.14,0,0,0.01,0.08,0.1,47.58,0,0,0.1,7.89,28.15,0,0,3.3,0.18,0,2.26,0,49.58,2.22,0.82,0.73,29.68,6.09,131,0,0.03,2.19,0,0.44,0.49,6.55,155.99
"Rwanda",2014,0.175694446900585,529.6,22.61,16.46,0,0,1.4,0.2,0,0,0,0.09,0,0,0,0,0.06,0,0,0.01,0.08,0.14,42.19,0,0,0.09,7.24,35.77,0,0,3.13,2.96,0,0.48,0,50.66,2.29,0.21,0.8,39.09,8.12,124.72,0,0.02,4.55,0,0.45,0.61,5.19,159.98
"Rwanda",2015,0.213568259187674,504.05,16.39,20.93,0,0,1.55,0.21,0,0,0,0.04,0,0,0,0,0.12,0.01,0,0.03,0.03,0.1,35.88,0,0,0.07,4.56,35.38,0,0,2.37,2.64,0,0.39,0,40.83,2.2,0.22,0.55,32.79,4.79,93.67,0,0.02,6.18,0,0.59,0,3.05,198.46
"Rwanda",2016,0.189352012083112,514.22,27.4,18.27,0,0.02,0.66,0.11,0,0,0,0.02,0,0,0,0,0.05,0,0,0.02,0.03,0.33,26.3,0,0,0.05,4.23,47.85,0,0,2.06,1.6,0,0.39,0,55.89,2.59,0.04,0.63,29.17,6.06,101.24,0,0.28,3.04,0,0.68,0.39,6.91,177.91
"Rwanda",2017,0.175667519182569,506.43,43.32,16.52,0,0.04,9.44,0.07,0,0,0,0,0,0,0,0,0.03,0.01,0,0.04,0.03,0.37,40.62,0,0,0.1,3.65,45.24,0,0,2.34,1.06,0,0.23,0,48.07,3.15,0,0.53,31.2,5.32,65.31,0,0,3.11,0,1.65,1.34,6.28,177.36
"Rwanda",2018,0.179617431373802,528.95,38.24,0,0,0,1.04,0.13,0,0,0,0,0,0,0,0,0.1,0,0,0.01,0.15,0.36,44.59,0,0,0.71,3.81,48.93,0,0.05,2.62,1.34,0,0.98,0,50.81,3.29,0,1.21,34.89,3.87,81.78,0,0.4,14.69,0,2.2,0.04,9.52,183.19
"Rwanda",2019,0.174187359703404,596.53,78.21,0,0,0,0.75,0.13,0,0,0,0,0,0.01,0,0,0.29,0,0,0.03,0.2,0.32,46.18,0,0,0.19,3.94,49.35,0,0,2.25,1.6,0,1.95,0,52.11,10.08,0,1.37,30.44,5.36,92.73,0,0.29,6.24,0,2.4,0.98,12.41,196.72
"Rwanda",2020,0.164650734099543,597.29,54,0,0,0,0.85,1.16,0,0,0,0,0,0.01,0,0,0.53,0,0,0.08,0.15,0.2,63.37,0,5.4,0.19,54.4,64.04,0,0,2.25,1.74,0,1.99,0,32.76,5.03,0,1.83,25.09,6.41,59.03,0,0.27,5.15,0,2.25,0.84,9.99,198.28
"Rwanda",2021,0.122744600629727,654.75,70.93,0,0,0,2.8,1.04,0,0,0.67,0.01,0.71,4.42,0,0,2.14,0.01,0,3.44,0.08,0.31,52.33,0,6.39,0.22,71.46,100.79,3.78,0,2.37,7.96,0,1.67,0.72,21.66,6.15,3.21,10.13,30.49,8.06,48.53,0,0.42,7.99,0,3.51,0.61,22,157.74
"Rwanda",2022,0.14953205998238,1143.541621,131.078398,46.962932,0,0.028098,2.749976,1.810308,0,0,0,0.048556,0,0.362672,0,0.002122,1.35053,0.040844,0,0.032646,0.195158,0.902232,90.32469,0,0.525119,1.305546,90.886386,136.401328,0,0,6.120858,7.585848,0,24.434364,0.001522,54.30733,12.031394,0,2.6048,62.173445,17.517333,68.535284,0,0.199664,6.233216,0,4.530221,0.707012,13.487389,358.0644
"Rwanda",2023,0.167818368777415,1090.192805,44.322594,51.171592,0,0,2.388297,1.719056,0,0,0,0.489246,0,1.761336,0.005108,0,1.305782,0.114568,0,0.002876,0.209776,0.65844,76.649088,0,28.05262,1.242714,166.908288,154.393044,0,0,4.87739,6.061936,0,26.18062,0.025952,5.555978,6.36466,0,3.906308,58.023301,21.446129,45.432701,0,0.090868,0,0,6.973161,0.712416,13.213559,359.933401
"Rwanda",2024,0.130913988844772,1352.250937,190.130688,42.563782,0,0,2.227756,0.095424,0.002654,0,0,2.592448,0,1.813746,0.105994,0,1.114226,0.109388,0,0,0.310332,7.132162,77.194842,0,5.910584,1.219074,158.325086,165.245326,0,0,5.378414,109.724164,0,31.449324,0.067914,11.412726,5.027415,0,6.174042,53.258869,22.377402,74.18418,0,0.331488,0,0,10.255203,0.761706,18.705854,347.048724
"Rwanda",2025,NA,0,0,0,0,0,0,0,0,0,0,0,0,0,0,0,0,0,0,0,0,0,0,0,0,0,0,0,0,0,0,0,0,0,0,0,0,0,0,0,0,0,0,0,0,0,0,0,0,0
"Sao Tome & Principe",1975,1,0.04,0,0,0,0,0,0,0,0,0,0,0,0,0,0,0,0,0,0,0,0,0.04,0,0,0,0,0,0,0,0,0,0,0,0,0,0,0,0,0,0,0,0,0,0,0,0,0,0,0
"Sao Tome & Principe",1976,0.445333333333333,0.75,0,0,0,0,0,0,0,0,0,0,0,0,0,0,0,0,0,0,0,0,0.06,0,0,0,0.44,0,0,0,0,0,0,0,0,0.23,0,0,0,0,0.02,0,0,0,0,0,0,0,0,0
"Sao Tome & Principe",1977,0.493204592478397,1.57,0,0,0,0,0,0,0,0,0,0,0,0,0,0,0,0,0,0,0,0,0.12,0,0,0,0.4,0,0,0,0,0,0,0,0,1.02,0,0,0,0,0.03,0,0,0,0,0,0,0,0,0
"Sao Tome & Principe",1978,0.31263069192597,1.79,0,0,0,0,0,0,0,0,0,0,0,0,0,0,0,0,0,0,0,0,0,0,0,0,0.82,0.03,0,0,0,0,0,0,0,0.32,0,0,0,0.44,0.18,0,0,0,0,0,0,0,0,0
"Sao Tome & Principe",1979,0.295621141975309,1.44,0,0,0,0,0,0,0,0,0,0,0,0,0,0,0,0,0,0,0,0,0.03,0,0,0,0.61,0.04,0,0,0,0,0,0,0,0.36,0,0,0,0.32,0.08,0,0,0,0,0,0,0,0,0
"Sao Tome & Principe",1980,0.454955262618674,1.21,0,0,0,0,0,0,0,0,0,0,0,0,0,0,0,0,0,0,0,0,0,0,0,0,0.55,0.06,0,0,0,0,0,0,0,0.6,0,0,0,0,0,0,0,0,0,0,0,0,0,0
"Sao Tome & Principe",1981,0.246172839506173,1.8,0.11,0,0,0,0,0,0,0,0,0,0,0,0,0,0,0,0,0,0,0,0,0,0,0,0.61,0,0,0,0,0,0,0,0,0.49,0,0,0,0.34,0.24,0.01,0,0,0,0,0,0,0,0
"Sao Tome & Principe",1982,0.215712209202196,3.81,0.8,0,0,0,0,0,0,0,0,0,0,0,0,0,0,0,0,0,0,0.07,0.06,0,0,0,1.13,0,0,0,0,0.09,0,0,0,0.41,0,0,0,0.16,0.05,0,0,0,0,0,0,0,0.04,1
"Sao Tome & Principe",1983,0.526897164939639,3.42,0,0,0,0,0,0,0,0,0,0,0,0,0,0,0,0,0,0,0,0,0,0,0,0,2.4,0.22,0,0,0,0.04,0,0,0,0.58,0,0,0,0,0.08,0,0,0,0,0,0,0,0.1,0
"Sao Tome & Principe",1984,0.217570062623327,3.97,0.34,0,0,0,0,0,0,0,0,0,0,0,0,0,0,0,0,0,0,0,0,0,0,0,1.36,0.25,0,0,0,0.38,0,0,0,0.05,0,0,0,0.5,0.06,0.03,0,0,0,0,0,0,0,1
"Sao Tome & Principe",1985,0.319709755442085,3.05,0.34,0,0,0,0,0,0,0,0,0,0,0,0,0,0,0,0,0,0,0,0,0,0,0,1.45,0.09,0,0,0,0.3,0,0,0,0,0,0,0,0.81,0.03,0,0,0,0,0,0,0,0.03,0
"Sao Tome & Principe",1986,0.396939820319725,6.96,3.35,0,0,0,0,0,0,0,0,0,0,0,0,0,0,0,0,0,0,0,0.02,0,0,0,2.78,0.28,0,0,0,0.44,0,0,0,0,0,0,0,0.07,0.01,0.01,0,0,0,0,0,0,0,0
"Sao Tome & Principe",1987,0.375750044002582,4.33,0.59,0,0,0,0,0,0,0,0,0,0,0,0,0,0,0,0,0,0,0,0,0,0,0,2.43,0.05,0,0,0,0.38,0,0,0,0.07,0,0,0,0.8,0.01,0,0,0,0,0,0,0,0,0
"Sao Tome & Principe",1988,0.330489789594537,8.69,0.76,0,0,0,0,0,0,0,0,0,0,0,0,0,0,0,0,0,0,0,0.07,0,0,0,4.33,0.3,0,0,0,2.24,0,0,0,0.11,0,0,0.7,0.03,0,0.03,0,0,0,0,0,0,0.12,0
"Sao Tome & Principe",1989,0.35454056177099,23.86,0.37,0,0,0,0,0,0,0,0,0,0,0,0,0,0,0,0,0,0,0,1.02,0,0,0,5.56,0.16,0,0,0,2.14,0,0,0,0.09,0,12.75,0.07,1.6,0.01,0,0,0,0,0,0,0,0.09,0
"Sao Tome & Principe",1990,0.357165244536941,31,2.54,0,0,0,0,0,0,0,0,0,0,0,0,0,0,0,0,0,0,0,0.03,0,0,0,9.31,1.27,0,0,0,0.74,0,0,0,0.12,0,15.72,0.31,0.84,0.01,0,0,0,0,0,0,0,0.11,0
"Sao Tome & Principe",1991,0.305880705550129,24.14,1.1,0.04,0,0,0,0,0,0,0,0,0,0,0,0,0,0,0,0,0,0,0.01,0,0,0,9.34,1.39,0,0,0,1.07,0,0,0,0.02,0,9.24,0.45,0.36,0,0,0,0,0,0,0,0,0.12,1
"Sao Tome & Principe",1992,0.413825955289299,26.07,1.03,0,0,0,0,0,0,0,0,0,0,0,0,0,0,0,0,0,0,0,0.01,0,0,0,7.8,0.96,0,0,0,0.01,0,0,0,0.01,0,14.74,0.39,0,0.01,0,0,0,0,0,0,0,0.11,1
"Sao Tome & Principe",1993,0.258459364725973,28.32,6.26,0.02,0,0,0,0,0,0,0,0,0,0,0,0,0,0,0,0,0,0,0.01,0,0,0,8.08,0.72,0,0,0,1.89,0,0,0,0,0.02,9.88,0.32,0.04,0,0,0,0,0,0,0,0,0.08,1
"Sao Tome & Principe",1994,0.283415365673791,26.38,3.17,0.02,0,0,0,0,0,0,0,0,0,0,0,0,0,0,0,0,0,0,0,0,0,0,10.58,0.92,0,0,0,0.01,0,0,0,0,0,8.34,0.23,1.94,0,0.01,0,0,0,0,0,0,0.16,1
"Sao Tome & Principe",1995,0.56127408378106,63.01,2.33,0.03,0,0,0,0,0,0,0,0,0,0,0,0,0,0,0,0,0,0,0.01,0,0,0,11.56,0.83,0,0,0,0.94,0,0.03,0,0.1,0,45.68,0.2,0.08,0,0,0,0,0,0,0,0,0.22,1
"Sao Tome & Principe",1996,0.350815047731809,28.89,2.22,0.03,0,0,0,0,0,0,0,0,0,0,0,0,0,0,0,0,0,0,0.01,0,0,0,10.55,0.58,0,0,0,0.57,0,0,0,0.22,0,13.22,0.25,0.08,0,0.01,0,0,0,0,0,0,0.15,1
"Sao Tome & Principe",1997,0.416252572016461,21.6,0.9,0.04,0,0,0,0,0,0,0,0,0,0,0,0,0,0,0,0,0,0,0.01,0,0,0,6.94,0.3,0,0,0.06,0,0,0,0,0.16,0,12,1.05,0.04,0,0.01,0,0,0,0,0,0,0.09,0
"Sao Tome & Principe",1998,0.424431690783954,18.35,1.38,0.01,0,0,0,0,0,0,0,0,0,0,0,0,0,0,0,0,0,0,0,0,0,0,4.96,0.43,0,0,0,0.02,0,0,0,0.06,0,10.77,0.43,0,0,0.02,0,0,0,0,0,0,0.08,0.19
"Sao Tome & Principe",1999,0.52565733717307,19.48,0.08,0,0,0,0,0,0,0,0,0,0,0,0,0,0,0,0,0,0,0,0,0,0,0,4.85,0.24,0.01,0,0,0.22,0,0,0,0.03,0,13.24,0.73,0,0,0,0,0,0,0,0,0,0.07,0.01
"Sao Tome & Principe",2000,0.415067190143317,17.7,1.23,0,0,0,0,0,0,0,0,0,0,0,0,0,0,0,0,0,0,0,0,0,0,0,3.58,0.16,0.01,0,0,0.01,0,0,0,0,0.1,10.58,1.93,0.1,0,0,0,0,0,0,0,0,0,0
"Sao Tome & Principe",2001,0.443882271885092,22.27,1.05,0.01,0,0,0,0,0,0,0,0,0,0,0,0,0,0,0,0,0,0,0,0,0,0,3.96,0.04,0.01,0,0,0.24,0,0.11,0,0.06,0,14.02,2.59,0,0,0,0,0,0,0,0,0,0.11,0.07
"Sao Tome & Principe",2002,0.502301057654488,19.24,1.29,0,0,0,0,0,0,0,0,0.01,0,0,0,0,0,0,0,0,0,0.01,0,0,0,0,3.79,0,0.02,0,0,0.02,0,0,0,0.02,0,13,0.95,0,0,0,0,0,0,0,0,0,0.06,0.07
"Sao Tome & Principe",2003,0.30432809335446,25.65,1.37,0,0,0,0,0,0,0,0,0.01,0,0,0,0,0,0,0,0,0,0.01,0.01,0,0,0,4.29,7.37,0.03,0,0,0.01,0,0.1,0,0,0,11.14,1.23,0,0,0,0,0.01,0,0,0,0,0.04,0.03
"Sao Tome & Principe",2004,0.401979338842975,22,1.46,0.06,0,0,0,0,0,0,0,0,0,0,0,0,0,0,0,0,0,0.01,0,0,0,0,5.18,0.02,0.03,0,0,0.64,0,0.14,0,0,0,12.81,0.47,0.02,0.02,0,0,0,0,0,0,0,0.26,0.88
"Sao Tome & Principe",2005,0.437212789379222,18.41,1.53,0.04,0,0,0,0,0,0,0,0.01,0,0,0,0,0,0,0,0,0,0.01,0,0,0,0,3.61,0.01,0.02,0,0,0,0,0.04,0,0,0.12,11.46,0.22,0.02,0,0,0,0,0,0,0,0,1.18,0.14
"Sao Tome & Principe",2006,0.416310601375536,18.48,0.03,0,0,0,0,0,0,0,0,0.01,0,0,0,0,0,0,0,0,0,0.01,0,0,0,0.08,3.13,2.22,0.03,0,0,0.23,0,0.1,0,0,0.09,11.26,0.55,0.02,0,0,0,0,0,0,0,0,0.26,0.46
"Sao Tome & Principe",2007,0.242550292294709,33.84,3.11,0,0,0,0,0,0,0,0,0.01,0,0,0,0,0,0,0,0,0,0.01,0,0,0,0,7.13,6.43,0.05,0,0,0.83,0,0.09,0,0,0.03,13.08,1.3,0,0,0,0,0,0,0,0,0,1.54,0.23
"Sao Tome & Principe",2008,0.244120025230516,43.21,7.22,0.12,0,0,0,0,0,0,0,0.01,0,0,0,0,0,0,0,0,0,0.01,2.43,0,0,0,13.79,0.03,0.02,0,0,0.22,0,0,0,0,0.01,13.29,5.55,0,0,0,0,0,0,0,0,0.05,0.25,0.21
"Sao Tome & Principe",2009,0.585800837305302,19.69,0.42,0,0,0,0,0,0,0,0,0.01,0,0,0,0,0,0,0,0,0,0.01,0,0,0,0,2.23,0.01,0.03,0,0,0,0,0,0,0,0,14.82,1.44,0,0,0,0,0,0,0,0,0.01,0.31,0.4
"Sao Tome & Principe",2010,0.624147157037542,33.05,3.6,0,0,0,0,0,0,0,0,0,0,0,0,0,0,0,0,0,0,0.01,0,0,0,0,2.38,0.02,0.03,0,0,0,0,0,0,0,0,25.72,1.27,0,0,0,0,0,0,0,0,0,0,0.02
"Sao Tome & Principe",2011,0.604564974581995,37.93,3.54,0.01,0,0,0.13,0,0,0,0,0,0,0,0,0,0,0,0,0,0,0.01,0,0,0,0,2.22,0.08,0.04,0,0,0.06,0,0,0,0,0,29.14,1.59,0,0,0,0,0,0,0,0,0,0.5,0.61
"Sao Tome & Principe",2012,0.590297352907042,28.52,3.7,0,0,0,0.12,0,0,0,0,0,0,0,0,0,0,0,0.04,0,0,0.01,0,0,0,0,2.15,0.02,0.03,0,0,0.01,0,0,0,0,0.6,21.48,0.16,0,0,0,0,0,0,0,0,0,0.01,0.19
"Sao Tome & Principe",2013,0.590817017335811,22.88,2.72,0,0,0,0.32,0,0,0,0,0,0,0,0,0,0,0,0,0,0,0.01,0,0,0,0,2.03,0.01,0,0,0,0,0,0,0,0,0.25,17.25,0.1,0,0,0,0,0,0,0,0,0,0.01,0.18
"Sao Tome & Principe",2014,0.521287534626039,19,2.46,0,0,0,0.06,0,0,0,0,0,0,0,0,0,0,0,0,0,0,0.01,0,0,0,0,1.53,0,0.02,0,0,0,0,0,0,0,0.34,13.38,0,0,0,0.16,0,0,0,0,0,0.24,0.05,0.75
"Sao Tome & Principe",2015,0.784543016585658,28.48,1.53,0,0,0,0.04,0,0,0,0,0,0.01,0,0,0,0,0,0,0,0,0.01,0,0,0,0,0.62,0,0.01,0,0,0.29,0,0,0,0,0,25.16,0,0,0,0,0,0,0,0,0,0,0.1,0.71
"Sao Tome & Principe",2016,0.71328098088511,18.61,2.37,0,0,0.01,0.01,0,0,0,0,0,0,0,0,0,0,0,0,0,0,0,0,0,0,0,0.47,0,0,0,0,0,0,0,0,0,0,15.53,0.01,0,0,0.08,0,0,0,0,0,0.03,0.03,0.07
"Sao Tome & Principe",2017,0.628820927336486,15.77,2.54,0,0,0,0,0,0,0,0,0,0,0,0,0,0,0,0,0,0,0,0,0,0,0,0.55,0.03,0,0,0,0,0,0,0,0,0,12.23,0,0,0,0.13,0,0,0,0,0,0.06,0.18,0.05
"Sao Tome & Principe",2018,0.641396222477304,20.72,2.9,0,0,0,0.03,0,0,0,0,0,0,0,0,0,0,0,0,0,0,0,0,0,0,0,0.63,0,0,0,0,0.01,0,0,0,0,0,16.32,0.04,0,0,0.22,0,0,0.27,0,0,0,0.3,0
"Sao Tome & Principe",2019,0.704663794346896,19.06,2.09,0,0,0,0.02,0,0,0,0,0,0,0,0,0,0,0,0,0,0,0,0,0,0,0,0.37,0,0,0,0,0,0,0,0,0,0,15.85,0.03,0,0,0.09,0,0,0,0,0.01,0.03,0.5,0.07
"Sao Tome & Principe",2020,0.604877226498848,19.24,2.93,0,0,0,0.01,0,0,0,0,0,0,0,0,0,0,0,0,0,0,0,0,0,0,0,0.86,0,0,0,0,0,0,0,0,0,0,14.64,0.03,0.1,0,0,0,0,0,0,0.01,0.08,0.48,0.1
"Sao Tome & Principe",2021,0.62384800193965,21.3,3.83,0,0,0,0,0,0,0,0,0,0,0.02,0,0,0,0,0,0,0,0,0,0,0,0,0.5,0,0,0.02,0,0.11,0,0,0,0,0,16.37,0.01,0.03,0,0,0,0.02,0,0,0,0.01,0.35,0.03
"Sao Tome & Principe",2022,0.845180604945207,80.61513,4.18566,0.271258,0,0,0.030808,0,0,0,0,0,0,0.186386,0,0,0,0,0,0,0,0.02247,0,0,0,0,0.623108,0,0,0,0,0.61841,0,0,0,0,0,73.987029,0.028726,0.050046,0,0.16238,0,0,0,0,0,0.01387,0.381585,0.053394
"Sao Tome & Principe",2023,0.717131212277994,41.850856,3.12726,0.6574,0,0,0.09561,0,0,0,0,0,0,0.223184,0,0,0,0.286648,0,0,0,0.027738,0,0,0,0,0.528742,0,0,0.015084,0,0.644546,0,0,0,0,0,35.280988,0.029454,0.38668,0,0.038086,0,0,0.238604,0,0,0.019998,0.207036,0.043798
"Sao Tome & Principe",2024,0.765225152851963,72.109958,3.866,0.486816,0,0,0.083633,0,0,0,0,0,0,0.32935,0,0,0,0.182148,0,0,0,0.019552,0,0.04234,0,0,0.424956,0.016718,0,0,0.02122,0.004226,0,0,0.00074,0,0,62.892916,0.111356,0,0,0,0,0,0.234328,0,0,2.78454,0.38366,0.225459
"Sao Tome & Principe",2025,NA,0,0,0,0,0,0,0,0,0,0,0,0,0,0,0,0,0,0,0,0,0,0,0,0,0,0,0,0,0,0,0,0,0,0,0,0,0,0,0,0,0,0,0,0,0,0,0,0,0
"Senegal",1960,NA,0,0,0,0,0,0,0,0,0,0,0,0,0,0,0,0,0,0,0,0,0,0,0,0,0,0,0,0,0,0,0,0,0,0,0,0,0,0,0,0,0,0,0,0,0,0,0,0,0
"Senegal",1961,1,0.03,0,0,0,0,0,0,0,0,0,0,0,0,0,0,0,0,0,0,0,0,0,0,0,0,0,0.03,0,0,0,0,0,0,0,0,0,0,0,0,0,0,0,0,0,0,0,0,0,0
"Senegal",1962,0.753706136235691,5.84,0,0,0,0,0,0,0,0,0,0,0,0,0,0,0,0,0,0,0,0,0,0,0,0,0,0.84,0,0,0,0,0,0,0,0,0,0,0,0,0,0,0,0,0,0,0,0,0,5
"Senegal",1963,0.517806164416703,4.98,0,0,0,0,0,0,0,0,0,0,0,0,0,0,0,0,0,0,0,0,0,0,0,0,0,1.96,0,0,0,0,0,0,0,0,0,0,0,0,0.01,0,0,0,0,0,0,0,0.01,3
"Senegal",1964,0.739604977782714,52.04,0,0,0,0,0,0,0,0,0,0,0,0,0,0,0,0,0,0,0,0,0,0,0,0,44.4,2.57,0,0,0,0,0,0,0,0,0,0,0,0,0.07,0,0,0,0,0,0,0,0,5
"Senegal",1965,0.870621334206559,36.81,0,0,0,0,0,0,0,0,0,0,0,0,0,0,0,0,0,0,0,0,0,0,0,0,34.3,1.63,0,0,0,0,0,0,0,0,0,0,0,0,0.02,0.01,0,0,0,0,0,0,0.14,0.71
"Senegal",1966,0.76545706935058,35.38,0,0,0,0,0,0,0,0,0,0,0,0,0,0,0,0,0,0,0,0.03,0,0,0,0,30.8,1.62,0,0,0,0,0,0,0,0,0.02,0,0,0,0,0.02,0,0,0,0,0,0,0.28,2.61
"Senegal",1967,0.705619495744241,39.64,0,0,0,0,0,0,0,0,0,0,0,0,0,0,0,0,0,0,0,0,0.13,0,0,0,32.9,0.52,0,0,0,0,0,0,0,0,0.01,0,0,0,0,0.05,0,0,0,0,0,0,1.03,5
"Senegal",1968,0.780367265228107,35.25,0,0,0,0,0,0,0,0,0,0,0,0,0,0,0,0,0,0,0,0,0.1,0,0,0,31,0.4,0,0,0,0,0,0,0,0,0,0,0,0,0.01,0.05,0,0,0,0,0,0,0.93,2.76
"Senegal",1969,0.485188970425437,48.43,0.04,0,0,0,0,0,0,0,0,0,0,0,0,0,0,0,0,0,0,0,0.23,0,0,0,32.1,8.3,0,0,0,0,0,0,0,0,0,0,0,0,0.02,0.12,0,0,0,0,0,0,1.62,6
"Senegal",1970,0.654097096644085,29.83,0.01,0,0,0,0,0,0,0,0,0,0,0,0,0,0,0,0,0,0,0,0.39,0,0.02,0,23.9,1.4,0,0,0,0.07,0,0,0,0.09,0,0,0,0,0.02,0.16,0,0,0,0,0,0,2.77,1
"Senegal",1971,0.388252019319777,29.28,0.01,0,0,0,0,0,0,0,0,0,0,0,0,0,0,0,0,0,0,0,0.46,0,0.09,0,17,3.26,0,0,0,0.05,0,0,0,0.09,0,0,0,0,0.06,0.14,0,0,0,0,0,0,4.12,4
"Senegal",1972,0.704623569467084,68.18,0.03,0,0,0,0,0,0,0,0,0,0,0,0,0,0,0,0,0,0,0.01,0.5,0,0.42,0,56.86,1.37,0,0,0,0,0,0,0,0.19,0,0,0,0,0.12,0.11,0,0,0,0,0,0,5.57,3
"Senegal",1973,0.395032014704443,57.78,0.03,0,0,0,0,0,0,0,0,0,0,0,0,0,0,0,0,0,0,0.03,1.23,0,3.81,0,34.54,3.45,0,0,0,0.07,0,0,0,0.34,0.02,0,0,0,0.13,0.15,0,0,0,0,0,0,6.98,7
"Senegal",1974,0.362112241058025,110.81,0.04,0,0,0,0,0,0,0,0,0,0,0,0,0,0,0,0,0,0,0.03,1.62,0,1.31,0.12,54.2,6.39,0,0,0,0.1,0,0,0,0.51,0.03,0,0,0.02,0.18,0.18,0,0,37.8,0,0,0,4.28,4
"Senegal",1975,0.496506249148526,93.95,1.95,0,0,0,0,0,0,0,0,0,0,0,0,0,0,0,0,0,0,0.42,1.91,0,0.08,0,65.16,5.38,0,0,0,0.29,0,0,0,0.45,0.02,0,0,0,0.12,0.3,0,0,0.69,5,0,0,6.18,6
"Senegal",1976,0.531068381057599,86.29,0.23,0,0,0,0,0,0,0,0,0,0,0,0,0,0,0,0,0,0,0.19,2.3,0,1.82,0,61.99,3.52,0,0,0,0.4,0,0,0,1.64,0.57,0,0,0,0.17,0.28,0,0,0,0,0,0,6.18,7
"Senegal",1977,0.413463372632045,93.14,1.26,0,0,0,0.02,0,0,0,0,0,0,0,0,0,0,0,0,0,0,0.16,3.53,0,1.16,0,57.9,8.55,0,0,0,1.8,0,0,0,0.81,0.31,0,0,0,1,0.25,0,0,0,0,0,0,6.39,10
"Senegal",1978,0.432180169557552,124.75,1.6,0,0,0,0.01,0,0,0,0,0,0,0,0,0,0,0,0,0,0,0.23,4.95,0,0.11,0,79.64,5.83,0,0,0,0.16,0,0,0,2.89,2.34,0,0,0,1.01,1.45,0,0,0.08,0,0,0,10.45,14
"Senegal",1979,0.346244947206452,153.43,3.49,0,0,0,0,0,0,0,0,0,0,0,0,0,0,0,0,0,0,0.13,7.7,0,0.13,0,84.33,11.69,0,0,0,0.25,0,0,0,2.26,1.5,0,0,0,2.27,2.08,0,0,0.99,0,0.44,0,9.17,27
"Senegal",1980,0.394544405467991,188.25,4.99,0,0,0,0,0,0,0,0,0,0,0,0,0,0,0,0,0,0,0.22,6.39,0,0.23,0.12,111.35,11.89,0,0,0,0.05,0,0,0,4.96,0.15,0,0,0,2.54,0.5,0,0,0.75,0,1.31,0,6.8,36
"Senegal",1981,0.280142000627618,274.04,9.01,0,0,0,0,0,0,0,0,0,0,0,0,0,0,0,0,0,0,0.41,5.54,0,0.53,0.16,128.69,13.22,0,0,0,1.23,0,0,0,5.58,0.3,0,0,0,3.13,0.52,0,0,3.77,50,0.21,0,13.74,38
"Senegal",1982,0.271909030499181,205.16,6.27,0,0,0,0.02,0,0,0,0,0,0,0,0,0,0,0,0,0,0,0.47,7.06,0,6.8,0.26,97.89,18.08,0,0,0,0.9,0,0,0,3.36,0.36,0,0,0.15,2.77,0.91,0,0,6.53,2.78,2.23,0,15.32,33
"Senegal",1983,0.176170250748329,259.39,15.33,0,0,0,0.03,0,0,0,0,0,0,0,0,0,0,0,0,0,0,0.63,4.77,0,0.42,0.57,87.87,19.7,0,0,0,7.02,0,0,0,4.94,1.27,0,0,0,3.56,0.63,0,0,17.83,20.1,7.46,0,20.26,47
"Senegal",1984,0.174737035122927,313.05,13,0,0,0,0,0,0,0,0,0,0,0,0,0,0,0,0,0,0,0.26,4.58,0,9.13,0.32,93.44,22.87,0,0,0,8.09,0,0,0,3.97,0.76,0,0,0.02,3.65,0.48,0,0,14.11,44,0.78,0,24.59,69
"Senegal",1985,0.178860045311599,239.8,11.73,0,0,0,0,0,0,0,0,0,0,0,0,0,0,0,0,0,0,0.32,5.13,0,1.13,0.11,82.38,15.91,0,0,0,15.7,0,0,0,3.62,1.94,0,0,0,3.75,1.33,0,0,10.26,23.2,5.43,0,13.86,44
"Senegal",1986,0.206498151993088,371.55,12.75,0,0,0,0,0,0,0,0,0,0,0,0,0,0,0,0,0,0,0.58,5.01,0,13.26,0.24,153.65,26.92,0,0,0,31.01,0,0,0,14.91,0.5,0,0,0,11.45,7.24,0,0,13.9,17.39,4.73,0,18.01,40
"Senegal",1987,0.21516248428318,417.63,25.31,0,0,0,0,0,0,0,0,0,0,0,0,0,0,0,0,0,0,0.7,5.79,0,9.44,0.51,174.75,15.99,0,0,0,45.43,0,0,0,16.05,0.83,0,0,0,12.7,2.95,0,0,10.36,19.68,3.28,0,25.86,48
"Senegal",1988,0.24009612064465,416.34,36.3,0,0,0,0,0,0,0,0,0,0,0,0,0,0,0,0,0,0,1.44,6.36,0,0.99,0.75,186.64,20.44,0,0,0,49.96,0,0,0,18.51,1.08,0,0.9,0.72,4.5,1.8,0,0,2.97,15.76,7.8,0,24.42,35
"Senegal",1989,0.273084578483014,575.47,79.71,0.01,0,0,0,0,0,0,0,0,0,0,0,0,0,0,0,0,0,1.07,8.38,0,1.34,1.65,273.88,20.46,0,0,0,75.34,0,0,0,10.47,1.11,0,0.12,0,10.51,5.08,0,0,3.82,10.74,1.79,0,28.99,41
"Senegal",1990,0.213606847110915,792.01,82.06,0,0,0,0,0,0,0,0,0,0,0,0,0,0,0,0,0,0,1.48,10.07,0,5.6,1.8,250.19,237.25,0,0,0,47.6,0,1.91,0,24.15,2.22,0,5.58,0.03,12.54,1.63,0,0,0.96,3.08,3.05,0,43.81,57
"Senegal",1991,0.325301418726676,510.37,26.39,0.22,0,0,0,0,0,0,0,0,0,0,0,0,0,0,0,0,0,2.33,6.39,0,2.19,2.09,278.48,24.44,0,0,0,34.5,0,0.29,0,9.99,0.85,0,2.24,0.4,12.34,2.92,0,0,20.17,5.07,0.53,0,18.54,60
"Senegal",1992,0.299651487843977,503.52,65.02,0.14,0,0,0.03,0,0,0,0,0,0,0,0,0,0,0,0,0,0,2.12,6.69,0,2.36,6.64,259.1,19.66,0,0,0.01,49.11,0,1,0,9.25,0.66,0.02,0.6,1.84,6.48,2.01,0,0,12.35,6.46,0,0,21.97,30
"Senegal",1993,0.329802282696302,413.13,35.6,0.12,0,0,0,0,0,0,0,0,0,0,0,0,0,0,0,0,0,3.29,6.64,0,2.03,1.13,226.93,15.76,0,0,0.01,29.72,0,0.41,0,9.62,1.09,0,0.17,0.42,3.53,1.21,0,0,9.72,5.31,0,0.03,18.39,42
"Senegal",1994,0.418874770432423,550.81,76.87,0.15,0,0,0,0,0,0,0,0,0,0,0,0,0,0,0,0,0,2.87,7.81,0,1.29,0.71,344.34,18.78,0,0,0.02,17.51,0,0.53,0,6.96,1.2,0.01,8.21,0.3,3.79,1.73,0,0,2.17,0.55,0,0,17.01,38
"Senegal",1995,0.382017835618151,487.23,75.44,0.17,0,0,0,0,0,0,0,0,0,0,0,0,0,0,0,0,0,2.05,8.14,0,1,1.18,288.56,20.43,0,0,0.03,14.9,0,2.45,0,15.01,1.38,0.62,5.04,1.9,2.88,2.24,0,0,7.72,0,0,0,14.09,22
"Senegal",1996,0.266279974858374,478.75,59.35,0.25,0.83,0,0,0,0,0,0,0,0,0,0,0,0,0,0,0,0,2.93,10.34,0,6.03,0.82,230.01,37.83,0,0,0.05,16.91,0,2.55,0,9.72,13.95,0,0.44,1.75,2.42,1.3,0,0,5.01,17.27,0,0,15.99,43
"Senegal",1997,0.289176527051857,364.06,26.85,0.27,0.12,0,0,0.03,0,0,0,0,0,0,0,0,0,0,0,0,0,1.22,7.87,0,3.43,0.4,185.74,35.36,0,0,0.29,14.11,0,2.24,0,11.99,1.26,0.03,0.23,1.79,9.84,1.05,0,0.39,0.26,13.8,0,0,15.49,30
"Senegal",1998,0.285276401357417,360.8,34.36,0.18,0,0,0,0,0,0,0,0,0,0,0,0,0.02,0,0,0,0,2.55,11.02,0,7.08,0.31,182.92,35.96,0,0,0.11,15.97,0,2.7,0,14.1,1.21,0,1.4,0.71,2.24,1.61,0,0.59,6.99,12.34,0,0.02,12.27,14.14
"Senegal",1999,0.323329212315638,486.22,60.85,0.08,0,0,0,0,0,0,0,0,0,0,0,0,0.02,0,0,0,0,2,9.29,0,7.53,0.34,263.33,28.23,0,0,0.21,7.93,0,3.02,0,5.8,1.22,0.01,37.22,0.15,3.45,0.73,0,0.63,4.63,8.88,0,0,17.5,23.17
"Senegal",2000,0.318664073240161,342.08,51.61,0.06,0,0,0.06,0,0,0,0,0.05,0,0,0,0,0.01,0,0,0,0,2.56,5.82,0,0.79,0.3,181.81,17.85,0,0,0.1,21.76,0,4.1,0,5.9,1.66,0.17,1.69,0.39,2.55,2.39,0,0.5,3.02,2.74,0,0,11.31,22.88
"Senegal",2001,0.267757642714712,283.58,26.32,0.14,0,0,0,0.01,0,0,0,0.07,0,0,0,0,0.01,0,0,0,0,2.25,7.41,0,3,3.48,138.38,18.65,0,0,0.21,6.77,0,1.94,0,11.96,1.12,0.14,10.39,0.09,3.34,0.96,0,0.35,5,4.12,0,0.01,8.63,28.83
"Senegal",2002,0.270194717868226,291.86,40.54,0.22,0,0,0,0,0,0,0,0.11,0,0,0,0,0.02,0,0,0,0,2.36,7.71,0,0.91,0.31,139.08,15.75,0,0,0.16,3.19,0,4.9,0,10.42,1.39,0.22,7.57,0.29,4.03,0.57,0,0.38,4.83,0,0,0.01,9.78,37.11
"Senegal",2003,0.226565170165372,360.38,35.2,0.28,0,0,0,0,0,0,0,0.01,0,0,0,0,0.03,0,0,0,0,2.93,15.31,0,1.33,0.22,152.79,21.96,0,0,0.25,2.8,0,5.01,0,12.79,1.27,0.01,35.7,0.31,3.21,0.67,0,0.19,2.38,0,0,0.01,17.61,48.11
"Senegal",2004,0.406626481678202,882.93,141.57,0.39,0,0,0,0,0,0,0,0.01,0,0,0,0,0.03,0,0,0,0,2.63,12.5,0,1.09,0.35,539.92,34.75,0,0,0.18,5.42,0,9.08,0,16.89,1.02,0.06,18.77,8.93,2.58,9.09,0,0.08,2.69,0,0,0,24.56,50.34
"Senegal",2005,0.190720897541829,496.43,27.95,0.31,0,0,0,0,0,0,0,0,0,0,0,0,0.02,0,0,0,0,1.77,17.11,0,20.99,0.57,184.23,35.36,0.04,0,0.21,11.65,0,10.31,0,20.45,0.75,0.08,83.76,0.56,2.98,6.91,0,0.08,2.06,0,0,0.01,23.54,44.73
"Senegal",2006,0.271983278761321,700.27,34.49,0.85,0,0.08,0,0,0,0,0,0.03,0,0,0,0,0.16,0,0,0,0,3.77,23.11,0,0.91,0.65,313.04,173.56,0.04,0,0.26,1.75,0,14.63,0,19.5,0.59,0.09,30.24,0.62,3.68,10.11,0,0.07,13.22,0,0,0.02,17.08,37.72
"Senegal",2007,0.193580462281429,514.21,31.95,2.43,0,0.07,0.06,0,0,0,0,0.07,0,0,0,0,0.29,0,0,0,0,2.94,23.09,0,0.26,0.32,203.07,27.14,0.01,0,0.25,6.26,0,15.65,0,22.38,0.66,0.15,44.56,0.19,2.85,11.53,0,0.05,29.9,0,0,0.93,47.91,39.24
"Senegal",2008,0.166697413443132,702.11,25.13,10.25,0,0.16,0,0,0,0,0,0.38,0,0,0,0,0.15,0,0,0,0.06,3.21,21.27,0,0.28,0.47,218.55,27.78,0.29,0,0.27,8.62,0,21.84,0,37.9,0.51,0.15,135.72,0.29,2.45,0.97,0,0.16,38.95,0,0,1.36,73.31,71.63
"Senegal",2009,0.146410617079212,555.06,46.74,5.92,0,0.16,0.16,0,0,0,0,0.22,0,0,0,0,0.03,0,0,0,0,3.26,19.64,0,0.18,0.52,166.94,22.16,0.18,0,0.22,19.08,0,22.89,0,45.69,0.49,0.11,59.26,1.37,2.6,6.52,0,0.09,6.44,0,0.43,1.6,54.49,67.67
"Senegal",2010,0.159186001220336,580.25,55.21,14.85,0,0.1,0.43,0,0,0,0,0.02,0,0,0,0,0.02,0.01,0,0,0,0.93,18.12,0,0.24,0.99,178.94,23.06,0,0,0.07,7.19,0,18.84,0,29.98,0.3,0.26,45.56,0.43,1.98,1.31,0,0.13,20.31,0,0.11,2.01,56.78,102.07
"Senegal",2011,0.169950482051249,624.37,83.22,8.72,0,0.07,1.05,0,0,0,0,0.02,0,0,0,0,0.07,0.06,0,0,0,1.16,24.19,0,0.14,1.04,196.57,25.44,0.01,0,0.05,7.28,0,13.95,0,26.88,0.31,0.38,36.84,2.04,2.44,2,0,0.2,11.95,0,0.24,1.91,61.85,114.29
"Senegal",2012,0.243648242807883,726.24,80.5,31.68,0,0.11,2.27,0,0,0,0,0.01,0,0,0,0,0.01,0.05,0.02,0,0,2.29,17.83,0,0.64,0.93,318.31,33.99,0.01,0,0.18,6.58,0,16.67,0,15.05,0.69,0.34,13.15,0.23,2.54,5.08,0,0.17,2.92,0,0.83,2.22,47.8,123.14
"Senegal",2013,0.203096400089339,676.03,42.09,17.25,0,0.22,1.77,0,0,0,0,0.04,0.04,0,0,0,0.03,0.03,0,0,0,4.38,24.03,0,0,0.85,206.83,21.6,0.01,0,0.17,19.13,0,14.42,0,6.42,1.05,0.3,20.4,1.18,2.8,2.28,0,0.22,15.69,0,0.21,5.06,63.77,203.76
"Senegal",2014,0.260487409938655,838.01,45.06,19.86,0,0.04,0.05,0,0,0,0,0.02,0.04,0,0,0,0.16,0.01,0,0,0,2.16,19.47,0,0,1.06,315.23,22.77,0.01,0,0.34,7.16,0,22.12,0,4.25,1.01,0.06,12.52,1.07,3.02,2.91,0,0.27,8.1,0,0.78,2.85,73.56,272.05
"Senegal",2015,0.249030194383561,620.12,37.62,10.31,0,0.01,0.2,0,0,0,0,0.04,0,0,0,0,0,0,0,0,0,0.39,17.98,0,0,0.87,130.24,19.08,0.01,0,0.24,16.73,0,20.25,0,0.03,0.33,0.28,12.94,0.8,3.22,1.67,0,0.1,11.95,0,0.82,7.54,57.81,268.66
"Senegal",2016,0.15569935337145,463.1,28.04,36.57,0,0.1,0.13,0,0,0,0,0.05,0,0,0,0,0.28,0.03,0,0,0,1.97,20.43,0,0,0.55,107.22,18.43,0,0,0.24,9.95,0,20.02,0,2.77,0.32,0.33,11.52,0.75,3.69,2.19,0,1.42,18.79,0.18,2.96,0.78,48.26,125.13
"Senegal",2017,0.178634967538276,592.05,105.06,23.31,0,0.09,0.09,0.03,0,0,0,0.15,0,0,0,0,0.14,0.04,0,0,0,1.63,14.92,0,0,0.6,148.7,18.24,0,0,0.75,22.05,0,16.04,0,0.57,0.24,0.43,15.76,1.73,3.47,1.88,0,0,9.41,0.23,3.63,1.18,42.05,159.63
"Senegal",2018,0.221097343401618,732.44,26.04,0,0,0,0.1,0,0,0,0,0.18,0,0,0,0,0.34,0.03,0,0,0.15,1.38,11.33,0,0,0.45,260.84,50.78,0,0,0.73,12.39,0,21.58,0,4.43,0.54,0.47,18.53,0.4,3.73,1.17,0,0.27,34.32,0,3.89,0.59,82.26,195.52
"Senegal",2019,0.265980787725736,733.71,28.6,0,0,0,0,0,0,0,0,0.33,0,0,0,0,0.38,0.02,0,0,0,1.1,11.15,0,0,0.43,319.2,48.25,0,0,0.7,19.33,0,26.71,0,5.42,0.21,0.45,20.2,1.67,5.53,3.51,0,0.04,9.7,0,8.66,0.76,33.92,187.44
"Senegal",2020,0.234929230957017,893.17,38.7,0,0,0,0,0,0,0,0,0.15,0,0,0,0,0.43,0.02,0,0,0,0.66,13.99,0,0.09,0.46,343.87,183.28,0,0.17,0.71,30.84,0,14.56,0,3.81,0.22,0.24,19.41,0.43,4.45,3.6,0.43,0.1,1.09,0,1.11,1.14,59.73,169.48
"Senegal",2021,0.183558380364248,805.85,39.5,0,0,0,0.02,0,0,0,0,1.46,0,0.23,0,0,0.34,0.01,0,0,0,0.84,16.89,0,0.07,0.13,253.05,118.82,0,0.01,0.53,32.08,0.73,28.04,0,1.15,0.19,2.59,24.42,2.18,5.53,3.98,0,0.41,26.13,0,3.87,0.84,62.62,179.19
"Senegal",2022,0.167170470559762,1587.722417,178.940255,70.851896,0,0.1785,0.017732,0,0,0,0,1.385776,0,0.022516,0,0,0.932682,0.118582,0,0,0,1.060747,41.131652,0,0,0.69297,492.590887,109.924458,0.160278,0.080112,1.300482,22.560187,0.71502,49.840904,0,4.572018,0.514392,0.58229,48.762694,4.221909,11.093736,2.934352,0,0.149654,63.937043,0,29.784978,1.579908,130.040469,317.043338
"Senegal",2023,0.1994257535855,1984.562556,170.728854,25.983144,0,0,0.056902,0,0,0,0,3.825778,0,0,0,0,0.765214,0.09614,0,0,0,1.669082,48.123288,0,0.021316,0.935032,631.720936,280.517768,0,0.084262,2.531306,53.241237,3.42458,38.149492,0.001044,6.47162,0.486276,0.75599,53.522809,5.605976,8.04087,3.326309,0,0.200146,5.989606,0,0,3.52133,134.789066,499.977183
"Senegal",2024,0.211747846855892,1803.503837,249.609664,40.612017,0,0.065056,0.082037,0,0,0,0,0.906736,0,0.000652,0,0,1.437088,0.099972,0,0,0.048232,2.429343,49.645394,0.04234,0.039714,0.82228,339.452756,117.210668,0,0,6.678096,43.336748,4.194114,46.21937,0.002922,2.743088,1.348338,1.56218,49.391212,9.587998,8.29102,4.551954,0,0.353988,3.020688,0,0,26.869448,103.510846,689.337878
"Senegal",2025,NA,0,0,0,0,0,0,0,0,0,0,0,0,0,0,0,0,0,0,0,0,0,0,0,0,0,0,0,0,0,0,0,0,0,0,0,0,0,0,0,0,0,0,0,0,0,0,0,0,0
"Seychelles",1976,0.983015559938637,7.02,0,0,0,0,0,0,0,0,0,0,0,0,0,0,0,0,0,0,0,0,0,0,0,0,0.04,0.01,0,0,0,0,0,0,0,0,0,0,0,0,0.01,6.96,0,0,0,0,0,0,0,0
"Seychelles",1977,0.73068548966442,10.42,0,0,0,0,0.39,0,0,0,0,0,0,0,0,0,0,0,0,0,0,0,0,0,0,0,1.1,0,0,0,0,0,0,0,0,0,0.04,0,0,0,0.01,8.83,0,0,0,0,0,0,0.05,0
"Seychelles",1978,0.440371762740184,15.96,0.01,0,0,0,0.46,0,0,0,0,0,0,0,0,0,0,0,0,0,0,0,0.04,0,0.01,0,4.9,0.79,0,0,0,0.02,0,0,0,0.01,0.29,0,0,0,0.03,9.34,0,0,0,0,0,0,0.06,0
"Seychelles",1979,0.401752800080024,22.11,0.01,0,0,0,0.69,0,0,0,0,0,0,0,0,0,0,0,0,0,0,0.01,0.09,0,0.05,0,9.47,1.15,0,0,0,0.16,0,0,0,0.13,0,0,0,0,0.03,10.24,0,0,0,0,0,0,0.08,0
"Seychelles",1980,0.348969417085733,18.39,0,0,0,0,0.43,0,0,0,0,0,0,0,0,0,0,0,0,0,0,0.03,0.21,0,0.05,0,6.4,1.42,0,0,0,0.07,0,0,0,0.12,0,0,0,0,0.03,8.59,0,0,0,0,0,0,0.04,1
"Seychelles",1981,0.35269820952865,13.97,0.11,0,0,0,0.75,0,0,0,0,0,0,0,0,0,0,0,0,0,0,0.04,0.14,0,0,0,2.94,1.04,0,0,0,0.03,0,0,0,0.05,0,0,0,0,0.01,7.58,0,0,0.22,0,0,0,0.06,1
"Seychelles",1982,0.26433167146265,15.14,0.33,0,0,0,0.9,0,0,0,0,0,0,0,0,0,0,0,0,0,0,0,0.19,0,0,0.01,4.28,0.73,0,0,0,0.07,0,0,0,0.01,0,0,0,0.04,0.01,6.05,0,0,0.4,0,0,0,0.12,2
"Seychelles",1983,0.275837750457355,13.81,0.06,0,0,0,0.13,0,0,0,0,0,0,0,0,0,0,0,0,0,0,0.01,0.07,0,0,0,5.08,0.18,0,0,0,0.1,0,0,0,0.01,0.68,0,0,0,0.04,4.15,0,0,0.13,0,0,0,0.17,3
"Seychelles",1984,0.188164730778199,13.69,1.44,0,0,0,0.66,0.01,0,0,0,0,0,0,0,0,0,0,0,0,0,0,0.81,0,0,0,4.23,0.09,0,0,0,0.15,0,0,0,0.06,0.92,0,0,0.02,0.03,2.07,0,0,0,0,0,0,0.2,3
"Seychelles",1985,0.216657768617295,13.91,0.07,0,0,0,0.51,0.01,0,0,0,0,0,0,0,0,0,0,0,0,0,0.17,0.22,0,0,0,5.63,0.58,0,0,0,0.1,0,0,0,0.12,1.04,0,0,0.25,0.04,1.48,0,0,1.46,0,0,0,0.23,2
"Seychelles",1986,0.189317905673478,22.72,0.36,0,0,0,0.7,0.02,0,0,0,0,0,0,0,0,0,0,0,0,0,0.14,2.54,0,0,0,7.61,0.5,0,0,0,0.32,0,0,0,0.07,0.63,0,0,0.28,0.35,3.7,0,0,1.44,0,0,0,0.06,4
"Seychelles",1987,0.310949028148056,20.32,1.09,0,0,0,0.98,0.02,0,0,0,0,0,0,0,0,0,0,0,0,0,0.25,0.88,0,0,0,10.73,0.45,0,0,0,0.15,0,0,0,0.08,0.95,0,0,0,0.06,2.75,0,0,0.73,0,0,0,0.2,1
"Seychelles",1988,0.256966772912354,18.54,2.3,0,0,0,1.48,0.03,0,0,0,0,0,0,0,0,0,0,0,0,0,0,0.56,0,0,0,8.35,0.39,0,0,0,0.16,0,0,0,0.13,0.3,0,0,0.05,0.2,3.05,0,0,0.41,0,0.02,0,0.11,1
"Seychelles",1989,0.193223868221084,16.08,0.33,0,0,0,2.01,0.03,0,0,0,0,0,0,0,0,0,0,0,0,0,0.01,0.42,0,0,0,4.92,1.26,0,0,0,0.06,0,0,0,0.16,0.21,0,0,0.05,0.04,1.87,0,0,0.44,0,0,0,0.27,4
"Seychelles",1990,0.235671358760251,33.94,0.81,0,0,0,1.05,0.04,0,0,0,0,0,0,0,0,0,0,0,0,0,0.01,5.17,0,0,0,13.12,1.52,0,0,0,0.48,0,0,0,0.32,0.22,0,1.16,0.03,0.18,1.66,0,0,0.01,0,0,0,0.16,8
"Seychelles",1991,0.223691224349985,20.26,3.66,0,0,0,1.1,0.01,0,0,0,0,0,0,0,0,0,0,0,0,0,0.01,0.75,0,0,0,8.21,0.79,0,0,0,0,0,0,0,0.03,0.21,0,0.02,0.26,0.26,1.99,0,0,0.58,0,0,0,0.38,2
"Seychelles",1992,0.200948446825957,18.32,2.25,0,0,0,0.86,0,0,0,0,0,0,0,0,0,0,0,0,0,0,0.01,0.86,0,0,0,5.53,0.93,0,0,0,0,0,0,0,0.02,0.12,0,0,0,0.48,2.04,0,0,0,0,0,0,0.22,5
"Seychelles",1993,0.263615734652708,11.13,0.88,0,0,0,0.62,0,0,0,0,0,0,0,0,0,0,0,0,0,0,0.01,0.66,0,0,0,5.21,0.51,0,0,0,0,0,0,0,0,0.08,0,0,0.21,0.15,1.6,0,0,0.99,0,0,0,0.21,0
"Seychelles",1994,0.282033920288086,10.24,0.86,0,0,0,0.45,0,0,0,0,0,0,0,0,0,0,0,0,0,0,0.01,0.18,0,0,0,4.83,0.27,0,0,0,0,0,0,0,0.27,0.1,0,0,0,0.06,1.04,0,0,0,0,0,0,0.17,2
"Seychelles",1995,0.301257332937428,14.12,5.45,0.07,0,0,0.41,0,0,0,0,0,0,0,0,0,0,0,0,0,0,0.01,0.1,0,0,0,5.11,0.27,0,0,0,0,0,0,0,0.03,0.09,0,0.03,0.3,0,1.95,0,0,0,0,0,0,0.3,0
"Seychelles",1996,0.218433536359874,12.78,0.96,0,0,0,0.72,0,0,0,0,0,0,0,0,0,0,0,0,0,0,0.01,0.02,0,0,0,4.98,0.75,0,0,0.03,0,0,0,0,0.25,0.15,0.06,0,0.07,0.04,0.75,0,0,2.71,0,0.8,0,0.48,0
"Seychelles",1997,0.20474037112116,11.66,0.64,0,0,0,0.76,0,0,0,0,0,0,0,0,0,0,0,0,0,0,0.01,0,0,0,0,3.69,0.83,0,0,0,0,0,0,0,0.01,0.02,0.08,0.11,0,0.02,0.63,0,0.04,2.95,0,1.85,0,0.02,0
"Seychelles",1998,0.367030638199238,22.39,3.08,0,0,0,0.43,0,0,0,0,0,0,0,0,0,0,0,0,0,0,0,0,0,0,0,3.14,0.31,0,0,0,12.75,0,0,0,0.73,0,0,0.01,0,0,0.38,0,0.05,0.36,0,0.99,0,0.03,0.13
"Seychelles",1999,0.256046803497029,9.68,1.97,0,0,0,0.25,0.02,0,0,0,0,0,0,0,0,0,0,0,0,0,0,0,0,0,0,2.63,0.15,0,0,0,0.01,0,0,0,0.11,0,0,0.18,0,0.01,0.24,0,0.04,0.32,0,3.59,0,0.05,0.11
"Seychelles",2000,0.451136538248505,10.58,0.64,0.03,0,0,0.1,0.02,0,0,0,0,0,0,0,0,0,0,0,0,0,0.01,0,0,0,0,1.92,0.04,0.01,0,0,0,0,0,0,0.25,0,0,0.15,0,0,0.43,0,0.03,0,0,6.79,0,0.05,0.11
"Seychelles",2001,0.463909265435448,8.27,5.07,0.02,0,0,0.02,0.02,0,0,0,0,0,0,0,0,0,0,0,0,0,0.01,0,0,0,0,2.43,0.04,0.01,0,0,0,0,0,0,0.28,0.01,0,0.15,0,0,0.09,0,0.03,0,0,0,0,0.02,0.07
"Seychelles",2002,0.63733491969066,4.1,0.51,0.08,0,0,0.01,0.02,0,0,0,0,0,0,0,0,0,0,0,0,0,0,0,0,0,0,3.23,0.01,0.01,0,0,0,0,0,0,0.08,0,0,0,0,0,0.03,0,0.03,0,0,0,0,0.07,0.02
"Seychelles",2003,0.516058208738569,6.64,0.68,0.07,0,0,0,0.03,0,0,0,0.01,0,0,0,0,0,0,0,0,0,0,0,0,0,0,4.61,0.04,0,0,0,0,0,0,0,0,0.01,0,0.01,0,0,0.05,0,0,0,0,1.01,0,0.08,0.04
"Seychelles",2004,0.50165512465374,7.6,0.67,0,0,0,0,0.03,0,0,0,0.01,0,0,0,0,0,0,0,0,0,0,0,0,0,0,5.18,0.02,0.13,0,0,0,0,0,0,0,0.01,0,0,0,0,0.02,0,0.01,0,0,0,1.27,0.25,0
"Seychelles",2005,0.421417466849566,8.1,1.26,0.03,0,0,0.01,0.01,0,0,0,0,0,0,0,0,0,0,0,0,0,0,0.55,0.02,0,0,5.01,0.09,0.01,0,0,0,0,0,0,0,0,0,0,0,0.16,0.02,0,0.02,0.12,0,0,0,0.78,0.01
"Seychelles",2006,0.275993067348261,7.17,1.91,0.02,0,0,0.05,0,0,0,0,0,0,0,0,0,0,0,0,0,0,0,2.02,0.01,0,0,2.52,0.07,0.01,0,0,0,0,0,0,0,0,0.19,0,0,0,0.02,0,0.01,0,0,0,0,0.23,0.11
"Seychelles",2007,0.351735537190083,4.4,0.76,0.08,0,0,0,0.03,0,0,0,0,0,0,0,0,0,0,0,0,0,0.03,0,0.02,0,0,2.42,0.08,0.05,0,0,0,0,0,0,0,0,0,0,0,0,0,0,0,0.28,0,0,0,0.51,0.14
"Seychelles",2008,0.416079368997315,5.21,1.62,0.01,0,0,0,0.03,0,0,0,0,0,0,0,0,0,0,0,0,0,0,0,0.05,0,0,2.93,0.06,0.01,0,0,0.05,0,0,0,0,0,0,0,0,0,0.07,0,0.02,0,0,0,0.11,0.24,0.01
"Seychelles",2009,0.62506743532818,11.83,9.06,0,0,0.01,0,0.05,0,0,0,0,0,0,0,0,0,0,0,0,0,0,0,0.03,0,0,2.31,0.08,0,0,0,0,0,0,0,0,0,0,0,0,0,0.06,0,0.01,0,0,0,0,0.21,0.01
"Seychelles",2010,0.311320484893836,71.74,9.57,0.01,0,0,0,0.06,0,0,0,0,0,0,0,0,0,0,0,0,0,0,1.02,0,0,0,33.69,0.52,0,0,0,8.31,0,0,0,0,0,0,1.06,0,0,0.04,0,0.01,0,0,17.44,0,0,0.01
"Seychelles",2011,0.277060210449852,12.81,1.24,0.02,0,0,0.88,0.05,0,0,0,0,0,0,0,0,0,0,0,0,0,0,0,0,0,0,2.39,0.58,0.02,0,0,0,0,0,0,0,0,0,1.66,0,0,0.07,0,0.01,0,0,5.86,0.01,0,0.02
"Seychelles",2012,0.472273283764818,18.3,1.75,0.1,0,0.01,0.51,0.04,0,0,0,0,0,0,0,0,0,0.01,0.01,0,0.01,0,0.01,0,0,0,1.56,0.02,0.02,0,0,0,0,0,0,0,0,0,0,0.17,0,1.81,0,0.02,0,0,12.21,0.01,0,0.03
"Seychelles",2013,0.34054607890292,14.95,0.55,0,0,0.02,1.82,0.02,0,0,0,0,0,0,0,0,0,0,0,0,0,0,0,0,0,0,4.48,0.03,0,0,0,0,0,0,0,0,0,0,0,0,0,0.49,0,0.03,0,0,7.22,0.06,0,0.23
"Seychelles",2014,0.26746856826179,7.74,0.66,0,0,0.03,0.74,0.05,0,0,0,0,0,0,0,0,0,0,0,0,0,0,0.01,0,0,0,2.55,0.01,0,0,0,0.09,0,0,0,0,0,0,0,0,0,0.63,0,0.01,0,0,2.85,0.04,0,0.07
"Seychelles",2015,0.228408942728112,6.13,0.84,0,0,0,0.74,0.06,0,0,0,0,0,0,0,0,0,0,0,0,0,0,0.01,0,0,0,2.07,0.02,0,0,0,0,0,0,0,0,0,0,0,0,0,0.49,0,0,0,0,1.66,0.21,0,0.03
"Seychelles",2016,0.378977275431291,10.25,0.98,0.01,0,0.05,0.27,0.11,0,0,0,0,0,0,0,0,0,0,0,0,0,0,0.16,0,0,0,2.85,0.02,0,0,0,0,0,0,0,0,0,0,0,0,0,0.17,0,0,0,0,5.53,0.1,0,0
"Seychelles",2017,0.293268287223805,15.59,5.49,0,0,0.03,1.28,0,0,0,0,0,0,0,0,0,0,0,0,0,0,0,0.01,0,0,0,2.3,0.02,0,0,0,0.01,0,0,0,0,0,0,0,0.01,0,0.44,0,0,0,0,5.83,0.01,0.16,0
"Seychelles",2018,NA,0,0,0,0,0,0,0,0,0,0,0,0,0,0,0,0,0,0,0,0,0,0,0,0,0,0,0,0,0,0,0,0,0,0,0,0,0,0,0,0,0,0,0,0,0,0,0,0,0
"Seychelles",2019,NA,0,0,0,0,0,0,0,0,0,0,0,0,0,0,0,0,0,0,0,0,0,0,0,0,0,0,0,0,0,0,0,0,0,0,0,0,0,0,0,0,0,0,0,0,0,0,0,0,0
"Seychelles",2020,NA,0,0,0,0,0,0,0,0,0,0,0,0,0,0,0,0,0,0,0,0,0,0,0,0,0,0,0,0,0,0,0,0,0,0,0,0,0,0,0,0,0,0,0,0,0,0,0,0,0
"Seychelles",2021,NA,0,0,0,0,0,0,0,0,0,0,0,0,0,0,0,0,0,0,0,0,0,0,0,0,0,0,0,0,0,0,0,0,0,0,0,0,0,0,0,0,0,0,0,0,0,0,0,0,0
"Seychelles",2022,NA,0,0,0,0,0,0,0,0,0,0,0,0,0,0,0,0,0,0,0,0,0,0,0,0,0,0,0,0,0,0,0,0,0,0,0,0,0,0,0,0,0,0,0,0,0,0,0,0,0
"Seychelles",2023,NA,0,0,0,0,0,0,0,0,0,0,0,0,0,0,0,0,0,0,0,0,0,0,0,0,0,0,0,0,0,0,0,0,0,0,0,0,0,0,0,0,0,0,0,0,0,0,0,0,0
"Seychelles",2024,NA,0,0,0,0,0,0,0,0,0,0,0,0,0,0,0,0,0,0,0,0,0,0,0,0,0,0,0,0,0,0,0,0,0,0,0,0,0,0,0,0,0,0,0,0,0,0,0,0,0
"Seychelles",2025,NA,0,0,0,0,0,0,0,0,0,0,0,0,0,0,0,0,0,0,0,0,0,0,0,0,0,0,0,0,0,0,0,0,0,0,0,0,0,0,0,0,0,0,0,0,0,0,0,0,0
"Sierra Leone",1961,0.869704901085687,14.89,0,0,0,0,0,0,0,0,0,0,0,0,0,0,0,0,0,0,0,0,0,0,0,0,0,0,0,0,0,0,0,0,0,0,0,0,0,0,0,13.85,0,0,0,0,0,0,0.04,1
"Sierra Leone",1962,0.604591108375791,7.94,0,0,0,0,0,0,0,0,0,0,0,0,0,0,0,0,0,0,0,0,0,0,0,0,0,0,0,0,0,0,0,0,0,0,0,0,0,0,0,5.84,0,0,0,0,0,0,0.1,2
"Sierra Leone",1963,0.562125102530348,9.67,0,0,0,0,0,0,0,0,0,0,0,0,0,0,0,0,0,0,0,0,0,0,0,0,0,0.06,0,0,0,0,0,0,0,0,0,0,0,0,0,6.6,0,0,0,0,0,0,0.01,3
"Sierra Leone",1964,0.497963905646761,9.87,0,0,0,0,0,0,0,0,0,0,0,0,0,0,0,0,0,0,0,0,0,0,0,0,0,0.02,0,0,0,0.01,0,0,0,0,0,0,0,0,0,5.7,0,0,0,0,0,0,0.14,4
"Sierra Leone",1965,0.586704286791668,17.49,0.01,0,0,0,0.05,0,0,0,0,0,0,0,0,0,0,0,0,0,0,0,0,0,0,0,0,1.19,0,0,0,0.01,0,0,0,0,0,0,0,0,0,3.09,0,0,0,0,0,0,0.16,12.98
"Sierra Leone",1966,0.381677377200114,10.38,0,0,0,0,0.05,0,0,0,0,0,0,0,0,0,0,0,0,0,0,0,0,0,0,0,0,1.25,0,0,0,0,0,0,0,0,0,0,0,0,0,4.01,0,0,0,0,0,0,0.23,4.84
"Sierra Leone",1967,0.45655541911696,7.81,0,0,0,0,0.05,0,0,0,0,0,0,0,0,0,0,0,0,0,0,0,0,0,0,0,0,0.27,0,0,0,0.01,0,0,0,0,0,0,0,0,0,2.91,0,0,0,0,0,0,0.18,4.39
"Sierra Leone",1968,0.35204922977919,10.81,0,0,0,0,0.06,0,0,0,0,0,0,0,0,0,0,0,0,0,0,0,0,0,0,0,0,4.15,0,0,0,0.03,0,0,0,0,0,0,0,0.12,0,1.81,0,0,0,0,0,0,0.1,4.54
"Sierra Leone",1969,0.371318160441573,8.04,0,0,0,0,0.03,0,0,0,0,0,0,0,0,0,0,0,0,0,0,0,0,0,0,0,0,1.66,0,0,0,0.02,0,0,0,0,0,0,0,0,0,2.29,0,0,0,0,0,0,0.04,4
"Sierra Leone",1970,0.374096633916,6.21,0,0,0,0,0.05,0,0,0,0,0,0,0,0,0,0,0,0,0,0,0,0,0,0,0,0,0.6,0,0,0,0.01,0,0,0,0.1,0.02,0,0,0.19,0,2.24,0,0,0,0,0,0,0,3
"Sierra Leone",1971,0.336931290742211,9.83,0,0,0,0,0.04,0,0,0,0,0,0,0,0,0,0,0,0,0,0,0,0,0,0,0,0,3.24,0,0,0,0,0,0,0,0.01,0.08,0,0,0,0,2.46,0,0,0,0,0,0,0,4
"Sierra Leone",1972,0.345470913911821,8.78,0,0,0,0,0.02,0,0,0,0,0,0,0,0,0,0,0,0,0,0,0,0,0,0,0,0,3.67,0,0,0,0,0,0,0,0.02,0.02,0,0,0,0.01,2.04,0,0,0,0,0,0,0,3
"Sierra Leone",1973,0.366189011834658,9.99,0,0,0,0,0.06,0.01,0,0,0,0,0,0,0,0,0,0,0,0,0,0,0,0,0,0,0,5.13,0,0,0,0.06,0,0,0,0.05,0.04,0,0,0,0.02,2.49,0,0,0,0,0,0,0.13,2
"Sierra Leone",1974,0.322148240816369,6.22,0,0,0,0,0.06,0.01,0,0,0,0,0,0,0,0,0,0,0,0,0,0,0,0,0.01,0,0,1.48,0,0,0,0.13,0,0,0,0.03,0.04,0,0,0,0.01,1.04,0,0,0,0,0,0,0.41,3
"Sierra Leone",1975,0.395870833333333,12,0,0,0,0,0.05,0.01,0,0,0,0,0,0,0,0,0,0,0,0,0,0,0,0,0.04,0,0,6.28,0,0,0.01,0.03,0,0,0,0.2,0.06,0,0,0,0.02,1.23,0,0,0,0,0,0,0.07,4
"Sierra Leone",1976,0.295657296861817,8.73,0.02,0,0,0,0.05,0,0,0,0,0,0,0,0,0,0,0,0,0,0,0,0,0,0.02,0,0,3.28,0,0,0.01,0.15,0,0,0,0.46,0.06,0,0,0,0.02,1.59,0,0,0,0,0,0,0.07,3
"Sierra Leone",1977,0.315684317465903,12.97,0.03,0,0,0,0.07,0.02,0,0,0,0,0,0,0,0,0,0,0,0,0,0.01,0.02,0,0.02,0,0,5.22,0,0,0.02,0.01,0,0,0,0.42,0,0,0,0,0.01,3.11,0,0,0,0,0,0,0.01,4
"Sierra Leone",1978,0.261318248923176,16.22,0.03,0,0,0,0.03,0.02,0,0,0,0,0,0,0,0,0,0,0,0,0,0,0.04,0,0.08,0.01,0,5.4,0,0,0.03,0.02,0,0,0,2.81,0,0,0,0,0.01,2.58,0,0,0,0,0,0,0.16,5
"Sierra Leone",1979,0.242065816238969,32.06,0.23,0,0,0,0.02,0.02,0,0,0,0,0,0,0,0,0,0,0,0,0,0.05,0.04,0,0.46,0.01,0,6.65,0,0,0.04,0.02,0,0,0,10.94,0,0,0,0.29,0.01,6.96,0,0,0,0,0,0,0.32,6
"Sierra Leone",1980,0.185891661086178,61.91,18,0,0,0,0.03,0.05,0,0,0,0,0,0,0,0,0,0,0,0,0,0.02,0.05,0,2.41,0.07,3.5,14.93,0,0,0.03,0.04,0,0,0,4.16,0.04,0,0,0.38,0,6.61,0,0,2.3,0,0,0,0.29,9
"Sierra Leone",1981,0.258042410735162,39.78,3,0,0,0,0.01,0.01,0,0,0,0,0,0,0,0,0,0,0,0,0,0,0.03,0,0.27,0.04,2.39,16.88,0,0,0.03,0.13,0,0,0,1.73,0,0,0,0.14,0,6.42,0,0,0.1,0,0,0,0.6,8
"Sierra Leone",1982,0.170265697820296,57.47,10.12,0,0,0,0.67,0,0,0,0,0,0,0,0,0,0,0,0,0,0,0.01,0.04,0,0.85,0.04,1.93,14.92,0,0,0.04,10.98,0,0,0,1.37,0.58,0,0,0.23,0.01,6.71,0,0,0.25,0,0,0,0.72,8
"Sierra Leone",1983,0.202355131395612,36.79,1.59,0,0,0,0.05,0,0,0,0,0,0,0,0,0,0,0,0,0,0,0.02,0,0,0.22,0.01,0.89,10.37,0,0,0.03,6.02,0,0,0,1.54,0.26,0,0,0,0.01,4.85,0,0,0.05,0,0,0,0.88,10
"Sierra Leone",1984,0.239892258797191,37.12,0.14,0,0,0,0.05,0,0,0,0,0,0,0,0,0,0,0,0,0,0,0.02,0.1,0,0.14,0.06,1.28,7.07,0,0,0.07,0.35,0,0,0,0.54,0.16,0,0,0,0.01,3.82,0,0,0.05,13.5,0,0,0.76,9
"Sierra Leone",1985,0.523751204718114,82.49,2.27,0,0,0,0.04,0,0,0,0,0,0,0,0,0,0,0,0,0,0,0.02,0.01,0,0.09,0,0.85,58.44,0,0,0.08,0.26,0,0,0,4.44,0.09,0,0,0,0.07,4.7,0,0,0.04,0.15,0,0,0.94,10
"Sierra Leone",1986,0.138636156582656,59.09,3.91,0,0,0,0.06,0,0,0,0,0,0,0,0,0,0,0,0,0,0,0.01,0.09,0,6.2,0.01,1.68,9.4,0,0,0.12,11.27,0,0,0,2.09,0.32,0,0,0,0.01,5.64,0,0,0.2,5.62,0,0,0.46,12
"Sierra Leone",1987,0.154070568773325,50.06,3.43,0,0,0,0.05,0,0,0,0,0,0,0,0,0,0,0,0,0,0,0.02,0.08,0,6.89,0.01,2.3,11.44,0,0,0.09,3.83,0,0,0,1.16,0.5,0,0,0,0,4.27,0,0,0.19,3.47,0,0,0.33,12
"Sierra Leone",1988,0.182943052222032,63.53,4.42,0,0,0,0.09,0.02,0,0,0,0,0,0,0,0,0,0,0,0,0,0.01,0.09,0,1.29,0,2.59,21.27,0,0,0.07,5.57,0,0,0,1.65,0.57,0,0,0,0.03,6.55,0,0,0.12,10,0,0,0.19,9
"Sierra Leone",1989,0.214759722817334,79.67,12.22,0.01,0.01,0,0.09,0,0,0,0,0,0,0,0,0,0,0,0,0,0,0.01,0.04,0,0.52,0.03,2.96,24.43,0,0,0.01,21.55,0,0,0,1.1,0.32,0,0.06,0.15,0,4.59,0,0,0.05,0.22,0,0,0.3,11
"Sierra Leone",1990,0.16475396862649,41.31,5.97,0,0,0,0.1,0,0,0,0,0,0,0,0,0,0,0,0,0,0,0,0.05,0,2.4,0.09,3.25,11.61,0,0,0.08,7.94,0,0,0,1.16,0.47,0,0,0.21,0.01,4.54,0,0,0.13,0,0,0,0.3,3
"Sierra Leone",1991,0.332175358547205,69.23,0.88,0.12,0,0,0.09,0.01,0,0,0,0,0,0,0,0,0,0,0,0,0,0,0.12,0,2.19,0.55,2.68,9.23,0,0,0.05,37.47,0,0.01,0,0.74,0.78,0,0.05,0.72,0,4.86,0,0,0,0,0,0,0.68,8
"Sierra Leone",1992,0.249743980635268,75.39,3.84,0.1,0,0,0.09,0,0,0,0,0,0,0,0,0,0,0,0,0,0,0.04,0.01,0,1.75,0.03,7.12,9.31,0,0,0.05,32.83,0,0.01,0,1.22,0.5,0,0,0,1.2,3.74,0,0,0.01,0.01,0,0,0.53,13
"Sierra Leone",1993,0.578264756736688,208.78,4.1,0.09,0,0,0.15,0,0,0,0,0,0,0,0,0,0,0,0,0,0,0.05,0.03,0,1.18,0.06,6.06,16.83,0,0,0.21,157.2,0,0.03,0,1.19,7.85,0,0.03,0.74,0.08,3.33,0,0,0,0.01,0,0.06,0.5,9
"Sierra Leone",1994,0.148777258493029,56.49,10.66,0.13,0,0,0.16,0.01,0,0,0,0,0,0,0,0,0,0,0,0,0,0.04,5.42,0,0.53,0.02,10.23,7.68,0,0,0.41,0.83,0,0.04,0,1.84,0.73,0,0.02,0.06,0.07,6.48,0,0,0,0,0,0,0.13,11
"Sierra Leone",1995,0.14760604613396,69.24,3.62,0.13,0,0,0.07,0,0,0,0,0,0,0,0,0,0,0,0,0,0,0.05,0.08,0,0.18,0.01,6.4,16.29,0,0,0.37,1.4,0,0.03,0,4.24,3.49,0,0.03,1.15,0,14.99,0,0,0.48,6.97,0,0,0.26,9
"Sierra Leone",1996,0.137953497296169,73.68,0.85,0.09,0,0,0.05,0.13,0,0,0,0,0,0,0,0,0,0,0,0,0,0.07,1.41,0,0.35,0.39,3.67,10.61,0,0,0.66,10.5,0,0.25,0,4.85,2.64,0,0.01,2.19,0.62,17.64,0,0,4.25,0,0,0,0.45,12
"Sierra Leone",1997,0.148677250234192,45.53,1.39,0,0,0,0,0.07,0,0,0,0,0,0,0,0,0,0,0,0,0,0.13,0.28,0,2.75,0,2.97,2.85,0.01,0,0.45,0,0,0.04,0,1.44,3.94,0,0.3,0.75,0.83,8.1,0,0.01,1.04,0,0,0,5.18,13
"Sierra Leone",1998,0.150191905755712,55.88,1.2,0.05,0,0,0,0.05,0,0,0,0,0,0,0,0,0.01,0,0,0,0,0.18,0.13,0,0.07,0.56,1.39,1.89,0.09,0,0.69,6.35,0,0.04,0,2.34,3.95,0,0.64,3.8,1.88,14.22,0,0,2.17,0.41,0,0,0.58,13.19
"Sierra Leone",1999,0.189026932538116,60.23,1.17,0,0,0,0.21,0.1,0,0,0,0,0,0,0,0,0.01,0,0,0,0,0.48,0.04,0,0.03,0.68,0.49,4.39,0,0,0.6,0.02,0,0.17,0,3.25,6.18,0.05,0,2.5,2.85,17.13,0,0.02,0,0.32,0,0,2.15,17.39
"Sierra Leone",2000,0.367670047054034,115.6,0.02,0.02,0,0,0.45,0.13,0,0,0,0,0,0,0,0,0,0,0,0,0,3.84,5.5,0,0.03,0.63,0.73,3.45,0,0,0.85,1.85,0,0.11,0,2.69,8.77,0,0,3.74,2.66,68.32,0,0,0,0,0,0,3.84,7.97
"Sierra Leone",2001,0.175663862110036,171.24,0.02,0.03,0,0,0.03,0.12,0,0,0,0.01,0,0,0,0,0.01,0,0,0,0,7.13,6.95,0,0.19,1.51,4.25,11.95,0,0,1.7,0.24,0,0.44,0,38.13,9.33,0,0.01,3.47,3.38,51.13,0,0,2.08,0,0,0,2.77,26.36
"Sierra Leone",2002,0.177206775845802,228.55,0.09,0.03,0,0,0.21,0,0,0,0,0.02,0,0,0,0,0,0,0,0,0,6.09,9.2,0,0.4,1.41,3.63,15.93,0,0,1.17,20.55,0,0.28,0,20.58,10.57,2.64,0.08,1.74,2.98,54.31,0,0,3.23,0,0,0,3.29,70.12
"Sierra Leone",2003,0.177801549408022,223.61,3.73,0.09,0,0,0.12,0.02,0,0,0,0.01,0,0,0,0,0,0,0,0,0,5.14,7.95,0,0.23,1.62,1.4,12.43,0.03,0,5.87,8.46,0,0.14,0,20.62,5.18,5.27,0.2,3.81,9.56,54.93,0,0,4.03,0,0,0,2.81,69.96
"Sierra Leone",2004,0.205172754773021,166.4,0.19,0.06,0,0,0,0.03,0,0,0,0.02,0,0,0,0,0,0,0,0,0,0.36,0.04,0,0,1.46,3.51,11.66,0.03,0,3.37,24.93,0,0.13,0,9.54,5.17,0,1.59,3.19,3.32,60.93,0,0,1.59,0,0,0,3.17,32.11
"Sierra Leone",2005,0.254889992116199,131.45,3.87,0.08,0,0,0.01,0.06,0,0,0,0.02,0,0,0,0,0,0,0,0,0,0.21,0,0.02,1.26,0.82,2.08,6.35,0.03,0,7.8,0.71,0,0.25,0,7.2,4.16,0.1,2.44,2.08,2.15,60.59,0,0.01,0.36,0,0,0,6.94,21.85
"Sierra Leone",2006,0.211720079934433,182.13,43.98,0,0,0,0.31,0.02,0,0,0,0.06,0,0,0,0,0.03,0,0,0,0,0.06,1.55,0.03,0.41,0.9,1.93,10.76,0.01,0,11.41,1.92,0,0,0,5.83,2.69,0.11,1.77,3.87,1.03,65.57,0,0,1.61,0,0,0.02,5.22,21.03
"Sierra Leone",2007,0.118537371204881,419.43,46.72,0.11,0,0,0.17,0.12,0,0,0,0.05,0,0,0,0,0,0,0,0,0,0.6,13.69,0.02,1.71,0.93,45,36.53,0.16,0,17.16,61.45,0,0.21,0,47.14,2.48,0.17,3.15,1.74,23.93,88.11,0,0,1.44,0,0,0.03,5.71,20.9
"Sierra Leone",2008,0.312077394704524,175.18,14.13,0,0,0,0,0.03,0,0,0,0.05,0,0,0,0,0.05,0,0,0,0.07,0.03,0.11,0,2.34,1.46,1.26,14.85,0.32,0,16.64,0.66,0,0.43,0,0.02,3.62,0,3.36,2.34,0.73,92.59,0,0.03,0.07,0,0,0.03,4.17,15.79
"Sierra Leone",2009,0.219483509317922,200.83,37.44,0,0,0,0.16,0.03,0,0,0,0.02,0,0,0,0,0.01,0,0,0,0.02,0.36,0.63,0,3.01,1.45,0.32,15.76,0.22,0.06,13.69,6.69,0,0.14,0,1.45,3.07,0,3.38,1.64,0.73,80.27,0,0.09,1,0,0,0.09,8.88,20.22
"Sierra Leone",2010,0.249310385003605,192.94,12.21,0.09,0,0,0.32,0.02,0,0,0,0.02,0,0,0,0,0.01,0,0,0,0.02,0.13,0.11,0,4.78,1.54,0.32,13.32,0.17,0,11.91,0.34,0,0.1,0,1.1,2.98,0.01,1.94,0.5,0.06,85.06,0,0.04,1.54,0,0.15,0.04,33.02,21.09
"Sierra Leone",2011,0.221925730084814,179.66,26.66,0.21,0,0,1.44,0,0,0,0,0.05,0,0,0,0,0,0,0,0,0,0.03,0.01,0,3.78,3.67,0.43,16.7,0.19,0.09,12.67,1.17,0,0.15,0,0.21,3.52,0.02,0.72,0.8,0.53,74.14,0,0.06,5.6,0,0.11,0.14,6.69,19.87
"Sierra Leone",2012,0.305553487498944,191.67,20.6,0.17,0,0,1.39,0,0,0,0,0,0,0,0,0,0,0,0.04,0,0,0.04,0.01,0,3.43,2.27,0.06,14.06,0.17,0.11,15.38,0.35,0,0.15,0,0.13,2.57,0.01,0.65,1.37,0.36,99.54,0,0.13,3.29,0,0.02,0.12,5.53,19.72
"Sierra Leone",2013,0.317731630185217,287.91,117.14,0.15,0,0,3.67,0.04,0,0,0,0,0,0,0,0,0,0,0,0,0,0.02,0.01,0,0.21,2.35,0.44,10.87,0,0,12.05,0.63,0,0.51,0,0,2.46,0.01,0.61,0.98,0.48,109.71,0,0.01,4.78,0,0.01,0.17,5.13,15.47
"Sierra Leone",2014,0.545244571903038,533.33,13.28,7.51,0,0,1.61,1.7,0,0,0,0.14,0.05,0,0,0,0,0,1.5,0,0,0.77,1.37,0,4.15,2.47,0.19,25.05,0.02,0.21,16.26,9.96,0,0.18,0,7.95,1.49,0,7.73,3.16,2.8,391.58,0,0.14,3.92,0,2.46,0.45,9.92,15.31
"Sierra Leone",2015,0.397621888711673,572.63,29.18,1.42,0,0,10.82,0.01,0,0,0,0,0.03,0.02,0,0,0,0,2.48,0,0,0.19,1.44,0,0.15,0.84,0.2,25.28,0.01,0,11.45,7.13,0,0.01,0,0,6.95,0,1.28,2.21,0.08,340.03,0,0.01,1.77,0,3.16,0.6,13.09,112.79
"Sierra Leone",2016,0.360923212333349,437.73,13.39,10.51,0,0,0.17,0.09,0,0,0,0.01,0,0,0,0,0,0,0,0,0,0.13,1.44,0,0.07,0.36,0.43,18.04,0,0,11.91,1.46,0,0,0,0.11,5.18,0.05,0.53,0.16,0.06,227.16,0,0.09,15.04,0,0.9,0.2,1.65,128.59
"Sierra Leone",2017,0.341629742774936,300.59,10.65,4.93,0,0.1,1.98,0.08,0,0,0,0.01,0.03,0.01,0,0.01,0,0,0,0,0,0.06,0.01,0,0,0.59,0.42,17.22,0,0,13.8,0.95,0,0,0.03,0.01,2.29,0.05,0.94,0.71,0.43,152.57,0,0,7.07,0,0.54,0.64,1.39,83.07
"Sierra Leone",2018,0.266432815559855,322.31,9.32,0,0,0,0.65,0.01,0,0,0,0,0,0,0,0,0,0,0,0,0,0.05,0,0,0,0.26,0.6,27.42,0,1.13,14.85,2.27,0,0,0,0,2.2,0.01,1.21,0.85,0.02,143.73,0,0.03,39.27,0,10.53,0.07,2.35,65.48
"Sierra Leone",2019,0.242176920850031,274.23,18.51,0,0,0,0.12,0.05,0,0,0,0,0,0,0,0,0,0,0,0,0,0.05,0,0,0,12.6,0.21,26.1,0,2.44,16.07,3.09,0,0,0,0.03,2.09,0.01,1.05,0.42,0.05,113.14,0,0,6.19,0,6.4,0.32,3.16,62.13
"Sierra Leone",2020,0.250852396273822,246.38,11.57,0,0,0,0.09,0.04,0,0,0,0,0,0,0,0,0,0,0,0,0,0.09,0,0,1.42,0.36,0.16,32.39,0,1.64,17.37,2.91,0,0,0,0,1.92,0,0.92,0.88,0.09,102.59,0.11,0.01,3.39,0,5.8,0.47,6.36,55.8
"Sierra Leone",2021,0.201874118762518,210.12,16.06,0,0,0,0.01,0,0,0,0,0,0,0,0,0,0.04,0,0,0,0,0.06,0,0,1.38,0.51,1.65,22.41,0,2.78,19.18,2,0,0,0,0,1.85,0,0.73,1.04,0.03,69.75,0,0.05,1.92,0,9.87,0.3,5.95,52.55
"Sierra Leone",2022,0.152670215388181,380.030009,47.965432,3.966612,0,0.00031,0.025053,0,0,0,0,0.07651,0,0.006298,0,0,0.237576,0,0,0,0,0.383274,0,0,0.231962,0.656574,15.20137,39.65971,0,11.48589,41.271944,13.005388,0,0,0,0,1.970958,0,0.869328,1.056792,0.542388,89.14456,0,0.00388,12.759271,0,0,0.784316,11.060586,87.664027
"Sierra Leone",2023,0.198233465299438,366.006381,26.536076,2.349888,0,0,0.100584,0,0.00307,0,0,0,0,0.98422,0,0,0.273346,0.007712,0,0,0,0.215156,6.025528,0,0.821337,0.655124,3.155058,42.325574,0,13.179462,38.920704,4.11649,0,0.089942,0.001044,0,1.684317,0,1.17924,1.682784,0.331174,80.154302,0,0,0,0,0.261355,0.972748,14.897904,125.082242
"Sierra Leone",2024,0.198137256021174,382.428841,24.668582,3.929416,0,0,0.344528,0,0.002922,0,0,0,0,1.262718,0,0,0.03752,0.02457,0,0,0,0.300334,0.014838,0.04234,1.692538,0.840074,1.71418,46.957948,0,13.685182,40.763726,4.452962,0,0,0.004528,0,2.076412,0,2.24699,0.865714,1.28763,101.158258,0,0.02126,3.313804,0,0.123436,0.907044,11.903472,117.785915
"Sierra Leone",2025,NA,0,0,0,0,0,0,0,0,0,0,0,0,0,0,0,0,0,0,0,0,0,0,0,0,0,0,0,0,0,0,0,0,0,0,0,0,0,0,0,0,0,0,0,0,0,0,0,0,0
"Somalia",1960,0.399081258872122,21.41,0,0,0,0,0,0,0,0,0,0,0,0,0,0,0,0,0,0,0,0,0,0,0,0,0,0,0,0,0,10.7,0,0,0,0,0,0,0,0,0,7.71,0,0,0,0,0,0,0,3
"Somalia",1961,0.485710717315487,20.6,0,0,0,0,0,0,0,0,0,0,0,0,0,0,0,0,0,0,0,0,0,0,0,0,0,0.01,0,0,0,13.4,0,0,0,0,0,0,0,0,0,4.19,0,0,0,0,0,0,0,3
"Somalia",1962,0.406754400947674,22.53,0,0,0,0,0,0,0,0,0,0,0,0,0,0,0,0,0,0,0,0,0,0,0,0,0,0.05,0,0,0,10.9,0,0,0,0,0,0,0,0,0,2.58,0,0,0,0,0,0,0,9
"Somalia",1963,0.500391536597392,27.33,0,0,0,0,0,0,0,0,0,0,0,0,0,0,0,0,0,0,0,0,0,0,0,0,0,2.05,0,0,0,17.9,0,0,0,0,0,0,0,0,0,0.38,0,0,0,0,0,0,0,7
"Somalia",1964,0.352187153491895,17.57,0.01,0,0,0,0,0,0,0,0,0,0,0,0,0,0,0,0,0,0,0,0,0,0,0,0,4.04,0,0,0,7.51,0,0,0,0,0,0,0,0,0,0.01,0,0,0,0,0,0,0,6
"Somalia",1965,0.397562017335392,25.18,0,0,0,0,0,0,0,0,0,0,0,0,0,0,0,0,0,0,0,0,0,0,0,0,0,4.11,0,0,0,13.15,0,0,0,0,0,0,0,0,0.02,0.01,0,0,0,0,0,0,0,7.89
"Somalia",1966,0.452735845645771,47.01,0,0,0,0,0,0,0,0,0,0,0,0,0,0,0,0,0,0,0,0,0,0,0,0,0,2.49,0,0,0,8.59,0,0,0,0,0,0,0,0,0.03,0,0,0,0,29.7,0,0,0,6.2
"Somalia",1967,0.369975616268879,10.93,0.01,0,0,0,0,0,0,0,0,0,0,0,0,0,0,0,0,0,0,0,0,0,0,0,0,2.86,0,0,0,2.68,0,0,0,0,0,0,0,0,0.01,0,0,0,0,0,0,0,0,5.37
"Somalia",1968,0.430557685748211,19.53,0,0,0,0,0,0,0,0,0,0,0,0,0,0,0,0,0,0,0,0,0,0,0,0,0,2.12,0,0,0,10.88,0,0,0,0,0,0,0,0,0,0.1,0,0,0,0,0,0,0,6.43
"Somalia",1969,0.366337344906006,22.01,0.01,0,0,0,0,0,0,0,0,0,0,0,0,0,0,0,0,0,0,0,0.02,0,0.01,0,0,3.63,0,0,0,10.01,0,0,0,0,0,0,0,0,0.03,0.3,0,0,0,0,0,0,0,8
"Somalia",1970,0.316792923899165,18.36,0.01,0,0,0,0,0,0,0,0,0,0,0,0,0,0,0,0,0,0,0,0.02,0,0,0,0,6.45,0,0,0,5.38,0,0,0,0,0,0,0,0,0.01,0.49,0,0,0,0,0,0,0,6
"Somalia",1971,0.446408368761865,22.28,0.02,0,0,0,0,0,0,0,0,0,0,0,0,0,0,0,0,0,0,0,0.02,0,0.01,0,0,1.77,0,0,0,13.01,0,0,0,0,0,0,0,0,0,0.45,0,0,0,0,0,0,0,7
"Somalia",1972,0.296272369139932,16.15,0.01,0,0,0,0.01,0,0,0,0,0,0,0,0,0,0,0,0,0,0,0,0.04,0,0.01,0,0,1.82,0,0,0,7.26,0,0,0,0.01,0,0,0,0,0,0.53,0,0,0,3.46,0,0,0,3
"Somalia",1973,0.302060264104056,27.23,0.01,0,0,0,0,0,0,0,0,0,0,0,0,0,0,0,0,0,0,0,0.03,0,0.01,0.02,0,6.81,0,0,0,12.51,0,0,0,0.04,0,0,0,0,0,0.51,0,0,0,3.3,2.99,0,0,1
"Somalia",1974,0.233933767139576,27.42,0.02,0,0,0,0,0,0,0,0,0,0,0,0,0,0,0,0,0,0,0,0.01,0,0,0.06,0,2.58,0,0,0,5.12,0,0,0,0.04,0,0,0,0,0.2,0.34,0,0,3.55,10,5.5,0,0,0
"Somalia",1975,0.158780372923673,55.1,0.02,0,0,0,0.68,0,0,0,0,0,0,0,0,0,0,0,0,0,0,0,0.42,0,0.25,0.05,0,4.53,0,0,0,5.53,0,0,0,1.05,0,0,0,4.74,0.02,0.55,0,0,4.49,10.9,15.51,0,1.36,5
"Somalia",1976,0.258196023090787,52.3,0.01,0,0,0,0.08,0,0,0,0,0,0,0,0,0,0,0,0,0,0,0,0.61,0,0,0,0,5.58,0,0,0,4.69,0,0,0,0.57,0,0,0,3.44,0.22,0.28,0,0,6.89,23.95,0.06,0,3.92,2
"Somalia",1977,0.278312607691118,143.35,0.02,0,0,0,0,0,0,0,0,0,0,0,0,0,0,0,0,0,0,0.01,0.03,0,0.01,0.01,0,6.97,0,0,0,8.52,0,0,0,3.21,0.16,0,0,3.35,0.2,0.25,0,0,17.14,61.2,39.09,0,0.18,3
"Somalia",1978,0.276451304720206,144.17,0.12,0,0,0,0,0,0,0,0,0,0,0,0,0,0,0,0,0,0,0,0.04,0,0,0.02,0,20.74,0,0,0,8.06,0,0,0,1.39,0,0,0,2.7,0.3,1.89,0,0,23.22,5.61,67.07,0,0.01,13
"Somalia",1979,0.216663643216079,144.49,0.16,0,0,0,0.28,0,0,0,0,0,0,0,0,0,0,0,0,0,0,0,0.35,0,0.01,0.03,0.02,10.96,0,0,0.02,7.68,0,0,0,2.75,0,0,0,5,0.16,2.78,0,0,9.9,29.7,53.69,0,0,21
"Somalia",1980,0.16502579292197,277.71,0.37,0,0,0,0.11,0,0,0,0,0,0,0,0,0,0,0,0,0,0,0,0.36,0,0.01,0.47,1.55,66.98,0,0,0,27.36,0,0,0,3.15,0.71,0,0,6.79,1.61,6.53,0,0,18.19,32.27,47.84,0,2.41,61
"Somalia",1981,0.166268456348116,184.1,2.03,0,0,0,2,0,0,0,0,0,0,0,0,0,0,0,0,0,0,0.48,0.25,0,2.37,2.1,7.32,18.65,0,0,0,28.95,0,0,0,4.34,1.13,0,0,4.03,1.89,4.95,0,0,9.35,15.21,16.45,0,1.6,61
"Somalia",1982,0.266129076587181,304.57,3.82,0,0,0,5.55,0,0,0,0,0,0,0,0,0,0,0,0,0,0,0.28,0.37,0,0.94,1.43,4.76,23.93,0,0,0,49.34,0,0,0,2.12,2.91,0,0,2.27,1.02,4.42,0,0,4.03,142.1,14.61,0,7.67,33
"Somalia",1983,0.194713012586476,177.32,2.76,0,0,0,2,0,0,0,0,0,0,0,0,0,0,0,0,0,0,0.11,0.06,0,1.34,1.25,8.12,25.11,0,0,0,51.84,0,0,0,2.85,2.68,0,0,1.94,1.18,3.77,0,0,19.36,1.54,2.64,0,0.77,48
"Somalia",1984,0.316860589336592,217.7,3.21,0,0,0,0.75,0,0,0,0,0,0,0,0,0,0,0,0,0,0,0.01,0.18,0,1.5,2.15,2.06,17.71,0,0,0,107.48,0,0,0,2.91,0.34,0,0,1.22,1.68,2.75,0,0,20.09,0.59,0.05,0,1.02,52
"Somalia",1985,0.190444106785801,212.18,12.77,0,0,0,0.83,0,0,0,0,0,0,0,0,0,0,0,0,0,0,0,2.21,0,2.34,2.12,1.7,20.67,0,0,0,60.59,0,0,0,2.58,2.74,0,0,0.95,1.22,2.25,0,0,10.19,32.12,0,0,0.9,56
"Somalia",1986,0.274083718300694,358.32,30.26,0,0,0,0.35,0,0,0,0,0,0,0,0,0,0,0,0,0,0,0.28,1.01,0,2.43,10.35,9.77,43.63,0,0,0.03,159.28,0,0,0,1.67,1.44,0,0,0.99,4,5.78,0,0,3.2,1.26,0,0,0.59,82
"Somalia",1987,0.347966497473024,416.93,22.66,0,0,0,0.7,0,0,0,0,0,0,0,0,0,0,0,0,0,0,0.03,4.19,0,9.91,16.47,10.15,50.88,0,0,0.01,232.47,0,0,0,0.32,0.65,0,0,1.74,1.3,11.92,0,0,0.46,0.66,0,0,0.41,52
"Somalia",1988,0.388835388789522,325.9,15.37,0,0,0,0.17,0,0,0,0,0,0,0,0,0,0,0,0,0,0,0.02,0.27,0,8.38,13.28,7.92,31.64,0,0,0.04,197.23,0,0,0,0.13,0.76,0,0,1.88,1.03,11.89,0,0,11.37,0,0,0,0.52,24
"Somalia",1989,0.398600007619638,290.21,17.55,0,0,0,0.19,0,0,0,0,0,0,0,0,0,0,0,0,0,0,0.1,0.3,0,12.65,8.46,3.93,24.64,0,0,0,177.58,0,0,0,0.27,0.67,0,0.01,1.68,1.85,8.68,0,0,0.22,2.67,0,0,0.76,28
"Somalia",1990,0.177313262604587,357.62,10.2,0,0,0,0.04,0,0,0,0,0,0,0,0,0,0,0,0,0,0,0.43,8.01,0,2.11,22.49,4.73,20.77,0,0,0,111.26,0,0.08,0,0.23,1.06,0,9.7,2.49,1.76,2.98,0,0,51.5,34.86,0,0,0.92,72
"Somalia",1991,0.254308112294687,117.86,1.53,0.04,0,0,0.02,0,0,0,0,0,0,0,0,0,0,0,0,0,0,0.28,1.42,0,0.04,14.59,4.05,10.31,0,0,0.04,54.61,0,0.06,0,2.43,1,0,0.02,11.38,3.47,4.75,0,0,0,0,0,0,1.82,6
"Somalia",1992,0.379615632988165,509.91,0.15,0.08,0.45,0,3.1,0,0,0,0,0,0,0,0,0,0,0,0,0,0,1.57,7.64,0,0.1,6.4,16.75,27.59,0,0,1.39,24.08,0,1.74,0,51.01,5.91,0.01,0.82,11.87,3.6,13.67,0,0,0.15,10,0,0,15.83,306
"Somalia",1993,0.504765417586179,705.26,0.18,0.1,0.2,0,1.75,0.11,0,0,0,0,0,0,0,0,0,0,0,0,0,1.35,6.61,0,0,0.71,6.29,20.04,0,0,2.59,97.38,0,0.06,0,20.94,9.13,0.01,0.04,9.93,1.85,16.12,0,0,3.7,5.64,0,4.39,6.14,490
"Somalia",1994,0.638533045546156,440.65,0,0,0,0,2.39,0.08,0,0,0,0,0,0,0,0,0,0,0,0,0,0.21,0.02,0,1.14,2.47,5.92,10.46,0,0,1.44,32.6,0,0.08,0,8.58,6.34,0.3,0,10.75,0.58,5.57,0,0,0.09,0.15,0,0,1.48,350
"Somalia",1995,0.235577588868394,122.26,0.02,0,0,0,0.74,0.03,0,0,0,0,0,0,0,0,0,0,0,0,0,2.58,0.27,0,0,0.21,7.74,7,0,0,0.46,11.8,0,0,0,10.43,6.05,0,0,13.46,1.98,4.18,0,0,0,0.02,0,0,1.29,54
"Somalia",1996,0.137977514053446,43.02,0.01,0,0,0,0.1,0,0,0,0,0,0,0,0,0,0,0,0,0,0,0.2,1.3,0,0,1.51,4.52,3.2,0,0,0.55,1.52,0,0,0,5.05,5.93,0,0,11.37,1.25,1.23,0,0,0.03,0.09,0,0,0.16,5
"Somalia",1997,0.11896992,50,0.4,0,0,0,0.09,0.05,0,0,0,0,0,0,0,0,0,0,0,0,0,0.18,0.05,0,0.09,0.14,4.59,1.72,0,0,0.52,6.05,0,0.41,0,6.1,9.59,0,0,7.45,2.65,2.75,0,0,0,0.88,0,0,0.29,6
"Somalia",1998,0.117166983961393,45.41,0.01,0,0,0,0,0,0,0,0,0,0,0,0,0,0,0,0,0,0,0.1,1.11,0,1.73,0.38,4.24,1.56,0,0,1.14,8.36,0,0.2,0,6.62,8.15,0,0,3.93,1.66,2.21,0,0,0,0.31,0,0,0.22,3.48
"Somalia",1999,0.1618385855418,78.05,0,0,0,0,0.07,0.07,0,0,0,0,0,0,0,0,0,0,0,0,0,0.14,0,0,3.06,2.22,2.77,3.68,0,0,1.32,19.6,0,0,0,6.87,10.41,0,0,5.29,0.65,2.09,0,0.01,0.02,0.02,0,0,0.37,19.39
"Somalia",2000,0.176172742418802,58.35,0,0,0,0,0.06,0.05,0,0,0,0,0,0,0,0,0,0,0,0,0,0.43,0,0,3.21,2.3,2.35,3.07,0,0,0.85,2.16,0,0.11,0,6.19,20.11,0,0,4.52,1.37,1.09,0,0,0,0.15,0,0,0.47,9.86
"Somalia",2001,0.160136050525633,104.43,0,0,0,0,0,0,0,0,0,0,0,0,0,0.02,0,0,0,0,0,0.47,0,0,0.35,2.64,2.06,1.12,0,0,1.19,28.98,0,0,0,13.14,12.37,0,0,5.58,0.26,3.58,0,0,0,14.36,0,0,0.53,17.78
"Somalia",2002,0.202964532762379,104.02,0,0,0,0,0.05,1.43,0,0,0,0,0,0,0,0.02,0,0,0,0,0,0.35,0,0,1.38,2.68,1.86,2.93,0,0,1.83,7.68,0,0.46,0,13.12,25.44,0,0,5.48,0.69,3.06,0,0.02,0,0,0,0,0.17,35.37
"Somalia",2003,0.226543406449593,114.85,0,0,0,0,0.06,0.44,0,0,0,0,0,0,0,0,0,0,0,0,0,0.47,0,0,1.36,2.98,2.05,2.62,0,0,1.12,7.8,0,0.11,0,10.29,40.02,0,0,6.59,0.69,3.54,0,0,0,0,0,0,0.96,33.75
"Somalia",2004,0.154580115444964,142.57,0,0,0,0,0.05,0.55,0,0,0,0,0,0,0,0,0.03,0,0,0,0,0.35,0,0,0.32,3.99,1.31,3.79,0.56,0,2.04,16.18,0,0.06,0,18.94,33.69,0,0,13.71,0.93,11.76,0,0,0,0,0,0.64,1.75,31.92
"Somalia",2005,0.144690864974716,146.03,0,0.16,0,0,0,0.99,0,0,0,0,0,0,0,0,0.01,0,0,0,0,0.34,0,0,5.05,5.62,1.45,5.14,0.01,0,3.06,11.08,0,0.1,0,14.24,31.32,0.12,0.07,12.94,0.73,10.67,0,0,0,0,0,0,5.98,36.95
"Somalia",2006,0.19208920922635,267.48,0.24,0.08,0,0,2.38,0.17,0,0,0,0.06,0,0,0,0,0.02,0,0,0,0,0.02,1.38,0,6.58,6.39,2.6,7.02,0.05,0,6.7,8.45,0,0.71,0,14.05,33.77,0,2.26,13.26,2.51,53.15,0,0,0,0,0,3.27,7.14,95.22
"Somalia",2007,0.112847991781796,261.3,3.86,0,0,0.01,3.07,0.51,0,0,0,0.03,0,0,0,0,0.02,0,0,0,0,0.32,2.78,0,9.76,12.12,7.15,13.58,0.12,0,11.49,6.6,0,1.22,0,12.37,43.14,0.01,2.27,25.81,3.55,26.37,0,0,0,0,0,3.55,12.89,58.7
"Somalia",2008,0.213551671120943,574.2,23.27,0.1,0,0.06,0,0.8,0,0,0,0.34,0,0,0,0,0,0,0,0,0.01,0.22,2.56,0,17.27,13.71,9.1,10.07,0.49,0,10.37,25.5,0,2.08,0,18.73,44.18,0,14.61,24.98,7.5,76.13,0,0.1,0,0,0,7.51,21.81,242.7
"Somalia",2009,0.181837120341665,509.75,22.64,0,0,0.03,1.56,0.11,0,0,0,0.27,0,0,0,0,0,0,0,0,0.01,0.09,3.48,0,21.61,8.07,5.32,20.94,0.48,0,7.48,5.94,0,1.16,0,14.81,33.34,0,52.75,29.37,6.57,43.75,0,0.04,0,0,3.6,5.69,25.73,194.91
"Somalia",2010,0.113049510705017,326.4,29.07,0.01,0,0,5.13,0.04,0,0,0,0.17,0,0,0,0,0.01,0,0,0,0,0.11,5.69,0,18.17,9.16,4.06,12.46,0.03,0,6.58,10.53,0,0.85,0,9.32,31.59,0,5.89,25.88,8.96,62.33,0,0.01,0,0,2.44,5.81,4.38,67.72
"Somalia",2011,0.0937111177058201,869.86,51.97,0.1,0,0,63.08,2.55,0,0,0,0.28,0.17,0,0,0,0.49,0,2,0,0.01,1.54,7.46,0.07,37.13,10.41,3.51,34.01,0.01,0.26,11.22,18.58,0,1.39,0,27.89,84.2,0,16.05,63.51,22.42,152.25,0,0.15,0.08,0,14.41,93.39,24.05,125.22
"Somalia",2012,0.145290737805883,754.94,55.49,0.5,0,0,16.25,0.11,0,0,0,0,0.09,0,0,0,0.09,0,2.04,0,0.02,3.29,1.12,0,40.61,11.02,2.35,13.67,0.01,0.04,10.85,10.38,0,0.28,0,17.55,35.02,0,4.94,42.33,8.14,142.97,0,0,0.46,0,4.41,86.61,32.6,211.7
"Somalia",2013,0.160649725710121,847.37,58.35,0.85,0,0,7.04,0,0,0,0,0.1,0.07,0,0,0,0,0,1,0,0,0.38,0.03,0,26.55,12.26,3.7,14.55,0.01,0.25,8.66,6.85,0,0.99,0,6.37,63.27,0,0.81,58.14,13.56,169.13,0,0,1.38,0,8.7,115.74,22.68,245.95
"Somalia",2014,0.141107898738378,867.78,32.58,0.58,0,0,13.07,0.07,0,0,0,0,0,0.01,0,0,0.12,0,1,0,0,0.15,0.02,0,36.33,27.47,1.61,26.64,0.01,0,7.62,7.6,0,0.42,0.07,6.24,63,0.07,0.03,83.05,20.23,205.75,0,0,2.2,0,23.44,74.35,30.41,203.64
"Somalia",2015,0.184311932330161,1004.63,26.46,0.71,0,0,7.18,0.04,0,0.03,0,0,0,0.02,0,0,0,0.01,0,0,0,0.17,0.29,0,15.02,17.75,1.02,29.15,0.01,0.13,7.15,13.44,0,0.28,0.03,2.29,42.72,0.11,0,61.17,22.96,186.14,0,0,1.08,7.19,19.32,314.82,20.74,207.2
"Somalia",2016,0.132137437418299,942.57,21.55,0.5,0,0,5.23,0,0,0,0,0,0,0.01,0,0,0,0.04,1,0,0.03,0.16,0.12,0,34.32,14.03,0.45,82.77,0,0,7.17,13.68,0,1.82,0.59,8,40.52,0.14,1.16,66.46,22.59,205.25,0,0,6.5,14.27,96.24,59.63,23.76,214.58
"Somalia",2017,0.170583478562959,1352.23,21.49,1,0,0,14.34,1.55,0,0,0,0,0.03,0.18,0,0.01,0,0.06,1,0,0.03,1.24,4.72,0,37.26,15.22,3.73,222.86,0,0.35,7.12,14.19,0,2.38,0.19,15.78,66.11,0.13,0.95,85,19.85,363.44,0,0,2.75,12.49,17.02,60.64,26.72,332.4
"Somalia",2018,0.18959052466901,1298.35,10.3,0,0,0,7.6,1.18,0,0,0.06,0.02,0,0,0,0.02,0.08,0.12,0,0,0,0.16,0.03,0,20.59,15.47,0.8,204.41,0,0.16,7.7,18.62,0,0.47,0,18.46,70.93,0,0.77,117.16,20.75,289.4,0,0.03,0,0,19.07,33.86,26.51,413.62
"Somalia",2019,0.191092464139883,1397.67,14.29,0,0,0,10.59,0,0,0,0,0.02,0,0,0,0,0.11,0,0,0,0,0.14,2.51,0,67.12,16.97,1.93,175.1,0,0,7.32,25.54,0,0.98,0,37.65,74.34,0.08,1.17,103.09,30.87,261.02,0,0,0,0,13.75,33.84,20.86,498.38
"Somalia",2020,0.188615365745244,2211.8,17.14,0,0,0,3.58,0,0,0,0,0,0.03,0,0,0,0.05,0,0,0.77,0,0.17,0,0,58.36,30.65,471.43,218.8,0,0,7.99,18.88,0,0.66,0.13,30.54,83.55,0.1,1.35,104.25,27.46,321.12,0,0,0,0,31.91,33.5,26.88,722.5
"Somalia",2021,0.201203671669328,1889.03,21.74,0,0,0,0.66,0,0,0,0,0.05,0.06,0,0,0.08,1.86,0,0,0.08,0,1.05,0.05,0,43.26,22.36,20.81,170.78,0,0.14,8.53,650.41,0.11,1.22,0,21.69,61.3,0.11,0.31,111.73,26.05,138.85,0,0,0,0,26.89,51.8,36.96,470.09
"Somalia",2022,0.214322470022776,2562.844396,59.140966,1.234312,0,0.07121,2.79023,1.422384,0,0,0,4.692414,0.13346,0,1.049396,0.455444,0.049756,0.014316,0,0.269808,0.118998,2.0856,0.00226,0,72.888381,70.733658,17.874976,291.238654,0,1.746452,37.096622,38.836114,0.21956,3.389284,0.001092,31.594962,108.343196,0.334116,1.395298,164.908308,70.688031,266.753565,0.095498,0,0,0,91.887376,61.267164,75.510988,1082.510547
"Somalia",2023,0.359795760376194,3366.331011,52.452216,2.91845,0,0,13.884587,3.37672,0,0,0,0,0.354672,0,0,0.569978,0.045314,0.018118,0,0.441986,0.108132,0.339126,0.004326,0,102.965226,38.484896,23.313574,281.43631,0,0,20.536354,25.418564,0,0.973184,0.002984,31.889716,143.689759,0.461012,3.23622,148.125437,81.268504,242.497752,0,0,0,0,83.496034,21.95646,77.658146,1964.407254
"Somalia",2024,0.230131700477899,3228.743503,201.39248,19.561224,0,0.003756,2.967112,3.395956,0.002654,0,0,0.30264,0.012552,0.016858,0,0,0.217908,0.00156,0,0.292714,0,0.330838,0,0,110.091972,29.699746,205.715142,204.0514,0,0.165412,20.978074,43.753372,0.222304,0.524624,0.091148,30.506028,96.886066,0.033416,0.925382,128.367075,41.30993,347.027321,0,0,0,0,169.50643,84.328126,46.671616,1439.390667
"Somalia",2025,NA,0,0,0,0,0,0,0,0,0,0,0,0,0,0,0,0,0,0,0,0,0,0,0,0,0,0,0,0,0,0,0,0,0,0,0,0,0,0,0,0,0,0,0,0,0,0,0,0,0
"South Africa",1948,NA,0,0,0,0,0,0,0,0,0,0,0,0,0,0,0,0,0,0,0,0,0,0,0,0,0,0,0,0,0,0,0,0,0,0,0,0,0,0,0,0,0,0,0,0,0,0,0,0,0
"South Africa",1949,NA,0,0,0,0,0,0,0,0,0,0,0,0,0,0,0,0,0,0,0,0,0,0,0,0,0,0,0,0,0,0,0,0,0,0,0,0,0,0,0,0,0,0,0,0,0,0,0,0,0
"South Africa",1950,NA,0,0,0,0,0,0,0,0,0,0,0,0,0,0,0,0,0,0,0,0,0,0,0,0,0,0,0,0,0,0,0,0,0,0,0,0,0,0,0,0,0,0,0,0,0,0,0,0,0
"South Africa",1951,NA,0,0,0,0,0,0,0,0,0,0,0,0,0,0,0,0,0,0,0,0,0,0,0,0,0,0,0,0,0,0,0,0,0,0,0,0,0,0,0,0,0,0,0,0,0,0,0,0,0
"South Africa",1952,NA,0,0,0,0,0,0,0,0,0,0,0,0,0,0,0,0,0,0,0,0,0,0,0,0,0,0,0,0,0,0,0,0,0,0,0,0,0,0,0,0,0,0,0,0,0,0,0,0,0
"South Africa",1953,NA,0,0,0,0,0,0,0,0,0,0,0,0,0,0,0,0,0,0,0,0,0,0,0,0,0,0,0,0,0,0,0,0,0,0,0,0,0,0,0,0,0,0,0,0,0,0,0,0,0
"South Africa",1954,NA,0,0,0,0,0,0,0,0,0,0,0,0,0,0,0,0,0,0,0,0,0,0,0,0,0,0,0,0,0,0,0,0,0,0,0,0,0,0,0,0,0,0,0,0,0,0,0,0,0
"South Africa",1955,NA,0,0,0,0,0,0,0,0,0,0,0,0,0,0,0,0,0,0,0,0,0,0,0,0,0,0,0,0,0,0,0,0,0,0,0,0,0,0,0,0,0,0,0,0,0,0,0,0,0
"South Africa",1956,NA,0,0,0,0,0,0,0,0,0,0,0,0,0,0,0,0,0,0,0,0,0,0,0,0,0,0,0,0,0,0,0,0,0,0,0,0,0,0,0,0,0,0,0,0,0,0,0,0,0
"South Africa",1957,NA,0,0,0,0,0,0,0,0,0,0,0,0,0,0,0,0,0,0,0,0,0,0,0,0,0,0,0,0,0,0,0,0,0,0,0,0,0,0,0,0,0,0,0,0,0,0,0,0,0
"South Africa",1958,NA,0,0,0,0,0,0,0,0,0,0,0,0,0,0,0,0,0,0,0,0,0,0,0,0,0,0,0,0,0,0,0,0,0,0,0,0,0,0,0,0,0,0,0,0,0,0,0,0,0
"South Africa",1959,NA,0,0,0,0,0,0,0,0,0,0,0,0,0,0,0,0,0,0,0,0,0,0,0,0,0,0,0,0,0,0,0,0,0,0,0,0,0,0,0,0,0,0,0,0,0,0,0,0,0
"South Africa",1960,NA,0,0,0,0,0,0,0,0,0,0,0,0,0,0,0,0,0,0,0,0,0,0,0,0,0,0,0,0,0,0,0,0,0,0,0,0,0,0,0,0,0,0,0,0,0,0,0,0,0
"South Africa",1961,NA,0,0,0,0,0,0,0,0,0,0,0,0,0,0,0,0,0,0,0,0,0,0,0,0,0,0,0,0,0,0,0,0,0,0,0,0,0,0,0,0,0,0,0,0,0,0,0,0,0
"South Africa",1962,NA,0,0,0,0,0,0,0,0,0,0,0,0,0,0,0,0,0,0,0,0,0,0,0,0,0,0,0,0,0,0,0,0,0,0,0,0,0,0,0,0,0,0,0,0,0,0,0,0,0
"South Africa",1963,NA,0,0,0,0,0,0,0,0,0,0,0,0,0,0,0,0,0,0,0,0,0,0,0,0,0,0,0,0,0,0,0,0,0,0,0,0,0,0,0,0,0,0,0,0,0,0,0,0,0
"South Africa",1964,NA,0,0,0,0,0,0,0,0,0,0,0,0,0,0,0,0,0,0,0,0,0,0,0,0,0,0,0,0,0,0,0,0,0,0,0,0,0,0,0,0,0,0,0,0,0,0,0,0,0
"South Africa",1965,NA,0,0,0,0,0,0,0,0,0,0,0,0,0,0,0,0,0,0,0,0,0,0,0,0,0,0,0,0,0,0,0,0,0,0,0,0,0,0,0,0,0,0,0,0,0,0,0,0,0
"South Africa",1966,NA,0,0,0,0,0,0,0,0,0,0,0,0,0,0,0,0,0,0,0,0,0,0,0,0,0,0,0,0,0,0,0,0,0,0,0,0,0,0,0,0,0,0,0,0,0,0,0,0,0
"South Africa",1967,NA,0,0,0,0,0,0,0,0,0,0,0,0,0,0,0,0,0,0,0,0,0,0,0,0,0,0,0,0,0,0,0,0,0,0,0,0,0,0,0,0,0,0,0,0,0,0,0,0,0
"South Africa",1968,NA,0,0,0,0,0,0,0,0,0,0,0,0,0,0,0,0,0,0,0,0,0,0,0,0,0,0,0,0,0,0,0,0,0,0,0,0,0,0,0,0,0,0,0,0,0,0,0,0,0
"South Africa",1969,NA,0,0,0,0,0,0,0,0,0,0,0,0,0,0,0,0,0,0,0,0,0,0,0,0,0,0,0,0,0,0,0,0,0,0,0,0,0,0,0,0,0,0,0,0,0,0,0,0,0
"South Africa",1970,NA,0,0,0,0,0,0,0,0,0,0,0,0,0,0,0,0,0,0,0,0,0,0,0,0,0,0,0,0,0,0,0,0,0,0,0,0,0,0,0,0,0,0,0,0,0,0,0,0,0
"South Africa",1971,NA,0,0,0,0,0,0,0,0,0,0,0,0,0,0,0,0,0,0,0,0,0,0,0,0,0,0,0,0,0,0,0,0,0,0,0,0,0,0,0,0,0,0,0,0,0,0,0,0,0
"South Africa",1972,NA,0,0,0,0,0,0,0,0,0,0,0,0,0,0,0,0,0,0,0,0,0,0,0,0,0,0,0,0,0,0,0,0,0,0,0,0,0,0,0,0,0,0,0,0,0,0,0,0,0
"South Africa",1973,NA,0,0,0,0,0,0,0,0,0,0,0,0,0,0,0,0,0,0,0,0,0,0,0,0,0,0,0,0,0,0,0,0,0,0,0,0,0,0,0,0,0,0,0,0,0,0,0,0,0
"South Africa",1974,NA,0,0,0,0,0,0,0,0,0,0,0,0,0,0,0,0,0,0,0,0,0,0,0,0,0,0,0,0,0,0,0,0,0,0,0,0,0,0,0,0,0,0,0,0,0,0,0,0,0
"South Africa",1975,NA,0,0,0,0,0,0,0,0,0,0,0,0,0,0,0,0,0,0,0,0,0,0,0,0,0,0,0,0,0,0,0,0,0,0,0,0,0,0,0,0,0,0,0,0,0,0,0,0,0
"South Africa",1976,NA,0,0,0,0,0,0,0,0,0,0,0,0,0,0,0,0,0,0,0,0,0,0,0,0,0,0,0,0,0,0,0,0,0,0,0,0,0,0,0,0,0,0,0,0,0,0,0,0,0
"South Africa",1977,NA,0,0,0,0,0,0,0,0,0,0,0,0,0,0,0,0,0,0,0,0,0,0,0,0,0,0,0,0,0,0,0,0,0,0,0,0,0,0,0,0,0,0,0,0,0,0,0,0,0
"South Africa",1978,NA,0,0,0,0,0,0,0,0,0,0,0,0,0,0,0,0,0,0,0,0,0,0,0,0,0,0,0,0,0,0,0,0,0,0,0,0,0,0,0,0,0,0,0,0,0,0,0,0,0
"South Africa",1979,NA,0,0,0,0,0,0,0,0,0,0,0,0,0,0,0,0,0,0,0,0,0,0,0,0,0,0,0,0,0,0,0,0,0,0,0,0,0,0,0,0,0,0,0,0,0,0,0,0,0
"South Africa",1980,NA,0,0,0,0,0,0,0,0,0,0,0,0,0,0,0,0,0,0,0,0,0,0,0,0,0,0,0,0,0,0,0,0,0,0,0,0,0,0,0,0,0,0,0,0,0,0,0,0,0
"South Africa",1981,NA,0,0,0,0,0,0,0,0,0,0,0,0,0,0,0,0,0,0,0,0,0,0,0,0,0,0,0,0,0,0,0,0,0,0,0,0,0,0,0,0,0,0,0,0,0,0,0,0,0
"South Africa",1982,NA,0,0,0,0,0,0,0,0,0,0,0,0,0,0,0,0,0,0,0,0,0,0,0,0,0,0,0,0,0,0,0,0,0,0,0,0,0,0,0,0,0,0,0,0,0,0,0,0,0
"South Africa",1983,NA,0,0,0,0,0,0,0,0,0,0,0,0,0,0,0,0,0,0,0,0,0,0,0,0,0,0,0,0,0,0,0,0,0,0,0,0,0,0,0,0,0,0,0,0,0,0,0,0,0
"South Africa",1984,NA,0,0,0,0,0,0,0,0,0,0,0,0,0,0,0,0,0,0,0,0,0,0,0,0,0,0,0,0,0,0,0,0,0,0,0,0,0,0,0,0,0,0,0,0,0,0,0,0,0
"South Africa",1985,NA,0,0,0,0,0,0,0,0,0,0,0,0,0,0,0,0,0,0,0,0,0,0,0,0,0,0,0,0,0,0,0,0,0,0,0,0,0,0,0,0,0,0,0,0,0,0,0,0,0
"South Africa",1986,NA,0,0,0,0,0,0,0,0,0,0,0,0,0,0,0,0,0,0,0,0,0,0,0,0,0,0,0,0,0,0,0,0,0,0,0,0,0,0,0,0,0,0,0,0,0,0,0,0,0
"South Africa",1987,NA,0,0,0,0,0,0,0,0,0,0,0,0,0,0,0,0,0,0,0,0,0,0,0,0,0,0,0,0,0,0,0,0,0,0,0,0,0,0,0,0,0,0,0,0,0,0,0,0,0
"South Africa",1988,NA,0,0,0,0,0,0,0,0,0,0,0,0,0,0,0,0,0,0,0,0,0,0,0,0,0,0,0,0,0,0,0,0,0,0,0,0,0,0,0,0,0,0,0,0,0,0,0,0,0
"South Africa",1989,NA,0,0,0,0,0,0,0,0,0,0,0,0,0,0,0,0,0,0,0,0,0,0,0,0,0,0,0,0,0,0,0,0,0,0,0,0,0,0,0,0,0,0,0,0,0,0,0,0,0
"South Africa",1990,NA,0,0,0,0,0,0,0,0,0,0,0,0,0,0,0,0,0,0,0,0,0,0,0,0,0,0,0,0,0,0,0,0,0,0,0,0,0,0,0,0,0,0,0,0,0,0,0,0,0
"South Africa",1991,NA,0,0,0,0,0,0,0,0,0,0,0,0,0,0,0,0,0,0,0,0,0,0,0,0,0,0,0,0,0,0,0,0,0,0,0,0,0,0,0,0,0,0,0,0,0,0,0,0,0
"South Africa",1992,NA,0,0,0,0,0,0,0,0,0,0,0,0,0,0,0,0,0,0,0,0,0,0,0,0,0,0,0,0,0,0,0,0,0,0,0,0,0,0,0,0,0,0,0,0,0,0,0,0,0
"South Africa",1993,0.205321471480168,183.28,1.8,0,0,0,0.38,0.16,0,0,0,0,0,0,0,0,0,0,0,0,0,2.05,0,0,1.08,0.8,0,8.37,0,0,0,0.41,0,0.02,0,20.08,13.59,0.16,0.16,37.87,4.1,19.37,0,0,0,0,0,0,6.88,66
"South Africa",1994,0.167433464595027,214.95,3.09,0,0.56,0,1.3,0.27,0,0,0,0,0,0,0,0,0,0,0,0,0,0.77,0.07,0,14.32,0.69,1.88,19.67,0,0,0,0.27,0,0.03,0,12.62,17.93,0.04,0,29.73,6.05,23.86,0,0,0.01,0.01,0,0,10.78,71
"South Africa",1995,0.158783250171121,321.5,4.34,0,3.01,0,6.42,0.41,0,0,0,0,0,0,0,0,0,0,0,0,0,1.07,5.56,0,22.86,0.22,17.85,22.88,0,0,2.95,0.25,0,0.13,0,44.48,20.03,0.08,1.07,19.6,8.59,23.93,0,0,0,0,0,0,8.77,107
"South Africa",1996,0.112504301459772,317.97,7.3,0,5.99,0,6.65,0.38,0,0,0,0,0,0,0,0,0,0,0,0,0,1.07,4.85,0,29.97,1.42,13.42,29.26,0.1,0,4.35,0.91,0,0.32,0,37.59,13.67,0,0.28,33.24,12.32,30.88,0,0,0,0,0,0,11,73
"South Africa",1997,0.116885929413,415.58,28.91,0.11,0,0,7.16,1.02,0,0,0,0,0,0,0,0,0,0,0,0,0,0.94,7.51,0,35.68,3.36,34.01,29.55,0.16,0,4.7,1.35,0,0.56,0,35.94,19.79,0.04,0.16,41.06,9.55,38.83,0,0.22,0.05,0.02,0,0,10.9,104
"South Africa",1998,0.10411368831382,421.74,30.83,0.54,0,0,5.7,0.65,0,0,0,0,0,0,0,0,0,0,0,0,0,2.54,3.55,0,31.99,3.77,36.73,42.14,0.07,0,4.59,1.11,0,1.01,0,42.01,21.99,0,1.57,31.11,11.88,54.12,0,0.11,0,0.05,0,0,10.42,83.26
"South Africa",1999,0.11929291561657,390.12,14.06,0.08,0,0,7.02,0.8,0,0,0,0,0,0,0,0,0,0,0,0,0,1.09,4.48,0,17.2,2.81,27.97,51.9,0.09,0,4.26,3.9,0,1.14,0,26.58,15.86,0.12,2.05,40.88,5.72,64.13,0,1.12,0.01,0.64,0,0,11.61,84.6
"South Africa",2000,0.139201069594073,363.48,19.79,1.88,0,0,6.02,0.61,0,0,0,0,0,0,0,0,0,0,0,0,0,1.09,4.1,0,16.97,2.61,21.55,41.58,0.03,0,3.24,0.87,0,1.27,0,24.18,14.73,0.17,1.05,32.37,5.35,47.35,0,0.11,0,0,0,0,10.71,105.85
"South Africa",2001,0.133232564789174,348.35,13.39,0.51,0,0,4.99,0.8,0,0,0,0,0,0,0,0,0,0,0,0,0,0.8,6.12,0,15.32,3.62,9.91,36.99,0.03,0,4.34,2.67,0,0.39,0,34.84,16.99,0.11,1.09,26.45,8.04,67,0,0.58,0,0,0,0.01,7.51,85.85
"South Africa",2002,0.106752701813386,406.16,24.74,0.05,0,0,5.74,0.69,0,0,0,0.01,0,0,0,0,0,0,0,0,0,1.4,9.87,0,18.78,6.33,34.44,42.62,0.08,0,12.14,7.76,0,1.01,0,45.57,17.48,2.01,0.06,22.07,6.11,47.55,0,0.72,0,0,0,0,9.49,89.44
"South Africa",2003,0.136394130265857,496.41,19.06,0.07,0,0,10.28,1.46,0,0,0,0.01,0,0,0,0,0.01,0,0,0.02,0,1.33,13.25,0,20.81,9.68,32.47,41.57,0.27,0,18.26,3.72,0,0.07,0,29.54,15.59,0.27,0.25,23.77,7.77,126.96,0,0.66,0,0,0,0,13.08,106.18
"South Africa",2004,0.11557292359432,492.66,19.7,0.08,0,0,7.72,1.24,0,0,0,0.01,0,0,0,0,0.01,0,0,0,0,1.52,14.67,0,21.69,10.19,22.13,59.29,0.34,0,16.75,6.68,0,1.87,0,55.65,15.94,0.4,0.49,25.58,7.03,96.52,0,0.49,0,0,0,0,12.01,94.66
"South Africa",2005,0.125705401937807,529.7,16.95,0.07,0,0,4.78,1.49,0,0,0,0,0,0,0,0,0.02,0,0,0,0,0.99,18.17,0,20.26,13.14,47.9,37.18,0.83,0,17.62,3.23,0,2.62,0,55.49,14.39,0.64,0.4,22.87,7.94,110.98,0,0.38,0,0,0,0.03,14.55,116.78
"South Africa",2006,0.148769968872919,667.15,16.73,0.14,0,0,3.16,1.41,0,0,0,0,0,0,0,0,0.01,0,0,0,0,0.78,24.77,0,25.42,14.33,176.13,40.53,1.17,0,18.95,1.7,0,0.87,0,53.23,14.11,0.25,1.05,22.05,9.03,89.24,0,0.43,0,0,0,0.02,11.14,140.5
"South Africa",2007,0.169557992455547,815.46,5.47,0.11,0,0.01,2.25,1.38,0,0,0,0,0,0,0,0,0.07,0,0,0,0,1.72,14.75,0.01,20.91,7.74,121.31,103.7,0.9,0,19.77,5.64,0,0.38,0,44.87,15.71,0.1,1.13,19.36,8.75,177.85,0,0.48,0,0,0,0.05,13.96,227.08
"South Africa",2008,0.223755919955543,925.07,4.58,0.48,0,0,2.37,1.11,0,0,0,0,0,0.05,0,0,0.1,0,0,0,0,1.51,20.83,0.01,27.97,14.49,57.23,162.76,1.52,0.07,29.13,11.59,0,0.4,0,36.26,18.85,0.15,0.62,12.61,8.34,117.36,0,1.3,0,0,0,0.07,14.65,378.66
"South Africa",2009,0.357553469370058,906.9,5.68,0.57,0,0,2.88,0.89,0,0,0,0,0,0.35,0,0,0.34,0,0,0,0.01,1.38,18.13,0,20.13,13.37,13.51,97.98,1.02,0.05,15.25,2.01,0,0.3,0,48.85,36.14,0.05,5.32,9.79,5.13,69.15,0,1.51,0,0,0.32,0.06,12.99,523.74
"South Africa",2010,0.348412151826427,927.61,8.18,0.28,0,0.04,3.5,1.03,0,0,0,0.02,0,0.22,0,0,0.03,0,0,0,0.02,1.19,15.33,0,21.81,5.54,83.58,74.78,0.92,0,8.43,0.28,0,0.36,0,36.05,24.73,0.05,1.12,14.3,7.45,72.61,0,1,0,0,0.4,0.05,16.48,527.83
"South Africa",2011,0.305787888815658,1096.28,9.57,0.56,0,0,5.03,0.57,0,0,0,0.02,0,0.02,0,0,0.03,0.11,0,0,0.02,0.92,17.19,0,11.01,5.88,187.55,127.3,0.75,0,8.67,9.03,0,0.38,0,32.54,38.17,0.07,0.36,15.57,7.8,47.63,0,0.27,0,0,0.38,0.18,11.77,556.93
"South Africa",2012,0.358799685153447,878.75,14.48,0.6,0,0.01,6.83,0.44,0,0,0,0,0,0.05,0,0,0.02,0.07,0.02,0,0,0.56,17.75,0,5.24,6.1,109.84,75.2,0.43,0.04,6.97,1.8,0,0.71,0,21.91,13.2,0.06,0.05,16.67,7.01,55.65,0,0.34,0,0,0.41,0.11,11.76,504.42
"South Africa",2013,0.282792528125819,1171.56,11.33,0.36,0,0,5.66,0.39,0,0,0,0,0,0,0,0,0.05,0,0,0,0,0.54,19.66,0,5.67,5.05,377.25,79.57,0.1,0.11,6.28,6.4,0,0.67,0,10.27,26.95,1.46,0.14,17.16,8.89,99.05,0,0.29,0,0,0.37,0.59,10.13,477.17
"South Africa",2014,0.327731381640835,979.46,8.28,0.19,0,0,2.44,0.28,0,0,0,0.02,0,0,0,0,0.05,0,0,0,0,0.4,18.9,0,2.33,4.66,138.19,144.73,0.09,0.06,6.16,10.19,0,0.31,0,3.1,9.84,1.62,0.03,7.38,11.23,84.18,0,0.28,0,0,0.56,1.09,6.79,516.08
"South Africa",2015,0.288946397368569,1075.21,10.26,0.24,0,0,2,0.11,0,0,0,0.02,0,0,0,0,0.06,0,0,0,0,0.47,12.96,0,3.56,7.03,202.25,421.95,0.06,0.06,6.32,0.93,0,0.36,0,2.87,9.83,1.26,0.05,4.5,15.3,30.37,0,0.33,0,0,0.53,0.4,4.36,336.77
"South Africa",2016,0.343336288026724,1098.83,11.05,0.07,0,0,1.14,0.06,0,0,0,0.03,0,0.01,0,0,0,0,0,0,0,0.37,19.2,0,1.19,1.54,117.36,398.01,0.03,0,6.04,1.29,0,0.2,0,2.93,7.34,1.24,0.04,5.04,9.09,16.6,0,0.45,0,0,0.44,0.5,6.3,491.27
"South Africa",2017,0.476775850790897,893.72,11.94,0.45,0,0,2.67,0.19,0,0,0,0.02,0,0.04,0,0,0.01,0,0,0,0,0.48,11.63,0,2.32,1.56,65.43,134.58,0.05,0.04,4.62,0.52,0,0.37,0,0.93,6.85,1.36,0.16,4.59,14.7,24.68,0,0,0,0,0.52,0.05,5.31,597.65
"South Africa",2018,0.451604163090997,963.94,10.12,0,0,0,3.66,0.05,0,0,0,0,0,0.84,0,0,0.04,0.01,0,0,0,0.81,12.25,0,1.87,1.05,70.61,152.14,0.11,0.07,5,0.95,0,0.66,0,0.48,4.98,1.46,0.14,4.19,16.88,44.36,0,0.69,0,0,0.65,1.07,5.21,623.59
"South Africa",2019,0.302476216503138,902.6,10.82,0,0,0,2.67,0.09,0,0,0,0.01,0,1.44,0,0.01,0.18,0,0,0,0,0.72,11.55,0,0.79,0.41,135.39,229.76,0.16,0,5.36,2.98,0,0.15,0,0.83,5.94,1.35,0.21,5.72,12.43,49.86,0,0.76,0,0,0.51,1.01,6.46,415.03
"South Africa",2020,0.448618298524611,1166.93,9.43,0,0,0,23.24,0.12,0,0,0,0,0,1.71,0,0.03,0.22,0.01,0,0,0,0.76,15.44,0,1.46,4.24,51.33,187.44,0,0,5.49,1.57,0,0.33,0,0.73,4.42,1.14,0.06,6.52,18.46,66.76,0,0.95,0,0,1.57,0.21,10.14,753.15
"South Africa",2021,0.356262798380609,1326.54,6.79,0,0,0,1.47,0.12,0,0,0,0.92,0,1.58,0,0.01,0.16,0,0,0,0,0.77,11.62,0,1.41,2.85,300.79,99.42,0,0,5.69,1.28,0,0.26,0,0.41,4.51,1.02,0.07,7.25,14.29,141.69,0,0.95,0,0,0.52,0.39,9.04,711.26
"South Africa",2022,0.406754805778398,2228.224067,9.849688,0.606556,0,0.010212,2.816219,0.050944,0,0,0,0.004386,0,4.755234,0,0.026006,0.295962,0.119696,0,0,0,1.602164,9.761442,0,6.101756,9.168264,827.398397,44.570669,0,0,9.101172,2.215862,0,0,0,1.27517,9.01655,2.195592,0.217644,13.201078,41.634441,62.017133,0,1.877946,0,0,1.445154,1.19987,13.960876,1151.727984
"South Africa",2023,0.315934677544475,2405.141569,13.32768,2.119572,0,0,2.256236,0.003588,0,0,0,0.06821,0,2.657058,0.05933,0.06007,0.329878,0.078732,0,0,0,1.57894,15.595216,0,4.051341,6.238038,282.38859,721.624087,0,0,6.080956,2.003848,0,0.489922,0.009158,0.79834,7.565013,6.324926,0.181811,14.54568,42.081636,37.100505,0,2.497332,0,0,0.112846,1.64373,133.405386,1097.863914
"South Africa",2024,0.362586117911676,2591.852127,13.195498,1.08733,0,0,0.89705,0.24873,0,0,0,0.065786,0,2.461192,0.06164,0.040358,0.323044,0.05185,0,0,0,1.180648,12.945888,0,5.697121,2.033188,0,1150.383411,0,0,5.333448,1.29333,0,0.169244,0.002708,1.027006,8.359369,2.242002,0.239396,16.517009,32.924318,47.767246,0,2.451988,0,0,4.898928,3.415696,252.584329,1021.953376
"South Africa",2025,NA,0,0,0,0,0,0,0,0,0,0,0,0,0,0,0,0,0,0,0,0,0,0,0,0,0,0,0,0,0,0,0,0,0,0,0,0,0,0,0,0,0,0,0,0,0,0,0,0,0
"South Sudan",2011,0.125427014222814,391.35,25.56,0.03,0,0,2.65,0.79,0,0,0,0,0.11,0,0,0,0,0,0,0.72,0,0.2,6.82,0.07,35.89,2.36,0.26,17.37,0,0,6.53,0.18,0,0,0,24.4,60.27,0,0,10.01,8.22,83,0,0.24,0,0,0.21,0.09,48.98,56.39
"South Sudan",2012,0.186264722361622,1042.65,75.03,1.77,0,0,23.15,0,0,0,0,0,0,0,0,0,0.45,0,0,0.7,0,0.93,2.34,0,38.54,13.43,3.52,34.39,0,0.05,8.35,8.95,0,0.73,0,45.17,73.59,0,2.04,72.23,15.56,173.24,0,0.13,0,0,0.25,0.36,65.55,382.2
"South Sudan",2013,0.188161720445417,1140.14,80.36,1.94,0,0,26.84,0,0,0,0,0.21,0.07,0,0,0,0.58,0,0,0.69,0,0.34,6.2,0,33.68,14.14,1.39,34.58,0,0,9.97,1.93,0,1.72,0,55.21,91.63,0,0.12,68.06,18.94,213.75,0,0.22,0,0,0.27,1.07,66.05,410.18
"South Sudan",2014,0.277335818844955,1641.86,43.28,2.06,0,0,22.99,0.58,0,0,0,0.29,0.27,0,0,0,0,0,5.01,0.39,0.04,1.36,5.73,0,38.43,4.57,2.89,91.73,0,0.1,12.82,8.04,0,3.47,0,54.8,95.94,0,2.5,56.58,25.98,275.31,0,0,0,0,0.99,1.5,87.01,797.2
"South Sudan",2015,0.248141839698259,1401.15,91.23,3.06,0,0,8.03,0,0,0,0,0.21,0,0.01,0,0,0.01,0,0,0.17,0.03,0.6,4.36,0,15.93,8.42,0.84,56.74,0,0,12.21,12.76,0,3.45,0.05,42.08,62.24,0,0.8,39.57,32,318.13,0,0.05,0,0,1.34,0.72,88.05,598.06
"South Sudan",2016,0.232627598891299,1277.84,55.15,3.33,0,0.06,10.79,0,0,0,0,0.4,0,0,0,0,0,0,0,0.26,0.03,0.85,10.69,0,19.82,13.31,0.24,123.86,0,0,10.22,11.04,0,4.54,0,48.68,68.73,0,0.64,33.18,25.12,224.11,0,0,0,0,0.13,0.4,67.46,544.8
"South Sudan",2017,0.305701669562073,1699.41,42.22,4.21,0,0.08,24.9,3.56,0,0,0,0.4,0,0.31,0,0.01,0,0,0,1.27,0.03,3.33,10.68,0,15.79,6.04,3.6,151.55,0,0,12.05,8.91,0,2.4,0,55.21,73.04,0,1.07,37.75,24.8,217.68,0,0,0,0,0.23,1.27,109.94,887.08
"South Sudan",2018,0.28051643521877,1505.74,32.78,0,0,0,12.61,1.6,0,0,0.06,0.37,0,0,0,0,0.58,0,0,0.42,0.04,2.27,7.41,0,22.52,5.25,0.77,147.11,0,0,13.92,6.98,0,2.62,0,75.91,80.98,0.34,1.63,41.48,24.64,227.14,0,0.14,0,0,0.36,0.54,58.66,736.61
"South Sudan",2019,0.23302296391458,1446.06,42.48,0,0,0,13.18,2.25,0,0,0,0.27,0,0.01,0,0,0,0,0,0.38,0,0.44,4.77,0,14.33,8.23,1.82,158.59,0,0.35,13.13,10.76,0,2.61,0,52.17,79.58,0.49,1.31,65.16,23.43,303.38,0,0.02,0,0,0.27,1.45,52.87,592.33
"South Sudan",2020,0.282830820830399,1543.26,21.54,0,0,0,6.14,0,0,0,0,0,0,0.01,0,0,0,0,0,0.44,0,0.25,2.43,0,18.59,6.06,5.66,166,0,0,10.22,3.53,0,2.84,0.03,39.76,87.29,0.36,0.54,80.35,25.32,215.05,0,0.01,0.97,0,5.51,1.27,84.63,758.46
"South Sudan",2021,0.31366078975138,1503.28,41.71,0,0,0,1.85,2.83,0,0,0,0,0.06,0.06,0,0,0.19,0.04,0,0.17,0.05,2.4,0,0,15.72,6.86,5.12,137.05,0,0.37,11.53,7.2,0.11,4.95,0,33.08,72.17,0.46,1.26,85.72,25.44,132.32,0,0.02,0,0,2.36,0.68,108.96,802.54
"South Sudan",2022,0.396688925730345,3195.483208,37.973922,8.34882,0,0,11.35433,1.422384,0,0,0,0,0,0.025344,0,0,0.383894,0,0,0.184308,0.118998,2.774676,0,0,28.597497,4.946956,13.682156,213.910076,0,0,29.548396,27.30163,0.21956,5.920896,0.003042,73.496862,114.151919,12.7112,2.937168,150.584458,47.227445,203.02183,0.046238,1.221792,0,0,57.124718,4.617128,171.020708,1970.604857
"South Sudan",2023,0.338043132914761,2526.031926,93.73373,8.796324,0,0,4.247126,3.37672,0,0,0,0,0,0.027388,0,0,0.003382,0.013856,0,0.216262,0.23789,1.415496,0,0,24.068348,10.370292,32.69146,191.412312,0,0.417274,22.639282,4.000423,0,5.673106,0.047412,67.374208,156.406067,0.654098,4.787536,98.969585,70.096566,137.573751,0,0.00122,0,0,4.814206,0.912012,159.418431,1421.636163
"South Sudan",2024,0.347808784097978,2494.497351,96.389079,18.222892,0,0.002644,2.290107,2.378058,0,0,0,0,0,0.015804,0,0,0.012506,0,0,0,0.317314,4.732596,0.00424,0,21.647038,7.852592,16.664614,168.826736,0,0,30.734516,2.54714,0.222304,6.024812,0.005294,53.118188,118.699736,1.161688,0.569952,56.290585,44.054971,319.746772,0,0.00656,0,0,31.536126,0.882276,77.810122,1411.730089
"South Sudan",2025,NA,0,0,0,0,0,0,0,0,0,0,0,0,0,0,0,0,0,0,0,0,0,0,0,0,0,0,0,0,0,0,0,0,0,0,0,0,0,0,0,0,0,0,0,0,0,0,0,0,0
"Sudan",1956,NA,0,0,0,0,0,0,0,0,0,0,0,0,0,0,0,0,0,0,0,0,0,0,0,0,0,0,0,0,0,0,0,0,0,0,0,0,0,0,0,0,0,0,0,0,0,0,0,0,0
"Sudan",1957,NA,0,0,0,0,0,0,0,0,0,0,0,0,0,0,0,0,0,0,0,0,0,0,0,0,0,0,0,0,0,0,0,0,0,0,0,0,0,0,0,0,0,0,0,0,0,0,0,0,0
"Sudan",1958,NA,0,0,0,0,0,0,0,0,0,0,0,0,0,0,0,0,0,0,0,0,0,0,0,0,0,0,0,0,0,0,0,0,0,0,0,0,0,0,0,0,0,0,0,0,0,0,0,0,0
"Sudan",1959,NA,0,0,0,0,0,0,0,0,0,0,0,0,0,0,0,0,0,0,0,0,0,0,0,0,0,0,0,0,0,0,0,0,0,0,0,0,0,0,0,0,0,0,0,0,0,0,0,0,0
"Sudan",1960,0.905270594166473,16.83,0,0,0,0,0,0,0,0,0,0,0,0,0,0,0,0,0,0,0,0,0,0,0,0,0,0.1,0,0,0,0.1,0,0,0,0,0,0,0,0,0,0.63,0,0,0,0,0,0,0,16
"Sudan",1961,0.875508687390839,18.19,0.02,0,0,0,0,0,0,0,0,0,0,0,0,0,0,0,0,0,0,0,0,0,0,0,0,0.59,0,0,0,0.58,0,0,0,0,0,0,0,0,0,0,0,0,0,0,0,0,0,17
"Sudan",1962,0.77569035021416,12.6,0.01,0,0,0,0,0,0,0,0,0,0,0,0,0,0,0,0,0,0,0,0,0,0,0,0,1.46,0,0,0,0.13,0,0,0,0,0,0,0,0,0,0,0,0,0,0,0,0,0,11
"Sudan",1963,0.422353631346596,15.58,0.03,0,0,0,0,0,0,0,0,0,0,0,0,0,0,0,0,0,0,0,0,0,0,0,0,3.46,0,0,0,3.09,0,0,0,0,0,0,0,0,0,0,0,0,0,0,0,0,0,9
"Sudan",1964,0.327182453886461,20.38,0.03,0,0,0,0,0,0,0,0,0,0,0,0,0,0,0,0,0,0,0,0,0,0,0,0,3.8,0,0,0,3.25,0,0,0,0,0,0,0,0,0,3.3,0,0,0,0,0,0,0,10
"Sudan",1965,0.375165887160018,25.78,0.03,0,0,0,0.02,0,0,0,0,0,0,0,0,0,0,0,0,0,0,0.01,0,0,0,0,0,12.18,0,0,0,0.02,0,0,0,0,0,0,0,0,0.01,4.55,0,0,0,0,0,0,0,8.96
"Sudan",1966,0.448092571761696,36.63,0.04,0,0,0,0.01,0,0,0,0,0,0,0,0,0,0,0,0,0,0,0.29,0,0,0,0,0,2.98,0,0,0,0,0,0,0,0,0,0,0,0,0.01,4.25,0,0,0,23.25,0,0,0,5.8
"Sudan",1967,0.204086089773336,14.21,0.04,0,0,0,0,0,0,0,0,0,0,0,0,0,0,0,0,0,0,1.07,0,0,0,0,0,2.58,0,0,0,0.11,0,0,0,1.58,0,0,0,2.35,0,1.76,0,0,0,0,0,0,0,4.72
"Sudan",1968,0.351607154841668,23.92,0.02,0,0,0,0,0,0,0,0,0,0,0,0,0,0,0,0,0,0,0,0,0,0,0,0,2.06,0,0,0,12.09,0,0,0,0.1,0,0,0,1.96,0,0.9,0,0,0,0,0,0,0,6.79
"Sudan",1969,0.281711595849617,5.66,0.02,0,0,0,0,0,0,0,0,0,0,0,0,0,0,0,0,0,0,0,0,0,0.01,0,0,1.75,0,0,0,0.26,0,0,0,0.02,0,0,0,0.43,0,2.17,0,0,0,0,0,0,0,1
"Sudan",1970,0.191454178528403,7.22,0.04,0,0,0,0.01,0,0,0,0,0,0,0,0,0,0,0,0,0,0,1.04,0.17,0,0,0,0,0.64,0,0,0,0.19,0,0,0,0.28,0,0,0,1.05,0.02,1.67,0,0,2.11,0,0,0,0,0
"Sudan",1971,0.256792448967056,4.42,0.05,0,0,0,0.02,0,0,0,0,0,0,0,0,0,0,0,0,0,0,1.05,0,0,0,0,0,0.54,0,0,0,0.18,0,0,0,0.07,0,0,0,0,0,1.72,0,0,0.79,0,0,0,0,0
"Sudan",1972,0.204198323031469,28.13,0.04,0,0,0,0.02,0,0,0,0,0,0,0,0,0,0,0,0,0,0,0.01,0.26,0,0.64,0.28,0,6.07,0,0,0,0.04,0,0,0,0.49,0.57,0,0,1.99,0.12,2.47,0,0,2.13,0,10,0,0,3
"Sudan",1973,0.279492549860853,24.64,0.09,0,0,0,0.01,0,0,0,0,0,0,0,0,0,0,0,0,0,0,0.03,0.06,0,1.15,0.01,0,11.81,0,0,0,0.23,0,0,0,1.05,0.89,0,0,0.94,0.01,2.7,0,0,1.66,0,0,0,0,4
"Sudan",1974,0.260388469773799,105.18,0.12,0,0,0,0.03,0,0,0,0,0,0,0,0,0,0,0,0,0,0,0,0.04,0,0.39,0.01,0,23.01,0,0,0,0.18,0,0,0,4.52,0.83,0,0,0.6,0.21,3.51,0,0,7.25,14.4,45.08,0,0,5
"Sudan",1975,0.32672737215711,201.83,0.25,0,0,0,0.88,0,0,0,0,0,0,0,0,0,0,0,0,0,0,0,0.06,0,0.52,0.01,0,37.76,0,0,0,1.79,0,0,0,3.9,3.2,0,0,2.44,0.17,6.76,0,0,9.71,106.09,19.28,0,0.01,9
"Sudan",1976,0.163671137103276,121.8,0.34,0,0,0,0.03,0,0,0,0,0,0,0,0,0,0,0,0,0,0,0.06,0.07,0,3.37,0.01,0,23.68,0,0,0,0.38,0,0,0,9.08,6.4,0,0,0.73,0.14,13.87,0,0,17.16,12.5,32.98,0,0,1
"Sudan",1977,0.361243913343573,201.33,2.01,0,0,0,0.05,0,0,0,0,0,0,0,0,0,0,0,0,0,0,0.05,0.2,0,1.29,0.1,0,15.38,0,0,0.09,0.48,0,0,0,20.16,4.57,0,0,0.87,0.37,8.78,0,0,17.56,116.2,6.92,0,0.25,6
"Sudan",1978,0.14926185005767,255,23.17,0,0,0,0.76,0,0,0,0,0,0,0,0,0,0,0,0,0,0,0.16,0.52,0,1.11,0.1,0,38.15,0,0,0.15,0.46,0,0,0,31.84,6.5,0,0,11.46,0.43,13.6,0,0,18.71,73.3,21.7,0,0.88,12
"Sudan",1979,0.425630361507151,561.58,21.54,0,0,0,1.26,0,0,0,0,0,0,0,0,0,0,0,0,0,0,0.34,1.24,0,9.98,0.46,1.2,41.45,0,0,0.22,1.09,0,0,0,19.53,4.04,0,0,2.6,0.52,29.49,0,0,30.78,359.2,10.89,0,1.75,24
"Sudan",1980,0.185809146129055,574.68,10.92,0,0,0,1.89,0,0,0,0,0,0,0,0,0,0,0,0,0,0,0.76,2.01,0,22.39,0.83,7.7,206.02,0,0,0.53,0.21,0,0,0,48.51,5.6,0,0,1.29,0.33,50.82,0,0,17.02,75.24,60.9,0,1.71,60
"Sudan",1981,0.135737191484022,414.37,7.57,0,0,0,5.52,0,0,0,0,0,0,0,0,0,0,0,0,0,0,0.5,3.91,0,4.76,0.92,13.96,71.36,0,0,1.24,1.94,0,0,0,34.84,10.77,0,0,2.59,3.69,66.2,0,0,18.01,87.2,10.14,0,5.25,64
"Sudan",1982,0.18637384757166,537.5,9.92,0,0,0,5.03,0,0,0,0,0,0,0,0,0,0,0,0,0,0,0.71,2.08,0,0.6,2.1,14.03,56.81,0,0,0.43,15.36,0,0,0,26.27,11.65,0,0,2.47,4.02,68.68,0,0,5.73,164.8,5.9,0,9.91,131
"Sudan",1983,0.247414091748973,805.83,25.51,0,0,0,3.16,0,0,0,0,0,0,0,0,0,0,0,0,0,0,0.42,1.21,0,16.34,4.57,19.6,67.8,0,0,0.6,26.86,0,0,0,34.42,10.13,0,0,3.19,6.05,48.76,0,0,7.95,353.66,4.38,0,13.22,158
"Sudan",1984,0.180129861136698,436.78,28.78,0,0,0,0.22,0,0,0,0,0,0,0,0,0,0,0,0,0,0,0.2,0.9,0,0.82,2.3,7.64,50.99,0,0,0.42,11.32,0,0,0,28.03,3.13,0,0,1.8,5.96,36.42,0,0,4.98,116.18,1.53,0,13.16,122
"Sudan",1985,0.241206325579861,837.08,25.82,0,0,0,1.51,0,0,0,0,0,0,0,0,0,0,0,0,0,0,1.05,3.95,0,0.45,4.04,5.55,71.41,0,0,1.01,66.82,0,0,0,27.78,9.46,0,0,2.32,5.52,54.8,0,0,1.83,184.11,0.14,0,22.51,347
"Sudan",1986,0.178642819392617,693.93,32.72,0,0,0,0.1,0,0,0,0,0,0,0,0,0,0,0,0,0,0,0.36,1.33,0,2.37,7.19,8.45,58.96,0,0,2.1,93.33,0,0,0,52.47,7.42,0,0,1.53,3.73,38.1,0,0,4.77,214.2,0,0,15.8,149
"Sudan",1987,0.173332333066153,677.7,77.7,0,0,0,0.06,0,0,0,0,0,0,0,0,0,0,0,0,0,0,0.16,2.47,0,9.15,7.03,4.92,47.36,0,0,2.33,79.47,0,0,0,58.94,3.21,0,0,2.41,1.47,33.09,0,0,9.59,222.28,1,0,12.06,103
"Sudan",1988,0.108677593943622,569.66,59.57,0,0,0,0.97,0,0,0,0,0,0,0,0,0,0,0,0,0,0,0.25,0.91,0,8.09,20.16,7.29,52.09,0,0,2.48,75.74,0,0,0,66.96,9.48,0,1,22.03,6.72,46.01,0,0,9.22,55.72,0,0,14.97,110
"Sudan",1989,0.113873318667308,490.64,41.8,0,0,0,2.29,0,0,0,0,0,0,0,0,0,0,0,0,0,0,0.31,0.73,0,39.08,16.22,11.13,48.26,0,0,0.86,48.97,0,0,0,57.34,7.5,0,1.14,3.95,4.49,51.55,0,0,16.09,16.06,0,0,11.87,111
"Sudan",1990,0.16009591925018,439.18,38.94,0.02,0.25,0,0.52,0,0,0,0,0,0,0,0,0,0,0,0,0,0,1.15,0.83,0,13.44,12.43,7.22,47.73,0,0,1.6,21.9,0,0.01,0,62.49,9.74,0,1.23,7.05,4.24,37.97,0,0,9.21,7.99,0,0,10.22,143
"Sudan",1991,0.116947906414589,386.58,51.02,0.25,0,0,2.35,0.12,0,0,0,0,0,0,0,0,0,0,0,0,0,0.6,0.69,0,7.35,15.28,5.82,41.29,0,0,1.56,18.58,0,0.18,0,46.31,9.85,0,0.82,11.6,3.41,48.27,0,0,6.15,9.56,0,0,20.52,85
"Sudan",1992,0.119681332976603,208.69,27.44,0.26,0.26,0,1.7,0,0,0,0,0,0,0,0,0,0,0,0,0,0,1.61,0.52,0,4.84,2.81,5.78,50.02,0,0,1.1,10.08,0,0,0,32.21,7.09,0,0.19,1.93,4.78,13.64,0,0,5.96,13.88,0,0,11.59,11
"Sudan",1993,0.111578686836991,167.48,15.22,0.29,0.3,0,3.48,0.06,0,0,0,0,0,0,0,0,0,0,0,0,0,0.6,4.37,0,3.05,1.62,6.07,26.36,0,0,3.03,3.83,0,0,0,35.3,6.69,0,0.08,6.27,4.17,15.64,0,0,0.11,1.69,0,0.33,7.92,21
"Sudan",1994,0.18481970972187,233.29,20.6,1.54,0,0,1.13,0.2,0,0,0,0,0,0,0,0,0,0,0,0,0,0.67,0.66,0,2.98,1.17,7.88,24.52,0,0,1.92,5.68,0,0,0,29.07,7.75,0,0.02,5.19,1.76,26.29,0,0,0.09,0.11,0,0.8,8.26,85
"Sudan",1995,0.116681425558495,138.57,21.19,1.04,0,0,3.39,0.11,0,0,0,0,0,0,0,0,0,0,0,0,0,0.45,0.17,0,0.5,2.2,7.02,17.13,0,0,2.05,3.79,0,0.54,0,31.91,11.4,0,0.03,5.25,3.71,11.54,0,0,0,0.62,0,1.93,4.6,8
"Sudan",1996,0.111878018464224,122.55,18.64,0.69,0,0,7.15,0.07,0,0,0,0,0,0,0,0,0,0,0,0,0,0.55,0.03,0,1.54,0.93,8.12,19.42,0.01,0,2.01,1.69,0,0.45,0,22.05,10.67,0,0.18,2.21,2.72,10.25,0,0,0,0,0,0,3.17,10
"Sudan",1997,0.129941545635031,89.33,0.47,0.39,0,0,3.87,0.1,0,0,0,0,0,0,0,0,0,0,0,0,0,0.46,0.41,0,0.88,0.89,5.85,9.17,0.02,0,1.9,0.93,0,0,0,20.47,7.6,0,0.03,4.08,2.17,10.18,0,0,0,0,0,0,2.46,17
"Sudan",1998,0.11656528540827,155.14,0.17,0.12,0,0,3.82,0.31,0,0,0,0,0,0,0,0,0.13,0,0,0,0,0.58,1.01,0,1.16,1.31,8.2,17.1,0.04,0,2.76,1.9,0,0.28,0,26.69,19.13,0,2,10.42,5.95,30.97,0,0,0.16,0.26,0,0.01,7.46,13.2
"Sudan",1999,0.190985670730778,187.59,0.6,0.01,0,0,4.37,0.16,0,0,0,0,0,0,0,0,0.08,0,0,0,0,0.53,1.16,0,0.6,1.74,5.42,12.65,0.06,0,1.34,1.6,0,0.56,0,15.28,14.23,0,0.05,6.84,5.33,13.19,0,0,0,26.18,0,0.02,4.07,71.52
"Sudan",2000,0.170750557799455,194.4,0.67,0.03,0,0,1.38,0,0,0,0,0,0,0,0,0,0.06,0,0,0,0,0.39,0.38,0,0.61,1.16,8.79,12.02,0.04,0,1.08,5.17,0,0.11,0,15.3,14.18,0,0.04,12.38,5.54,5.74,0,0,37.79,63.92,0,0,2.41,5.21
"Sudan",2001,0.107768367751381,121.8,0.69,0.08,0,0,0.29,0.24,0,0,0,0,0,0,0,0,0.05,0,0,0,0,0.32,0,0,1.53,2.49,1.84,11.26,0.03,0,1.91,5.69,0,0.2,0,23.56,13.09,0,0.1,7.86,4.43,9.94,0,0,0.12,13.74,0.12,0.05,4.68,17.49
"Sudan",2002,0.265610502521055,246.34,1.17,0.14,0,0,0,0.23,0,0,0,0.02,0,0,0,0,0.03,0,0,0.1,0,0.49,1.95,0,0.56,1.63,4.8,14.52,0.08,0,2.71,7.61,0,0.04,0,22.74,23.33,0,0.01,9.63,5.18,13.5,0,0,0.26,0,11.13,0,4.9,119.58
"Sudan",2003,0.280959056631434,348.74,1.47,0.2,0,0,0,1.18,0,0,0,0.02,0,0,0,0,0.03,0,0,0.28,0,0.46,0.2,0,1.31,3.41,6.82,15.5,0.37,0,5.15,8.9,0,0.54,0,20.99,33.31,0,0.31,12.65,7.6,33.02,0,0,5.03,0,8.25,0.04,6.29,175.41
"Sudan",2004,0.222027732912874,886.12,1.55,1.48,0,0,10.35,4.43,0,0,0,0.44,0.04,0.05,0,0.04,0.23,0,0,0.24,0,2.18,1.11,0,3.44,9.59,14.79,48.32,0.95,0,11.45,16.88,0,2.62,0,97.61,57.19,0.32,7.87,26.5,13.44,116.57,0,0.02,14.15,0,17.46,0.89,26.31,377.61
"Sudan",2005,0.285703356057684,1515.46,2.11,0.71,0,0,13.78,3.69,0,0,0,0.09,0.03,0,0,0,0.03,0,0,17.28,0,0.89,3.09,0.36,23.75,11.73,21.11,44.9,1.11,0.16,13.17,16.79,0,2.58,0,154.77,98.69,0.17,9.72,45.49,12.9,196.46,0,0.05,14.94,0,23.42,0.69,21.76,759.04
"Sudan",2006,0.241844600141411,1615.33,42.72,0.66,0,0.04,9.75,1.86,0,0,0,0.23,0.06,0,0,0,0.06,0,0,14.98,0,1.12,2.27,0.03,33.66,12.87,17.33,50.72,0.96,0.14,19.27,12.5,0,3.43,0,96.08,106.94,1.66,13.26,47.53,12.32,215.55,0,0.06,26.61,0,38.18,14.4,79.3,738.78
"Sudan",2007,0.193908978721583,1796.92,51.58,1.34,0,0.09,20.82,2.23,0,0,0,0.56,0.09,0,0,0,0.8,0,0,17.68,0,1.32,7.74,0.01,43.39,16.95,16.25,36.93,2.8,0.1,25.65,19.93,0,3.49,0,202.51,119.72,0.28,28.36,68.11,11,206.17,0,2.65,36.99,0,54.69,15.46,70.78,710.45
"Sudan",2008,0.222789310063739,1938.44,109.64,2.63,0,0.03,5.49,1.88,0,0,0,0.37,0,0,0,0,1.29,0,0,0.15,0.04,0.75,2.7,0,37.8,8.66,12.68,47.3,2.98,0.41,24.15,35.1,0,3.45,0,157.58,119.84,1.02,37.68,64.98,14.8,199.16,0,5.71,89.2,0,5.68,13.22,83.91,848.16
"Sudan",2009,0.258977514948461,2018.95,138.65,1.37,0,0.05,9.4,0.55,0,0,0,0.06,0,0,0,0,0.01,0,0,0.1,0.01,0.61,3.18,0.02,35.55,13.2,11.09,47.22,2.19,0.47,15.03,19.79,0,3.65,0,97.33,92.09,0,25.99,54.65,15.71,292.42,0,2.33,31.66,0,30.31,14.58,105.04,954.64
"Sudan",2010,0.224533362053525,1576.12,119.08,1.56,0,0.02,10.17,0,0,0,0,0.06,0.08,0.01,0,0,0.06,0.02,0,0.75,0.04,0.42,13.48,0.04,37.82,21.55,10.77,39.18,1.04,0,14.1,12.77,0,2.64,0,86.71,116.7,0,22.98,60.73,17.05,119.29,0,5.13,9.37,0,35.65,11.24,108.27,697.34
"Sudan",2011,0.260301795384263,1370.89,97.26,0.89,0,0.02,31.13,0,0,0,0,0.25,0,0.01,0,0,0.01,0.03,0,0,0.1,0.37,7.83,0.03,8.76,9.65,9.16,29.6,0.93,0.06,6.53,17.82,0,3.08,0,45.38,46.96,0.01,31.79,86.79,14.85,158.94,0,0,20.71,0,8.56,21.33,52.34,659.71
"Sudan",2012,0.249640672364523,980.55,99.18,2.38,0,0.04,19.55,0,0,0,0,0.22,0,0.01,0,0,0,0.04,0.01,0.06,0,0.41,0.01,0,11.1,10.49,13.28,26.43,0.69,0,6.75,9.59,0,0.81,0,14.9,33.38,0,8.95,32.87,10.83,83.09,0,0,34.77,0,7.54,62.29,29.33,461.55
"Sudan",2013,0.425980493174943,1127.83,76.31,2.45,0,0.03,3.78,0,0,0,0,0.02,0,0.01,0,0,0.02,0.02,2.56,0.03,0,0.2,0.01,0,12.6,13.26,8.72,19.1,0.05,0,6.86,4.46,0,0.76,0,10.83,34,0,1.53,23.25,13.49,108.64,0,0.11,30.68,0,5.22,6.34,21.46,721.03
"Sudan",2014,0.251024906140574,566.57,52.51,3.2,0,0.02,1.96,0,0,0,0,0.03,0.1,0.01,0,0,0.01,0.02,0.05,0.02,0,0.3,0.91,0,8.37,9.08,4.76,17.5,0.08,0,7.89,8.83,0,1.33,0,5.91,28.88,0,0.03,23.37,14.39,82.54,0,0.01,3.5,0,5.59,9.36,14.46,261.55
"Sudan",2015,0.190436038832853,731.1,40.82,5.53,0,0.09,0.2,0,0,0,0,0.01,0,0.04,0,0,0,0.04,1.54,0.01,0,0.15,3.96,0,4.45,4.5,3.81,16.83,0.04,0,5.78,13.93,0,0.56,0,3.59,17.23,0,0.01,23.03,15.37,83.61,0,0,82.76,0.57,93.94,21.96,12.65,274.09
"Sudan",2016,0.231177788121416,529.64,36.82,7.1,0,0.05,4.26,0,0,0,0,0.08,0,0.04,0,0,0,0.03,0.01,0,0,0.24,0.78,0,7.84,0.62,3.78,32,0,0,6.05,9.3,0,0.56,0.03,10.8,14.24,0,0.24,23.94,10.11,92.06,0,0,13.35,0.95,2.54,9.42,13.78,228.62
"Sudan",2017,0.138452403913605,573.43,23.68,5,0,0.05,0.02,0,0,0,0,0.03,0.03,0.04,0,0,0.01,0.02,1,0,0,0.36,0.24,0,4.38,0.43,4.19,46.86,0.01,0,6.48,21.98,0,0.17,0.01,4.24,13.16,0,0.1,26.19,9.54,81.15,0,0,53.57,1.13,132.63,6.98,11.49,118.26
"Sudan",2018,0.193330320573716,682.71,30.03,0,0,0,3.99,0,0,0,0,0.05,0,0.09,0,0,0.03,0.08,0,0,0,0.27,0.02,0,3.39,0,5.1,65.25,0.01,0,6.79,11.33,0,0.2,0,14.65,14.12,0.24,2.3,42.03,11.39,134.32,0,0,0,0,46.52,29.18,14.04,247.29
"Sudan",2019,0.193971240061016,1054.46,27.96,0,0,0,3.65,0,0,0,0,0.02,0,0.36,0,0,0.06,0.01,0,0.01,0.04,0.24,0.02,0,1.18,0,7.5,85.5,0,0,6.33,24.99,0,0.19,0,10.34,14.03,0.13,1.09,49.44,13.62,136.36,0,0,36.41,0,313.29,15.97,13.48,292.24
"Sudan",2020,0.348273001562454,1952.96,16.25,0,0,0,0.03,0,0,0,0,0.25,0.18,0.37,0.01,0.03,0.49,0.02,0,0.04,0,0.21,0,0,9.69,3.7,13.32,192.2,0.04,0,7.29,16.05,0,0.45,0.02,15.12,36.82,0,0.4,73.37,15.36,192.24,0.46,0.02,0,0,1089.98,5.37,22.84,240.34
"Sudan",2021,0.292271028775196,1436.64,48.94,0,0,0,0.19,0,0,0,0,0,0.11,0.52,0,0,0.08,0,0,0.03,0.08,0.35,0.01,0,18.32,0.51,44.25,167.5,0,0,6.39,32.39,0,0,1.22,9.65,27.1,0,16.12,81.54,14.51,129.61,0,0,0.26,0,50.04,3.36,48.89,734.67
"Sudan",2022,0.288190303282193,2341.758368,26.158732,96.134048,0,0.001584,2.254764,0,0,0,0,1.021276,0,4.218174,0,0.007262,0.409618,0.166048,0,0.104706,0.195158,0.808112,22.601242,0,12.140946,0.538094,68.087852,237.94612,0,0,20.90484,82.855642,0.21956,1.120752,1.978322,9.79606,43.639416,0,23.433374,92.717565,29.296733,79.936145,0,0.018026,0,0,187.635542,6.249634,89.331386,1199.831635
"Sudan",2023,0.242059911240047,1908.508571,54.942426,16.866452,0,0,14.111425,4.297642,0.021484,0,0,0.450514,0.519032,1.618824,0,0.00302,0.509456,0.261312,0,0.139352,1.096454,0.832832,0.013624,0.216262,29.773675,13.433598,56.69172,189.323828,0,0,16.955292,37.500074,0.66778,3.730536,0.131698,9.899182,98.761138,0,10.989874,119.975577,70.993518,118.71091,0.06,0,0,0,52.934388,15.787858,81.32606,884.961754
"Sudan",2024,0.270152702297787,3005.930376,42.100232,20.71162,0,0,22.062264,4.756114,0.068368,0,0.510804,0.092996,0.125522,1.587074,0.042536,0.10652,2.295958,0.282642,0,0.176844,0.740398,8.535238,0.447256,0.381062,49.290738,24.99688,55.03571,306.004336,0,1.38498,24.275294,36.568646,0.222304,2.92656,0.140126,28.751904,108.116218,0,14.672122,140.70357,57.510064,341.169774,0,0.001032,0,0,157.246454,18.7928,65.107904,1467.989512
"Sudan",2025,NA,0,0,0,0,0,0,0,0,0,0,0,0,0,0,0,0,0,0,0,0,0,0,0,0,0,0,0,0,0,0,0,0,0,0,0,0,0,0,0,0,0,0,0,0,0,0,0,0,0
"Tanzania",1962,0.682422878434369,47.65,0,0,0,0,0,0,0,0,0,0,0,0,0,0,0,0,0,0,0,0.02,0,0,0,0,0,0.14,0,0,0,0,0,0,0,0,0.04,0,0,0.02,0,38.32,0,0,0,0,0,0,0.11,9
"Tanzania",1963,0.610515116323711,31.17,0.01,0,0,0,0,0,0,0,0,0,0,0,0,0,0,0,0,0,0,0.03,0,0,0,0,0,2.79,0,0,0,0,0,0,0,0,0.12,0,0,0.18,0.02,23.86,0,0,0,0,0,0,0.16,4
"Tanzania",1964,0.425593123720945,42.67,0.02,0,0,0,0,0,0,0,0,0,0,0,0,0,0,0,0,0,0,0.12,0,0,0,0,0,9.14,0,0,0,0.02,0,0,0,0,0.13,0,0,1.07,0.01,25.57,0,0,0,0,0,0,0.59,6
"Tanzania",1965,0.35201281637218,35.79,0.02,0,0,0,0.1,0,0,0,0,0,0,0,0,0,0,0,0,0,0,0.06,0,0,0.46,0,0,4.17,0,0,0,0.01,0,0,0,0.33,0.28,0,0,1.62,0.03,18.54,0,0,0,0,0,0,0.9,9.27
"Tanzania",1966,0.29899764870905,30.34,0.02,0,0,0,0.12,0,0,0,0,0,0,0,0,0,0,0,0,0,0,0.04,0,0,0.73,0,0,6.17,0,0,0,0,0,0,0,0,0.4,0,0,0,0.02,12.22,0,0,0,0,0,0,1.39,9.23
"Tanzania",1967,0.212549903706611,33.1,0.18,0,0,0,0.09,0,0,0,0,0,0,0,0,0,0,0,0,0,0,0.05,0.01,0,0.76,0,0,3.78,0,0,0,9.01,0,0,0,0,0.39,0,0,2.2,0.06,3.38,0,0,0,0,0,0,2.51,10.68
"Tanzania",1968,0.186008075520734,34.81,0.87,0,0,0,0.1,0,0,0,0,0,0,0,0,0,0,0,0,0,0,0.01,0.02,0,1.31,0,0,3.66,0,0,0,6.24,0,0,0,0,0.41,0,0,3.28,0.22,4.41,0,0,0,0,0,0,2.77,11.51
"Tanzania",1969,0.178107533383724,31.5,1.52,0,0,0,0.1,0,0,0,0,0,0,0,0,0,0,0,0,0,0,0.02,0.01,0,2.48,0,0,3.64,0,0,0,0.29,0,0,0,0.1,0.75,0,0,8.3,0.18,4.23,0,0,0,0,0,0,1.88,8
"Tanzania",1970,0.136048800387175,41.35,0.8,0,0,0,0.08,0,0,0,0,0,0,0,0,0,0,0,0,0,0,0.01,0.01,0,3.24,0,0,4.39,0,0,0,6.05,0,0,0,1.33,1.39,0,0,7.04,0.41,4.87,0,0,0,0,0,0,2.73,9
"Tanzania",1971,0.129092136054422,52.5,0.98,0,0,0,0.08,0,0,0,0,0,0,0,0,0,0,0,0,0,0,0.03,0.02,0,4.15,0.95,0,6.3,0,0,0,4.44,0,0,0,1.53,2.91,0,0,10.66,0.17,5.16,0,0,0,0,0,0,5.12,10
"Tanzania",1972,0.149254313522391,56.7,1.11,0,0,0,0.08,0.01,0,0,0,0,0,0,0,0,0,0,0,0,0,0.02,0,0,4.63,2.59,0,6.8,0,0,0,0.1,0,0,0,3.7,3.48,0,0,16.53,0.21,4.32,0,0,0,0,0,0,6.12,7
"Tanzania",1973,0.170009940957281,94.56,2.85,0,0,0,0.15,0,0,0,0,0,0,0,0,0,0,0,0,0,0,0,0.01,0,7.4,3.77,0,9.51,0,0,0,0.37,0,0,0,7.21,6.89,0,0,32.18,0.47,3.67,0,0,0,0,0,0,11.08,9
"Tanzania",1974,0.149815903919006,144.17,3.61,0,0,0,0.79,0.03,0,0,0,0,0,0,0,0,0,0,0,0,0,0,0.04,0,18.17,6.25,0,13.51,0,0,0,0.06,0,0,0,10.78,10.76,0,0,34.7,0.31,3.54,0,0,0,0,0,0,31.62,10
"Tanzania",1975,0.131926789599272,239.04,3.1,0,0,0,2.32,1.14,0,0,0,0,0,0,0,0,0,0,0,0,0,0.03,0.37,0,24.09,12.02,0,29.15,0,0,0.04,0.22,0,0,0,19.01,17.17,0,0,55.07,0.44,8.88,0,0,0,0,0,0,31.99,34
"Tanzania",1976,0.131186601826834,219.82,2.9,0,0,0,0.75,0.4,0,0,0,0,0,0,0,0,0,0,0,0,0,0.08,1.71,0,19.95,12.34,0,21.22,0,0,0.22,0.44,0,0,0,27.56,14.48,0,0,51.75,0.62,10.43,0,0,0.64,0,0,0,20.33,34
"Tanzania",1977,0.130991741794643,270.29,2.71,0,0,0,1.62,0.35,0,0,0,0,0,0,0,0,0,0,0,0,0,0.18,0.22,0,35.37,9.96,0,30.02,0,0,0.1,0.79,0,0,0,45.57,25.67,0,0,57.72,0.68,11.67,0,0,6.92,0,0,0,9.74,31
"Tanzania",1978,0.1502176125898,496.82,10.59,0,0,0,2.77,0.68,0,0,0,0,0,0,0,0,0,0,0,0,0,0.2,4.8,0,38.19,9.87,0,56.3,0,0,0.44,1.08,0,0,0,94.89,30.68,0,0,114.42,2,19.76,0,0,1.03,0,0,0,92.12,17
"Tanzania",1979,0.120896799431907,522.34,23.99,0,0,0,2.21,0.74,0,0,0,0,0,0,0,0,0,0,0,0,0,0.42,5.34,0,71.03,33.77,0,80.52,0,0,0.65,0.95,0,0,0,81.46,35.09,0,0,93.37,3.09,46.53,0,0,1.4,0,2.18,0,28.6,11
"Tanzania",1980,0.152530984636215,674.56,40.17,0,0,0,5.55,1.1,0,0,0,0,0,0,0,0,0,0,0,0,0,2.87,2.46,0,32.17,17.65,7,209,0,0,0.62,1.75,0,0,0,87.27,44.15,0,0,78.12,14.04,74.49,0,0,5.65,0,2.13,0,19.37,29
"Tanzania",1981,0.0960475240326774,501.11,38.73,0,0,0,7.32,0.69,0,0,0,0,0,0,0,0,0,0,0,0,0,4.03,7.26,0,32.76,16.01,9.24,54.47,0,0,0.88,10.72,0,0,0,74.35,40.1,0,0,76.46,5.47,55.98,0,0,4.67,0,1.8,0,27.17,33
"Tanzania",1982,0.0918401644921587,504.93,49.97,0,0,0,9.61,0.09,0,0,0,0,0,0,0,0,0,0,0,0,0,2.34,1.47,0,39.84,14.81,6.18,58.96,0,0,1.49,15.03,0,0,0,57.52,51.91,0,0,73.84,5.24,41.22,0,0,14.97,0,0.26,0,35.18,25
"Tanzania",1983,0.0871175436678572,450.05,30.04,0,0,0,10.49,0.03,0,0,0,0,0,0,0,0,0,0,0,0,0,1.24,4.53,0,40.4,18.77,4.99,36.29,0,0,2.07,19.4,0,0,0,34.99,54.87,0,0,69.25,5.82,43.86,0,0,19.07,0,0,0,33.94,20
"Tanzania",1984,0.0842039616938029,423.05,26.06,0,0,0,6.96,0.06,0,0,0,0,0,0,0,0,0,0,0,0,0,1.19,4.66,0,31.61,21.14,5.57,49.86,0,0,2.23,36.57,0,0,0,40.75,46.42,0,0,55.08,6.12,29.68,0,0,12.44,0,0,0,24.65,22
"Tanzania",1985,0.0862331409302577,387.04,28.48,0,0,0,4.06,0.05,0,0,0,0,0,0,0,0,0,0,0,0,0,0.42,3.64,0,40.79,16.62,1.47,32.89,0,0,2.77,35.08,0,0,0,36.92,45.42,0,0,48.98,6.05,23,0,0,10.01,0,0,0,30.39,20
"Tanzania",1986,0.123991207032713,607.33,35,0,0,0,2.98,0.08,0,0,0,0,0,0,0,0,0,0,0,0,0,0.73,3.19,0,137.71,28.92,2,44.99,0,0,2.78,28.96,0,0,0,61.53,71.84,0,0,106.4,19.22,17.45,0,0,8.37,0,0,0,27.18,8
"Tanzania",1987,0.128666183565324,730.38,46.05,0,0,0,1.98,0.12,0,0,0,0,0,0,0,0,0,0,0,0,0,2.7,2.12,0,49.19,34.18,5.16,60.22,0,0,3.05,197.49,0,0,0,74.14,75.42,0,0,76.49,16.96,39.08,0,0,0,0,0,0,36.03,10
"Tanzania",1988,0.0932821380029904,800.18,96.7,0,0,0,2.98,0.38,0,0,0,0,0,0,0,0,0,0,0,0,0,1.84,6.8,0,77.81,67.22,2.63,68.08,0,0,3.7,77.72,0,0,0,78.93,79.21,0,0.5,103.64,14.48,59.55,0,0,0,0.32,0,0,42.69,15
"Tanzania",1989,0.0877731188663314,701.64,66,0.02,0,0,4.18,0.13,0,0,0,0,0,0,0,0,0,0,0,0,0,0.99,4.33,0,78.72,55.36,18.3,51.85,0,0,3.41,63.63,0,0,0,71.88,57.62,0,4.61,90.43,23.47,61.71,0,0,0.12,0.76,0,0,37.12,7
"Tanzania",1990,0.0956312873919427,910.04,44.25,0,0,0,8.01,0.19,0,0,0,0,0,0,0,0,0,0,0,0,0,3.12,14.26,0,78.55,50.98,4.72,61.35,0,0,3.89,117.12,0,0,0,95.01,103.02,0,6.57,149.57,18.96,30.84,0,0,3.29,3.65,0,0,34.69,78
"Tanzania",1991,0.0979890694347552,878.01,61.16,0,0,0,1.66,0.1,0,0,0,0,0,0,0,0,0,0,0,0,0,6.34,12.47,0,89.14,40.58,11.88,74.9,0,0,4.01,37.72,0,0,0,63.68,85.72,0,1.84,143,13.85,65.02,0,0,0,2.85,0,0,29.09,133
"Tanzania",1992,0.0873531270604083,879.52,79.65,0.36,0,0,2.29,0.09,0,0,0,0,0,0,0,0,0,0,0,0,0,3.8,19.08,0,94.78,34.91,28.72,68.51,0,0,5.04,116.24,0,0.24,0,50.54,82.09,0,1.57,93.07,29.23,104.99,0,0,2.94,2.64,0,0,31.74,27
"Tanzania",1993,0.134264605570132,932.3,99.9,0.3,0,0,1.65,0.17,0,0,0,0,0,0,0,0,0,0,0,0,0,11.04,21.19,0,80.9,15.74,20.37,72.4,0,0,5.26,273.14,0,0,0,55.12,68.62,0,0.43,91,11.9,40.57,0,0,16.17,2.21,0,0.06,20.16,24
"Tanzania",1994,0.0987700020629933,587.02,107.21,0.31,0.03,0,2.03,0.21,0,0,0,0,0,0,0,0,0,0,0,0,0,6.43,9.23,0,76.55,22.53,12.2,64.38,0,0,6.33,10.56,0,0,0,57.81,50.5,0,0.44,51.29,20.03,43.83,0,0,7.16,3.25,0,0,10.71,24
"Tanzania",1995,0.104720173494585,606.53,126.86,0.34,0,0,1.21,0.35,0,0,0,0,0,0,0,0,0,0,0,0,0,8.48,13.33,0,59.62,9.39,22.74,67.27,0,0,8.05,6.28,0,0.06,0,78.58,52.25,0,1.26,45.25,19.04,31.15,0,0,11.65,0,0,0,25.37,18
"Tanzania",1996,0.109792612775173,619.03,109.49,0.5,0,0,1.6,0.24,0,0,0,0,0,0,0,0,0,0,0,0,0,9.22,11.79,0,91.2,9.07,5.92,58.74,0,0,9.69,3.21,0,0.16,0,74.89,54.38,0,3.91,65.18,15.61,67.25,0,0,4.31,0.38,0.09,0,9.2,13
"Tanzania",1997,0.0929650482685691,587.48,65.88,0.5,0,0,1.61,0.48,0,0,0,0,0,0,0,0,0,0,0,0,0,5.58,8.69,0,63.96,10.02,81.52,59.27,0,0,12.48,3.95,0,0,0,52.41,50.94,0,5.1,48.18,24.34,67.75,0,0.12,3.56,0.33,0,0,7.81,13
"Tanzania",1998,0.109740835725515,800.41,102.86,0.47,0,0,0.74,0.58,0,0,0,0,0,0,0,0,0.07,0,0,0,0,8.69,62.5,0,69.74,11.94,9.08,109.9,0.15,0,15.65,3.41,0,0,0,80.25,44.57,0,2.91,59.84,14.01,158.63,0,0.14,5.35,1,1.55,0,7,29.38
"Tanzania",1999,0.0916332222530519,630.01,81.02,0.2,0,0,1.03,0.54,0,0,0,0,0,0,0,0,0.04,0,0,0,0,5.98,20.07,0,80.85,10.64,6.45,67.08,0,0,13.04,33.87,0,0.23,0,55.17,49.72,0,1.87,46.21,21.36,88.63,0,0.16,3.17,0.92,2.01,0,13.3,26.45
"Tanzania",2000,0.152824179260515,803.26,229.82,0.26,0,0,2.04,0.32,0,0,0,0,0,0,0,0,0.04,0,0,0,0,6.08,8.63,0,68.75,12.46,17.14,35.25,0,0,15.87,0.76,0,0,0,97.29,35.17,0,1.15,63.62,12.66,152.72,0,0.12,5.47,0.51,0.97,0,11.64,24.52
"Tanzania",2001,0.18830898384353,959.83,269.56,0.27,0,0,1.88,0.97,0,0,0,0,0,0,0,0,0.03,0,0,0,0,4.78,17.32,0,67.14,12.92,14.53,50.02,0.01,0,16.42,1.51,0,0.22,0,75.11,34.93,0,2.51,47.27,17.03,287.56,0,0.14,3.09,0.3,0.02,0,8.38,25.91
"Tanzania",2002,0.0925654511955636,925.95,64.74,0.56,0,0,0.96,0.61,0,0,0,0,0,0,0,0,0.03,0,0,0,0,30.69,72.16,0,70.31,12.91,17.92,24.28,0.04,0,24.79,132.25,0,0.47,0,138.29,46.67,0,1.43,61.53,19.34,109.86,0,0.17,2.31,0,0,0,8.25,85.38
"Tanzania",2003,0.144637965513939,1011.53,76.22,0.78,0,0,0.47,1.07,0,0,0,0.01,0,0,0,0,0.04,0,0,0,0,3.95,10.34,0,90.2,13.21,3.88,101.53,0.02,0,26.53,1.34,0,0.14,0,95.75,67.37,0,3.77,66.18,25.59,311.66,0,0.04,1.95,0,0,0,34.33,75.16
"Tanzania",2004,0.102630075502503,1150.19,157.88,1.24,0,0,1.23,1,0,0,0,0.03,0,0,0,0,0.03,0,0,0,0,3.2,19.21,0,95.5,14.85,122.83,58.32,0.15,0,32.22,5.06,0,0.2,0,117.62,59.6,0,7.46,83.64,25.99,217.65,0,0.08,2.7,0,0.3,0,32.71,89.49
"Tanzania",2005,0.119214944806896,878.22,36.11,2.37,0,0,0.95,1.19,0,0,0,0.17,0,9.57,0,0,0.06,0,0,0,0,2.4,7.93,0,84.82,17.28,4.96,49.88,0.07,0,35.1,4.72,0,0.17,0,90.23,60.3,0,5.47,91.81,23.61,220.34,0,0.07,1.92,0,0,0.02,33.01,93.69
"Tanzania",2006,0.112380094599576,999.5,39.39,3.84,0,0.03,1.31,1.62,0,0,0,0.24,0,0,0,0,0.07,0,0,0,0,1.7,16.29,0,95.31,30.67,3.75,49.34,0.04,0,39.22,2.24,0,0.14,0,114.56,75.37,0,3.87,111.66,26.44,218.88,0,0.04,0.16,0,0,0.08,41.66,121.58
"Tanzania",2007,0.195039989511448,1844.63,721.66,9.42,0,0.01,2.61,1.08,0,0,0,0.03,0,0,0,0,0.8,0,0,0,0,1.5,15.49,0,90.07,36.66,4.9,65,0.67,0,52.09,4.31,0,0.68,0,128.15,114.29,0,8.64,107.76,24.03,230.79,0,0.03,0.29,0,0,0.05,56.73,166.89
"Tanzania",2008,0.109132880536413,1378.25,70.99,7.15,0,0.01,1.92,1.18,0,0,0,0.05,0,0,0,0,0.33,0,0,0,0,1.68,20.21,0,119.24,42.79,6.67,87.43,0.15,0,65.47,6.03,0,0.5,0,114.86,127.65,0,4.32,125.53,27.73,254.4,0,0.08,0,0,0,0.19,44.74,246.95
"Tanzania",2009,0.10112194575924,1427.16,120.47,9.19,0,0.05,1.44,1.22,0,0,0,0.05,0,0,0,0,0.53,0,0,0,0,12.96,22.71,0,106.85,55.65,8.69,87.13,0.06,0,55.03,6.73,0,0.61,0,62.62,116.42,0,39.64,97.05,26.97,216.66,0,0.04,0,0,0.26,0.5,93.98,283.65
"Tanzania",2010,0.129728838627584,1665.52,104.6,21.46,0,0.02,5.97,0.94,0,0,0,0.02,0,0,0,0,0.23,0,0,0,0,0.94,23.71,0,129.45,47.92,22.38,134.48,0.06,0,49.48,5.21,0,0.03,0,59.21,123.94,0,3.21,95.8,19.12,241.95,0,0.05,0,0,6.94,0.45,111.56,456.39
"Tanzania",2011,0.139688134909377,1717.58,120.06,20.95,0,0.01,13.58,0.72,0,0,0,0.02,0,0,0,0,0.17,0,0.63,0,0,1.52,26.79,0,126.36,54.54,21.03,93.51,0.03,0,49.45,6.72,0,0.02,0,66.82,114.26,0,13.44,125.15,28.94,196.37,0,0.12,0,0,8.51,0.31,94.72,532.83
"Tanzania",2012,0.147184292555374,1794.38,147.91,50.65,0,0.01,8.82,0.21,0,0,0,0.02,0,0,0,0,0.38,0,0.07,0,0,1.44,23.65,0,111.79,36.12,26.06,109.73,0.03,0,44.77,6.1,0,0.2,0,29.75,95.38,0.07,1.58,116.27,34.93,251.01,0,0.14,0,0,18.81,0.48,112.8,565.2
"Tanzania",2013,0.174059225207418,2152.25,338.43,56.87,0,0.12,12.1,0.59,0,0,0,0.03,0,0,0,0,0.61,0,3.37,0.02,0,1.54,14.23,0,89.3,45.24,10.25,75.08,0,0,43.56,6.59,0,0.01,0,10.11,103.14,0.07,0.63,126.18,31.37,273.94,0,0.09,1.52,0,6.68,1.42,163.7,735.46
"Tanzania",2014,0.169786861220348,1473.94,113.99,79.84,0,0.08,5.78,0.83,0,0,0,0.02,0,0.01,0,0,0.21,0.01,1.37,0.01,0,2.77,16.96,0,70.77,54.22,22.8,52.12,0,0,33.13,4.96,0,0.07,0.02,0.6,72.04,0.01,1.01,54.19,30.82,245.84,0,0.02,11.01,0,1.16,1.72,85.79,509.76
"Tanzania",2015,0.164652894530606,1465.25,94.84,71.29,0,0.18,5.68,0.75,0,0,0,0.01,0,0.01,0,0,0.46,0.01,1.37,0,0,0.95,12.43,0,46.01,29.04,28.08,93.15,0,0,31.59,4.81,0,0.17,0.05,0,48.46,0.01,0.43,109.24,32.56,313.03,0,0.03,0.13,0,3.97,0.35,82.73,453.43
"Tanzania",2016,0.174674420148048,1472.56,192.65,64.28,0,0.11,2.15,0.43,0,0,0,0,0,0.03,0,0,22.9,0,1.37,0,0,1.65,14.11,0,54.37,22.08,28.62,51.69,0,0,28.08,6.01,0,0.17,0,0.6,45.03,0.01,0.83,94.29,32.6,251.98,0,0.06,0.35,0.27,3.33,1.09,50.42,501
"Tanzania",2017,0.214772494650932,1450.52,77.09,39.99,0,0.06,3.5,0.55,0,0,0,0,0,0,0,0,4.43,0,1.37,0,0,2.18,13.65,0,53.85,17.06,32.72,44.16,0,0,22.71,5.94,0,0.2,0,0.35,45.56,0.04,0.66,137.59,32.7,214.79,0,0,1.45,0.46,4.71,1.65,90.3,600.8
"Tanzania",2018,0.238618679900427,1592.45,79.68,0,0,0,3.47,0.79,0,0,0,0.02,0,0.06,0,0,29.62,0.05,0,0.06,0,1.19,13.03,0,58.93,15.85,29.77,42.92,0,0.06,29.34,12.45,0,0.31,0,0.12,53.44,0.04,0.88,138.85,34.12,229.31,0,0.75,29.47,0,0.92,1.22,72.87,712.86
"Tanzania",2019,0.209398036015476,1245.86,58.72,0,0,0,2.52,0.11,0,0,0,0.16,0,0.5,0,0,14.45,0,0,0,0,1.58,13.31,0,50.12,14.48,33.03,39.68,0,0,27.21,10.57,0,0.32,0,0.2,54.88,0.05,0.82,82.05,30.88,200.69,0,0.08,9.69,0,1.11,1.35,91.91,505.39
"Tanzania",2020,0.271869153992688,1304.76,53.21,0,0,0,2.01,0.19,0,0,0,0.09,0,0.51,0,0,9.98,0.39,0,0.17,0,1.4,13.25,0,48.64,16.72,17.91,55.11,0,0,27.2,9.14,0,0.54,0,0.33,60.08,0.03,1.28,80.66,32.09,133.08,0,0.11,12.52,0,1.95,1.64,78.19,646.34
"Tanzania",2021,0.249764783574348,1101.03,41.74,0,0,0,2.41,0.11,0,0,0,0,0,0.59,0,0,3.03,0,0,0,0,1.25,14.82,0,51.03,20.74,42.72,62.39,0,0.01,29.8,7.88,1.15,0.45,0.01,0.31,45.8,0.03,1.55,83.48,33.73,84.14,0,0.16,0,0,0.67,1.15,48.9,520.98
"Tanzania",2022,0.199074742235224,2284.981839,54.598752,124.205191,0,0.02493,2.449583,0.02102,0,0,0,2.151854,0,2.009064,0,1.21954,9.787425,0.008972,0,0.142886,0.356092,3.044996,21.674986,0,67.569101,37.415271,300.805918,76.914378,0,0.026468,56.201464,23.12817,2.915686,0.960672,0.000912,0.619734,76.016,0.074594,3.216902,120.915932,70.168875,89.071976,0,0.053358,13.785035,0,4.603869,2.346962,199.359277,917.115994
"Tanzania",2023,0.306203806294097,2317.172319,43.692057,78.346646,0,0,4.932791,0.006604,0.080058,0,0,0,0.224914,1.245816,0,0.000794,2.210961,0.012622,0,0,0.101644,6.00831,19.266494,0,30.416824,29.21081,249.280259,108.503916,0,0.023134,53.8783,14.147248,3.067952,0.813014,0.002536,0.626856,102.287654,0,3.244816,112.073282,69.438683,74.049691,0,0.065134,0.360888,0,0,1.75226,75.845312,1231.954039
"Tanzania",2024,0.271637485866873,2272.053714,38.912008,124.423253,0,0.04409,4.458603,0.047066,0.057926,0,0,0,0.334728,1.023182,0,0,3.805656,0.010466,0,0.008406,0,16.646026,19.902174,0,7.339649,23.760324,211.471149,98.311642,0,0.145422,55.14419,12.079548,3.771582,1.098922,0.003644,0,108.674968,0,1.984554,97.568576,68.909057,100.920043,0,0.116416,2.029243,0,0.866282,3.183954,137.551554,1127.449411
"Tanzania",2025,NA,0,0,0,0,0,0,0,0,0,0,0,0,0,0,0,0,0,0,0,0,0,0,0,0,0,0,0,0,0,0,0,0,0,0,0,0,0,0,0,0,0,0,0,0,0,0,0,0,0
"Togo",1960,1,0.01,0,0,0,0,0,0,0,0,0,0,0,0,0,0,0,0,0,0,0,0,0,0,0,0,0,0.01,0,0,0,0,0,0,0,0,0,0,0,0,0,0,0,0,0,0,0,0,0,0
"Togo",1961,0.511634587762137,2.36,0,0,0,0,0,0,0,0,0,0,0,0,0,0,0,0,0,0,0,0,0,0,0,0,0,1.36,0,0,0,0,0,0,0,0,0,0,0,0,0,0,0,0,0,0,0,0,0,1
"Togo",1962,0.684833506763788,2.48,0,0,0,0,0,0,0,0,0,0,0,0,0,0,0,0,0,0,0,0,0,0,0,0,0,0.46,0,0,0,0,0,0,0,0,0,0,0,0,0,0,0,0,0,0,0,0,0.02,2
"Togo",1963,0.507901701323251,3.45,0,0,0,0,0,0,0,0,0,0,0,0,0,0,0,0,0,0,0,0,0,0,0,0,0,1.43,0,0,0,0,0,0,0,0,0,0,0,0,0.02,0,0,0,0,0,0,0,0,2
"Togo",1964,0.382787755102041,14,0,0,0,0,0,0,0,0,0,0,0,0,0,0,0,0,0,0,0,0,0,0,0,0,5.4,6.47,0,0,0,0.01,0,0,0,0,0,0,0,0,0.05,0.02,0,0,0,0,0,0,0.05,2
"Togo",1965,0.403714523024013,10.79,0,0,0,0,0,0,0,0,0,0,0,0,0,0,0,0,0,0,0,0,0,0,0,0,5.6,3.73,0,0,0,0,0,0,0,0,0,0,0,0,0.03,0.01,0,0,0,0,0,0,0.11,1.31
"Togo",1966,0.389126194495894,12.35,0,0,0,0,0,0,0,0,0,0,0,0,0,0,0,0,0,0,0,0,0,0,0,0,5.4,5.31,0,0,0,0,0,0,0,0,0,0,0,0,0.04,0.02,0,0,0,0,0,0,0.18,1.4
"Togo",1967,0.367678060948555,12.04,0,0,0,0,0,0,0,0,0,0,0,0,0,0,0,0,0,0,0,0,0.02,0,0,0,4.7,5.31,0,0,0,0.01,0,0,0,0,0,0,0,0,0.02,0.03,0,0,0,0,0,0,0.23,1.72
"Togo",1968,0.384791135734072,9.5,0,0,0,0,0,0,0,0,0,0,0,0,0,0,0,0,0,0,0,0,0.01,0,0,0,5.1,2.57,0,0,0,0.01,0,0,0,0,0,0,0,0,0.01,0.04,0,0,0,0,0,0,0.35,1.41
"Togo",1969,0.420993665316028,11.54,0,0,0,0,0,0,0,0,0,0,0,0,0,0,0,0,0,0,0,0,0.03,0,0,0,6.5,3.56,0,0,0,0.01,0,0,0,0,0,0,0,0,0.02,0.05,0,0,0,0,0,0,0.37,1
"Togo",1970,0.421245515698681,11.14,0,0,0,0,0,0,0,0,0,0,0,0,0,0,0,0,0,0,0,0,0.02,0,0,0,2.8,6.56,0,0,0,0.01,0,0,0,0.05,0,0,0,0,0.02,0.05,0,0,0,0,0,0,0.63,1
"Togo",1971,0.266230394808004,12.9,0,0,0,0,0,0,0,0,0,0,0,0,0,0,0,0,0,0,0,0,0.06,0,0,0,4.7,3.42,0,0,0,0,0,0,0,0.06,0,0,0,0,0.03,0.08,0,0,0,0,0,0,2.55,2
"Togo",1972,0.457086000141031,19.64,0.01,0,0,0,0,0,0,0,0,0,0,0,0,0,0,0,0,0,0,0.04,0.08,0,0,0,12.58,3.49,0,0,0,0,0,0,0,0.06,0,0,0,0,0.03,0.15,0,0,0,0,0,0,2.2,1
"Togo",1973,0.354401487881568,18.99,0,0,0,0,0,0,0,0,0,0,0,0,0,0,0,0,0,0,0,0,0.1,0,0,0,9.6,5.44,0,0,0,0.11,0,0,0,0.1,0,0,0,0,0.07,0.16,0,0,0,0,0,0,1.41,2
"Togo",1974,0.382808875743084,25.23,0.04,0,0,0,0,0,0,0,0,0,0,0,0,0,0,0,0,0,0,0.02,0.11,0,0,0,10.1,11.79,0,0,0,0.12,0,0,0,0.12,0,0,0,0,0.09,0.15,0,0,0,0.56,0,0,1.13,1
"Togo",1975,0.316701744089187,28.02,0,0,0,0,0,0,0,0,0,0,0,0,0,0,0,0,0,0,0,0,0.13,0,0,0,11.98,9.65,0,0,0,0.04,0,0,0,0.07,0,0,0,0,0.01,0.15,0,0,0,2,0,0,1.99,2
"Togo",1976,0.353423811257496,24.38,0.11,0,0,0,0,0,0,0,0,0,0,0,0,0,0,0,0,0,0,0,0.17,0,0,0,12.73,6.37,0,0,0,0.24,0,0,0,0.11,0,0,0,0,0.04,0.07,0,0,0,1.05,0,0,1.49,2
"Togo",1977,0.387952125997148,43.87,0.14,0,0,0,0,0,0,0,0,0,0,0,0,0,0,0,0,0,0,0,0.45,0,0.79,0,14.1,23.14,0,0,0,0.08,0,0,0,0.35,0.12,0,0,0,0.09,0.07,0,0,0,0,0,0,1.54,3
"Togo",1978,0.420520809667771,68.81,0.19,0,0,0,0,0,0,0,0,0,0,0,0,0,0,0,0,0,0,1.08,0.27,0,1.61,0,17.88,40.55,0,0,0,0.02,0,0,0,1.15,0.18,0,0,0,0.27,0.05,0,0,0,0,0,0,4.56,1
"Togo",1979,0.270641848045068,71.98,0.01,0,0,0,0,0,0,0,0,0,0,0,0,0,0,0,0,0,0,0.04,0.4,0,8.86,0,18.63,29.77,0,0,0,0.08,0,0,0,0.94,0,0,0,0,0.12,0.11,0,0,0,0,0,0,8.02,5
"Togo",1980,0.315770967183209,58.27,1.34,0,0,0,0,0,0,0,0,0,0,0,0,0,0,0,0,0,0,0.03,0.39,0,7.1,0.01,22.9,22.04,0,0,0,0.01,0,0,0,0.49,0,0,0,0,0.16,0.18,0,0,0,0.04,0,0,0.58,3
"Togo",1981,0.355803986877604,38.72,1.17,0,0,0,0,0,0,0,0,0,0,0,0,0,0,0,0,0,0,0.01,0.25,0,0,0,18.81,12.71,0,0,0,0.08,0,0,0,0.51,0,0,0,0.07,0.17,0.15,0,0,0,0.46,0,0,0.33,4
"Togo",1982,0.303847494695264,55.61,0.92,0,0,0,0,0,0,0,0,0,0,0,0,0,0,0,0,0,0,0.02,0.47,0,0.06,0,21.23,20.89,0,0,0,0.18,0,0,0,0.72,0.19,0,0,0.1,0.33,0.12,0,0,0.03,3.8,0,0,0.55,6
"Togo",1983,0.314700280759769,64.54,2.21,0,0,0,0,0,0,0,0,0,0,0,0,0,0,0,0,0,0,0.03,0.15,0,0.02,0,23.94,25.7,0,0,0,0.14,0,0,0,0.5,0.19,0,0,0,0.17,0.1,0,0,0.02,2.76,0,0,0.61,8
"Togo",1984,0.323941807774814,62.29,2.63,0,0,0,0,0,0,0,0,0,0,0,0,0,0,0,0,0,0,0.01,0.29,0,0.03,0,30.32,16.55,0,0,0,0.39,0,0,0,0.72,0.16,0,0,0,0.33,0.13,0,0,0.03,1.98,0,0,1.72,7
"Togo",1985,0.420199345568792,178.82,1.73,0,0,0,0,0,0,0,0,0,0,0,0,0,0,0,0,0,0,0.02,0.37,0,10.03,0,28,111.07,0,0,0,0.38,0,0,0,0.77,0.19,0,0,0,0.26,0.15,0,0,8.5,0.71,0,0,8.64,8
"Togo",1986,0.185407528105076,104.82,19.21,0,0,0,0,0,0,0,0,0,0,0,0,0,0,0,0,0,0,0.03,2.74,0,0.85,0,33.17,18.2,0,0,0,3.06,0,0,0,0.92,1.43,0,0,0,0.38,0.21,0,0,9.45,0.01,0,0,5.16,10
"Togo",1987,0.243065906051054,92.96,3.76,0,0,0,0,0,0,0,0,0,0,0,0,0,0,0,0,0,0,0.02,1.19,0,5.75,0,32.34,29,0,0,0,2.33,0,0,0,0.91,0.15,0,0,0,0.45,0.2,0,0,3.58,0,0,0,1.28,12
"Togo",1988,0.350830243579215,149.92,9.68,0,0,0,0,0,0,0,0,0,0,0,0,0,0,0,0,0,0,0.03,0.65,0,4.77,0,82.16,26.75,0,0,0,0.47,0,0,0,0.54,0,0,0,0,0.41,0.5,0,0,0.33,0.22,0,0,15.41,8
"Togo",1989,0.280881288842914,115.01,15.59,0,0,0,0,0,0,0,0,0,0,0,0,0,0,0,0,0,0,0.03,0.48,0,1.26,0,48.05,30.55,0,0,0,0.07,0,0,0,0.58,0.1,0,0,0,1.24,0.46,0,0,0.19,0.39,0,0,1.02,15
"Togo",1990,0.418261321298028,161.66,9.33,0,0,0,0.03,0,0,0,0,0,0,0,0,0,0,0,0,0,0,0.24,1.86,0,1.24,0.01,96.94,36.55,0,0,0,1.02,0,0.02,0,1.23,0,0,0.01,0.03,0.38,0.56,0,0,0.13,0.68,0,0,1.4,10
"Togo",1991,0.366489251935773,139.31,8.8,0,0,0,0,0,0,0,0,0,0,0,0,0,0,0,0,0,0,0.35,1.48,0,0.33,0,77.82,25.36,0,0,0,0.5,0,0.06,0,1.15,0,0,0,2.41,0.54,1.02,0,0,0.36,0.31,0,0,0.82,18
"Togo",1992,0.325375266940068,143.69,1.91,0.07,0,0,0,0,0,0,0,0,0,0,0,0,0,0,0,0,0,0.47,3.97,0,0.36,0,64.5,48.56,0,0,0,2.29,0,0.04,0,1.45,0,0,0,0,7.07,0.75,0,0,0,0.31,0,0,0.94,11
"Togo",1993,0.411543448828207,82.44,3.48,0.07,0,0,0,0,0,0,0,0,0,0,0,0,0,0,0,0,0,0.67,0.88,0,0,0,49.38,16.71,0,0,0,0,0,0.12,0,1.1,0,0,0.09,0.32,0.27,0.51,0,0,0.11,0.14,0,0,0.59,8
"Togo",1994,0.479084212313387,80.87,1.74,0.06,0,0,0,0,0,0,0,0,0,0,0,0,0,0,0,0,0,0.63,0.84,0,0,0,53.79,14.03,0,0,0,0,0,0.15,0,0.8,0.03,0,0.04,1.08,0.34,0.88,0,0,0,0.12,0,0,0.34,6
"Togo",1995,0.414989738973589,132.35,0.68,0.08,0,0,0,0,0,0,0,0,0,0,0,0,0,0,0,0,0,1.01,16.16,0,0,0,82.09,12.81,0,0,0,0.57,0,0.08,0,1.1,0.06,0,7.7,0.19,0.22,5.78,0,0,0.09,0.17,0,0,0.56,3
"Togo",1996,0.290191230473923,110.6,27.24,0.05,0,0,0,0,0,0,0,0,0,0,0,0,0,0,0,0,0,0.91,1.01,0,2.81,0,48.74,20.11,0,0,0,3.1,0,0.2,0,0.66,0,0,0.52,1.52,0.23,0.99,0,0,0,0,0,0,0.51,2
"Togo",1997,0.358722061959385,89.92,28.53,0.05,0,0,0,0,0,0,0,0,0,0,0,0,0,0,0,0,0,0.8,1.36,0,0,0.1,44.75,8.68,0,0,0,0,0,0.06,0,0.4,0,0,0.64,0.11,0.51,0.56,0,0.08,0.89,0,0,0,0.4,2
"Togo",1998,0.324910345758218,81.34,11.93,0,0,0,0.06,0,0,0,0,0,0,0,0,0,0,0,0,0,0,0.81,4.75,0,0,0.05,42.75,11.77,0,0,0,0,0,0.06,0,0.17,0,0,1.43,0.07,0.57,1.98,0,0.08,3.05,0.01,0,0,0.28,1.52
"Togo",1999,0.302305234861816,61.54,9.39,0,0,0,0,0,0,0,0,0,0,0,0,0,0,0,0,0,0,0.74,1.46,0,0,0,30.4,10.12,0,0,0,0.01,0,0.07,0,0.02,0.01,0,0.15,0.29,0.42,0.57,0,0.08,3.44,0.11,0,0,0.41,3.85
"Togo",2000,0.401682828628687,63.13,8.5,0.03,0,0,0,0,0,0,0,0,0,0,0,0,0,0,0,0,0,0.78,1.02,0,0,0,37.99,8.68,0,0,0,0.01,0,0,0,0.02,0.06,0,0.32,0.58,0.65,0.43,0,0.06,1.89,0,0,0,0.18,1.93
"Togo",2001,0.341128023434821,49.27,2.87,0.02,0,0,0,0,0,0,0,0,0,0,0,0,0,0,0,0,0,0.7,1.16,0,0,0,27.24,7.34,0,0,0,0.08,0,0,0,1.03,0.04,0,1.17,0.27,0.51,0.52,0,0.1,3.71,0.05,0,0,0.16,2.3
"Togo",2002,0.325379640068912,50.86,0.34,0.16,0,0,0,0,0,0,0,0.01,0,0,0,0,0,0,0,0,0,0.62,1.36,0,0.13,0,26.79,8.05,0,0,0.06,0.01,0,0.06,0,0.51,0.22,0,0.31,0.09,0.66,0.48,0,0.11,3.23,0,0,0,1.01,6.65
"Togo",2003,0.329587619830699,56.29,0.34,0,0,0,0,0,0,0,0,0.01,0,0,0,0,0,0,0,0,0,0.59,1.12,0,0.32,0,29.38,11.81,0,0,0,0,0,0.27,0,1.48,0.27,0,0.24,0.15,0.74,0.42,0,0.06,1.78,0,0,0,1.81,5.5
"Togo",2004,0.326720195728584,59.15,2.47,0.09,0,0,0,0,0,0,0,0.01,0,0,0,0,0,0,0,0,0,0.7,0.95,0,0.35,0,31.47,9.7,0,0,0,0.19,0,0.25,0,1.19,0.25,0,0.74,0.15,0.82,0.29,0,0.02,0,0,0,0,5.96,3.55
"Togo",2005,0.312799372602025,64.22,1.86,0.11,0,0,0,0,0,0,0,0,0,0,0,0,0,0,0,0,0,0.61,1.13,0,0.53,0.29,34.06,8.35,0,0,0,0.01,0,0.85,0,5.32,0.96,0,2.01,0.36,0.64,0.85,0,0.04,0,0,0,0,3.26,2.98
"Togo",2006,0.413555815926097,60.38,1.48,0.12,0,0,0,0,0,0,0,0,0,0,0,0.01,0.01,0,0,0,0,0.66,1.86,0,0.67,0.38,37.72,8.02,0,0,0.22,0.15,0,0.7,0,0,0.07,0,1.75,0.66,1.09,0.7,0,0.05,0,0,0,0.02,2,2.04
"Togo",2007,0.334552874968241,70.7,1.5,0.44,0,0,0,0,0,0,0,0,0,0,0,0,0.01,0,0,0,0,0.8,1.58,0,0.92,0.12,38.13,12.08,0.11,0,0.28,0.73,0,0.44,0,0,0.03,0,1.61,0.83,1.04,0.28,0,0.01,0,0,0,0,2.32,7.44
"Togo",2008,0.543589072158112,181.38,0.92,0.06,0,0,0,0,0,0,0,0.01,0,0,0,0,0.04,0,0,0,0,0.89,2.58,0,0.69,0.16,132.35,8.44,0.02,0,0.53,1.31,0,0.59,0,13.2,0.05,0,3.45,0.75,0.64,9.03,0,0.05,0,0,0,0.01,2.61,3
"Togo",2009,0.2453825981697,368.88,36.06,0.06,0,0,0,0,0,0,0,0,0,0,0,0,0.01,0,0,0,0,14.58,62.4,0,1.25,0.2,44.58,24.03,0.01,0.12,0.14,3.04,0,0.73,0,0.88,0.08,0,3.8,0.38,158.94,10.41,0,0.05,0,0,0.85,0,2.5,3.78
"Togo",2010,0.460857805038031,258.17,8.24,0.1,0,0,0.09,0,0,0,0,0,0,0,0,0,0,0,0,0,0,0.72,5.03,0,1.27,0.41,171.89,8.84,0.03,0,0,11.53,0,0.85,0,17.62,0.09,0,1.59,0.34,1.71,0.03,0,0.05,0,0,0.21,0.5,23.05,3.98
"Togo",2011,0.171436400655079,452.17,129.7,0.2,0,0,0.74,0,0,0,0,0,0,0,0,0,0,0.01,0,0,0,31.5,88.01,0,0.99,0.32,40.72,33.73,0.02,0,0.13,0.94,0,0.9,0,0,0.26,0,26.5,14.23,75.95,1.91,0,0.02,0,0,0.28,0.06,1.41,3.64
"Togo",2012,0.252088392514787,121.62,15.63,0.13,0,0,0.44,0,0,0,0,0,0,0,0,0,0,0,0.01,0,0,0.16,0.72,0,0.99,0.23,26.21,8.33,0.01,0,0,0.47,0,0.65,0,0,0.23,0,51.66,0.69,2.5,0.05,0,0.17,2.44,0,0.75,0.1,5.67,3.38
"Togo",2013,0.211957472726803,92.07,23.75,0.09,0,0,2.4,0,0,0,0,0,0,0,0,0,0,0.02,0,0,0,0.11,0.74,0,0.35,0.34,28.78,18.49,0.01,0.1,0,0.52,0,0.5,0,0,0.27,0.01,0.42,0.71,2.56,0,0,0.04,5.25,0,0.24,0.38,1.9,4.09
"Togo",2014,0.288914006305799,88.82,10.17,0.33,0,0,0.12,0,0,0,0,0,0,0,0,0,0,0,0,0,0,0.07,0.79,0,0,0.29,36.37,28.79,0.02,0,0,1.1,0,1.05,0.01,0,0.17,0,0.75,1.3,2.74,0,0,0.06,0.42,0,0.24,0.3,0.46,3.27
"Togo",2015,0.231815874832116,101.91,4.24,0.5,0,0.02,0.19,0,0,0,0,0,0,0,0,0,0,0,0,0,0,0.07,10.59,0,0,0.31,31.74,34.21,0.01,0.01,0,2.1,0,1.1,0,0,0.64,0,0.22,1.28,2.09,0.05,0.01,0.01,8.82,0,0.26,0.09,0.31,3.04
"Togo",2016,0.249276166050248,65.96,3.34,0.19,0,0.12,0.16,0,0,0,0,0,0,0,0,0,0,0.01,0,0,0,0.09,0.7,0,0,0.29,25.37,19.71,0,0,0.01,1.59,0,0.95,0,0,0.14,0,0.63,1.48,2.14,0,0,0.07,1.68,0,0.55,0.38,1.38,4.98
"Togo",2017,0.219164288119438,85.19,16.66,0.22,0,0.09,0.17,0,0,0,0,0,0,0,0,0,0.02,0.02,0,0,0,0.1,0.88,0,0,0.32,24.48,25.86,0,0,0,1.11,0,0.89,0,0,0.32,0.01,0.18,1.17,1.7,0,0,0,2.76,0,0.53,0.8,1.83,5.07
"Togo",2018,0.209409346123597,124.03,27.47,0,0,0,0.1,0,0,0,0,0,0,0,0,0,0,0.01,0,0,0,0.1,0.79,0,0,0.04,34.28,32.67,0,0.02,0,1.21,0,0.99,0,0,0.29,0.03,0.57,1.55,1.71,0,0,1.03,13.73,0,0.77,0,2.08,4.59
"Togo",2019,0.235208438661277,97.51,18.2,0,0,0,0.03,0,0,0,0,0,0,0,0,0,0,0.01,0,0,0,0.1,0.68,0,0,0,26.83,33.77,0,0.13,0,2.29,0,1.13,0,0,0.4,0.06,1.83,0.85,1.65,0.01,0,0.04,1.13,0,0.4,0.36,3.35,4.26
"Togo",2020,0.25992729954034,113.86,5.64,0,0,0,0,0,0,0,0,0,0,0,0,0,0.01,0.01,0,0,0,0.07,0.75,0,0.42,0,34.02,44.86,0,0.13,0.02,2.61,0,0.92,0,0,0.67,0,0.64,0.94,1.94,0,0.21,0.08,0,0,10.7,0.34,4.19,4.69
"Togo",2021,0.259203078250172,162.89,4.04,0,0,0,0,0,0,0,0,0,0,8.02,0,0,0.01,0.02,0,0,0,0.03,0.71,0,0.41,0,44.25,67.55,0,0.03,0.02,1.97,0,1.52,0,0,0.56,0,1.16,2.4,1.67,0,0,0.04,4.32,0,5.62,0.36,4.45,13.73
"Togo",2022,0.304018321255739,289.741866,10.493258,0.078786,0,0.038902,0,0,0,0,0,0,0,0,0,0,0.007108,0.047032,0,0,0,0.05879,0.94187,0,1.731996,0,124.761306,94.066862,0,0,0.033278,2.131514,0,2.215032,0,0,0.7074,0,1.841672,4.175808,2.941946,0.03201,0,0.038582,0,0,5.478607,0.307944,8.375549,29.236614
"Togo",2023,0.256512095911254,362.343665,30.007048,1.17931,0,0,1.630234,0,0,0,0,0,0,0,0,0,0.006474,0.026978,0,0,0,0.137528,1.975222,0,1.189564,0,130.245417,112.046502,0,0.108076,0,2.799138,0,3.35807,0.02022,0,0.43954,0,0.760896,4.957521,3.57703,0.007458,0,0,0.501054,0,1.721477,0.326118,9.683062,55.639728
"Togo",2024,0.259303864749978,499.498742,28.213288,2.93403,0,0.015748,0.079201,0,3.094636,0,0,0,0,0.000652,0,0,0.012322,0.0731,0,0,0,0.108098,1.26415,0,0.662566,0,186.164635,114.796906,0,0.045014,0,2.722388,0,9.15074,0,0.041086,0.54248,0,1.305338,3.378128,3.671492,0.245176,0.005816,0,0.458192,0,1.690079,0.308402,13.00036,125.514719
"Togo",2025,NA,0,0,0,0,0,0,0,0,0,0,0,0,0,0,0,0,0,0,0,0,0,0,0,0,0,0,0,0,0,0,0,0,0,0,0,0,0,0,0,0,0,0,0,0,0,0,0,0,0
"Tunisia",1956,NA,0,0,0,0,0,0,0,0,0,0,0,0,0,0,0,0,0,0,0,0,0,0,0,0,0,0,0,0,0,0,0,0,0,0,0,0,0,0,0,0,0,0,0,0,0,0,0,0,0
"Tunisia",1957,NA,0,0,0,0,0,0,0,0,0,0,0,0,0,0,0,0,0,0,0,0,0,0,0,0,0,0,0,0,0,0,0,0,0,0,0,0,0,0,0,0,0,0,0,0,0,0,0,0,0
"Tunisia",1958,NA,0,0,0,0,0,0,0,0,0,0,0,0,0,0,0,0,0,0,0,0,0,0,0,0,0,0,0,0,0,0,0,0,0,0,0,0,0,0,0,0,0,0,0,0,0,0,0,0,0
"Tunisia",1959,NA,0,0,0,0,0,0,0,0,0,0,0,0,0,0,0,0,0,0,0,0,0,0,0,0,0,0,0,0,0,0,0,0,0,0,0,0,0,0,0,0,0,0,0,0,0,0,0,0,0
"Tunisia",1960,0.992215270996094,51.2,0,0,0,0,0,0,0,0,0,0,0,0,0,0,0,0,0,0,0,0,0,0,0,0,0,0.18,0,0,0,0.02,0,0,0,0,0,0,0,0,0,0,0,0,0,0,0,0,0,51
"Tunisia",1961,0.724754305284885,92.17,0,0,0,0,0,0,0,0,0,0,0,0,0,0,0,0,0,0,0,0,0,0,0,0,15.1,0.03,0,0,0,0.02,0,0,0,0,0,0,0,0,0.02,0,0,0,0,0,0,0,0,77
"Tunisia",1962,0.631477903289735,69.6,0,0,0,0,0,0,0,0,0,0,0,0,0,0,0,0,0,0,0,0,0,0,0,0,15.8,0.5,0,0,0,0.3,0,0,0,0,0,0,0,0,0,0,0,0,0,0,0,0,0,53
"Tunisia",1963,0.370365550164958,81.85,0,0,0,0,0,0,0,0,0,0,0,0,0,0,0,0,0,0,0,0.08,0,0,0,0,28.7,0.24,0,0,0,14.61,0,0,0,0,0,0,0,0.16,0.06,0,0,0,0,0,0,0,0,38
"Tunisia",1964,0.514808643362216,70.05,0,0,0,0,0,0,0,0,0,0,0,0,0,0,0,0,0,0,0,0,0,0,0,0,20.1,1.79,0,0,0,0.15,0,0,0,0,0.04,0,0,1.69,0.27,0.01,0,0,0,0,0,0,0,46
"Tunisia",1965,0.425190122378277,91.35,0,0,0,0,0,0,0,0,0,0,0,0,0,0,0,0,0,0,0,2.13,0.07,0,0.19,0,22.1,8.99,0,0,0,2.11,0,0,0,0.04,0.02,0,0,0.81,0.15,0.08,0,0,0,0,0,0,0.17,54.49
"Tunisia",1966,0.318933990179021,84.09,0,0,0,0,0,0,0,0,0,0,0,0,0,0,0,0,0,0,0,2.28,0.82,0,0.52,0,16.5,4.53,0,0,0,0.08,0,0,0,0,0.04,0,0,0,0.25,0.06,0,0,0,18.06,0,0,0.58,40.37
"Tunisia",1967,0.343666771342182,90.88,0,0,0,0,0,0,0,0,0,0,0,0,0,0,0,0,0,0,0,1.77,1.13,0,0.39,0,11.1,6.07,0,0,0,20.87,0,0,0,0.13,0.02,0,0,1.02,0.19,0.01,0,0,0,0,0,0,0.89,47.29
"Tunisia",1968,0.373867434380131,66.91,0,0,0,0,0,0,0,0,0,0,0,0,0,0,0,0,0,0,0,0,1.19,0,0.29,0,13.7,8.89,0,0,0,0.42,0,0,0,0.05,0.01,0,0,1.31,0.24,0,0,0,0,0,0,0,3.51,37.3
"Tunisia",1969,0.211853036778386,86.87,0,0,0,0,0,0,0,0,0,0,0,0,0,0,0,0,0,0,0,3.53,2.64,0,1.03,0,22.4,16.78,0,0,0,2.51,0,0,0,0.71,0.06,0,0,2.76,0.27,0.01,0,0,0,0,0,0,7.17,27
"Tunisia",1970,0.278277942233786,106.44,0,0,0,0,0,0,0,0,0,0,0,0,0,0,0,0,0,0,0,0.05,3.17,0,1.5,0,26.5,13.38,0,0,0,2.67,0,0,0,1.32,0.29,0,0,3.87,0.34,0.17,0,0,1.22,0,0,0,4.96,47
"Tunisia",1971,0.242090126474652,97,0,0,0,0,0,0,0,0,0,0,0,0,0,0,0,0,0,0,0,0.3,3.41,0,1.15,0.1,24,16.23,0,0,0,3.11,0,0,0,1.3,0.03,0,0,2.31,0.32,0.05,0,0,1.61,0,0,0,6.08,37
"Tunisia",1972,0.211842027509303,111.67,0,0,0,0,0,0,0,0,0,0,0,0,0,0,0,0,0,0,0,0.36,3.8,0,0.27,0.11,30.71,21.1,0,0,0,0.33,0,0,0,2.32,0.06,0,0,4.72,0.26,0.37,0,0,1.7,0,0,0,13.56,32
"Tunisia",1973,0.18151128420583,131.2,0,0,0,0,0,0,0,0,0,0,0,0,0,0,0,0,0,0,0,0.48,6.68,0,1.1,0.1,42.66,19.79,0,0,0,17.92,0,0,0,2.04,0.02,0,0,9.11,0.4,0.29,0,0,1.07,0,0,0,11.54,18
"Tunisia",1974,0.159260441497411,144.73,0.01,0,0,0,0,0,0,0,0,0,0,0,0,0,0,0,0,0,0,2.17,8.19,0,0.27,0.03,40.85,26.33,0,0,0,11.63,0,0,0,1.82,0,0,0,11.9,0.3,0.29,0,0,1.12,1.41,5.1,0,12.31,21
"Tunisia",1975,0.132052181187534,178.08,0.1,0,0,0,0,0,0,0,0,0,0,0,0,0,0,0,0,0,0,0.72,7.96,0,0.16,0.03,43.23,29.34,0,0,0,7.27,0,0,0,5.38,0,0,0,13.46,0.4,0.19,0,0,5.66,19.47,20.77,0,12.94,11
"Tunisia",1976,0.159360385918146,194.22,0.27,0,0,0,0,0,0,0,0,0,0,0,0,0,0,0,0,0,0,0.17,9.57,0,0.49,0.04,57.07,38.59,0,0,0,20.58,0,0,0,5.22,4.65,0,0,11.71,0.38,0.53,0,0,14.14,0,6.19,0,15.62,9
"Tunisia",1977,0.178795697514648,224.85,0.84,0,0,0,0,0,0,0,0,0,0,0,0,0,0,0,0,0,0,0.25,10.26,0,0.4,0,57,64.95,0,0,0,6.3,0,0,0,7.52,0,0,0,14.46,0.36,0.37,0,0,8.05,0.49,26.09,0,9.51,18
"Tunisia",1978,0.159528733672721,303.45,16.55,0,0,0,0,0,0,0,0,0,0,0,0,0,0,0,0,0,0,70.9,12.06,0,0.13,0,69.57,56.85,0,0,0,0.68,0,0,0,8.49,0,0,0,7.36,0.33,0.47,0,0,14.47,2.86,2.36,0,18.37,22
"Tunisia",1979,0.164215983957549,227.34,7.37,0,0,0,0,0,0,0,0,0,0,0,0,0,0,0,0,0,0,2.01,15.8,0,1.3,0,65.68,49.67,0,0,0,0.44,0,0,0,10.39,0,0,0,7.63,0.76,0.17,0,0,19.21,25.06,0.29,0,10.56,11
"Tunisia",1980,0.185405397914801,247.33,5.46,0,0,0,0,0,0,0,0,0,0,0,0,0,0,0,0,0,0,0.52,16.68,0,0.18,0,86.9,35.85,0,0,0,1.43,0,0,0,8.8,0,0,0,6.76,0.85,0.16,0,0,30.36,28.17,0.07,0,8.14,17
"Tunisia",1981,0.160931583340743,250.35,22.29,0,0,0,0,0,0,0,0,0,0,0,0,0,0,0,0,0,0,11.67,7.96,0,0.03,0.01,57.09,64.79,0,0,0,1.46,0,0,0,4.48,0,0,0,2.27,1.83,0.17,0,0,18.85,36.19,0,0,8.26,13
"Tunisia",1982,0.194929559849959,226.01,10.38,0,0,0,0.03,0,0,0,0,0,0,0,0,0,0,0,0,0,0,0.26,5.65,0,0.13,0,58.75,67.02,0,0,0,5.47,0,0,0,3.2,0,0,0,1.2,1.42,1.27,0,0,6.35,37.65,0,0,13.23,14
"Tunisia",1983,0.149090231679418,216.85,13.89,0,0,0,0.03,0,0,0,0,0,0,0,0,0,0,0,0,0,0,8.54,7.67,0,0.03,0,44.01,57.7,0,0,0,13.66,0,0,0,3.12,0,0,0,2.12,1.45,0.18,0,0,15.56,15.74,0,0,7.15,26
"Tunisia",1984,0.157978103404405,200.58,19.9,0,0,0,0,0,0,0,0,0,0,0,0,0,0,0,0,0,0,0.4,3.07,0,0,0,56.28,36.25,0,0,0,10.91,0,0,0,7.51,0.01,0,0,1.59,0.55,2.89,0,0,19.44,3.31,2.81,0,6.66,29
"Tunisia",1985,0.162476162972825,180.8,11.42,0,0,0,0.06,0,0,0,0,0,0,0,0,0,0,0,0,0,0,2.69,3.95,0,0,0.83,55.12,27.99,0,0,0,24.8,0,0,0,4.71,0,0,0,0.55,0.29,1.79,0,0,15.92,4.78,3.66,0,2.24,20
"Tunisia",1986,0.15130238148483,238.84,7.88,0,0,0,0,0,0,0,0,0,0,0,0,0,0,0,0,0,0,0.85,5.27,0,0,0.01,64.8,29.1,0,0,0,38.54,0,0,0,10,0,0,0,4.42,0.19,0.71,0,0,22.19,11.65,5.15,0,3.08,35
"Tunisia",1987,0.159702403372377,334.33,5.67,0,0,0,0,0,0,0,0,0,0,0,0,0,0,0,0,0,0,0.9,3.12,0,0,0,66.01,44.93,0,0,0,89.35,0,0,0,7.13,0,0,2.2,0.54,3.3,1.22,0,0,25.12,21.99,6.43,0,10.42,46
"Tunisia",1988,0.148534740919119,339.73,41.97,0,0,0,0,0,0,0,0,0,0,0,0,0,0,0,0,0,0,0.79,3.01,0,0,0.1,53.37,56.98,0,0,0,78.14,0,0,0,1.55,0,0,1.2,2.69,0.46,0.84,0,0,15.8,18.98,3.06,0,11.79,49
"Tunisia",1989,0.140272210228878,304.53,36.51,0,0,0,0,0,0,0,0,0,0,0,0,0,0,0,0,0,0,0.51,3.92,0,0,0.02,64.67,49.24,0,0,0,41.53,0,0,0,4.52,0,0,2.7,0.07,0.17,1.39,0,0,16.44,15.7,3.03,0,13.11,51
"Tunisia",1990,0.134991222604464,434.73,35.62,0,0,0,0,0,0,0,0,0,0,0,0,0,0,0,0,0,0,0.63,7.81,0,0,0.27,89.89,61.05,0,0,0,70.9,0,0.23,0,5.39,0.08,0,1.53,18.95,0.6,0.73,0,0,24.95,66.17,2.06,0,3.87,44
"Tunisia",1991,0.184352947613029,400.6,30.26,0.04,0,0,0,0,0,0,0,0,0,0,0,0,0,0,0,0,0,0.22,13.92,0,0,0.22,104.38,69.34,0,0,0.01,108.1,0,0,0,1.79,0,0,3.02,7.78,11.3,2.04,0,0,0,14.7,0,0,9.48,24
"Tunisia",1992,0.253552743600684,418.24,7.35,0.05,0,0,0,0,0,0,0,0,0,0,0,0,0,0,0,0,0,0.84,10.87,0,0,0,108.51,59.01,0,0,0,167.9,0,0.08,0,7.86,0,0,10.3,7.29,0.91,0.5,0,0,0,11.69,0.01,0,7.07,18
"Tunisia",1993,0.22902604493627,269.89,11.81,0.08,0,0,0,0,0,0,0,0,0,0,0,0,0,0,0,0,0,0.89,6.47,0,0,0.01,103.45,51.25,0,0,0.01,52.64,0,1.45,0,1.99,0.13,0.06,2.37,2.21,1.79,0.37,0,0,0.01,17.13,4.45,0,4.32,7
"Tunisia",1994,0.195831139702353,265.32,6.31,0.29,0,0,0,0,0,0,0,0,0,0,0,0,0,0,0,0,0,1.16,8.64,0,0,0.01,79.54,43.94,0,0,0,18.99,0,1.86,0,8.39,0.07,0.18,1.55,7.36,0.91,0.27,0,0,69.47,7.07,0,0,5.31,4
"Tunisia",1995,0.282011393354199,216.74,8.55,0.22,0,0,0,0,0,0,0,0,0,0,0,0,0,0,0,0,0,0.81,6.41,0,0,0,106.62,35.6,0,0,0,13.28,0,0.62,0,8.22,0,0,9.22,1.18,1.22,0.3,0,0,9.65,6,0.5,0.01,3.33,5
"Tunisia",1996,0.250973449611937,232.69,14.02,0.38,0,0,0,0,0,0,0,0,0,0,0,0,0,0,0,0,0,0.96,11.74,0,0,0,104.14,39.7,0.03,0,0,23.86,0,2.02,0,7.56,0.03,0.02,8.4,1.17,0.98,0.22,0,0,2.5,10.02,0.25,0,4.69,0
"Tunisia",1997,0.225970122581392,237.61,29.36,0.21,0,0,0,0,0,0,0,0,0,0,0,0,0,0,0,0,0,0.54,4.18,0,0,0.01,87.71,61.5,0.26,0,0.02,9.22,0,4.48,0,7.23,0.12,0.03,11.29,0.51,1.12,0.32,0,0.02,8.06,5.93,0,0,3.49,2
"Tunisia",1998,0.233308849771762,255.02,45.69,1.3,0,0,0,0,0,0,0,0,0,0,0,0,0.04,0,0,0,0,0.81,10.78,0,0,0.02,101.11,49.31,0.25,0,0,10.01,0,4.58,0,3.06,0.24,0,7.9,0.42,2.24,0.42,0,0.04,9.58,2.39,0.11,0.01,4,0.71
"Tunisia",1999,0.288383103944196,277.09,48.84,7.7,0,0,0,0,0,0,0,0,0,0,0,0,0.02,0,0,0,0,0.56,7,0,0.02,0.01,133.39,40.39,0.19,0,0,8.79,0,2.64,0,7.71,0.26,0,3.8,1.51,0.48,0.21,0,0.16,5.89,2.03,0.54,0,4.86,0.09
"Tunisia",2000,0.264020039683055,308.55,94.37,12.02,0,0,0,0,0,0,0,0,0,0,0,0,0.03,0,0,0,0,0.36,10.07,0,0.01,0,120.04,34.94,0.37,0,0,17.25,0,1.65,0,1.6,0.17,0,4.5,0.39,1.53,0.19,0,0,2.61,2.22,0.02,0.04,3.98,0.19
"Tunisia",2001,0.271979205174036,321.5,107.95,2.07,0,0,0,0,0,0,0,0,0,0,0,0,0.04,0,0,0,0,0.33,2.5,0,0,0,117.95,40.64,0.25,0,0,27.85,0,2.14,0,3.07,0.03,0.02,8.99,0.38,0.76,0.05,0,0,1.22,2.61,0.35,0.01,2.25,0.04
"Tunisia",2002,0.261321107580504,313.71,85.47,0.28,0,0,0,0,0,0,0,0.02,0,0,0,0,0.04,0,0,0,0,0.23,2.23,0,0,0.01,124.47,37.05,0.29,0,0,37.05,0,2.34,0,0.16,0.07,0.07,10.15,0.1,1.63,0,0,0,6.67,0,2.26,0,2.88,0.24
"Tunisia",2003,0.266585389290387,384.07,119.51,0.22,0,0,0,0,0,0,0,0.01,0,0,0,0,0.04,0,0,0,0,0.33,2.46,0,0,0.05,147.17,44.22,0.45,0,0,33.16,0,2.88,0,0.47,0.07,0.02,14.83,0.6,1.46,0,0,0,5.03,0,6.85,0,4.21,0.03
"Tunisia",2004,0.280075543842104,423.22,100.47,1.25,0,0,0,0,0,0,0,0.01,0,0,0,0,0.03,0,0,0,0,0.32,2.86,0,0,0.07,187.31,48.64,0.34,0,0,48.4,0,1.58,0,0.66,0.08,0.06,12.19,0.63,0.8,0,0,0,3.85,0,9.11,0.02,4.2,0.34
"Tunisia",2005,0.313348225483912,428.85,97.65,0.86,0,0,0,0,0,0,0,0.01,0,0,0,0,0,0,0,0,0,0.33,2.44,0,0,0.09,209.86,55.51,0.18,0,0,19.8,0,0.81,0,0.51,0.03,0.07,9.83,0.5,0.71,21.23,0,0.04,0.63,0,2.64,1.29,3.68,0.15
"Tunisia",2006,0.290636951138948,482.3,64.14,0.5,0,0,0,0,0,0,0,0.02,0,0,0,0,0.02,0,0,0,0,0.26,10.93,0,0,0.07,234.27,68.32,0.11,0,0,55.78,0,1.39,0,0.03,0,0.05,20.38,0.73,1.3,16.49,0,0.11,0.63,0,2.33,0.56,3.63,0.25
"Tunisia",2007,0.331267514704817,440.08,65.51,1.18,0,0,0,0,0,0,0,0.01,0,0.01,0,0,0.07,0,0,0,0,0.27,9.7,0,0,0.06,230.74,70.72,0.17,0,0,29.29,0,1.02,0,0,0,0.08,25.72,0.86,0.56,0.12,0,0.03,0.3,0,0.47,0.56,2.23,0.4
"Tunisia",2008,0.350873951182412,470.61,103.48,3.48,0,0,0,0,0,0,0,0.01,0,0,0,0,0.1,0,0,0,0,0.37,9.88,0,0,0.08,250,62.06,0.21,0,0,7.61,0,1.34,0,0,0,0.1,21.32,0.1,2.11,1.46,0,0.04,0.08,0,0.76,1.29,4.04,0.69
"Tunisia",2009,0.276572329517842,586.33,82.56,3.62,0,0.03,0,0,0,0,0,0,0,0,0,0,0.06,0,0,0,0,0.6,2.41,0,0,0.16,256.2,70.47,0.17,0,0,23.83,0,0.61,0,0.14,0,0.06,130.48,0.55,1.44,3.82,0,0.08,1.54,0,0.22,0.7,5.03,1.55
"Tunisia",2010,0.248621556977392,605.37,118.38,5.2,0,0.02,0,0,0,0,0,0.02,0,0,0,0,0.02,0.03,0,0,0,0.95,1.45,0,0,0.32,213.49,62.19,0.21,0,0,25.73,0,0,0,0.1,0,0.03,164.01,0,0.96,2.52,0,0.07,7.29,0,0.7,0.34,0.35,0.99
"Tunisia",2011,0.315962687853197,739.67,109.76,3.46,0,0,0.64,0,0,0,0,0.08,0,0,0,0,0.06,0.13,0.87,0,0.01,0.44,6.77,0,0.81,2.04,385.11,61.01,0.13,0,0.08,17.69,0,0.13,0,1.35,0,0.01,88.69,7.76,10.96,8.21,0,0,9.35,0,11.21,0.61,4.4,7.9
"Tunisia",2012,0.297268143632927,687.71,41.26,5.14,0,0,0.69,0,0,0,0,0.06,0.03,0,0,0,0.3,1.55,0.04,0.41,0,0.4,0.65,0,3.5,0.58,344.06,65.48,0.09,0,0.01,3.99,0,1.08,0,1.43,0.43,0.05,1.57,4.37,17.95,11.7,0,0,4.71,0,5.92,60.39,0.43,109.44
"Tunisia",2013,0.186586366226729,468.36,42.16,6.04,0,0.01,0.29,0.02,0,0,0,0.05,0.11,0,0,0.02,0.37,0.03,1.98,0.39,0,0.53,1.14,0,3.55,0.49,169.16,82.44,0.01,0,0,21.06,0,1.19,0,2.77,0.1,0.06,31.08,5.95,20.91,10.92,0,0,5.5,0,5.39,36.19,0.98,17.47
"Tunisia",2014,0.180446569621062,700.72,96.63,4.71,0,0,0.34,0,0,0,0,0.05,0.12,0.11,0,0,0.34,0.02,5.65,0.12,0,0.59,0.66,0,5.75,0.75,175.17,74.45,0.27,0,0,23.01,0,1.54,0,2.11,1.05,0.07,0.44,6.13,18.11,13.23,0,0,19.73,0,29.18,200.7,1.07,18.62
"Tunisia",2015,0.179977947987173,418.33,47.34,4.85,0,0,0.07,0,0,0,0,0.06,0,0.68,0,0,0.27,1.46,1.12,0,0,0.51,0.95,0,5.56,0.65,120.41,110.83,0.22,0,0,29.47,0,0.53,0,0.32,3.13,0.07,3.18,3.64,26.87,9.64,0,0,11.17,0,11.75,1.35,1.51,20.72
"Tunisia",2016,0.206943725266233,499.99,59.8,5.7,0,0,0.08,0.01,0,0,0,0.06,0.01,0.95,0,0,0.14,0.03,0,0,0,1.27,0.72,0,1.64,0.98,151.45,150.58,0.22,0,0,25.99,0,0.44,0,0.84,1.91,0.17,4.27,1.72,19.91,13.28,0,0.07,10.8,0,2.18,12.31,1.51,30.95
"Tunisia",2017,0.205865458729661,637.48,110.18,5.36,0,0.03,0.08,0,0,0,0,0.02,0,0.97,0,0,0.05,0.04,0,0,0,4.4,1.59,0,2.61,0.89,179.54,186.93,0.22,0,0,50.7,0,0.97,0.01,1.3,2.28,0.21,1.59,2.62,18.9,13.36,0,0,16.31,0,2.5,2.58,1.6,29.64
"Tunisia",2018,0.208703332455945,830.41,157.32,0,0,0,0.03,0,0,0,0,0.03,0,2.36,0,0,0.04,0.11,0,0,0,2.43,1.03,0,0.28,0.33,162.64,288.76,0.24,0,0,28.79,0,1.11,0,5.59,8.1,0.24,3.49,3.1,16.15,17.55,0,0.04,73.2,0,0.87,1.3,6.25,49.03
"Tunisia",2019,0.207304514217076,1104,178.46,0,0,0,0.02,0,0,0,0,0.02,0,3.74,0,0,0.18,0.04,0,0,0.05,0.82,1.2,0,0.06,0.24,282.62,345.14,0,0,0,48.42,0,1.25,0,22.06,7.99,0.18,12.24,1.61,18.36,24.67,0,0,12.35,0,1.52,2.49,5.53,132.74
"Tunisia",2020,0.236188642196434,1006.9,57.34,0,0,0,0,0,0,0,0,0.02,0,3.98,0,0,0.26,0.04,0,0,0.03,0.48,0.64,0,3.61,0.37,237.74,398.76,0,0,0.01,94.36,0,0.3,0.05,4.22,0.21,0.23,7.05,1.65,30.47,19.96,0,0,21.64,0,10.17,9.5,5.75,98.06
"Tunisia",2021,0.242359900317441,1113.99,86.54,0,0,0,0.01,0,0,0.01,0.01,0.84,0,5.41,0.33,0,3.5,0.48,0,0,0.03,3.35,0.59,0,2.95,0.3,286.36,440.58,0.67,0,0.01,54,0,0.36,0.18,15.16,0.31,0.09,5.46,2.54,22.75,13.73,0,0.02,23.29,0,21.71,1.45,11.11,109.86
"Tunisia",2022,0.299217554101229,1629.915037,81.758514,8.112236,0,0,0.033416,0,0,0.039264,2.761866,0.58768,0,13.578338,0.94303,0.00073,0.762036,0.134882,0,0,0.04998,11.774442,0.271214,0,4.263874,0.555836,231.656048,834.008272,0,0,0,93.096033,0,0.965692,0.016952,35.554254,3.825579,1.859678,0,2.659652,56.851483,12.0639,0,0.071384,36.176847,0,30.394855,2.164354,11.716434,151.206282
"Tunisia",2023,0.210965327089259,1540.307302,371.262321,10.698062,0,0,0.0179,0,0.00307,0.018146,0,2.525718,0,8.037906,0,0,0.688926,0.25401,0,0,0,1.392948,0.268166,0,2.85251,0.642232,163.643167,509.327768,0,0,0,63.534156,0,1.150068,0.20545,45.459314,3.215652,0.236118,0,2.335906,65.979661,8.803792,0,0.039768,6.471586,0,0,2.532358,12.706671,256.003952
"Tunisia",2024,0.15242308108401,1374.233658,239.691167,21.905624,0,0,0.03637,0,0.002922,0.024632,0.024994,2.20062,0,6.634812,0,0,0.604064,0.272432,0,0,0,5.623856,0.97531,0.06351,0.957686,0.533156,273.625425,297.385036,0.434246,0,0.009306,181.256838,0,0.96054,0.109014,39.933724,2.671728,0.209188,0,3.403768,50.95697,9.492557,0,0.014568,53.056914,0,0,1.795324,17.329409,162.037948
"Tunisia",2025,NA,0,0,0,0,0,0,0,0,0,0,0,0,0,0,0,0,0,0,0,0,0,0,0,0,0,0,0,0,0,0,0,0,0,0,0,0,0,0,0,0,0,0,0,0,0,0,0,0,0
"Uganda",1962,0.802070938061238,28.47,0,0,0,0,0,0,0,0,0,0,0,0,0,0,0,0,0,0,0,0,0,0,0,0,0,0.02,0,0,0,0.07,0,0,0,0,0,0,0,0,0,25.32,0,0,0,0,0,0,0.06,3
"Uganda",1963,0.79963157903495,20.51,0,0,0,0,0,0,0,0,0,0,0,0,0,0,0,0,0,0,0,0,0,0,0,0,0,0.06,0,0,0,0.19,0,0,0,0,0,0,0,0.01,0,18.23,0,0,0,0,0,0,0.02,2
"Uganda",1964,0.774561300561662,21.51,0,0,0,0,0,0,0,0,0,0,0,0,0,0,0,0,0,0,0,0.01,0,0,0,0,0,0.11,0,0,0,0.01,0,0,0,0,0.18,0,0,0.01,0,18.82,0,0,0,0,0,0,0.37,2
"Uganda",1965,0.554662421988122,20.29,0.02,0,0,0,0.02,0,0,0,0,0,0,0,0,0,0,0,0,0,0,0,0,0,0.01,0,0,0.43,0,0,0,0.01,0,0,0,0,0.25,0,0,0.01,0,14.38,0,0,0,0,0,0,0.58,4.58
"Uganda",1966,0.367060546963015,24.02,0.03,0,0,0,0.08,0,0,0,0,0,0,0,0,0,0,0,0,0,0,0,0,0,0.02,0,0,5.59,0,0,0,0,0,0,0,0,0.35,0,0,0,0,12.88,0,0,0,0.53,0,0,0.87,3.67
"Uganda",1967,0.464579602408657,21.79,0.03,0,0,0,0.08,0,0,0,0,0,0,0,0,0,0,0,0,0,0,0.22,0.01,0,0.05,0,0,1.51,0,0,0,0,0,0,0,0,0.58,0,0,0.01,0,14.03,0,0,0,0,0,0,0.74,4.53
"Uganda",1968,0.335483731403922,18.37,0.14,0,0,0,0.1,0,0,0,0,0,0,0,0,0,0,0,0,0,0,0,0.01,0,0.11,0,0,3.3,0,0,0,0.01,0,0,0,0,0.7,0,0,0,0.01,9.29,0,0,0,0,0,0,0.86,3.84
"Uganda",1969,0.302759914395626,20.01,0.34,0,0,0,0.11,0,0,0,0,0,0,0,0,0,0,0,0,0,0,0,0,0,1.24,0,0,2.86,0,0,0,0.01,0,0,0,0,0.7,0,0,0.16,0.01,9.7,0,0,0,0,0,0,0.88,4
"Uganda",1970,0.261924385902456,26.5,0.9,0,0,0,0.12,0,0,0,0,0,0,0,0,0,0,0,0,0,0,0,0.01,0,2.04,0,0,2.83,0,0,0,0.24,0,0,0,0.77,0.98,0,0,0,0,11.89,0,0,0,0,0,0,1.72,5
"Uganda",1971,0.26041965813033,22.64,0.27,0,0,0,0.12,0,0,0,0,0,0,0,0,0,0,0,0,0,0,0,0.02,0,1.67,0.04,0,2.31,0,0,0,0.09,0,0,0,0.5,1.16,0,0,0.02,0.02,9.8,0,0,0,0,0,0,1.62,5
"Uganda",1972,0.333047635328638,46.22,1.3,0,0,0,0.11,0.01,0,0,0,0,0,0,0,0,0,0,0,0,0,0,0.03,0,3.11,0.12,0,1.93,0,0,0,0.08,0,0,0,0.36,1.83,0,0,0.05,0.03,24.99,0,0,0,7.5,0,0,1.77,3
"Uganda",1973,0.221103562067624,20.13,0.6,0,0,0,0.05,0,0,0,0,0,0,0,0,0,0,0,0,0,0,0,0.01,0,0.77,0.02,0,2.57,0,0,0,0.05,0,0,0,0.28,0.36,0,0,0.1,0.02,4.44,0,0,0,7.5,0,0,1.36,2
"Uganda",1974,0.232559650431948,10.38,0.53,0,0,0,0.12,0,0,0,0,0,0,0,0,0,0,0,0,0,0,0,0.01,0,0.53,0.02,0,4.34,0,0,0,0.13,0,0,0,1.78,0,0,0,0,0.03,1.01,0,0,0.6,0,0,0,0.28,1
"Uganda",1975,0.4133744,25,0.46,0,0,0,0.16,0,0,0,0,0,0,0,0,0,0,0,0,0,0,0,0.01,0,0.19,0,0,2.54,0,0,0,0.33,0,0,0,0.72,0,0,0,0,0.03,0.46,0,0,0,15.3,4.01,0,0.79,0
"Uganda",1976,0.485005591909578,10.25,0.81,0,0,0,0.12,0,0,0,0,0,0,0,0,0,0,0,0,0,0,0.03,0.02,0,0.34,0.01,0,7.02,0,0,0,0.38,0,0,0,0.65,0,0,0,0,0.03,0.16,0,0,0.11,0.04,0,0,0.53,0
"Uganda",1977,0.256820278841334,7.42,0.88,0,0,0,0.19,0,0,0,0,0,0,0,0,0,0,0,0,0,0,0.01,0.03,0,0.03,0,0,3.38,0,0,0,0.2,0,0,0,0.84,0,0,0,0,0.03,0.83,0,0,0.04,0.43,0,0,0.53,0
"Uganda",1978,0.181264566008204,13.64,0.62,0,0,0,0.14,0,0,0,0,0,0,0,0,0,0,0,0,0,0,0.25,0.05,0,0.03,0,0,3.07,0,0,0,0.2,0,0,0,0.67,0,0,0,0,0.12,2.18,0,0,0.34,0.02,3.59,0,2.36,0
"Uganda",1979,0.194111757248851,28.84,0.66,0,0,0,0.38,0,0,0,0,0,0,0,0,0,0,0,0,0,0,0.04,0.04,0,9.14,0.01,0,2.51,0,0,0,0.81,0,0,0,6.71,0.91,0,0,1.38,0.45,4.69,0,0,0.3,0.53,0.2,0,0.08,0
"Uganda",1980,0.162858601443613,43.12,0.12,0,0,0,1.78,0,0,0,0,0,0,0,0,0,0,0,0,0,0,0.06,0.21,0,1.69,0.17,4.1,6.36,0,0,0,0.13,0,0,0,4.28,0.39,0,0,2.42,0.66,6.69,0,0,0,0,0.12,0,0.94,13
"Uganda",1981,0.18176723934817,95.67,1.59,0,0,0,3.21,0.02,0,0,0,0,0,0,0,0,0,0,0,0,0,0.12,0.46,0,1.22,1.23,6.78,11.44,0,0,0,1.03,0,0,0,21.06,1.16,0,0,3.77,0.57,30.58,0,0,0.09,0,0,0,3.34,8
"Uganda",1982,0.161061429356283,57.22,1.53,0,0,0,4.55,0,0,0,0,0,0,0,0,0,0,0,0,0,0,0.03,0.16,0,1.26,0.64,3.26,7.69,0,0,0,1.03,0,0,0,2.1,7,0,0,0.43,0.54,18.64,0,0,0.12,0,1.3,0,4.94,2
"Uganda",1983,0.203867448157677,72.82,4.1,0,0,0,4.24,0.01,0,0,0,0,0,0,0,0,0,0,0,0,0,0.03,0.42,0,2.33,0.87,1.72,29.41,0,0,0.04,1.85,0,0,0,7.3,1.2,0,0,0.67,0.46,9.27,0,0,0.23,0,2.72,0,1.95,4
"Uganda",1984,0.110037070263853,50.04,5.6,0,0,0,3.51,0.01,0,0,0,0,0,0,0,0,0,0,0,0,0,0.05,0.25,0,2.61,0.14,1.87,3.52,0,0,0.05,6.74,0,0,0,4.59,1.06,0,0,0.16,0.34,9.46,0,0,0.17,0,0.38,0,6.53,3
"Uganda",1985,0.143547342792986,45.52,3.22,0,0,0,0.26,0.01,0,0,0,0,0,0,0,0,0,0,0,0,0,0.04,1.65,0,0.76,0.4,1.7,4.36,0,0,0.02,10.79,0,0,0,1.89,1.15,0,0,0,0.3,10.37,0,0,1.02,0,0,0,2.58,5
"Uganda",1986,0.175523430391506,86.39,3.08,0,0,0,0.18,0.01,0,0,0,0,0,0,0,0,0,0,0,0,0,0.07,0.17,0,2.81,1.63,1.1,12.86,0,0,0.06,30.02,0,0,0,6.25,2.2,0,0,1.89,1.56,10.83,0,0,6.01,0,0,0,1.66,4
"Uganda",1987,0.155947873312545,91.61,0.56,0,0,0,0.1,0.01,0,0,0,0,0,0,0,0,0,0,0,0,0,0.12,0.47,0,4.92,0.67,1.06,15.77,0,0,0.12,25.11,0,0,0,2.19,2.65,0,0,3.96,1.79,12.74,0,0,3.1,0,0.13,0,2.14,14
"Uganda",1988,0.116373976423702,201.28,9.51,0,0,0,0.55,0,0,0,0,0,0,0,0,0,0,0,0,0,0,7.67,0.51,0,11.59,7.59,2.78,18.72,0,0,0.21,21.79,0,0,0,6.26,3.46,0,0,11.15,8.97,49.92,0,0,0.71,0,0.27,0,21.62,18
"Uganda",1989,0.12091773747025,167.36,1.1,0,0,0,0.6,0,0,0,0,0,0,0,0,0,0,0,0,0,0,4.83,0.41,0,15.78,0.76,5.77,19.94,0,0,0.08,14,0,0,0,5.39,4.54,0,4.72,16.29,3.1,40.65,0,0,0.29,1.33,0.22,0,6.56,21
"Uganda",1990,0.104921254383292,258.92,9.47,0.01,0,0,0.48,0,0,0,0,0,0,0,0,0,0,0,0,0,0,7.77,10.55,0,25.43,1.46,7.36,26.95,0,0,0.11,45.07,0,0,0,3.82,7.35,0,0.96,14.54,12.52,36.01,0,0,0.68,2.26,0,0,7.12,39
"Uganda",1991,0.108912653337411,303.65,14.92,0.25,0,0,0.47,0,0,0,0,0,0,0,0,0,0,0,0,0,0,1.98,0.63,0,32.39,1.48,10.42,34.2,0,0,0.11,17.33,0,0,0,22.87,5.2,0,11.17,34.26,7.18,51.53,0,0,0.06,0.94,0,0,5.26,51
"Uganda",1992,0.0930750799977748,257.2,14.57,0.17,0,0,0.93,0.02,0,0,0,0,0,0,0,0,0,0,0,0,0,5.12,0.9,0,37.14,1.49,7.27,22.98,0,0,0.32,11.84,0,0.05,0,15.09,9.9,0,18.21,29,9.31,40.76,0,0,0.49,0.52,0,0,9.12,22
"Uganda",1993,0.114534950967473,353.7,39.67,0.19,0,0,1.02,0.03,0,0,0,0,0,0,0,0,0,0,0,0,0,7.15,1.52,0,45.35,0.47,6.03,56.08,0,0,0.64,11.21,0,0.02,0,23.08,13.3,0,6.79,16.58,7.27,54.65,0,0,1.9,0.05,0,0.01,3.69,57
"Uganda",1994,0.10413999300318,362.19,48.79,2.48,0.01,0,1.25,0.09,0,0,0,0,0,0,0,0,0,0,0,0,0,21.73,1.92,0,52.96,0.31,3.57,29.54,0,0,2,5.66,0,0.03,0,25.46,19.29,0,2.57,25.38,0.58,51.99,0,0,8.11,2.76,0,0,4.71,51
"Uganda",1995,0.093130180323321,438.95,41.8,4.62,0,0,1.24,0.13,0,0,0,0,0,0,0,0,0,0,0,0,0,17.43,5.32,0,60.09,1.28,10.52,47.22,0,0,5.04,25.93,0,0.9,0,31.81,20.48,0,4.72,25.31,8.91,67.66,0,0,5.34,2.65,0,0,1.55,49
"Uganda",1996,0.107658856222288,383.04,26.9,0.7,0,0,1.58,0.03,0,0,0,0,0,0,0,0,0,0,0,0,0,15.16,1.75,0,67.97,1.07,13.65,40.36,0,0,4.9,7.03,0,0,0,32.63,21.24,0,5.89,32.65,0.7,69.4,0,0,6.71,2.05,0,0,1.67,29
"Uganda",1997,0.106212833197413,453.65,26.86,0.33,0,0,2.03,0.34,0,0,0,0,0,0,0,0,0,0,0,0,0,11.1,2.82,0,58.36,1.08,5.93,38.54,0,0,9.81,75.05,0,0.06,0,33.35,27.81,0,0.54,31.33,7.23,78.18,0,0.12,2.42,1.2,0,0,3.16,36
"Uganda",1998,0.140470182340854,390.83,23.91,0.15,0,0,2,0.05,0,0,0,0,0,0,0,0,0.03,0,0,0,0,12.78,8.59,0,70.78,1.13,3.69,28.28,0.08,0,8.72,5.17,0,0.1,0,35.32,31.71,0,0.66,9.66,1.12,105.24,0,0.14,0.79,1.52,0,0,3.46,35.75
"Uganda",1999,0.125014101470765,390.55,28.22,0.09,0,0,0.7,0.27,0,0,0,0,0,0,0,0,0.01,0,0,0,0,21.26,2.12,0,58.9,6.54,2.43,28.59,0.08,0,11.93,5.24,0,0,0,26.45,25.45,0,0.63,20.34,1.77,96.37,0,0.2,1.71,1.23,0,0,2.62,47.4
"Uganda",2000,0.185412987482014,592.35,22.37,0.15,0,0,1.49,0.41,0,0,0,0,0,0,0,0,0,0,0,0,0,4.57,6.73,0,59.81,0.7,8.39,18.71,0.1,0,13.02,83.25,0,0,0,43.33,21,0,0.64,22.66,1.21,217.18,0,5.43,0.14,1.53,0,0,1.61,57.92
"Uganda",2001,0.131550758144635,415.52,14.57,0.14,0,0,0.27,0.33,0,0,0,0,0,0,0,0,0,0,0,0,0,5.8,3.53,0,59.29,0.76,7.54,33.21,0.07,0.36,23.49,5.01,0,0,0,40.82,19.73,0,1,29.4,0.36,99.26,0,0.1,0,1.4,0,0,2.6,66.48
"Uganda",2002,0.12103433162924,482.25,8.08,0.28,0,0,0.6,0.22,0,0,0,0.02,0,0,0,0,0,0,0,0.03,0,5.42,2.14,0,44.05,0.78,15.84,34.33,0.06,0.48,37.01,26.68,0,0.05,0,43.5,32.62,0,6.12,23.47,0.57,83.98,0,0.14,0,0,0,0,6.43,109.35
"Uganda",2003,0.14937017746489,597.63,9.54,0.13,0,0,0.47,0.46,0,0,0,0.04,0,0,0,0,0,0,0,0.01,0,6.04,6.64,0,53.2,1.03,6.1,30.17,0.17,0.96,44.4,8.85,0,0.11,0,57.77,38.37,0,13.11,32.92,1.62,104.65,0,0.11,0,0,0,0,6.74,174.02
"Uganda",2004,0.135721895367738,751.46,69.63,0.21,0,0,0.56,0.21,0,0,0,0.07,0,0,0,0,0,0,0,0,0,9.35,8.14,0,63.34,2.42,7.82,41.75,0.07,1.22,47.62,8.23,0,0.11,0,70.92,41.67,0,6.63,42.74,3.16,107.64,0,0.08,0,0,0,0,10.16,207.71
"Uganda",2005,0.155363370943188,700.22,14.44,0.12,0,0,0.33,0.56,0,0,0,0.04,0,0,0,0,0.01,0,0,0.04,0,9.64,13.32,0,64.92,5.33,9.5,51.38,0.06,1.61,47.75,3.92,0,0.11,0,80.12,45.53,0,2.81,47.93,3.35,55.62,0,0.12,0,0,0,0.01,12.83,228.82
"Uganda",2006,0.149803999973638,945.08,21.78,0.16,0,0.05,2.78,0.15,0,0,0,0.33,0,0,0,0,0.01,0,0,0,0,11.48,14.85,0,80.17,6.07,6.53,54.56,0.03,2.28,57.63,9.56,0,0.11,0,82.38,50.46,0,2.74,62.59,3.57,214.41,0,0.06,0,0,0,0.01,14.11,246.22
"Uganda",2007,0.144997364207286,1025.57,27.51,1.29,0,0.02,3.04,0.73,0,0,0,0.09,0,0,0,0,0.02,0,0,0,0,11.66,15,0,109.85,6.1,10.53,47.58,0.18,2.56,65.85,13.28,0,1.55,0,70.43,69.77,0,19.71,56.55,4.44,166.13,0,0.08,0,0,0,0.06,19.99,301.57
"Uganda",2008,0.153491216407072,1042.03,57.01,0.68,0,0.02,1.08,0.16,0,0,0,0.05,0,0,0,0,0.03,0,0,0,0,15.65,17.03,0,83.19,5.61,21.05,37.84,0.27,3.2,80.87,12.4,0,1.62,0,82.85,74.97,0,38.15,64.07,3.76,65.66,0,0.23,0,0,0,0.5,21.2,352.88
"Uganda",2009,0.168299829275038,1031.47,54.04,1.24,0,0.09,1.79,0.2,0,0,0,0.3,0,0,0,0,0.01,0,0,0,0.03,12.56,22.16,0.01,93.47,4.57,17.2,60.06,0.22,3.17,64.46,8.95,0,1.04,0,45.01,67.32,0,14.75,52.65,3.34,118.89,0,0.07,0,0,0.13,0.01,16.85,366.88
"Uganda",2010,0.172971404431472,1014.87,71.24,1.88,0,0.01,2.52,0,0,0,0,0.14,0,0,0,0,0.03,0,0,0,0.05,14.38,28.3,0,81.22,5.85,4.04,41.08,0.19,3.07,58.01,11.4,0,0.27,0,36.65,71.44,0,5.43,43.29,1.79,180.12,0,0.15,0,0,0.19,0.85,5.75,345.53
"Uganda",2011,0.199030118296148,1003.92,58,2.41,0,0.02,11.09,0,0,0,0,0.02,0,0,0,0,0.19,0,0,0,0.12,14.59,14.16,0,68.79,4.89,3.46,62.39,0.2,3.32,59.48,9.29,0,0.79,0,14.86,80.98,0,2.99,41.16,1.4,146.22,0,0.55,2.04,0,0.3,0.72,6.45,393.04
"Uganda",2012,0.212219420711396,940.47,68.87,3.99,0,0.02,7.93,0,0,0,0,0.05,0,0.01,0,0,0,0,0.02,0,0.06,9.48,21.56,0,64.18,3.43,1.45,47.47,0.18,2.97,30.63,5.76,0,0.28,0,25.82,58.67,0,0.46,34.39,2.08,152.32,0,0.39,0,0,0.32,1.6,13.62,382.46
"Uganda",2013,0.226509672510065,1074.62,57.52,11.56,0,0.13,6.66,0,0,0,0,0.01,0.06,0.01,0,0,0.08,0,0,0.01,0.04,18.8,15.68,0,56.21,4.14,5.35,46.05,0.04,4.17,31.67,3.35,0,0.29,0,36.17,84.34,0,0.53,45.16,1.37,169.41,0,0.12,1.08,0,0.29,1.72,12.37,460.23
"Uganda",2014,0.229645449200483,1111.35,85.73,12.46,0,0.05,3.58,0.03,0,0,0,0.01,0.05,0.05,0,0,0.36,0,1.57,0.01,0.04,12.16,24.17,0.01,51.44,4.65,9.69,48.22,0.05,3.33,37.04,7.08,0,0.11,0.6,21.92,65.25,0,0.19,36.24,1.14,201.11,0,0.04,1.79,0,0.33,2.01,7.35,471.49
"Uganda",2015,0.231691957073271,978.47,70.48,23.23,0,0.11,3.72,0.12,0,0,0,0.08,0.09,0.03,0,0,0.23,0,1.08,0.02,0.03,10.65,16.8,0,29.59,6.12,10.55,52.84,0.04,3.38,25.45,3.46,0,0.08,0.04,14.69,46.54,0,0.15,41.78,2.4,188.97,0,0.03,1.42,0.09,1.03,0.31,8.72,414.12
"Uganda",2016,0.281325040253035,1082.03,66.85,27.98,0,0.09,1.4,0.05,0,0,0,0.08,0.04,0.72,0,0,0.05,0,0,0.01,0.03,11.81,18.39,0,41.89,3.07,14.12,47.14,0,4.92,26.39,4.05,0,0.08,0.03,17.23,43.98,0,0.22,44.4,2.03,149.97,0,0.06,5.87,0,1.65,1.14,5.97,540.32
"Uganda",2017,0.270866309336348,1310.73,64.58,29.22,0,0.1,7.24,0.03,0,0,0,0.17,0.06,0.07,0,0,0.01,0,0,0.05,0.08,14.33,22.34,0,46.45,4.94,52.36,67.68,0.01,5.17,28.05,4.2,0,0.23,0,19.07,30.01,0,0.56,57.36,3.15,181.5,0,0,5.43,0,3.77,2.49,18.67,641.35
"Uganda",2018,0.268807819495978,1358.34,73.06,0,0,0,1.2,0.12,0,0,0,0.01,0.12,0.36,0,0,0.31,0.01,0,0.01,0.06,8.69,27.84,0,40.56,5.63,75.95,56.5,0.01,7.97,32.06,7.13,0,0.41,0,32.81,38.35,0.05,0.75,65.77,3.74,168.18,0,0.68,23.62,0,3.48,0.34,17.77,664.79
"Uganda",2019,0.236319291823047,1261.09,65.48,0,0,0,1.04,0.1,0,0,0,0.07,0.04,8.87,0,0,0.38,0.06,0,0.08,0.07,16.55,37.58,0,32.67,5.44,24.15,73.73,0.02,6.77,25.08,7.06,0,0.38,0.09,36.05,41.17,0.04,1.18,65.65,3.93,225.38,0,0.19,2.69,0,10.49,1.57,16.19,550.85
"Uganda",2020,0.273629372362316,1356.18,42.44,0,0,0,1.97,0.21,0,0,0,0.02,0.03,1.2,0,0.03,0.63,0.04,0,0.15,0.07,13.19,25.1,0,73.29,7.22,91.1,65.07,0,6.23,27.04,6.11,0,0.55,0,39.1,42.93,0.03,1.79,81.1,3.01,124.03,0.11,0.15,1.69,0,6.92,1.24,16.96,675.43
"Uganda",2021,0.247245727757592,1391.23,66.39,0,0,0,3.13,0.09,0,0,0,0.01,1.42,8.74,0,0,0.14,0.01,0,0.18,1.17,16.52,49.69,0,65.32,6.37,79.43,84.82,0.01,8.08,28.78,6.5,0,0.63,0,37.65,33.42,0,22.82,80.14,3.39,89.01,0,0.17,3.05,0,3.95,0.66,30.61,658.93
"Uganda",2022,0.298896371625015,2455.759615,71.204526,68.057304,0,0.01335,8.643704,0.629024,0,0,0,0.088792,0.604078,8.541528,0,0.006696,0.251026,0,0,0.085358,0.621174,27.691134,46.053986,0,107.563143,9.155538,91.9224,131.735172,0.020098,16.256424,54.75367,15.775622,0,0.776654,0.009038,95.146798,64.681256,0,31.978746,119.821007,6.144126,119.528825,0.05255,0.144386,6.911143,0,0.70181,1.131188,43.699108,1305.359233
"Uganda",2023,0.346538006467946,2392.123361,119.588399,56.143787,0.064992,0,6.6488,0.105268,0,0,0,0.041074,0.307094,0.994378,0,0.00402,0.365964,0.018906,0,0.07749,0.50119,15.832655,46.724486,0,70.092056,9.647598,3.900549,209.53408,0.011314,18.498466,44.027758,13.519596,0,1.901984,0,88.442448,82.846755,0,2.93042,91.262569,6.308908,66.390666,0,0.038162,6.515059,0,3.017637,1.510076,52.684677,1371.62408
"Uganda",2024,0.277974402202407,2257.350473,87.302498,66.149596,0.014868,0.005278,6.582507,0.137782,0,0,0,0.13039,0.426778,1.032658,0,0.005492,0.273862,0.017106,0,0.096906,0.652398,36.818938,53.11692,0,90.615443,9.592333,125.041457,106.383259,0.005012,13.631694,45.548378,17.719811,0,2.422804,0.004608,125.987836,58.890301,0,4.630022,74.126199,6.182736,107.735708,0,0.205374,12.893153,0,8.114605,1.18224,43.106237,1150.567286
"Uganda",2025,NA,0,0,0,0,0,0,0,0,0,0,0,0,0,0,0,0,0,0,0,0,0,0,0,0,0,0,0,0,0,0,0,0,0,0,0,0,0,0,0,0,0,0,0,0,0,0,0,0,0
"Zambia",1964,0.98945184308782,20.77,0,0,0,0,0,0,0,0,0,0,0,0,0,0,0,0,0,0,0,0,0,0,0,0,0,0.08,0,0,0,0.02,0,0,0,0,0,0,0,0,0,20.66,0,0,0,0,0,0,0.01,0
"Zambia",1965,0.849373839631468,13.61,0,0,0,0,0.03,0,0,0,0,0,0,0,0,0,0,0,0,0,0,0,0,0,0,0,0,0.13,0,0,0,0,0,0,0,0,0,0,0,0.03,0.05,12.52,0,0,0,0,0,0,0.11,0.74
"Zambia",1966,0.885010649926976,29.05,0,0,0,0,0.08,0,0,0,0,0,0,0,0,0,0,0,0,0,0,0,0,0,0.12,0,0,0.11,0,0,0,0,0,0,0,0,0.08,0,0,0,0.03,27.31,0,0,0,0,0,0,0.42,0.9
"Zambia",1967,0.53445145605569,60.96,0,0,0,0,0.06,0,0,0,0,0,0,0,0,0,0,0,0,0,0,0,0,0,0.13,0,0,0.32,0,0,0,17.98,0,0,0,0,0.07,0,0,0.16,0,40.76,0,0,0,0,0,0,0.44,1.04
"Zambia",1968,0.406265782099261,30.19,0,0,0,0,0.13,0,0,0,0,0,0,0,0,0,0,0,0,0,0,0,0.01,0,0.34,0,0,0.84,0,0,0,12.45,0,0,0,0,0.14,0,0,0.35,0.02,14.61,0,0,0,0,0,0,0.6,0.7
"Zambia",1969,0.510628400077426,19.34,0,0,0,0,0.08,0,0,0,0,0,0,0,0,0,0,0,0,0,0,0,0,0,1.66,0,0,1.22,0,0,0,0.53,0,0,0,0,0.29,0,0,0.33,0.08,13.6,0,0,0,0,0,0,0.55,1
"Zambia",1970,0.273109639053032,13.04,0.05,0,0,0,0.23,0,0,0,0,0,0,0,0,0,0,0,0,0,0,0,0,0,2.13,0,0,1.25,0,0,0,0,0,0,0,0.49,0.69,0,0,0.43,0.04,6.17,0,0,0,0,0,0,0.56,1
"Zambia",1971,0.445189684463553,20.21,0.06,0,0,0,0.16,0,0,0,0,0,0,0,0,0,0,0,0,0,0,0,0.01,0,1.06,0.05,0,1.65,0,0,0,0.03,0,0,0,0.64,0.98,0,0,0.97,0.03,13.18,0,0,0,0,0,0,1.39,0
"Zambia",1972,0.322632796384963,19.58,0.1,0,0,0,0.13,0.02,0,0,0,0,0,0,0,0,0,0,0,0,0,0.15,0.03,0,1.46,0.1,0,1.92,0,0,0,0.04,0,0,0,0.77,1.12,0,0,1.48,0.03,10.53,0,0,0,0,0,0,1.7,0
"Zambia",1973,0.237434212298657,51.12,7.99,0,0,0,0.22,0.01,0,0,0,0,0,0,0,0,0,0,0,0,0,0,0.04,0,1.76,0.62,0,7.16,0,0,0,1.05,0,0,0,1.11,4.53,0,0,2.39,0.05,21.6,0,0,0,0,0,0,2.59,0
"Zambia",1974,0.186614995466683,56.23,7.95,0,0,0,0.54,0.09,0,0,0,0,0,0,0,0,0,0,0,0,0,0.21,0.03,0,2.79,2.41,0,8.05,0,0,0.03,0.1,0,0,0,1.7,2.64,0,0,6.1,0.04,19.64,0,0,0,0,0,0,3.91,0
"Zambia",1975,0.17920649132934,68.83,5.63,0,0,0,0.2,0.01,0,0,0,0,0,0,0,0,0,0,0,0,0,1.08,0.02,0,2.28,2.99,0,5.61,0,0,0,0.19,0,0,0,1.9,4.75,0,0,14.81,0.04,22,0,0,0,0,0,0,6.32,1
"Zambia",1976,0.156868429656456,56.4,0.63,0,0,0,0.09,0.11,0,0,0,0,0,0,0,0,0,0,0,0,0,0.14,0.07,0,1.42,6.41,0,3.88,0,0,0.02,0.18,0,0,0,2.31,6.07,0,0,7.11,0.03,16.93,0,0,0,0,0,0,6,5
"Zambia",1977,0.155627223560922,98.01,0.75,0,0,0,0.1,0.05,0,0,0,0,0,0,0,0,0,0,0,0,0,0.12,0.48,0,1.75,5.17,0,5.54,0,0,0.09,0.23,0,0,0,4.9,7.61,0,0,24.25,0.08,19.35,0,0,0,0,0,0,11.54,16
"Zambia",1978,0.133617383828447,167.53,27.95,0,0,0,0.47,0.01,0,0,0,0,0,0,0,0,0,0,0,0,0,0.24,1.22,0,2.51,6.01,0,17.45,0,0,0.4,0.29,0,0,0,8.08,6.92,0,0,19.35,0.13,25.56,0,0,0,0,0,0,15.94,35
"Zambia",1979,0.161124841309322,216.33,23.5,0,0,0,0.72,0.01,0,0,0,0,0,0,0,0,0,0,0,0,0,1.8,2.09,0,3.05,6.77,0,22.74,0,0,0.58,0.19,0,0,0,14.19,8.78,0,0,23.87,0.26,60.81,0,0,0,0.5,0,0,3.47,43
"Zambia",1980,0.127461438995874,239.47,14.1,0,0,0,0.55,0.03,0,0,0,0,0,0,0,0,0,0,0,0,0,2.31,1.94,0,4.18,8.33,0.8,35.63,0,0,0.57,0.13,0,0,0,27.83,10.54,0,0,31.14,0.24,44.19,0,0,0,0,0,0,15.96,41
"Zambia",1981,0.127665843513155,185.03,14.84,0,0,0,1.07,0.05,0,0,0,0,0,0,0,0,0,0,0,0,0,1,1.68,0,2.91,6.38,0.52,17.96,0,0,0.73,3.66,0,0,0,18.75,8.68,0,0,28.82,0.05,38.71,0,0,0,2,0,0,6.22,31
"Zambia",1982,0.11070312173991,242.76,25,0,0,0,3.48,0.03,0,0,0,0,0,0,0,0,0,0,0,0,0,0.43,1.41,0,3.37,8.58,0.95,28.95,0,0,1.29,0.99,0,0,0,15.3,13.82,0,0,27.46,0.2,22.47,0,0,0,50,0,0,17.03,22
"Zambia",1983,0.103750436957214,184.41,19.33,0,0,0,2.84,0.02,0,0,0,0,0,0,0,0,0,0,0,0,0,0.4,1.12,0,6.43,10.24,0.8,25.03,0,0,1.39,0.68,0,0,0,12.09,16.13,0,0,29.36,0.27,21.05,0,0,0,3.4,0,0,10.83,23
"Zambia",1984,0.117913750471801,183.06,5.02,0,0,0,3.05,0.01,0,0,0,0,0,0,0,0,0,0,0,0,0,0.33,1.45,0,2.21,9.35,1.73,19.22,0,0,1.25,3.51,0,0,0,19.81,15.97,0,0,20.37,0.46,20.13,0,0,0,0,0,0,19.19,40
"Zambia",1985,0.113495613364294,217.99,42.15,0,0,0,2.17,0.01,0,0,0,0,0,0,0,0,0,0,0,0,0,0.24,1.34,0,6.16,11.81,0.68,19.3,0,0,2.39,1.3,0,0,0,15.68,16.68,0,0,22.88,4.41,23.88,0,0,0,0,0,0,10.91,36
"Zambia",1986,0.107448679088597,363.42,55.89,0,0,0,0.43,0,0,0,0,0,0,0,0,0,0,0,0,0,0,0.36,1.45,0,10.49,16.62,3.28,34.9,0,0,2.78,13.62,0,0,0,48.58,28.71,0,0,44.42,0.21,47.33,0,0,0,0,0,0,13.35,41
"Zambia",1987,0.0922735480878954,347.91,41.68,0,0,0,0.36,0,0,0,0,0,0,0,0,0,0,0,0,0,0,2.3,7.25,0,3.5,26.3,1.56,37.22,0,0,3.31,36.12,0,0,0,29.55,31.94,0,0,25.44,1.61,40.11,0,0,0,0,0,0,25.66,34
"Zambia",1988,0.125483607572863,435.34,114.19,0,0,0,3.13,0.03,0,0,0,0,0,0,0,0,0,0,0,0,0,0.67,5.15,0,11.44,23.84,1.48,52.01,0,0,2.79,39.49,0,0,0,25.78,40.24,0,0,35.78,0.21,29.72,0,0,0,0,0,0,30.39,19
"Zambia",1989,0.106478957382593,316.27,63.02,0,0,0,0.68,0.02,0,0,0,0,0,0,0,0,0,0,0,0,0,0.35,3.56,0,6.41,25.09,1.41,28.26,0,0,3.04,23.11,0,0,0,23.17,34.94,0,0.01,36.14,0.59,30.57,0,0,0,0,0,0,15.9,20
"Zambia",1990,0.230470998769054,766.51,40.11,0,0,0,2.23,0.05,0,0,0,0,0,0,0,0,0,0,0,0,0,0.24,3.74,0,22.08,24.94,21.39,337.91,0,0,3.25,12.26,0,0,0,60.71,55.29,0,0,37.17,0.42,42.92,0,0,0,0,0,0,87.8,14
"Zambia",1991,0.110014118119405,684.29,103.92,0.22,0,0,2.36,0.04,0,0,0,0,0,0,0,0,0,0,0,0,0,1.17,3.11,0,17.34,25.38,20.03,113.07,0,0,3.09,42.22,0,0,0,29.48,51.57,0,0,90,0.93,67.13,0,0,0,0,0,0,23.23,90
"Zambia",1992,0.116911665597553,791.04,126.37,0.22,0.01,0,3.08,0.05,0,0,0,0,0,0,0,0,0,0,0,0,0,0.52,5.88,0,38.59,31.1,14.53,128.96,0,0,3.57,6.28,0,0,0,46.03,50.36,0,0,79.5,2.49,102.53,0,0,0,0.01,0,0,25.96,125
"Zambia",1993,0.141972892350989,653.69,90.86,0.19,0,0,2.68,0.12,0,0,0,0,0,0,0,0,0,0,0,0,0,1.01,2.05,0,15.6,15.16,14.35,175.35,0,0,4.98,76.19,0,0,0,30.22,33.2,0,0,34.47,0.49,44.19,0,0,0,0,0,0,13.58,99
"Zambia",1994,0.131402078656253,478.02,111.18,0.15,0,0,2.2,0.18,0,0,0,0,0,0,0,0,0,0,0,0,0,0.53,12.55,0,17.68,13.08,11.49,73.65,0,0,5.68,2.44,0,0,0,36.6,51.19,0.01,0.06,35.49,0.46,76.24,0,0,0,0.03,0,0,10.13,17
"Zambia",1995,0.130427360759734,481.21,111.66,0.21,0,0,1.16,0.09,0,0,0,0,0,0,0,0,0,0,0,0,0,0.81,2.14,0,25.58,11.89,8.37,70.95,0,0,7.69,5.96,0,0.03,0,41.95,35.13,0,0.02,32.41,0.91,82.51,0,0,0,0,0,0,18.74,23
"Zambia",1996,0.127604687226009,369.03,48.27,0.25,0,0,1.62,0.25,0,0,0,0,0,0,0,0,0,0,0,0,0,0.45,2.79,0,25.75,11.74,2.06,79.65,0,0,9.88,1,0,0,0,26.62,30.57,0,0.02,31.12,0.45,69.01,0,0,0,0,0,0,9.53,18
"Zambia",1997,0.127648050439741,382.51,51.58,0.14,0,0,1.53,0.33,0,0,0,0,0,0,0,0,0,0,0,0,0,0.27,2.43,0,24.01,8.48,3.4,16.94,0,0,10.64,18.78,0,0,0,24.34,37.35,0,0.17,21.32,0.53,96.49,0,0.02,0,0,0,0,11.76,52
"Zambia",1998,0.143097021833969,318.94,36.09,0.05,0,0,0.7,0.12,0,0,0,0,0,0,0,0,0.01,0,0,0,0,0.4,2.56,0,17.94,7.12,10.72,49.97,0,0,9.5,2.34,0,0,0,22.47,32.08,0,0.16,13.88,0.31,90.44,0,0.07,0,0.08,0,0,7.83,14.1
"Zambia",1999,0.124317646773296,359.28,66.68,0,0,0,0.59,0.24,0,0,0,0.06,0,0,0,0,0.01,0,0,0,0,0.39,2.18,0,25.74,11.85,17.96,64.73,0,0,8.79,0.57,0,0,0,13.47,27.58,0,0.15,15.25,0.32,63.76,0,0.05,0,0,0,0,9.32,29.59
"Zambia",2000,0.142188130241222,505.71,38.11,0.02,0,0,0.92,0.25,0,0,0,0.08,0,0,0,0,0.01,0,0,0,0,0.33,7.9,0,23.07,3.35,13.23,112.27,0,0,7.77,24.02,0,0,0,51.19,24.79,0,0.14,19.17,0.44,122.13,0,0.04,0,0.13,0,0,8.41,47.94
"Zambia",2001,0.1286821366795,299.27,54.93,0.05,0,0,0.66,0.11,0,0,0,0.15,0,0,0,0,0.01,0,0,0,0,0.36,2.8,0,22.6,4,7.91,13.81,0.03,0,11.86,0.43,0,0,0,29.64,20.8,0,0.08,17.49,1.08,70.38,0,0.03,0.59,0.09,0,0,8.94,30.44
"Zambia",2002,0.108451239930225,392.62,71.36,0.09,0,0,0.61,0.28,0,0,0,0.11,0,0,0,0,0.01,0,0,0,0,0.37,2.77,0,32.19,5.32,10.37,44.22,0,0,20.5,0.96,0,0.28,0,35.45,29.05,0,0,19.4,1.09,54.04,0,0.03,1.73,0,0,0,12.21,50.18
"Zambia",2003,0.187464686524753,612.53,36,0.12,0,0,1.12,0.25,0,0,0,0.35,0,0,0,0,0.02,0,0,0.01,0,2.47,3.39,0,30.21,4.67,2.4,233.16,0,0,20.51,27.46,0,0,0,35.01,35.6,0,0,20.04,0.67,65.89,0,0.01,5.13,0,0,0,17.53,70.51
"Zambia",2004,0.187739715509159,756.92,21.79,0.02,0,0,0.81,0.57,0,0,0,0.13,0,0,0,0,0.01,0,0,0,0,0.32,3.54,0,45.1,6.07,104.13,36.22,0.11,0,25.44,1.73,0,0,0,53.55,37.36,0,0.94,26.22,0.62,282.56,0,0.01,2.38,0,0,0,24.98,82.31
"Zambia",2005,0.300937201214155,1442.47,748.09,0.11,0,0,0.27,0.69,0,0,0,0.36,0,0,0,0,0.02,0,0,0,0,0.24,3.52,0.01,48.43,8.82,16.13,118.15,0.11,0,27.58,0.23,0,0,0,55.94,48.97,0,0.2,34.2,1.32,166.32,0,0.04,2.23,0,0,0,49.7,110.79
"Zambia",2006,0.188699194632728,1259.75,31.53,0.21,0,0.01,0.49,0.67,0,0,0,0.87,0,0,0,0,0.03,0,0,0,0,8.43,4.3,0.02,48.66,8.55,85.37,287.54,0.16,0,31.13,51.66,0,0.01,0,55.7,66.22,0,0.35,48.28,0.64,86.77,0,0.02,1.5,0,0,0.05,10.62,429.96
"Zambia",2007,0.120909172801673,716.63,94.61,1.05,0,0,1.13,0.66,0,0,0,0.41,0,0,0,0,0.06,0,0,0,0,0.08,1.12,0.01,49.91,21.21,1.46,40.68,0.28,0,37.14,0.45,0,0.01,0,71.54,74.42,0,0.93,53.69,0.81,75.71,0,0,0.04,0,0,0.1,23.83,165.29
"Zambia",2008,0.15217153631543,728.1,37.14,0.68,0,0.01,1.13,1.17,0,0,0,0.96,0,0,0,0,0.4,0,0,0,0,0.04,2.33,0,35.08,16.51,1.59,45.47,0.43,0,43.41,5.86,0,0,0,85.05,73.27,0,1,51.54,0.39,83.84,0,0.03,0,0,0,0.03,14.25,226.49
"Zambia",2009,0.155237132385102,704.81,36.64,0.92,0,0,1.49,1.87,0,0,0,1.31,0,0,0,0,0.4,0,0,0,0,0,2.04,0,47.82,24.52,7.73,55.75,0.1,0,38.16,1.95,0,0,0,64.79,62.69,0,11.8,24.23,0.47,73.9,0,0.01,1.4,0,0,0.01,12.95,231.86
"Zambia",2010,0.191594260981483,599.42,46.13,0.62,0,0,1.95,1.32,0,0,0,0.78,0,0,0,0,0.19,0,0,0,0,0,1.99,0,25.34,21.68,0.84,34.59,0.05,0,33.02,1.39,0,0,0,36.27,54.05,0,0.16,21.86,0.61,79.3,0,0.02,0,0,0.04,0.01,8.69,228.52
"Zambia",2011,0.196707746435489,710.28,46.46,0.17,0,0,9.09,1.84,0,6.4,0,1.03,0.03,0.01,0,0,0.33,0.06,0,0,0,0.03,1.75,0,43.86,18.81,0.82,39.56,0.04,0,28.75,0.83,0,0,0,21.88,79.14,0,0.06,33.22,0.62,92.6,0,0.03,0,0,0,0.01,7.53,275.32
"Zambia",2012,0.246827400454608,665.68,47.82,0.58,0,0.01,4,0.88,0,0,0,0.83,0,0,0,0,0.06,0.03,0.63,0,0,0.03,1.49,0,44.23,14.14,0.8,35.41,0.02,0,26.33,0.57,0,0,0,8.49,53.36,0,0.04,31.21,0.81,84.3,0,0.03,0,0,0,0.04,6.35,303.19
"Zambia",2013,0.208686541092853,769.55,66.6,0.28,0,0.01,7.07,0.42,0,0,0,0.79,0,0,0,0,0.13,0,33.05,0,0,0.03,1.44,0,30.1,40.57,0.61,35.85,0,0,26.28,1.1,0,0,0,7.1,51.36,0,0.01,50.5,0.66,94.19,0,0.01,0,0,0.01,0.52,5.69,315.17
"Zambia",2014,0.229652383717645,783.32,50.12,0.13,0,0.01,3.3,0.32,0,0,0,0.67,0,0,0,0,0.07,0,0,0,0,0.02,1.15,0,42.37,28.64,25.32,38.18,0,0,23.24,0.38,0,0.15,0,0.04,31.04,0,0,52.16,0.56,150.23,0,0.01,0,0,0.01,0.53,7.84,326.83
"Zambia",2015,0.259993245957707,571.82,24.34,0.25,0,0.02,2.93,0.17,0,0,0,0.6,0,0,0,0,0.05,0,0,0,0,0.03,1.29,0,18.96,15.89,29.15,31.99,0,0,19.29,0.51,0,0,0,0.01,22.42,0,0,51.22,0.47,81.43,0,0,0,0,0,0.07,2.8,267.93
"Zambia",2016,0.352339363512945,648.89,38.95,0.37,0,0.01,1.3,0.5,0,0,0,0.9,0.01,0,0,0,0.01,0,0,0,0,0.03,1.65,0,1.63,10.98,41.91,27.44,0,0,12.47,1.03,0,0.09,0,0,14.67,0,0.01,44.44,0.3,78.06,0,0,0,1.56,0.32,0.48,1.32,368.45
"Zambia",2017,0.453386255046973,753.47,25.35,3.96,0,0.03,3.79,1.34,0,0,0,1.69,0,0,0,0,0.03,0,0,0,0,0.3,1.26,0,2.19,10.9,7.54,32.85,0,0,13.78,0.57,0,0.29,0,0,12.88,0,0.01,58.08,0.47,68.33,0,0,7.3,0,0.33,1.27,1.94,496.99
"Zambia",2018,0.499897994743784,748.62,34.87,0,0,0,2.14,1.52,0,0,0,2.14,0,0,0,0,0.03,0.17,0,0,0,0.31,1.41,0,0.72,6.77,0.44,42.53,0.01,0,7.17,1.17,0,0.37,0,0,10.48,0,0.03,64.16,0.27,46.62,0,0.13,0,0,0,0.12,4.85,520.19
"Zambia",2019,0.353803065119027,610.77,46.45,0,0,0,1.3,1.13,0,0,0,2.87,0,0,0,0,0.1,0,0,0,0,0.25,1.34,0,0.13,9.41,3.24,37.15,0,0,7.42,0.4,0,0.21,0,0,8.69,0,0.01,66.14,0.66,74.65,0,0,0,0,0,0.78,4.59,343.85
"Zambia",2020,0.430293409326336,648.94,20.25,0,0,0,1.24,1.09,0,0,0,3.36,0,0.01,0,0,0.07,0.38,0,0,0,0.13,1.46,0,2.07,2.88,1.14,61.17,0,0,6.79,0.91,0,0.48,0,0,6.9,0,0.02,62.34,0.82,56.99,0,0.02,0,0,0,0.56,5.84,412.02
"Zambia",2021,0.439812808812925,645.14,26.46,0,0,0,2.66,0.92,0,0,0,3.46,0,0.02,0,0,0.03,0,0,0,0,0.17,1.5,0,1.97,4.5,11.77,47.51,0,0,5.88,0.69,0.47,0.38,0,0,5.93,0,3.15,62.04,0.74,38.42,0,0.12,0,0,0.3,0.38,8.01,417.66
"Zambia",2022,0.436707859559342,1333.910289,33.434288,1.568716,0,0.062518,1.88261,1.305328,0,0,0.110184,9.216234,0,0,0.056306,0,0.160548,0.008972,0,0,0,0.249116,2.587768,0,5.166265,10.420001,48.926797,123.77964,0,0.046584,13.767086,8.746136,2.83544,0.945622,0.005542,0,18.027337,0,6.72441,86.329904,6.302068,52.129036,0,0.044458,0,0,0.067086,0.461472,34.887057,863.65576
"Zambia",2023,0.484726033098303,1286.3733,51.67105,1.625104,0,0,4.438584,1.032498,0.006138,0,0.045144,6.749668,0,0,0.124154,0,0.412442,0.001594,0,0,0,0.790832,2.630462,0,4.07335,9.372514,36.943452,100.953954,0,0,14.974978,2.045312,2.958108,0.967374,0.02191,0,15.11163,0.012634,0.099836,79.484752,5.230388,50.185094,0,0.09322,0,0,0,0.668002,11.473645,882.175477
"Zambia",2024,0.48195637759292,1467.146945,58.892336,4.670866,0,0.002896,4.923385,0.110842,0.005844,0,0.07894,9.67378,0,0.158038,0.0601,0,0.245468,0.00599,0,0,0.310332,0.41099,2.641776,0.008468,3.420791,4.058578,0,98.03335,0,0,20.94372,0.960432,3.282534,0.651336,0.003532,0,6.345994,0,0.090566,93.778951,13.697304,120.688426,0,0.2372,0,0,1.170662,0.489254,17.178672,999.915592
"Zambia",2025,NA,0,0,0,0,0,0,0,0,0,0,0,0,0,0,0,0,0,0,0,0,0,0,0,0,0,0,0,0,0,0,0,0,0,0,0,0,0,0,0,0,0,0,0,0,0,0,0,0,0
"Zimbabwe",1980,0.33008113627826,150.6,0.09,0,0,0,2.33,0.06,0,0,0,0,0,0,0,0,0,0,0,0,0,0.04,0,0,0.89,0.29,0.95,8.15,0,0,0,2.67,0,0,0,7.7,4.52,0,0,11.47,1.22,81.19,0,0,0,5,0,0,0.03,24
"Zimbabwe",1981,0.135578788194549,142.3,3.35,0,0,0,2.61,0.3,0,0,0,0,0,0,0,0,0,0,0,0,0,0.07,2.95,0,5.38,0.09,0.29,21.27,0,0,0.05,4.38,0,0,0,8.32,7.14,0,0,11,1.18,34.75,0,0,0,5,0,0,8.17,26
"Zimbabwe",1982,0.131488692296191,185.58,6.37,0,0,0,1.94,0.05,0,0,0,0,0,0,0,0,0,0,0,0,0,0.64,0.25,0,5.71,2.42,8.36,22.95,0,0,0.29,1.62,0,0,0,14.27,8.7,0,0,10.11,2.18,37.57,0,0,43.04,0,0,0,12.11,7
"Zimbabwe",1983,0.157023817940611,186.32,10.68,0,0,0,2.58,0.04,0,0,0,0,0,0,0,0,0,0,0,0,0,0.49,0.56,0,4.18,1.43,8.83,34.07,0,0,0.24,3.66,0,0,0,9.64,8.6,0,0,15.26,2.89,22.14,0,0,0.15,0,0,0,4.88,56
"Zimbabwe",1984,0.138418734880649,244.71,17.67,0,0,0,4.24,0.03,0,0,0,0,0,0,0,0,0,0,0,0,0,0.6,0.25,0,10.95,1.86,6.66,26.62,0,0,0.25,17.04,0,0,0,22.59,13.68,0,0,19.44,2.4,16.97,0,0,0,0.83,0,0,9.63,73
"Zimbabwe",1985,0.129082626732727,215.52,8.54,0,0,0,4.12,0.01,0,0,0,0,0,0,0,0,0,0,0,0,0,0.51,0.53,0,5.96,4.46,5.28,27.72,0,0,0.35,7.47,0,0,0,17.73,8.33,0,0,23.53,2.16,24.88,0,0,0.51,0.1,0,0,17.33,56
"Zimbabwe",1986,0.115488523492598,193.7,4.34,0,0,0,1.75,0.03,0,0,0,0,0,0,0,0,0,0,0,0,0,0.54,1.56,0,9.53,4.29,5.11,41.82,0,0,0.65,5.16,0,0,0,24.16,16.35,0,0,20.85,3.47,15.67,0,0,0.25,0,0,0,11.17,27
"Zimbabwe",1987,0.104109316189935,272.02,8.82,0,0,0,0.81,0.12,0,0,0,0,0,0,0,0,0,0,0,0,0,0.28,0.99,0,8.17,7.13,14.67,46.25,0,0,1.11,26.72,0,0,0,35.29,22.02,0,0,32.91,0.95,16.73,0,0,3.93,0,0,0,10.12,35
"Zimbabwe",1988,0.102317074589384,238.21,26.14,0,0,0,1.35,0,0,0,0,0,0,0,0,0,0,0,0,0,0,0.29,1.23,0,12.37,3.33,10.98,42.08,0,0,0.58,12.7,0,0,0,21.97,23.72,0,0,23.09,1.23,31.24,0,0,0.22,0,0,0,15.69,10
"Zimbabwe",1989,0.0821123283668512,236.81,20.37,0,0,0,8.73,0.09,0,0,0,0,0,0,0,0,0,0,0,0,0,0.47,0.55,0,19.54,9.75,10.9,29.26,0,0,0.48,11.44,0,0,0,18.49,17.28,0,0.03,21.78,1.62,22.53,0,0,0,1.74,0,0,24.76,17
"Zimbabwe",1990,0.0875531437710408,344.87,25.78,0,0,0,10.55,0.16,0,0,0,0,0,0,0,0,0,0,0,0,0,9.41,1.03,0,14.55,10.71,17.33,52.05,0,0,0.51,7.53,0,0,0,26.12,24.12,0,0.05,36.35,4.94,25.87,0,0,10.3,2.11,0,0,50.4,15
"Zimbabwe",1991,0.107465949517738,371.82,43.86,0.03,0,0,3.52,0.15,0,0,0,0,0,0,0,0,0,0,0,0,0,0.79,2.33,0,13.25,12.14,18.18,52.13,0,0,0.4,12.23,0,0,0,16.9,21.7,0,0,36.06,10.45,77.69,0,0,0.87,0.97,0,0,20.17,28
"Zimbabwe",1992,0.0995433479776729,552.85,51.51,0.01,0,0,11.73,0.17,0,0,0,0,0,0,0,0,0,0,0,0,0,1.62,6.38,0,27.02,10.45,13.9,63.62,0,0,0.58,14.37,0,0,0,45.96,27.58,0.08,6.78,64.55,9.46,78.15,0,0,0.4,0.33,0,0,27.2,91
"Zimbabwe",1993,0.0966144324699014,333.44,30.91,0,0,0,5.32,0.32,0,0,0,0,0,0,0,0,0,0,0,0,0,3.28,5.53,0,28.79,10.57,7.73,67.98,0,0,0.6,12.82,0,0.18,0,30.52,15.1,0,6.02,35.79,5.84,21.61,0,0,2.78,0.04,0,0.02,14.69,27
"Zimbabwe",1994,0.0905880123638988,296.52,28.61,0.02,0.05,0,3.66,0.3,0,0,0,0,0,0,0,0,0,0,0,0,0,0.48,2.27,0,26.52,2.6,12.14,25.9,0,0,0.84,12.98,0,0.23,0,30.91,17.32,0.14,0.05,33.95,9.22,40.02,0,0,0.72,0.22,0,0,13.37,34
"Zimbabwe",1995,0.107491679062469,454.56,68.83,0.06,0,0,3.68,0.29,0,0,0,0,0,0,0,0,0,0,0,0,0,1.94,3.48,0,76.85,10.03,13.11,52.19,0,0,2.21,9.6,0,0.02,0,61.55,18.11,0.13,0.36,28.98,13.55,48.02,0,0,0,0.03,0,0,12.54,29
"Zimbabwe",1996,0.0973297229472115,314.87,49.48,0.09,0,0,2.34,0.32,0,0,0,0,0,0,0,0,0,0,0,0,0,1.11,3.52,0,20.45,8.18,9.6,41.75,0,0,2.12,18.07,0,0,0,41.09,19.51,0.2,1.1,35.94,5.2,27.64,0,0,0.77,0,0,0,9.39,17
"Zimbabwe",1997,0.109024160910735,245.73,41.16,0.06,0,0,3.41,0.37,0,0,0,0,0,0,0,0,0,0,0,0,0,1.86,2.84,0,19.8,3.49,2.45,43.23,0,0,2.63,7.56,0,0,0,25.63,15.87,0.13,0.55,22.9,0.73,25.08,0,0.15,0.55,0,0,0,4.28,21
"Zimbabwe",1998,0.0992289723574464,259.47,29.06,0.06,0,0,2.48,0.4,0,0,0,0,0,0,0,0,0.05,0,0,0,0,2.73,4.55,0,23.3,2.46,2.75,30.43,0.02,0,2.41,10.29,0,0,0,29.85,13.84,0.01,6.99,19.74,0.64,44.47,0,0.17,2,0,0,0,4.64,26.13
"Zimbabwe",1999,0.15436570353261,255.54,81.73,0.01,0,0,3.04,0.36,0,0,0,0,0,0,0,0,0.03,0,0,0,0,1.67,4.35,0,28.57,1.74,3.92,19.34,0.02,0,1.7,1.16,0,0,0,15.1,13.33,0.07,3.55,19.11,0.26,29.41,0,0.36,0.84,0,0,0,3.65,22.22
"Zimbabwe",2000,0.143375510198338,202.15,62.37,0.05,0,0,3.66,0.28,0,0,0,0,0,0,0,0,0.02,0,0,0,0,1.45,4.34,0,22.45,1.68,3.37,13.15,0.01,0,1.6,2.39,0,0,0,11.85,9.77,0.24,1.25,14.79,0.37,22.72,0,0.29,1.69,0,0,0.01,8.95,13.4
"Zimbabwe",2001,0.115650113023871,151.02,29.01,0.05,0,0,2.63,0.41,0,0,0,0,0,0,0,0,0.01,0,0,0,0,0.81,2.86,0,18.04,1.2,2.15,10.33,0.02,0,1.14,1.74,0,0,0,23.51,10.21,0.14,0.26,8.22,0.34,18.54,0,0.26,0.03,0,0,0,2.98,16.13
"Zimbabwe",2002,0.135089779670556,182.29,23.64,0.2,0,0,3.39,0.35,0,0,0,0.01,0,0,0,0,0.02,0,0,0,0,0.72,3.37,0,5.55,0.67,3.23,10.33,0.02,0,3.25,2.09,0,0.11,0,22.33,7.19,0.03,0.27,8.26,1.09,29.22,0,0.24,3.1,0,0,0,6.52,47.09
"Zimbabwe",2003,0.198926723562955,161.62,5.01,0.11,0,0,1.5,0.76,0,0,0,0.1,0,0,0,0,0.02,0,0,0,0,0.81,2.75,0,2.07,0.28,5.16,11.86,0.06,0,4.27,1.12,0,0.15,0,6.68,6.85,0,0.04,10.13,0.59,59.18,0,0.1,0,0,0,0,7.06,34.96
"Zimbabwe",2004,0.152812260101117,166.82,3.56,0.17,0,0,0.53,0.84,0,0,0,0.05,0,0,0,0,0.03,0,0,0,0,0,3.65,0,3.57,1.32,3.14,15.69,0.23,0,5.49,1.44,0,0.02,0,12.44,8.1,0,0.16,12.88,1.48,49.66,0,0.03,0,0,0,0,11.9,30.44
"Zimbabwe",2005,0.141589983297214,188.2,4.09,0.08,0,0,0.78,1.16,0,0,0,0,0,0,0,0,0.04,0,0,0,0,0.41,3.69,0,7.52,0.02,3.64,13.5,0.45,0,5.17,1.07,0,0.01,0,13.6,13.56,0,0.77,15.09,1.61,46.74,0,0.01,0,0,0,0,13.54,41.65
"Zimbabwe",2006,0.177459443000651,199.99,6.54,0.16,0,0,4.15,0.75,0,0,0,0,0,0,0,0,0,0,0,0,0,1.11,2.89,0.01,6.72,0.32,3.57,9.93,0.25,0,10.71,2.16,0,0.03,0,7.41,11.21,0.01,0.25,17.81,0.89,69.87,0,0.01,0,0,0,0,6.84,36.39
"Zimbabwe",2007,0.21724857674946,371.92,11.71,0.41,0,0,3.7,0.56,0,0,0,0,0,0,0,0.01,0.04,0,0,0,0,1.75,1.65,0.01,10.95,0.27,15.45,19.45,0.56,0,13.25,2.13,0,1.04,0,7.07,12.62,0.04,0.7,19.71,2.63,94.1,0,0,0,0,0,0.01,13.01,139.09
"Zimbabwe",2008,0.218035444968426,532.72,9.97,2.13,0,0.02,20.22,3.18,0,0,0,0.29,0,0,0,0,0.05,0,0,0,0.01,1.38,3.19,0,16.89,1.15,7.39,24.85,1.68,0,15.25,2.82,0,2.1,0,29.75,20.94,0.05,4.79,25.74,5.62,89.24,0,0,0,0,0,0,21.12,222.9
"Zimbabwe",2009,0.209484906245949,620.86,12.38,1.17,0,0.03,29.79,0.91,0,0,0,0.16,0,0,0,0,0.13,0,0,0,0.01,0.68,5.65,0.03,27.95,5.07,4.61,34.71,0.46,0,8.74,2.04,0,2.47,0,22.34,28.93,0.13,8.16,29.37,6.96,109.86,0,0.05,0,0,0.01,0.01,28.31,249.74
"Zimbabwe",2010,0.164209305799959,506.06,18.92,2.06,0,0.01,44.77,4.13,0,0,0,0.24,0,0,0,0,0.02,0,0,0,0,0.52,1.68,0,27.4,8.98,3.03,33.08,0.28,0,6.55,1.42,0,0,0,14.82,24.47,0.06,3.62,30.37,6.95,108.05,0,0.03,0,0,0.02,0.01,9.25,155.32
"Zimbabwe",2011,0.169527935186017,549.53,18.37,0.79,0,0,47.55,0.67,0,0,0,0.27,0,0,0,0,0,0.01,0,0,0,0.62,1.5,0.02,30.41,2.85,1.82,58.5,0.26,0,10.06,1.17,0,0,0,14.41,22.56,0.06,5.31,38.58,13.95,77.53,0,0.03,0,0,0,0.01,13.8,188.42
"Zimbabwe",2012,0.195608353032683,672.79,21.82,1.46,0,0,51.95,0.47,0,0,0,0.19,0,0,0,0,0,0.03,0.06,0,0,0.12,1.52,0,21.81,0.99,2.18,56.73,0.2,0,7.87,0.04,0,0,0,5.67,27.27,0.06,0.11,39.76,17.41,220.02,0,0,0,0,0.02,0.02,21.62,173.39
"Zimbabwe",2013,0.196274055589785,562.99,12.42,2.76,0,0.01,35.77,0.37,0,0,0,0.21,0,0,0,0,0,0.02,0,0,0,0.17,1.58,0,24.52,0.97,2.91,31.83,0.06,0,8.59,0.46,0,0,0,1.09,34.1,0.12,0.72,38.27,19.53,164.83,0,0,0,0,0.01,0.34,11.77,169.56
"Zimbabwe",2014,0.225180066800857,540.56,5.18,4.24,0,0,15.04,0.4,0,0,0,0.08,0,0,0,0,0,0.02,0,0,0,0.35,3.86,0,32.42,0.48,2.65,35.59,0.05,0,8.81,0.19,0,0,0,2,21.48,0.08,0.22,34.85,15.38,171.42,0,0,0,0,0.01,0.51,7.04,178.21
"Zimbabwe",2015,0.234913804284185,450.74,6.68,2.52,0,0.06,8.15,0.26,0,0,0,0.07,0,0,0,0,0.02,0.04,0,0,0,0.36,2.19,0,26.79,0.41,1.82,28.32,0.02,0,7.23,0.57,0,0.11,0,1.55,16.58,0.05,0.25,32.21,11.72,142.36,0,0.01,0,0,0,0,4.54,155.85
"Zimbabwe",2016,0.279017049021678,493.36,15.05,1.94,0,0.01,3.23,0.21,0,0,0,0.08,0,0.01,0,0,0.03,0.02,1.5,0,0,0.19,3.48,0,9.73,0.62,1.71,36.94,0,0,6.97,0.17,0,0,0,4.98,10.84,0.07,0.24,30.05,7.68,134.63,0,0,0,0,0,0.78,5.67,216.53
"Zimbabwe",2017,0.305710801565276,476.93,14.84,1.35,0,0.03,2.42,0.43,0,0,0,0.05,0,0.02,0,0,0.09,0.02,0,0,0,0.38,1.18,0,0.47,0.65,2.05,30.25,0.01,0,7.55,0.13,0,0,0,4.4,10.67,0.07,0.17,37.62,10.85,120.57,0,0,0,0,0.28,1.21,0.86,228.31
"Zimbabwe",2018,0.279643961300401,509.76,12.84,0,0,0,1.55,0.37,0,0,0,0.12,0,0,0,0,0.4,0.08,0,0,0,0.39,0.79,0,0,0.62,1.83,48.64,0.01,0,7.17,0.27,0,0,0.01,1.74,11.74,0.05,0.33,46.73,13.19,140.23,0,0,0,0,0.59,0.06,1.12,218.89
"Zimbabwe",2019,0.304719306270885,574.86,23.55,0,0,0,2.47,0.31,0,0,0,0.1,0,0.03,0,0,0.83,0.01,0,0,0,0.48,0.71,0,0,0.35,2.58,30.23,0.02,0,7.42,0.68,0,0,0.01,2.37,8.84,0.07,0.39,56.5,10.7,145.37,0,0.03,0,0,2.7,0.64,4.32,273.15
"Zimbabwe",2020,0.304716727182359,605.75,31.52,0,0,0,1.21,0.28,0,0,0,0.04,0,0.05,0,0,0.94,0.01,0,0,0,0.32,0.77,0,7.89,1.09,4.24,39.27,0,0.33,6.79,0.24,0,0,0,1.86,7.6,0.08,0.14,51.78,10.39,135.03,0,0.04,0,0,1.26,0.6,5.28,296.7
"Zimbabwe",2021,0.382143787610992,584.78,17.62,0,0,0,2.92,0.13,0,0,0,0.03,0,0.06,0,0,0.87,0.01,0,0,0,0.25,0.8,0,4.32,0.44,5.68,44.08,0.02,0,5.88,0.26,0.64,0,0,1.77,5.66,0.05,0.13,48.26,11.64,71.26,0,0.03,0.39,0,0,0.53,13.83,347.22
"Zimbabwe",2022,0.392109013792785,995.635332,16.884208,3.007458,0,0.006762,6.463543,0,0,0,0,0.03037,0,0,0,0,1.965012,0.04631,0,0,0,0.69516,0.692648,0,9.362303,2.547062,15.411709,69.445195,0.04594,0.325902,25.542998,5.898261,2.058298,0,0.005224,4.43958,9.812106,0.128588,0.993328,67.952648,26.210966,100.929503,0,0.11244,0.882603,0,1.269594,0.49955,16.474704,605.495359
"Zimbabwe",2023,0.459301634225713,952.118967,25.563346,4.451274,0,0,8.443264,0.076904,0.00307,0,0,0.004772,0,0,0.059942,0.001908,0.048932,0.13994,0,0,0,0.286948,0.662132,0,7.368336,3.451662,12.638185,34.708084,0,0,23.03462,1.228214,1.186362,0,0,3.759208,13.620537,0.154048,1.152594,67.928395,19.439232,72.643903,0,0.005424,0,0,0,0.76142,14.488517,634.807794
"Zimbabwe",2024,0.481969313421071,1093.742453,26.142408,17.110258,0,0,5.739349,0.114538,0.002922,0,0,0,0,0,0.0601,0.000858,0.014484,0.121116,0,0,0,0.450934,0.239838,0.06351,6.49239,2.835538,12.635196,31.826932,0.015038,0,23.956442,3.733,0.679896,0.016746,0.00953,3.04908,11.42949,0.149416,1.343372,63.820246,24.929428,91.366006,0.02936,0,0,0,0.293768,1.435686,15.081961,748.553617
"Zimbabwe",2025,NA,0,0,0,0,0,0,0,0,0,0,0,0,0,0,0,0,0,0,0,0,0,0,0,0,0,0,0,0,0,0,0,0,0,0,0,0,0,0,0,0,0,0,0,0,0,0,0,0,0
